{
  "type": "FeatureCollection",
  "features": [
    {
      "type": "Feature",
      "dealerLocatorProfiles": [],
      "geometry": {
        "type": "Point",
        "coordinates": [
          -82.81967500,
          42.17581100
        ]
      },
      "properties": {
        "ID": "00287c6e-8044-4d7c-b553-e75bd6d2f86b",
        "Name": "Essex Home Hardware BLDG CTR",
        "Address1": "47 Wilson Avenue",
        "Address2": "HOURS 7AM-8PM",
        "City": "Essex",
        "Province": "ON",
        "Postal_Code": "N8M 2L9",
        "Country": "Canada",
        "Phone": "(519) 776-4646",
        "Fax": "(519) 776-9405",
        "Web_Site": "",
        "Dealer_Website_Enabled": "true",
        "Dealer_Website_Ranking": "0",
        "Customer_No": "2063",
        "ShipTo_No": "373",
        "Primary_Contact": "Matt Plant"
      }
    },
    {
      "type": "Feature",
      "dealerLocatorProfiles": [],
      "geometry": {
        "type": "Point",
        "coordinates": [
          -110.85140150,
          52.84274180
        ]
      },
      "properties": {
        "ID": "003cb46a-0b66-41ba-8cd2-cb6bb3d937ea",
        "Name": "Cornerstone Co-op Wainwright Home &amp; Agro",
        "Address1": "1545 15th Ave",
        "Address2": "",
        "City": "Wainwright",
        "Province": "AB",
        "Postal_Code": "T9W 1L5",
        "Country": "Canada",
        "Phone": "(780) 842-4181",
        "Fax": "(780) 842-4355",
        "Web_Site": "",
        "Dealer_Website_Enabled": "true",
        "Dealer_Website_Ranking": "0",
        "Customer_No": "62156",
        "ShipTo_No": "62"
      }
    },
    {
      "type": "Feature",
      "dealerLocatorProfiles": [],
      "geometry": {
        "type": "Point",
        "coordinates": [
          -112.81090950,
          54.58882290
        ]
      },
      "properties": {
        "ID": "00ee7aae-bf54-4458-bcce-47587e392c20",
        "Name": "Boyle Home Hardware",
        "Address1": "5301 Railway Ave.",
        "Address2": "",
        "City": "Boyle",
        "Province": "AB",
        "Postal_Code": "T0A 0M0",
        "Country": "Canada",
        "Phone": "(780) 689-4105",
        "Fax": "(780) 689-4057",
        "Web_Site": "",
        "Dealer_Website_Enabled": "true",
        "Dealer_Website_Ranking": "0",
        "Customer_No": "2063",
        "ShipTo_No": "352"
      }
    },
    {
      "type": "Feature",
      "dealerLocatorProfiles": [],
      "geometry": {
        "type": "Point",
        "coordinates": [
          -76.88236050,
          45.62735190
        ]
      },
      "properties": {
        "ID": "01bc1e09-f496-42ca-9758-39045496b63a",
        "Name": "Schauer HHBC",
        "Address1": "Main Street",
        "Address2": "PO Box 94",
        "City": "Cobden",
        "Province": "ON",
        "Postal_Code": "K0J 1K0",
        "Country": "Canada",
        "Phone": "(613) 646-2033",
        "Fax": "(613) 646-2934",
        "Web_Site": "",
        "Dealer_Website_Enabled": "true",
        "Dealer_Website_Ranking": "0",
        "Customer_No": "2063",
        "ShipTo_No": "464"
      }
    },
    {
      "type": "Feature",
      "dealerLocatorProfiles": [],
      "geometry": {
        "type": "Point",
        "coordinates": [
          -80.78515690,
          46.48301920
        ]
      },
      "properties": {
        "ID": "01e34f0c-3d7f-422a-9500-168aa34e61c6",
        "Name": "Joel Builders Supplies Ltd",
        "Address1": "257 Hill Street",
        "Address2": "",
        "City": "Wahnapitae",
        "Province": "ON",
        "Postal_Code": "P0M 3C0",
        "Country": "Canada",
        "Phone": "",
        "Fax": "",
        "Web_Site": "",
        "Dealer_Website_Enabled": "true",
        "Customer_No": "43600",
        "ShipTo_No": "169"
      }
    },
    {
      "type": "Feature",
      "dealerLocatorProfiles": [],
      "geometry": {
        "type": "Point",
        "coordinates": [
          -106.61641280,
          52.11593040
        ]
      },
      "properties": {
        "ID": "0254017d-0e0e-4e58-8039-8d028e743d10",
        "Name": "Saskatoon Co-op 8th Street Greystone",
        "Address1": "2507 8th Street East",
        "Address2": "",
        "City": "Saskatoon",
        "Province": "SK",
        "Postal_Code": "S7H 0V4",
        "Country": "Canada",
        "Phone": "(306) 933-0346",
        "Fax": "",
        "Web_Site": "",
        "Dealer_Website_Enabled": "true",
        "Dealer_Website_Ranking": "0",
        "Customer_No": "62156",
        "ShipTo_No": "291"
      }
    },
    {
      "type": "Feature",
      "dealerLocatorProfiles": [],
      "geometry": {
        "type": "Point",
        "coordinates": [
          -62.65960016153709,
          45.560500949144775
        ]
      },
      "properties": {
        "ID": "02a64998-e598-4d59-876c-75a40c1395d7",
        "Name": "HECTOR BUILDING SUPPLIES LTD",
        "Address1": "P.O. Box 1139, 223 Ford Street",
        "Address2": "",
        "City": "Stellarton",
        "Province": "NS",
        "Postal_Code": "B0K 1S0",
        "Country": "Canada",
        "Phone": "(902) 755-2277",
        "Fax": "(902) 755-2125",
        "Web_Site": "",
        "Dealer_Website_Enabled": "true",
        "Dealer_Website_Ranking": "0",
        "Customer_No": "2062",
        "ShipTo_No": "443"
      }
    },
    {
      "type": "Feature",
      "dealerLocatorProfiles": [],
      "geometry": {
        "type": "Point",
        "coordinates": [
          -79.71939230,
          43.23141910
        ]
      },
      "properties": {
        "ID": "02fc737a-13b1-4ee3-b85b-88c31855c312",
        "Name": "Convoy Supply Ltd - Stoney Crk 8:00am-3:00pm",
        "Address1": "363 Arvin Avenue",
        "Address2": "",
        "City": "Stoney Creek",
        "Province": "ON",
        "Postal_Code": "L8E 2M6",
        "Country": "Canada",
        "Phone": "(905) 662-3306",
        "Fax": "",
        "Web_Site": "",
        "Dealer_Website_Enabled": "true",
        "Dealer_Website_Ranking": "0",
        "Customer_No": "400",
        "ShipTo_No": "26"
      }
    },
    {
      "type": "Feature",
      "dealerLocatorProfiles": [],
      "geometry": {
        "type": "Point",
        "coordinates": [
          -101.28826720,
          50.77938860
        ]
      },
      "properties": {
        "ID": "030d7c4c-ec60-40ce-b261-f6d38db07802",
        "Name": "McMunn &amp; Yates - Russell",
        "Address1": "Box 1240",
        "Address2": "127 Main St. North",
        "City": "Russell",
        "Province": "MB",
        "Postal_Code": "R0J 1W0",
        "Country": "Canada",
        "Phone": "(204) 773-2690",
        "Fax": "(204) 773-3318",
        "Web_Site": "",
        "Dealer_Website_Enabled": "true",
        "Dealer_Website_Ranking": "0",
        "Customer_No": "3453",
        "ShipTo_No": "9",
        "Primary_Contact": "Dale Wray",
        "Route_#3": "true"
      }
    },
    {
      "type": "Feature",
      "dealerLocatorProfiles": [],
      "geometry": {
        "type": "Point",
        "coordinates": [
          -104.03628530,
          50.94336120
        ]
      },
      "properties": {
        "ID": "033941f7-0e07-421b-b685-939f14e75dfd",
        "Name": "Sherwood Co-op - Dysart",
        "Address1": "100 Railway Street",
        "Address2": "",
        "City": "Dysart",
        "Province": "SK",
        "Postal_Code": "S0G 1H0",
        "Country": "Canada",
        "Phone": "(306) 432-2221",
        "Fax": "(306) 432-2055",
        "Web_Site": "",
        "Dealer_Website_Enabled": "true",
        "Dealer_Website_Ranking": "0",
        "Customer_No": "62156",
        "ShipTo_No": "286"
      }
    },
    {
      "type": "Feature",
      "dealerLocatorProfiles": [],
      "geometry": {
        "type": "Point",
        "coordinates": [
          -114.87965520,
          49.73446850
        ]
      },
      "properties": {
        "ID": "03634140-22d2-4636-86e1-39fb4437c19a",
        "Name": "Alpine Lumber &amp; Bldg Supplies",
        "Address1": "Po Box 70",
        "Address2": "",
        "City": "Sparwood",
        "Province": "BC",
        "Postal_Code": "V0B 2G0",
        "Country": "Canada",
        "Phone": "(250) 425-2411",
        "Fax": "(250) 425-2397",
        "Web_Site": "",
        "Dealer_Website_Enabled": "true",
        "Dealer_Website_Ranking": "0",
        "Customer_No": "2062",
        "ShipTo_No": "4",
        "Primary_Contact": "John Perry"
      }
    },
    {
      "type": "Feature",
      "dealerLocatorProfiles": [],
      "geometry": {
        "type": "Point",
        "coordinates": [
          -80.95260870,
          43.73106400
        ]
      },
      "properties": {
        "ID": "03b37969-d93d-4b6e-b957-a2431118f2fa",
        "Name": "Watson&#39;s HHBC",
        "Address1": "140 Main Street",
        "Address2": "HOURS 8AM-5PM",
        "City": "Listowel",
        "Province": "ON",
        "Postal_Code": "N4W 2B6",
        "Country": "Canada",
        "Phone": "(519) 291-2610",
        "Fax": "(519) 291-1465",
        "Web_Site": "",
        "Dealer_Website_Enabled": "true",
        "Dealer_Website_Ranking": "0",
        "Customer_No": "2063",
        "ShipTo_No": "443"
      }
    },
    {
      "type": "Feature",
      "dealerLocatorProfiles": [],
      "geometry": {
        "type": "Point",
        "coordinates": [
          -80.51742060,
          43.82987010
        ]
      },
      "properties": {
        "ID": "03c7977b-cc34-4c7b-ade0-5bfbefb06293",
        "Name": "Arthur Home Hardware Bldg Ctr",
        "Address1": "Box 820",
        "Address2": "7580 First Line West Garafraxa",
        "City": "Arthur",
        "Province": "ON",
        "Postal_Code": "N0G 1A0",
        "Country": "Canada",
        "Phone": "(519) 848-2444",
        "Fax": "(519) 848-2369",
        "Web_Site": "",
        "Dealer_Website_Enabled": "true",
        "Dealer_Website_Ranking": "0",
        "Customer_No": "2063",
        "ShipTo_No": "236",
        "Primary_Contact": "John Geddes"
      }
    },
    {
      "type": "Feature",
      "dealerLocatorProfiles": [],
      "geometry": {
        "type": "Point",
        "coordinates": [
          -79.99297320,
          45.33039670
        ]
      },
      "properties": {
        "ID": "0439b96b-a0a7-4866-86e4-64d757fd6622",
        "Name": "South Parry Lumber",
        "Address1": "20 South Parry Road",
        "Address2": "",
        "City": "Parry Sound",
        "Province": "ON",
        "Postal_Code": "P2A 2Z1",
        "Country": "Canada",
        "Phone": "(705) 746-8491",
        "Fax": "",
        "Web_Site": "",
        "Dealer_Website_Enabled": "true",
        "Dealer_Website_Ranking": "0",
        "Customer_No": "1500",
        "ShipTo_No": "117"
      }
    },
    {
      "type": "Feature",
      "dealerLocatorProfiles": [],
      "geometry": {
        "type": "Point",
        "coordinates": [
          -107.13755970,
          49.68624380
        ]
      },
      "properties": {
        "ID": "048aedb7-e93f-4597-8f79-d26b4db8b3a7",
        "Name": "Grassroots Co-op - Hazenmore",
        "Address1": "216 Main Street",
        "Address2": "Box 116",
        "City": "Hazenmore",
        "Province": "SK",
        "Postal_Code": "S0N 1C0",
        "Country": "Canada",
        "Phone": "(306) 264-5111",
        "Fax": "(306) 264-3208",
        "Web_Site": "",
        "Dealer_Website_Enabled": "true",
        "Dealer_Website_Ranking": "0",
        "Customer_No": "62156",
        "ShipTo_No": "369"
      }
    },
    {
      "type": "Feature",
      "dealerLocatorProfiles": [],
      "geometry": {
        "type": "Point",
        "coordinates": [
          -78.73861300,
          44.53440300
        ]
      },
      "properties": {
        "ID": "04d9236b-cf85-4b7b-be92-a06660d52645",
        "Name": "Handley Lumber Yard",
        "Address1": "12 Helen Street",
        "Address2": "HOURS 8AM-5PM",
        "City": "Fenelon Falls",
        "Province": "ON",
        "Postal_Code": "K0M 1N0",
        "Country": "Canada",
        "Phone": "(705) 887-3242",
        "Fax": "(705) 887-4334",
        "Web_Site": "",
        "Dealer_Website_Enabled": "true",
        "Dealer_Website_Ranking": "0",
        "Customer_No": "1500",
        "ShipTo_No": "99"
      }
    },
    {
      "type": "Feature",
      "dealerLocatorProfiles": [],
      "geometry": {
        "type": "Point",
        "coordinates": [
          -99.36053460,
          49.86678080
        ]
      },
      "properties": {
        "ID": "050a781e-1266-4229-81f3-5c604a793606",
        "Name": "South End Lumber",
        "Address1": "18 Simcoe Street Box 578",
        "Address2": "",
        "City": "Carberry",
        "Province": "MB",
        "Postal_Code": "R0K 0H0",
        "Country": "Canada",
        "Phone": "(204) 834-2162",
        "Fax": "(204) 834-2666",
        "Web_Site": "",
        "Dealer_Website_Enabled": "true",
        "Dealer_Website_Ranking": "0",
        "Customer_No": "2062",
        "ShipTo_No": "367"
      }
    },
    {
      "type": "Feature",
      "dealerLocatorProfiles": [],
      "geometry": {
        "type": "Point",
        "coordinates": [
          -80.41622840,
          43.69123820
        ]
      },
      "properties": {
        "ID": "05b0598e-4609-48fa-adee-310462a22508",
        "Name": "Elora Building Supplies",
        "Address1": "306 Wellington Rd 18",
        "Address2": "",
        "City": "Elora",
        "Province": "ON",
        "Postal_Code": "N0B 1S0",
        "Country": "Canada",
        "Phone": "",
        "Fax": "",
        "Web_Site": "",
        "Dealer_Website_Enabled": "true",
        "Customer_No": "43600",
        "ShipTo_No": "130"
      }
    },
    {
      "type": "Feature",
      "dealerLocatorProfiles": [],
      "geometry": {
        "type": "Point",
        "coordinates": [
          -78.50998980,
          45.04637470
        ]
      },
      "properties": {
        "ID": "0649d980-3efa-4d8a-a56d-3250dc21645a",
        "Name": "Emmerson Lumber LTD",
        "Address1": "63 Maple Avenue",
        "Address2": "HOURS 7:30AM-4:30PM",
        "City": "Haliburton",
        "Province": "ON",
        "Postal_Code": "K0M 1S0",
        "Country": "Canada",
        "Phone": "(705) 457-1550",
        "Fax": "(705) 457-1520",
        "Web_Site": "",
        "Dealer_Website_Enabled": "true",
        "Dealer_Website_Ranking": "0",
        "Customer_No": "1500",
        "ShipTo_No": "107"
      }
    },
    {
      "type": "Feature",
      "dealerLocatorProfiles": [],
      "geometry": {
        "type": "Point",
        "coordinates": [
          -97.91631100,
          49.18845600
        ]
      },
      "properties": {
        "ID": "06894adb-cfb8-4ca7-a1f6-2c8cff728ca5",
        "Name": "Funk&#39;s Building Supply Ltd",
        "Address1": "555 Roblin Blvd E.",
        "Address2": "",
        "City": "Winkler",
        "Province": "MB",
        "Postal_Code": "R6W 1A8",
        "Country": "Canada",
        "Phone": "(204) 331-4028",
        "Fax": "(204) 331-4258",
        "Web_Site": "",
        "Dealer_Website_Enabled": "true",
        "Dealer_Website_Ranking": "0",
        "Viewable_Without_Admin": "false",
        "Customer_No": "2070",
        "ShipTo_No": "310"
      }
    },
    {
      "type": "Feature",
      "dealerLocatorProfiles": [],
      "geometry": {
        "type": "Point",
        "coordinates": [
          -78.30577060,
          44.93507230
        ]
      },
      "properties": {
        "ID": "071ff214-bac7-40d1-9f3c-41b44d2554f0",
        "Name": "Kingdon Tim-Br Mart (Gooderham",
        "Address1": "PO Box 83, Highway 503",
        "Address2": "HOURS 8AM-5PM",
        "City": "Gooderham",
        "Province": "ON",
        "Postal_Code": "K0M 1R0",
        "Country": "Canada",
        "Phone": "(705) 447-2012",
        "Fax": "(705) 447-2282",
        "Web_Site": "",
        "Dealer_Website_Enabled": "true",
        "Dealer_Website_Ranking": "0",
        "Customer_No": "2062",
        "ShipTo_No": "330"
      }
    },
    {
      "type": "Feature",
      "dealerLocatorProfiles": [],
      "geometry": {
        "type": "Point",
        "coordinates": [
          -127.05543140,
          54.70550190
        ]
      },
      "properties": {
        "ID": "0740f039-232e-4d38-9f54-0dbdc746b009",
        "Name": "Bulkley Valley Home Centre",
        "Address1": "PO Box 190",
        "Address2": "1300 Hwy 16 (Yellowhead)",
        "City": "Telkwa",
        "Province": "BC",
        "Postal_Code": "V0J 2X0",
        "Country": "Canada",
        "Phone": "(250) 846-5856",
        "Fax": "(250) 846-5857",
        "Web_Site": "",
        "Dealer_Website_Enabled": "true",
        "Dealer_Website_Ranking": "0",
        "Customer_No": "1500",
        "ShipTo_No": "6",
        "Primary_Contact": "Jeremy"
      }
    },
    {
      "type": "Feature",
      "dealerLocatorProfiles": [],
      "geometry": {
        "type": "Point",
        "coordinates": [
          -122.80314050,
          49.27740460
        ]
      },
      "properties": {
        "ID": "079ea4f7-de06-4576-9bf8-85ff803eb5ba",
        "Name": "Rona Revy Home Centre_Barnet",
        "Address1": "2798 Barnet Highway",
        "Address2": "",
        "City": "Coquitlam",
        "Province": "BC",
        "Postal_Code": "V3B 1B9",
        "Country": "Canada",
        "Phone": "",
        "Fax": "",
        "Web_Site": "",
        "Dealer_Website_Enabled": "true",
        "Customer_No": "43600",
        "ShipTo_No": "166"
      }
    },
    {
      "type": "Feature",
      "dealerLocatorProfiles": [],
      "geometry": {
        "type": "Point",
        "coordinates": [
          -105.73231890,
          52.48313960
        ]
      },
      "properties": {
        "ID": "07b8fcc3-dd4b-44c8-b684-30b00c135945",
        "Name": "Cudworth Prairie Lumber Ltd",
        "Address1": "419 1st Ave N.",
        "Address2": "P.O. Box 128",
        "City": "Cudworth",
        "Province": "SK",
        "Postal_Code": "S0K 1B0",
        "Country": "Canada",
        "Phone": "(306) 256-7127",
        "Fax": "(306) 256-3966",
        "Web_Site": "",
        "Dealer_Website_Enabled": "true",
        "Dealer_Website_Ranking": "0",
        "Customer_No": "2070",
        "ShipTo_No": "305"
      }
    },
    {
      "type": "Feature",
      "dealerLocatorProfiles": [],
      "geometry": {
        "type": "Point",
        "coordinates": [
          -80.27542710,
          43.16873710
        ]
      },
      "properties": {
        "ID": "081d9101-8822-439d-8b41-dc88fa078fa9",
        "Name": "J &amp; K Home Building Centre",
        "Address1": "116 King George Road",
        "Address2": "7:30am-6:00pm",
        "City": "Brantford",
        "Province": "ON",
        "Postal_Code": "N3R 5K6",
        "Country": "Canada",
        "Phone": "(519) 753-3114",
        "Fax": "(519) 753-9115",
        "Web_Site": "",
        "Dealer_Website_Enabled": "true",
        "Dealer_Website_Ranking": "0",
        "Customer_No": "2063",
        "ShipTo_No": "326"
      }
    },
    {
      "type": "Feature",
      "dealerLocatorProfiles": [],
      "geometry": {
        "type": "Point",
        "coordinates": [
          -122.42884210,
          49.05603700
        ]
      },
      "properties": {
        "ID": "08316f86-5cfa-49fc-a040-0f75f0d673f6",
        "Name": "Fraser Valley - Abbotsford (ACE)",
        "Address1": "28728 Fraser Highway",
        "Address2": "",
        "City": "Abbotsford",
        "Province": "BC",
        "Postal_Code": "V4X 1K8",
        "Country": "Canada",
        "Phone": "(604) 856-5144",
        "Fax": "(604) 856-0740",
        "Web_Site": "",
        "Dealer_Website_Enabled": "true",
        "Dealer_Website_Ranking": "0",
        "Customer_No": "43600",
        "ShipTo_No": "152",
        "Primary_Contact": "Evelyn Stack"
      }
    },
    {
      "type": "Feature",
      "dealerLocatorProfiles": [],
      "geometry": {
        "type": "Point",
        "coordinates": [
          -80.08145760,
          43.92119190
        ]
      },
      "properties": {
        "ID": "087de4b1-b4cf-4385-930e-a170c38fe8ae",
        "Name": "Orangeville HHBC",
        "Address1": "60-4th Ave",
        "Address2": "at Highyway #10 HOURS7AM-4PM",
        "City": "Orangeville",
        "Province": "ON",
        "Postal_Code": "L9W 3Z7",
        "Country": "Canada",
        "Phone": "(519) 941-5407",
        "Fax": "(519) 941-5423",
        "Web_Site": "",
        "Dealer_Website_Enabled": "true",
        "Dealer_Website_Ranking": "0",
        "Customer_No": "2063",
        "ShipTo_No": "414"
      }
    },
    {
      "type": "Feature",
      "dealerLocatorProfiles": [],
      "geometry": {
        "type": "Point",
        "coordinates": [
          -106.51245000,
          50.80124000
        ]
      },
      "properties": {
        "ID": "099d6cac-7305-4705-8752-3ed76fd5d757",
        "Name": "Pioneer Co-op (Central Butte)",
        "Address1": "720 Service Rd",
        "Address2": "",
        "City": "Central Butte",
        "Province": "SK",
        "Postal_Code": "S0H 0T0",
        "Country": "Canada",
        "Phone": "(306) 796-2115",
        "Fax": "(306) 796-4832",
        "Web_Site": "",
        "Dealer_Website_Enabled": "true",
        "Dealer_Website_Ranking": "0",
        "Customer_No": "62156",
        "ShipTo_No": "376"
      }
    },
    {
      "type": "Feature",
      "dealerLocatorProfiles": [],
      "geometry": {
        "type": "Point",
        "coordinates": [
          -104.52855300,
          51.40823000
        ]
      },
      "properties": {
        "ID": "09c1e4bc-6748-43e9-b24c-aa6214d699e6",
        "Name": "Last Mountain Co-op (Raymore)",
        "Address1": "P.O. Box 70",
        "Address2": "Hwy #6 North",
        "City": "Raymore",
        "Province": "SK",
        "Postal_Code": "S0A 3J0",
        "Country": "Canada",
        "Phone": "(306) 746-2012",
        "Fax": "(306) 746-2031",
        "Web_Site": "",
        "Dealer_Website_Enabled": "true",
        "Dealer_Website_Ranking": "0",
        "Customer_No": "62156",
        "ShipTo_No": "114",
        "SK__S_E_": "true"
      }
    },
    {
      "type": "Feature",
      "dealerLocatorProfiles": [],
      "geometry": {
        "type": "Point",
        "coordinates": [
          -108.45437510,
          54.12626670
        ]
      },
      "properties": {
        "ID": "09dde9f8-26da-4395-b853-ed6bb0c69023",
        "Name": "Meadow Lake Co-op Agro Centre",
        "Address1": "513 - 9th Street West",
        "Address2": "Box 729",
        "City": "Meadow Lake",
        "Province": "SK",
        "Postal_Code": "S9X 0A2",
        "Country": "Canada",
        "Phone": "(306) 236-3644",
        "Fax": "(306) 236-3698",
        "Web_Site": "",
        "Dealer_Website_Enabled": "true",
        "Dealer_Website_Ranking": "0",
        "Customer_No": "62156",
        "ShipTo_No": "129"
      }
    },
    {
      "type": "Feature",
      "dealerLocatorProfiles": [],
      "geometry": {
        "type": "Point",
        "coordinates": [
          -80.87695280,
          43.01698680
        ]
      },
      "properties": {
        "ID": "0b075154-b944-47aa-aa45-1da1877e3c83",
        "Name": "Ingersoll Home Center",
        "Address1": "15 Samnah Crescent",
        "Address2": "HOURS 7AM-5PM",
        "City": "Ingersoll",
        "Province": "ON",
        "Postal_Code": "N5C 3J7",
        "Country": "Canada",
        "Phone": "(519) 485-5111",
        "Fax": "(519) 485-5936",
        "Web_Site": "",
        "Dealer_Website_Enabled": "true",
        "Dealer_Website_Ranking": "0",
        "Customer_No": "2063",
        "ShipTo_No": "447"
      }
    },
    {
      "type": "Feature",
      "dealerLocatorProfiles": [],
      "geometry": {
        "type": "Point",
        "coordinates": [
          -104.91608900,
          49.57367800
        ]
      },
      "properties": {
        "ID": "0c8ad326-032a-424a-ad68-49b5a8ea3719",
        "Name": "Ogema Co-op",
        "Address1": "P.O. Box 160",
        "Address2": "302 Railway Avenue",
        "City": "Ogema",
        "Province": "SK",
        "Postal_Code": "S0C 1Y0",
        "Country": "Canada",
        "Phone": "(306) 459-2493",
        "Fax": "(306) 459-4505",
        "Web_Site": "",
        "Dealer_Website_Enabled": "true",
        "Dealer_Website_Ranking": "0",
        "Customer_No": "62156",
        "ShipTo_No": "146"
      }
    },
    {
      "type": "Feature",
      "dealerLocatorProfiles": [],
      "geometry": {
        "type": "Point",
        "coordinates": [
          -107.80043540,
          50.28472910
        ]
      },
      "properties": {
        "ID": "0c997591-f2ab-4389-b44a-503c206edd6e",
        "Name": "Swift Current Home Hardware Building Centre",
        "Address1": "163 - 1st Avenue N.W.",
        "Address2": "",
        "City": "Swift Current",
        "Province": "SK",
        "Postal_Code": "S9H 0M0",
        "Country": "Canada",
        "Phone": "(306) 773-1515",
        "Fax": "(306) 773-7580",
        "Web_Site": "",
        "Dealer_Website_Enabled": "true",
        "Dealer_Website_Ranking": "0",
        "Customer_No": "2063",
        "ShipTo_No": "249"
      }
    },
    {
      "type": "Feature",
      "dealerLocatorProfiles": [],
      "geometry": {
        "type": "Point",
        "coordinates": [
          -122.49130010,
          52.97000460
        ]
      },
      "properties": {
        "ID": "0cdb05ac-50ae-4a5f-881e-43decacfb20f",
        "Name": "Rona Home Centre - Quesnel",
        "Address1": "450 Johnston Avenue",
        "Address2": "",
        "City": "Quesnel",
        "Province": "BC",
        "Postal_Code": "V2J 3M5",
        "Country": "Canada",
        "Phone": "(250) 992-2155",
        "Fax": "(250) 992-7945",
        "Web_Site": "",
        "Dealer_Website_Enabled": "true",
        "Dealer_Website_Ranking": "0",
        "Customer_No": "43600",
        "ShipTo_No": "23",
        "Primary_Contact": "Duncan Campbell"
      }
    },
    {
      "type": "Feature",
      "dealerLocatorProfiles": [],
      "geometry": {
        "type": "Point",
        "coordinates": [
          -105.94595880,
          49.17760210
        ]
      },
      "properties": {
        "ID": "0d01121e-f915-40c9-af22-89af7bd8c445",
        "Name": "Rockglen Coop",
        "Address1": "Hwy 2 South",
        "Address2": "",
        "City": "Rockglen",
        "Province": "SK",
        "Postal_Code": "S0H 3R0",
        "Country": "Canada",
        "Phone": "(306) 476-2210",
        "Fax": "(306) 476-2080",
        "Web_Site": "",
        "Dealer_Website_Enabled": "true",
        "Dealer_Website_Ranking": "0",
        "Customer_No": "62156",
        "ShipTo_No": "324"
      }
    },
    {
      "type": "Feature",
      "dealerLocatorProfiles": [],
      "geometry": {
        "type": "Point",
        "coordinates": [
          -123.29332140,
          48.80695440
        ]
      },
      "properties": {
        "ID": "0e6b78ff-6b46-4c79-a5fa-59f4f63a39e9",
        "Name": "Pender Island Home Hardware Building Centre",
        "Address1": "3338 Port Washington Road, RR1",
        "Address2": "",
        "City": "Pender Island",
        "Province": "BC",
        "Postal_Code": "V0N 2M1",
        "Country": "Canada",
        "Phone": "(250) 629-3455",
        "Fax": "(250) 629-2036",
        "Web_Site": "",
        "Dealer_Website_Enabled": "true",
        "Dealer_Website_Ranking": "0",
        "Customer_No": "2063",
        "ShipTo_No": "106",
        "TC2__Island": "true"
      }
    },
    {
      "type": "Feature",
      "dealerLocatorProfiles": [],
      "geometry": {
        "type": "Point",
        "coordinates": [
          -128.57919300,
          54.51270400
        ]
      },
      "properties": {
        "ID": "0e9dc0a1-8510-4aef-8eae-4833a9339baa",
        "Name": "First Choice Builders Supply",
        "Address1": "4425 Keith Avenue",
        "Address2": "",
        "City": "Terrace",
        "Province": "BC",
        "Postal_Code": "V8G 1J7",
        "Country": "Canada",
        "Phone": "(250) 638-8700",
        "Fax": "(250) 635-4465",
        "Web_Site": "",
        "Dealer_Website_Enabled": "true",
        "Dealer_Website_Ranking": "0",
        "Customer_No": "2062",
        "ShipTo_No": "190",
        "Primary_Contact": "Dennis Gasper"
      }
    },
    {
      "type": "Feature",
      "dealerLocatorProfiles": [],
      "geometry": {
        "type": "Point",
        "coordinates": [
          -79.43389040,
          46.31044360
        ]
      },
      "properties": {
        "ID": "0edfb6c4-1504-4ce9-8848-b5ef172da9ad",
        "Name": "Carry All Home Building Centre",
        "Address1": "1705 Seymour Street",
        "Address2": "HOURS 7:30AM-5:30PM",
        "City": "North Bay",
        "Province": "ON",
        "Postal_Code": "P1A 0C6",
        "Country": "Canada",
        "Phone": "(705) 474-4636",
        "Fax": "(705) 474-4347",
        "Web_Site": "",
        "Dealer_Website_Enabled": "true",
        "Dealer_Website_Ranking": "0",
        "Customer_No": "2063",
        "ShipTo_No": "364"
      }
    },
    {
      "type": "Feature",
      "dealerLocatorProfiles": [],
      "geometry": {
        "type": "Point",
        "coordinates": [
          -118.83672800,
          55.15922200
        ]
      },
      "properties": {
        "ID": "0eec686c-ded2-4097-8b4f-5f3f6b1c7668",
        "Name": "Convoy Supply Ltd - Grande Prairie",
        "Address1": "11249 89 Ave.",
        "Address2": "",
        "City": "Grande Prairie",
        "Province": "AB",
        "Postal_Code": "T8V 5X3",
        "Country": "Canada",
        "Phone": "(780) 532-1196",
        "Fax": "(780) 532-8615",
        "Web_Site": "",
        "Dealer_Website_Enabled": "true",
        "Dealer_Website_Ranking": "0",
        "Customer_No": "400",
        "ShipTo_No": "19"
      }
    },
    {
      "type": "Feature",
      "dealerLocatorProfiles": [],
      "geometry": {
        "type": "Point",
        "coordinates": [
          -118.39316390,
          56.06061830
        ]
      },
      "properties": {
        "ID": "0f1aad52-0539-4150-912f-35e471454832",
        "Name": "Woodland Fairview Home Bldg Ct",
        "Address1": "9512 - 113 Steet",
        "Address2": "",
        "City": "Fairview",
        "Province": "AB",
        "Postal_Code": "T0H 1L0",
        "Country": "Canada",
        "Phone": "(780) 835-5411",
        "Fax": "(780) 835-2984",
        "Web_Site": "",
        "Dealer_Website_Enabled": "true",
        "Dealer_Website_Ranking": "0",
        "Customer_No": "2063",
        "ShipTo_No": "308"
      }
    },
    {
      "type": "Feature",
      "dealerLocatorProfiles": [],
      "geometry": {
        "type": "Point",
        "coordinates": [
          -113.55967600,
          53.58578200
        ]
      },
      "properties": {
        "ID": "0f34d4b6-8964-4289-9e2f-897147cd85d7",
        "Name": "Nelson Lumber - Edmonton",
        "Address1": "12727 St.Albert Trail",
        "Address2": "Box 27000",
        "City": "Edmonton",
        "Province": "AB",
        "Postal_Code": "T5L 4H5",
        "Country": "Canada",
        "Phone": "(780) 452-9151",
        "Fax": "(780) 452-1785",
        "Web_Site": "",
        "Dealer_Website_Enabled": "true",
        "Dealer_Website_Ranking": "0",
        "Customer_No": "2070",
        "ShipTo_No": "76"
      }
    },
    {
      "type": "Feature",
      "dealerLocatorProfiles": [],
      "geometry": {
        "type": "Point",
        "coordinates": [
          -114.40315000,
          54.12179000
        ]
      },
      "properties": {
        "ID": "0f4e9433-558f-41b3-8afa-050c92b731e1",
        "Name": "Barrhead Building Products Ltd",
        "Address1": "6133 - 47th Street",
        "Address2": "",
        "City": "Barrhead",
        "Province": "AB",
        "Postal_Code": "T7N 1A3",
        "Country": "Canada",
        "Phone": "(780) 674-3397",
        "Fax": "(780) 674-6577",
        "Web_Site": "",
        "Dealer_Website_Enabled": "true",
        "Dealer_Website_Ranking": "0",
        "Customer_No": "2062",
        "ShipTo_No": "9"
      }
    },
    {
      "type": "Feature",
      "dealerLocatorProfiles": [],
      "geometry": {
        "type": "Point",
        "coordinates": [
          -76.04412870,
          45.34228750
        ]
      },
      "properties": {
        "ID": "0fa4239b-afea-4577-adb8-28fb0e4f580e",
        "Name": "DEKA Home Building Centre",
        "Address1": "545 Donald B Munro Drive",
        "Address2": "HOURS 7AM-4PM",
        "City": "Carp",
        "Province": "ON",
        "Postal_Code": "K0A 1L0",
        "Country": "Canada",
        "Phone": "(613) 839-3467",
        "Fax": "(613) 839-5736",
        "Web_Site": "",
        "Dealer_Website_Enabled": "true",
        "Dealer_Website_Ranking": "0",
        "Customer_No": "2063",
        "ShipTo_No": "477",
        "Primary_Contact": "Michael Burrill"
      }
    },
    {
      "type": "Feature",
      "dealerLocatorProfiles": [],
      "geometry": {
        "type": "Point",
        "coordinates": [
          -107.08434530,
          51.32711760
        ]
      },
      "properties": {
        "ID": "0fdabaa3-61b4-48fa-85d1-c22ac2e1957e",
        "Name": "Macrorie Co-op Macrorie",
        "Address1": "Box 10      Road Allowance",
        "Address2": "",
        "City": "Macrorie",
        "Province": "SK",
        "Postal_Code": "S0L 2E0",
        "Country": "Canada",
        "Phone": "(306) 243-2142",
        "Fax": "(306) 243-4838",
        "Web_Site": "",
        "Dealer_Website_Enabled": "true",
        "Dealer_Website_Ranking": "0",
        "Customer_No": "62156",
        "ShipTo_No": "123",
        "Primary_Contact": "Dan Niskala"
      }
    },
    {
      "type": "Feature",
      "dealerLocatorProfiles": [],
      "geometry": {
        "type": "Point",
        "coordinates": [
          -126.05513890,
          49.77429550
        ]
      },
      "properties": {
        "ID": "101bf42a-0277-4cba-bec0-e1857ba01355",
        "Name": "Gold River Builders Supplies (1983) Ltd.",
        "Address1": "P.O. Box 295",
        "Address2": "502 Industrial Park Place",
        "City": "Gold River",
        "Province": "BC",
        "Postal_Code": "V0P 1G0",
        "Country": "Canada",
        "Phone": "(250) 283-2633",
        "Fax": "(250) 283-7794",
        "Web_Site": "",
        "Dealer_Website_Enabled": "true",
        "Dealer_Website_Ranking": "0",
        "Customer_No": "2062",
        "ShipTo_No": "193"
      }
    },
    {
      "type": "Feature",
      "dealerLocatorProfiles": [],
      "geometry": {
        "type": "Point",
        "coordinates": [
          -105.54783420,
          50.39233440
        ]
      },
      "properties": {
        "ID": "1051502d-aa1f-462f-90ea-898742be7126",
        "Name": "Allied Lumberland Ltd",
        "Address1": "240-5th Ave NW",
        "Address2": "",
        "City": "Moose Jaw",
        "Province": "SK",
        "Postal_Code": "S6H 4R3",
        "Country": "Canada",
        "Phone": "(306) 694-4000",
        "Fax": "(306) 694-4303",
        "Web_Site": "",
        "Dealer_Website_Enabled": "true",
        "Dealer_Website_Ranking": "0",
        "Customer_No": "2063",
        "ShipTo_No": "93"
      }
    },
    {
      "type": "Feature",
      "dealerLocatorProfiles": [],
      "geometry": {
        "type": "Point",
        "coordinates": [
          -82.75030640,
          42.03817670
        ]
      },
      "properties": {
        "ID": "10834dc6-5bba-467c-b10c-41012b6e03d3",
        "Name": "Kingsville Home hardware",
        "Address1": "226 Main Street",
        "Address2": "HOURS 7:30AM-8PM",
        "City": "Kingsville",
        "Province": "ON",
        "Postal_Code": "N9Y 1H5",
        "Country": "Canada",
        "Phone": "(519) 733-4261",
        "Fax": "(519) 733-4163",
        "Web_Site": "",
        "Dealer_Website_Enabled": "true",
        "Dealer_Website_Ranking": "0",
        "Customer_No": "2063",
        "ShipTo_No": "367"
      }
    },
    {
      "type": "Feature",
      "dealerLocatorProfiles": [],
      "geometry": {
        "type": "Point",
        "coordinates": [
          -109.15715890,
          51.47568900
        ]
      },
      "properties": {
        "ID": "115b3e8d-eb33-48e2-9f9b-c32f04e3c4d1",
        "Name": "Kindersley Castle Bldg Centre",
        "Address1": "304 12th Ave East (HWY 7)",
        "Address2": "P.O. BOX 2295",
        "City": "Kindersley",
        "Province": "SK",
        "Postal_Code": "S0L 1S0",
        "Country": "Canada",
        "Phone": "(306) 463-0066",
        "Fax": "",
        "Web_Site": "",
        "Dealer_Website_Enabled": "true",
        "Dealer_Website_Ranking": "0",
        "Customer_No": "1500",
        "ShipTo_No": "100",
        "SK__S_W_": "true"
      }
    },
    {
      "type": "Feature",
      "dealerLocatorProfiles": [],
      "geometry": {
        "type": "Point",
        "coordinates": [
          -112.64015860,
          49.72448670
        ]
      },
      "properties": {
        "ID": "118e544e-7c45-4969-b046-30683b45ced0",
        "Name": "Coaldale Home Hardware",
        "Address1": "2805 21 Avenue",
        "Address2": "Box 1296",
        "City": "Coaldale",
        "Province": "AB",
        "Postal_Code": "T1M 1N1",
        "Country": "Canada",
        "Phone": "",
        "Fax": "",
        "Web_Site": "",
        "Dealer_Website_Enabled": "true",
        "Customer_No": "2063",
        "ShipTo_No": "398"
      }
    },
    {
      "type": "Feature",
      "dealerLocatorProfiles": [],
      "geometry": {
        "type": "Point",
        "coordinates": [
          -107.6497174,
          51.3150265
        ]
      },
      "properties": {
        "ID": "12149699-eb8d-420a-b62b-3fc6933474ca",
        "Name": "Riverbend Co-op - Wiseton",
        "Address1": "Box 60       Highway 44",
        "Address2": "",
        "City": "Wiseton",
        "Province": "SK",
        "Postal_Code": "S0L 3M0",
        "Country": "Canada",
        "Phone": "(306) 357-2138",
        "Fax": "(306) 357-2139",
        "Web_Site": "",
        "Dealer_Website_Enabled": "true",
        "Dealer_Website_Ranking": "0",
        "Customer_No": "62156",
        "ShipTo_No": "43",
        "SK__S_W_": "true"
      }
    },
    {
      "type": "Feature",
      "dealerLocatorProfiles": [],
      "geometry": {
        "type": "Point",
        "coordinates": [
          -106.65705040,
          52.15581820
        ]
      },
      "properties": {
        "ID": "1245e795-7bf3-4320-916a-572aa394860a",
        "Name": "Home Depot Canada - Saskatoon",
        "Address1": "707 Circle Drive East",
        "Address2": "",
        "City": "Saskatoon",
        "Province": "SK",
        "Postal_Code": "S7K 0V1",
        "Country": "Canada",
        "Phone": "(306) 651-6266",
        "Fax": "(306) 651-6259",
        "Web_Site": "",
        "Dealer_Website_Enabled": "true",
        "Dealer_Website_Ranking": "0",
        "Customer_No": "199909",
        "ShipTo_No": "5",
        "Primary_Contact": "Kevin Vandale"
      }
    },
    {
      "type": "Feature",
      "dealerLocatorProfiles": [],
      "geometry": {
        "type": "Point",
        "coordinates": [
          -100.93155080,
          49.85162740
        ]
      },
      "properties": {
        "ID": "125d5807-b2ca-4125-9dfc-9dad80f27289",
        "Name": "Virden Home Building Center",
        "Address1": "P.O. Box 1477, 298-6th Ave S",
        "Address2": "",
        "City": "Virden",
        "Province": "MB",
        "Postal_Code": "R0M 2C0",
        "Country": "Canada",
        "Phone": "(204) 748-2011",
        "Fax": "(204) 748-2456",
        "Web_Site": "",
        "Dealer_Website_Enabled": "true",
        "Dealer_Website_Ranking": "0",
        "Customer_No": "2063",
        "ShipTo_No": "151",
        "Route_#4": "true"
      }
    },
    {
      "type": "Feature",
      "dealerLocatorProfiles": [],
      "geometry": {
        "type": "Point",
        "coordinates": [
          -112.45234300,
          50.78765800
        ]
      },
      "properties": {
        "ID": "1268d719-fd0f-44d6-9642-0aac63a758a1",
        "Name": "Bassano Building Centre Ltd.",
        "Address1": "417-11th Street",
        "Address2": "",
        "City": "Bassano",
        "Province": "AB",
        "Postal_Code": "T0J 0B0",
        "Country": "Canada",
        "Phone": "(403) 641-4000",
        "Fax": "(403) 641-3010",
        "Web_Site": "",
        "Dealer_Website_Enabled": "true",
        "Dealer_Website_Ranking": "0",
        "Customer_No": "2062",
        "ShipTo_No": "10",
        "Primary_Contact": "Ryan Beddows"
      }
    },
    {
      "type": "Feature",
      "dealerLocatorProfiles": [],
      "geometry": {
        "type": "Point",
        "coordinates": [
          -118.979,
          50.8343
        ]
      },
      "properties": {
        "ID": "12e6ee67-b360-459e-a50b-917099480e72",
        "Name": "Parkland Home Building Centre",
        "Address1": "1125 Eagle Pass Way",
        "Address2": "PO Box 159",
        "City": "Sicamous",
        "Province": "BC",
        "Postal_Code": "V0E 2V0",
        "Country": "Canada",
        "Phone": "(250) 836-2514",
        "Fax": "",
        "Web_Site": "",
        "Dealer_Website_Enabled": "true",
        "Dealer_Website_Ranking": "0",
        "Customer_No": "2063",
        "ShipTo_No": "604"
      }
    },
    {
      "type": "Feature",
      "dealerLocatorProfiles": [],
      "geometry": {
        "type": "Point",
        "coordinates": [
          -115.68552170,
          54.13966500
        ]
      },
      "properties": {
        "ID": "12e90774-beb8-44c1-8df2-7b86f29c6453",
        "Name": "Whitecourt Home Hardware Bldg Centre",
        "Address1": "5020 - 49 Ave.",
        "Address2": "Box 1296",
        "City": "Whitecourt",
        "Province": "AB",
        "Postal_Code": "T7S 1P2",
        "Country": "Canada",
        "Phone": "(780) 778-4404",
        "Fax": "(780) 778-4605",
        "Web_Site": "",
        "Dealer_Website_Enabled": "true",
        "Dealer_Website_Ranking": "0",
        "Customer_No": "2063",
        "ShipTo_No": "155"
      }
    },
    {
      "type": "Feature",
      "dealerLocatorProfiles": [],
      "geometry": {
        "type": "Point",
        "coordinates": [
          -80.38700260,
          43.70999430
        ]
      },
      "properties": {
        "ID": "13287d71-d0c6-47d0-aad8-46a1cabda0d6",
        "Name": "Dixon Home Hardware",
        "Address1": "745 St. David St North",
        "Address2": "HOURS 7:30AM-5PM",
        "City": "Fergus",
        "Province": "ON",
        "Postal_Code": "N1M 2L1",
        "Country": "Canada",
        "Phone": "(519) 843-1171",
        "Fax": "(519) 843-3504",
        "Web_Site": "",
        "Dealer_Website_Enabled": "true",
        "Dealer_Website_Ranking": "0",
        "Customer_No": "2063",
        "ShipTo_No": "335",
        "Primary_Contact": "Petri Fager"
      }
    },
    {
      "type": "Feature",
      "dealerLocatorProfiles": [],
      "geometry": {
        "type": "Point",
        "coordinates": [
          -78.73334200,
          44.37504700
        ]
      },
      "properties": {
        "ID": "13903f68-e85e-491b-a5d3-17e8f1b41bcb",
        "Name": "Alf Curtis Home Improvements Lindsay",
        "Address1": "216 St David St",
        "Address2": "",
        "City": "Lindsay",
        "Province": "ON",
        "Postal_Code": "K9V 4Z4",
        "Country": "Canada",
        "Phone": "(705) 324-6690",
        "Fax": "(705) 324-4203",
        "Web_Site": "",
        "Dealer_Website_Enabled": "true",
        "Dealer_Website_Ranking": "0",
        "Customer_No": "1500",
        "ShipTo_No": "161"
      }
    },
    {
      "type": "Feature",
      "dealerLocatorProfiles": [],
      "geometry": {
        "type": "Point",
        "coordinates": [
          -80.93900370,
          43.37136320
        ]
      },
      "properties": {
        "ID": "140f5dc2-170c-4154-bc8c-39a85b3b49e7",
        "Name": "Stratford HHBC",
        "Address1": "3010 Line 34",
        "Address2": "HOURS 7:30AM-5PM",
        "City": "Stratford",
        "Province": "ON",
        "Postal_Code": "N5A 6S5",
        "Country": "Canada",
        "Phone": "(519) 271-4370",
        "Fax": "(519) 271-9528",
        "Web_Site": "",
        "Dealer_Website_Enabled": "true",
        "Dealer_Website_Ranking": "0",
        "Customer_No": "2063",
        "ShipTo_No": "415"
      }
    },
    {
      "type": "Feature",
      "dealerLocatorProfiles": [],
      "geometry": {
        "type": "Point",
        "coordinates": [
          -112.97041810,
          52.58440480
        ]
      },
      "properties": {
        "ID": "1433aff2-8efe-4edd-9b51-3a16c11cf27a",
        "Name": "Bashaw Home Building Centre",
        "Address1": "5102-50th Street",
        "Address2": "",
        "City": "Bashaw",
        "Province": "AB",
        "Postal_Code": "T0B 0H0",
        "Country": "Canada",
        "Phone": "(780) 372-3889",
        "Fax": "(780) 372-3903",
        "Web_Site": "",
        "Dealer_Website_Enabled": "true",
        "Dealer_Website_Ranking": "0",
        "Customer_No": "2063",
        "ShipTo_No": "241"
      }
    },
    {
      "type": "Feature",
      "dealerLocatorProfiles": [],
      "geometry": {
        "type": "Point",
        "coordinates": [
          -113.80652700,
          52.28046200
        ]
      },
      "properties": {
        "ID": "14608ca4-1508-4536-a6ba-3be654bc6d34",
        "Name": "Central Alberta Co-op-Red Deer",
        "Address1": "4738 Riverside Drive",
        "Address2": "",
        "City": "Red Deer",
        "Province": "AB",
        "Postal_Code": "T4N 2N7",
        "Country": "Canada",
        "Phone": "(403) 341-5600",
        "Fax": "(403) 347-5611",
        "Web_Site": "",
        "Dealer_Website_Enabled": "true",
        "Dealer_Website_Ranking": "0",
        "Customer_No": "62156",
        "ShipTo_No": "185",
        "Primary_Contact": "John Stryker"
      }
    },
    {
      "type": "Feature",
      "dealerLocatorProfiles": [],
      "geometry": {
        "type": "Point",
        "coordinates": [
          -82.11984580,
          42.93106410
        ]
      },
      "properties": {
        "ID": "153239e4-df4f-42e6-9dbf-7083bfb70bcb",
        "Name": "Watson Tim-Br Mart",
        "Address1": "4528 Churchill Line",
        "Address2": "P.O. Box 10",
        "City": "Wyoming",
        "Province": "ON",
        "Postal_Code": "N0N 1T0",
        "Country": "Canada",
        "Phone": "(519) 845-3321",
        "Fax": "(519) 845-3811",
        "Web_Site": "",
        "Dealer_Website_Enabled": "true",
        "Dealer_Website_Ranking": "0",
        "Customer_No": "2062",
        "ShipTo_No": "246",
        "Primary_Contact": "Bobbie"
      }
    },
    {
      "type": "Feature",
      "dealerLocatorProfiles": [],
      "geometry": {
        "type": "Point",
        "coordinates": [
          -114.76154200,
          55.30447600
        ]
      },
      "properties": {
        "ID": "15744084-af75-4e2d-af91-1436afa745fd",
        "Name": "Timberland Home Building Ctr.",
        "Address1": "Box 36, North Highway 88",
        "Address2": "",
        "City": "Slave Lake",
        "Province": "AB",
        "Postal_Code": "T0G 2A0",
        "Country": "Canada",
        "Phone": "(780) 849-3141",
        "Fax": "(780) 849-5434",
        "Web_Site": "",
        "Dealer_Website_Enabled": "true",
        "Dealer_Website_Ranking": "0",
        "Customer_No": "2063",
        "ShipTo_No": "215"
      }
    },
    {
      "type": "Feature",
      "dealerLocatorProfiles": [],
      "geometry": {
        "type": "Point",
        "coordinates": [
          -122.85303180,
          49.21218600
        ]
      },
      "properties": {
        "ID": "15c3af77-47b5-4683-b556-6783454849eb",
        "Name": "Easy Build Structures Ltd.",
        "Address1": "#201- 5511 192 Street",
        "Address2": "",
        "City": "Surrey",
        "Province": "BC",
        "Postal_Code": "V3S 8E5",
        "Country": "Canada",
        "Phone": "(604) 589-4280",
        "Fax": "(604) 589-4202",
        "Web_Site": "",
        "Dealer_Website_Enabled": "true",
        "Dealer_Website_Ranking": "0",
        "Customer_No": "2070",
        "ShipTo_No": "237",
        "Primary_Contact": "Clayton Mickey"
      }
    },
    {
      "type": "Feature",
      "dealerLocatorProfiles": [],
      "geometry": {
        "type": "Point",
        "coordinates": [
          -77.43342880,
          44.13696410
        ]
      },
      "properties": {
        "ID": "15cc23c9-3be2-44bf-a4d3-60f88aaa3867",
        "Name": "Alf Curtis Home Improvements",
        "Address1": "1983 Old Hwy #2 West",
        "Address2": "HOURS 7AM-5:30PM",
        "City": "Belleville",
        "Province": "ON",
        "Postal_Code": "K8N 4Z2",
        "Country": "Canada",
        "Phone": "(613) 966-3990",
        "Fax": "(613) 966-9463",
        "Web_Site": "",
        "Dealer_Website_Enabled": "true",
        "Dealer_Website_Ranking": "0",
        "Customer_No": "1500",
        "ShipTo_No": "114"
      }
    },
    {
      "type": "Feature",
      "dealerLocatorProfiles": [],
      "geometry": {
        "type": "Point",
        "coordinates": [
          -114.47882650,
          53.59928070
        ]
      },
      "properties": {
        "ID": "16a16330-8aa7-49ec-831c-3ae6e464214b",
        "Name": "Pinnacle Renewable Energy",
        "Address1": "7317 Township Road 534",
        "Address2": "",
        "City": "Parkland County",
        "Province": "AB",
        "Postal_Code": "T0E 2K0",
        "Country": "Canada",
        "Phone": "",
        "Fax": "",
        "Web_Site": "",
        "Dealer_Website_Enabled": "true",
        "Customer_No": "199391",
        "ShipTo_No": "25"
      }
    },
    {
      "type": "Feature",
      "dealerLocatorProfiles": [],
      "geometry": {
        "type": "Point",
        "coordinates": [
          -106.55974500,
          49.87748190
        ]
      },
      "properties": {
        "ID": "16a35b77-c856-4066-a3ed-816662d3b63c",
        "Name": "Gravelbourg Home Hardware Building Centre",
        "Address1": "P.O. Box 240,105-6th Ave West",
        "Address2": "",
        "City": "Gravelbourg",
        "Province": "SK",
        "Postal_Code": "S0H 1X0",
        "Country": "Canada",
        "Phone": "(306) 648-3303",
        "Fax": "(306) 648-2437",
        "Web_Site": "",
        "Dealer_Website_Enabled": "true",
        "Dealer_Website_Ranking": "0",
        "Customer_No": "2063",
        "ShipTo_No": "57"
      }
    },
    {
      "type": "Feature",
      "dealerLocatorProfiles": [],
      "geometry": {
        "type": "Point",
        "coordinates": [
          -103.25299460,
          52.59957830
        ]
      },
      "properties": {
        "ID": "16e0504b-df49-4cd2-8733-73baec30fad3",
        "Name": "Parkland Co-op-Porcupine Plain",
        "Address1": "Box 219     108 Ash Street",
        "Address2": "",
        "City": "Porcupine Plain",
        "Province": "SK",
        "Postal_Code": "S0E 1H0",
        "Country": "Canada",
        "Phone": "(306) 278-2191",
        "Fax": "(306) 278-2221",
        "Web_Site": "",
        "Dealer_Website_Enabled": "true",
        "Dealer_Website_Ranking": "0",
        "Customer_No": "62156",
        "ShipTo_No": "149",
        "SK__N_E_": "true"
      }
    },
    {
      "type": "Feature",
      "dealerLocatorProfiles": [],
      "geometry": {
        "type": "Point",
        "coordinates": [
          -113.90035760,
          53.53927810
        ]
      },
      "properties": {
        "ID": "16fd51b4-abcd-44dc-b1d1-5a67271f0654",
        "Name": "Mcleod Home Building Centre",
        "Address1": "135 South Ave. P.O. Box 3160",
        "Address2": "",
        "City": "Spruce Grove",
        "Province": "AB",
        "Postal_Code": "T7X 3A5",
        "Country": "Canada",
        "Phone": "(780) 962-2575",
        "Fax": "(780) 962-6792",
        "Web_Site": "",
        "Dealer_Website_Enabled": "true",
        "Dealer_Website_Ranking": "0",
        "Customer_No": "2063",
        "ShipTo_No": "129"
      }
    },
    {
      "type": "Feature",
      "dealerLocatorProfiles": [],
      "geometry": {
        "type": "Point",
        "coordinates": [
          -106.66967050,
          52.28179040
        ]
      },
      "properties": {
        "ID": "1780442f-1d49-45c7-8b77-1fb1008c801c",
        "Name": "Martensville Bldg &amp; Home Supply",
        "Address1": "601 Centennial Drive",
        "Address2": "",
        "City": "Martensville",
        "Province": "SK",
        "Postal_Code": "S0K 2T0",
        "Country": "Canada",
        "Phone": "(306) 934-6610",
        "Fax": "(306) 934-6602",
        "Web_Site": "",
        "Dealer_Website_Enabled": "true",
        "Dealer_Website_Ranking": "0",
        "Customer_No": "2070",
        "ShipTo_No": "261",
        "Saskatoon": "true"
      }
    },
    {
      "type": "Feature",
      "dealerLocatorProfiles": [],
      "geometry": {
        "type": "Point",
        "coordinates": [
          -82.20623910,
          42.39043900
        ]
      },
      "properties": {
        "ID": "18036817-c9f1-40f6-9c1a-e1f66cba17ba",
        "Name": "Chatham-Kent H.H.B.C",
        "Address1": "124 Keil Drive South",
        "Address2": "HOURS 7:30-6PM",
        "City": "Chatham",
        "Province": "ON",
        "Postal_Code": "N7M 3H1",
        "Country": "Canada",
        "Phone": "(519) 354-0700",
        "Fax": "(519) 354-6771",
        "Web_Site": "",
        "Dealer_Website_Enabled": "true",
        "Dealer_Website_Ranking": "0",
        "Customer_No": "2063",
        "ShipTo_No": "321",
        "Primary_Contact": "Wayne Jee"
      }
    },
    {
      "type": "Feature",
      "dealerLocatorProfiles": [],
      "geometry": {
        "type": "Point",
        "coordinates": [
          -79.32085370,
          44.13417300
        ]
      },
      "properties": {
        "ID": "1809a82c-e0ce-41e4-a45d-903a965bf031",
        "Name": "Mount Albert HHBC",
        "Address1": "6 Princess Street",
        "Address2": "HOURS 7AM-7PM",
        "City": "Mount Albert",
        "Province": "ON",
        "Postal_Code": "L0G 1M0",
        "Country": "Canada",
        "Phone": "(905) 473-2341",
        "Fax": "(905) 473-9663",
        "Web_Site": "",
        "Dealer_Website_Enabled": "true",
        "Dealer_Website_Ranking": "0",
        "Customer_No": "2063",
        "ShipTo_No": "408"
      }
    },
    {
      "type": "Feature",
      "dealerLocatorProfiles": [],
      "geometry": {
        "type": "Point",
        "coordinates": [
          -117.27850750,
          49.19431480
        ]
      },
      "properties": {
        "ID": "18558c71-2bcb-44e3-bdcf-263ac954d50c",
        "Name": "Skyway Hardware",
        "Address1": "118 - 4th Street",
        "Address2": "",
        "City": "Salmo",
        "Province": "BC",
        "Postal_Code": "V0G 1Z0",
        "Country": "Canada",
        "Phone": "(250) 357-9911",
        "Fax": "(250) 357-9911",
        "Web_Site": "",
        "Dealer_Website_Enabled": "true",
        "Dealer_Website_Ranking": "0",
        "Customer_No": "2070",
        "ShipTo_No": "296"
      }
    },
    {
      "type": "Feature",
      "dealerLocatorProfiles": [],
      "geometry": {
        "type": "Point",
        "coordinates": [
          -80.72350860,
          43.13569810
        ]
      },
      "properties": {
        "ID": "187fd07b-75d7-4952-9a42-08c03873e47a",
        "Name": "Woodstock HHBC",
        "Address1": "1147 Dundas Street East",
        "Address2": "HOURS 8AM-4PM",
        "City": "Woodstock",
        "Province": "ON",
        "Postal_Code": "N4S 8W3",
        "Country": "Canada",
        "Phone": "(519) 421-0484",
        "Fax": "(519) 421-0033",
        "Web_Site": "",
        "Dealer_Website_Enabled": "true",
        "Dealer_Website_Ranking": "0",
        "Customer_No": "2063",
        "ShipTo_No": "416"
      }
    },
    {
      "type": "Feature",
      "dealerLocatorProfiles": [],
      "geometry": {
        "type": "Point",
        "coordinates": [
          -104.21066000,
          50.94974700
        ]
      },
      "properties": {
        "ID": "18b9b1eb-e9eb-407d-ad9b-6bdda5666fc6",
        "Name": "Prairie Co-op Cupar FS",
        "Address1": "401 Stanley Street, Po Box 10",
        "Address2": "",
        "City": "Cupar",
        "Province": "SK",
        "Postal_Code": "S0G 0Y0",
        "Country": "Canada",
        "Phone": "(306) 723-4428",
        "Fax": "(306) 723-4299",
        "Web_Site": "",
        "Dealer_Website_Enabled": "true",
        "Dealer_Website_Ranking": "0",
        "Customer_No": "62156",
        "ShipTo_No": "46"
      }
    },
    {
      "type": "Feature",
      "dealerLocatorProfiles": [],
      "geometry": {
        "type": "Point",
        "coordinates": [
          -118.45371160,
          49.02944420
        ]
      },
      "properties": {
        "ID": "1900a52c-e7b5-4a49-960d-3c95aeff6529",
        "Name": "Boundary Home Building Centre",
        "Address1": "Box 1118",
        "Address2": "1538 West Central Avenue",
        "City": "Grand Forks",
        "Province": "BC",
        "Postal_Code": "V0H 1H0",
        "Country": "Canada",
        "Phone": "(250) 442-2148",
        "Fax": "(250) 442-3033",
        "Web_Site": "",
        "Dealer_Website_Enabled": "true",
        "Dealer_Website_Ranking": "0",
        "Customer_No": "2063",
        "ShipTo_No": "220",
        "Primary_Contact": "Andy Shione"
      }
    },
    {
      "type": "Feature",
      "dealerLocatorProfiles": [],
      "geometry": {
        "type": "Point",
        "coordinates": [
          -119.26810540,
          50.28706220
        ]
      },
      "properties": {
        "ID": "1a1e76c5-fd4a-4627-9e76-5f6cc96ac86b",
        "Name": "Home Depot Canada - Vernon",
        "Address1": "5501 Anderson Way",
        "Address2": "Store #7084",
        "City": "Vernon",
        "Province": "BC",
        "Postal_Code": "V1T 9V1",
        "Country": "Canada",
        "Phone": "(250) 550-1600",
        "Fax": "(250) 550-1613",
        "Web_Site": "",
        "Dealer_Website_Enabled": "true",
        "Dealer_Website_Ranking": "0",
        "Customer_No": "199909",
        "ShipTo_No": "13",
        "Primary_Contact": "Clint Steele"
      }
    },
    {
      "type": "Feature",
      "dealerLocatorProfiles": [],
      "geometry": {
        "type": "Point",
        "coordinates": [
          -101.69835700,
          50.84120870
        ]
      },
      "properties": {
        "ID": "1aec50d1-607a-4a8b-8d32-ab342453f492",
        "Name": "Wallace Enterprises",
        "Address1": "104 - 4th St",
        "Address2": "",
        "City": "Langenburg",
        "Province": "SK",
        "Postal_Code": "S0A 2A0",
        "Country": "Canada",
        "Phone": "",
        "Fax": "",
        "Web_Site": "",
        "Dealer_Website_Enabled": "true",
        "Customer_No": "62156",
        "ShipTo_No": "374"
      }
    },
    {
      "type": "Feature",
      "dealerLocatorProfiles": [],
      "geometry": {
        "type": "Point",
        "coordinates": [
          -119.58082460,
          49.47881050
        ]
      },
      "properties": {
        "ID": "1b0d72aa-93d6-42ef-bd8f-7a5c0ec35679",
        "Name": "Convoy Supply Ltd - Penticton",
        "Address1": "196 Rosetown Avenue,",
        "Address2": "",
        "City": "Penticton",
        "Province": "BC",
        "Postal_Code": "V2A 6X8",
        "Country": "Canada",
        "Phone": "(250) 493-5660",
        "Fax": "(250) 493-6744",
        "Web_Site": "",
        "Dealer_Website_Enabled": "true",
        "Dealer_Website_Ranking": "0",
        "Customer_No": "400",
        "ShipTo_No": "9",
        "Primary_Contact": "Dennis Thomsen"
      }
    },
    {
      "type": "Feature",
      "dealerLocatorProfiles": [],
      "geometry": {
        "type": "Point",
        "coordinates": [
          -113.99446370,
          51.25822320
        ]
      },
      "properties": {
        "ID": "1b23c4d6-f9af-42bf-b3f6-7d37fdb24518",
        "Name": "Windsor Plywood (Airdrie)",
        "Address1": "2950 Kingsview Blvd",
        "Address2": "",
        "City": "Airdrie",
        "Province": "AB",
        "Postal_Code": "T4A 0C9",
        "Country": "Canada",
        "Phone": "(403) 948-9663",
        "Fax": "(403) 945-8882",
        "Web_Site": "",
        "Dealer_Website_Enabled": "true",
        "Customer_No": "2040",
        "ShipTo_No": "66"
      }
    },
    {
      "type": "Feature",
      "dealerLocatorProfiles": [],
      "geometry": {
        "type": "Point",
        "coordinates": [
          -101.87586090,
          54.76859260
        ]
      },
      "properties": {
        "ID": "1bc9f2ac-f09c-4597-bac5-444c3e1f9efc",
        "Name": "McMunn &amp; Yates - Flin Flon",
        "Address1": "#1 Park Street",
        "Address2": "",
        "City": "Flin Flon",
        "Province": "MB",
        "Postal_Code": "R8A 0V4",
        "Country": "Canada",
        "Phone": "(204) 687-3401",
        "Fax": "(204) 687-3555",
        "Web_Site": "",
        "Dealer_Website_Enabled": "true",
        "Dealer_Website_Ranking": "0",
        "Customer_No": "3453",
        "ShipTo_No": "17",
        "Primary_Contact": "Rick Hutlet"
      }
    },
    {
      "type": "Feature",
      "dealerLocatorProfiles": [],
      "geometry": {
        "type": "Point",
        "coordinates": [
          -97.01057000,
          49.06514800
        ]
      },
      "properties": {
        "ID": "1cc2d3f9-4768-4365-ba6d-20e15adb68c2",
        "Name": "Fehrway Feeds and Building Materials",
        "Address1": "Box 99, 31 Main Street",
        "Address2": "",
        "City": "Ridgeville",
        "Province": "MB",
        "Postal_Code": "R0A 1M0",
        "Country": "Canada",
        "Phone": "(204) 373-2739",
        "Fax": "(204) 373-2739",
        "Web_Site": "",
        "Dealer_Website_Enabled": "true",
        "Dealer_Website_Ranking": "0",
        "Customer_No": "2070",
        "ShipTo_No": "306"
      }
    },
    {
      "type": "Feature",
      "dealerLocatorProfiles": [],
      "geometry": {
        "type": "Point",
        "coordinates": [
          -112.697554,
          51.454890
        ]
      },
      "properties": {
        "ID": "1cd14485-5254-4280-a4e9-512b34cb3007",
        "Name": "Westview Co-op Home &amp; Ag (Drumheller)",
        "Address1": "555 AB-10",
        "Address2": "PO Box 6000",
        "City": "Drumheller",
        "Province": "AB",
        "Postal_Code": "T0J 0Y0",
        "Country": "Canada",
        "Phone": "(403) 823-5555",
        "Fax": "(403) 823-7188",
        "Web_Site": "",
        "Dealer_Website_Enabled": "true",
        "Dealer_Website_Ranking": "0",
        "Customer_No": "62156",
        "ShipTo_No": "58"
      }
    },
    {
      "type": "Feature",
      "dealerLocatorProfiles": [],
      "geometry": {
        "type": "Point",
        "coordinates": [
          -80.19020910,
          44.08545730
        ]
      },
      "properties": {
        "ID": "1ce23ead-014e-47c0-9335-1a373f543a93",
        "Name": "Shelburne HHBC",
        "Address1": "725 Steeles Street",
        "Address2": "HOURS 7AM-5PM",
        "City": "Shelburne",
        "Province": "ON",
        "Postal_Code": "L9V 3M7",
        "Country": "Canada",
        "Phone": "(519) 925-3991",
        "Fax": "(519) 925-6401",
        "Web_Site": "",
        "Dealer_Website_Enabled": "true",
        "Dealer_Website_Ranking": "0",
        "Customer_No": "2063",
        "ShipTo_No": "358"
      }
    },
    {
      "type": "Feature",
      "dealerLocatorProfiles": [],
      "geometry": {
        "type": "Point",
        "coordinates": [
          -100.61465140,
          49.98766890
        ]
      },
      "properties": {
        "ID": "1cf6b885-4b42-48eb-8445-f852250c7ab5",
        "Name": "Whyte&#39;s Lumber Ltd.",
        "Address1": "Box 178",
        "Address2": "304 Woodworth Avenue",
        "City": "Kenton",
        "Province": "MB",
        "Postal_Code": "R0M 0Z0",
        "Country": "Canada",
        "Phone": "(204) 838-2265",
        "Fax": "(204) 838-2260",
        "Web_Site": "",
        "Dealer_Website_Enabled": "true",
        "Dealer_Website_Ranking": "0",
        "Customer_No": "2070",
        "ShipTo_No": "202",
        "Primary_Contact": "Craig Whyte"
      }
    },
    {
      "type": "Feature",
      "dealerLocatorProfiles": [],
      "geometry": {
        "type": "Point",
        "coordinates": [
          -79.42441000,
          46.30673300
        ]
      },
      "properties": {
        "ID": "1d4eb23f-ec29-4dd9-87c6-84348967ee63",
        "Name": "New North Exteriors",
        "Address1": "1630 Main Street W.",
        "Address2": "",
        "City": "North Bay",
        "Province": "ON",
        "Postal_Code": "P1B 3K3",
        "Country": "Canada",
        "Phone": "(705) 474-8176",
        "Fax": "",
        "Web_Site": "",
        "Dealer_Website_Enabled": "true",
        "Dealer_Website_Ranking": "0",
        "Customer_No": "1500",
        "ShipTo_No": "152"
      }
    },
    {
      "type": "Feature",
      "dealerLocatorProfiles": [],
      "geometry": {
        "type": "Point",
        "coordinates": [
          -112.78018580,
          49.87301930
        ]
      },
      "properties": {
        "ID": "1fa64a7e-4d50-45b8-9ada-6018a33fd81e",
        "Name": "Premiere Construction Ltd",
        "Address1": "Box 269",
        "Address2": "104080 RR 211",
        "City": "Picture Butte",
        "Province": "AB",
        "Postal_Code": "T0K 1V0",
        "Country": "Canada",
        "Phone": "(403) 634-0088",
        "Fax": "(403) 732-5237",
        "Web_Site": "",
        "Dealer_Website_Enabled": "true",
        "Dealer_Website_Ranking": "0",
        "Customer_No": "5801",
        "ShipTo_No": "1"
      }
    },
    {
      "type": "Feature",
      "dealerLocatorProfiles": [],
      "geometry": {
        "type": "Point",
        "coordinates": [
          -111.68298370,
          53.97275100
        ]
      },
      "properties": {
        "ID": "1fae2d4f-dd27-4ef4-94d5-60a2e643d043",
        "Name": "Saddle Lake Building Supplies Ltd.",
        "Address1": "#31 - 9A Ave",
        "Address2": "",
        "City": "Saddle Lake",
        "Province": "AB",
        "Postal_Code": "T0A 3T0",
        "Country": "Canada",
        "Phone": "(780) 726-4502",
        "Fax": "(780) 726-4479",
        "Web_Site": "",
        "Dealer_Website_Enabled": "true",
        "Dealer_Website_Ranking": "0",
        "Customer_No": "1500",
        "ShipTo_No": "70"
      }
    },
    {
      "type": "Feature",
      "dealerLocatorProfiles": [],
      "geometry": {
        "type": "Point",
        "coordinates": [
          -114.00545970,
          53.53049970
        ]
      },
      "properties": {
        "ID": "1fc9acee-1d02-4117-9ee7-21fb8aa4b2f8",
        "Name": "North Central Co-op",
        "Address1": "4919 - 50 Avenue",
        "Address2": "",
        "City": "Stony Plain",
        "Province": "AB",
        "Postal_Code": "T7Z 1W6",
        "Country": "Canada",
        "Phone": "(780) 963-2272",
        "Fax": "(780) 968-5239",
        "Web_Site": "",
        "Dealer_Website_Enabled": "true",
        "Dealer_Website_Ranking": "0",
        "Customer_No": "62156",
        "ShipTo_No": "215"
      }
    },
    {
      "type": "Feature",
      "dealerLocatorProfiles": [],
      "geometry": {
        "type": "Point",
        "coordinates": [
          -106.67675090,
          52.16293790
        ]
      },
      "properties": {
        "ID": "204b36f9-d79a-49c3-9274-16ec63ebcd58",
        "Name": "Nu-Fab Bldg Products Div of All-Fab Bldg Components",
        "Address1": "701 - 45th St W",
        "Address2": "",
        "City": "Saskatoon",
        "Province": "SK",
        "Postal_Code": "S7L 5W5",
        "Country": "Canada",
        "Phone": "(306) 244-7119",
        "Fax": "(306) 244-0553",
        "Web_Site": "",
        "Dealer_Website_Enabled": "true",
        "Customer_No": "2070",
        "ShipTo_No": "333"
      }
    },
    {
      "type": "Feature",
      "dealerLocatorProfiles": [],
      "geometry": {
        "type": "Point",
        "coordinates": [
          -111.26818230,
          53.99030820
        ]
      },
      "properties": {
        "ID": "205c5d28-bb38-4cb3-99e8-d181492e1538",
        "Name": "St. Paul Home Building Centre",
        "Address1": "4001-50 Ave.",
        "Address2": "Box 468",
        "City": "St Paul",
        "Province": "AB",
        "Postal_Code": "T0A 3A0",
        "Country": "Canada",
        "Phone": "(780) 645-3173",
        "Fax": "(780) 645-6677",
        "Web_Site": "",
        "Dealer_Website_Enabled": "true",
        "Dealer_Website_Ranking": "0",
        "Customer_No": "2063",
        "ShipTo_No": "179"
      }
    },
    {
      "type": "Feature",
      "dealerLocatorProfiles": [],
      "geometry": {
        "type": "Point",
        "coordinates": [
          -102.99858500,
          51.75766790
        ]
      },
      "properties": {
        "ID": "206c3aab-d6e2-4e0c-a329-485636b6d34d",
        "Name": "Rama Co-op",
        "Address1": "P.O. Box 160",
        "Address2": "",
        "City": "Rama",
        "Province": "SK",
        "Postal_Code": "S0A 3H0",
        "Country": "Canada",
        "Phone": "(306) 593-6006",
        "Fax": "(306) 593-2080",
        "Web_Site": "",
        "Dealer_Website_Enabled": "true",
        "Dealer_Website_Ranking": "0",
        "Customer_No": "62156",
        "ShipTo_No": "184",
        "Route_#6": "true"
      }
    },
    {
      "type": "Feature",
      "dealerLocatorProfiles": [],
      "geometry": {
        "type": "Point",
        "coordinates": [
          -100.27075790,
          49.62122230
        ]
      },
      "properties": {
        "ID": "209df9a9-9b6f-485d-a7dc-560c1589c112",
        "Name": "Pembina Co-op (Souris)",
        "Address1": "Box 250   237-1st Ave. W",
        "Address2": "",
        "City": "Souris",
        "Province": "MB",
        "Postal_Code": "R0K 2C0",
        "Country": "Canada",
        "Phone": "(204) 483-2137",
        "Fax": "(204) 483-2351",
        "Web_Site": "",
        "Dealer_Website_Enabled": "true",
        "Dealer_Website_Ranking": "0",
        "Customer_No": "62156",
        "ShipTo_No": "153"
      }
    },
    {
      "type": "Feature",
      "dealerLocatorProfiles": [],
      "geometry": {
        "type": "Point",
        "coordinates": [
          -97.16883800,
          49.83732970
        ]
      },
      "properties": {
        "ID": "20f19186-6007-4302-86cc-b9c6e4ce6df9",
        "Name": "Umingmak Supply (2007) Ltd",
        "Address1": "Unit 7, 125 Fennell Street",
        "Address2": "",
        "City": "Winnipeg",
        "Province": "MB",
        "Postal_Code": "R3T 0M6",
        "Country": "Canada",
        "Phone": "(204) 661-4222",
        "Fax": "(204) 663-9786",
        "Web_Site": "",
        "Dealer_Website_Enabled": "true",
        "Dealer_Website_Ranking": "0",
        "Customer_No": "1500",
        "ShipTo_No": "44",
        "Primary_Contact": "Lyle Clifford"
      }
    },
    {
      "type": "Feature",
      "dealerLocatorProfiles": [],
      "geometry": {
        "type": "Point",
        "coordinates": [
          -80.00993760,
          45.34256530
        ]
      },
      "properties": {
        "ID": "2160f77f-a643-40e8-81ea-5a7722841fe4",
        "Name": "Rona Parry Sound",
        "Address1": "115 Bowes St.",
        "Address2": "",
        "City": "Parry Sound",
        "Province": "ON",
        "Postal_Code": "P2A 2L8",
        "Country": "Canada",
        "Phone": "",
        "Fax": "",
        "Web_Site": "",
        "Dealer_Website_Enabled": "true",
        "Customer_No": "43600",
        "ShipTo_No": "159"
      }
    },
    {
      "type": "Feature",
      "dealerLocatorProfiles": [],
      "geometry": {
        "type": "Point",
        "coordinates": [
          -81.11249980,
          43.26313710
        ]
      },
      "properties": {
        "ID": "219c864e-fe4f-4eac-bf7b-a80b074658de",
        "Name": "St. Marys Home Building Centre",
        "Address1": "925 Queen Street East RR#2",
        "Address2": "",
        "City": "ST. Marys",
        "Province": "ON",
        "Postal_Code": "N4X 1C5",
        "Country": "Canada",
        "Phone": "(519) 284-3380",
        "Fax": "(519) 284-4124",
        "Web_Site": "",
        "Dealer_Website_Enabled": "true",
        "Dealer_Website_Ranking": "0",
        "Customer_No": "2063",
        "ShipTo_No": "310"
      }
    },
    {
      "type": "Feature",
      "dealerLocatorProfiles": [],
      "geometry": {
        "type": "Point",
        "coordinates": [
          -80.50457150,
          43.45067480
        ]
      },
      "properties": {
        "ID": "21c99e89-afbe-435b-aac4-00c6b0b6ca49",
        "Name": "Swanson&#39;s Home Hardware Bldg Centre",
        "Address1": "166 Park Street",
        "Address2": "HOURS 8AM-5PM",
        "City": "Kitchener",
        "Province": "ON",
        "Postal_Code": "N2G 1M8",
        "Country": "Canada",
        "Phone": "(519) 743-1404",
        "Fax": "(519) 743-0784",
        "Web_Site": "",
        "Dealer_Website_Enabled": "true",
        "Dealer_Website_Ranking": "0",
        "Customer_No": "2063",
        "ShipTo_No": "320"
      }
    },
    {
      "type": "Feature",
      "dealerLocatorProfiles": [],
      "geometry": {
        "type": "Point",
        "coordinates": [
          -103.83190980,
          49.66912080
        ]
      },
      "properties": {
        "ID": "21e5d386-6909-4bca-94b0-b6db714f9b9a",
        "Name": "Westrum Lumber Ltd.",
        "Address1": "1769 1st Avenue NE",
        "Address2": "",
        "City": "Weyburn",
        "Province": "SK",
        "Postal_Code": "S4H 3E7",
        "Country": "Canada",
        "Phone": "(306) 842-6681",
        "Fax": "(306) 842-1550",
        "Web_Site": "",
        "Dealer_Website_Enabled": "true",
        "Dealer_Website_Ranking": "0",
        "Customer_No": "2062",
        "ShipTo_No": "149"
      }
    },
    {
      "type": "Feature",
      "dealerLocatorProfiles": [],
      "geometry": {
        "type": "Point",
        "coordinates": [
          -110.20781840,
          54.40338640
        ]
      },
      "properties": {
        "ID": "2216b09a-b8c2-4f2f-ab80-b6f73a38ae48",
        "Name": "Cold Lake Home Building Centre",
        "Address1": "Box 1048, 5101 - 40th Ave",
        "Address2": "",
        "City": "Cold Lake",
        "Province": "AB",
        "Postal_Code": "T9M 1P3",
        "Country": "Canada",
        "Phone": "(780) 594-7141",
        "Fax": "(780) 594-6595",
        "Web_Site": "",
        "Dealer_Website_Enabled": "true",
        "Dealer_Website_Ranking": "0",
        "Customer_No": "2063",
        "ShipTo_No": "214"
      }
    },
    {
      "type": "Feature",
      "dealerLocatorProfiles": [],
      "geometry": {
        "type": "Point",
        "coordinates": [
          -107.55603900,
          50.07395500
        ]
      },
      "properties": {
        "ID": "222e3d93-976d-45e3-bb2c-59a9e0ed1020",
        "Name": "McMahon Fuel Oil Cooperative",
        "Address1": "Box 6",
        "Address2": "",
        "City": "McMahon",
        "Province": "SK",
        "Postal_Code": "S0N 1M0",
        "Country": "Canada",
        "Phone": "(306) 627-3434",
        "Fax": "(306) 627-3263",
        "Web_Site": "",
        "Dealer_Website_Enabled": "true",
        "Dealer_Website_Ranking": "0",
        "Customer_No": "62156",
        "ShipTo_No": "381"
      }
    },
    {
      "type": "Feature",
      "dealerLocatorProfiles": [],
      "geometry": {
        "type": "Point",
        "coordinates": [
          -117.56108740,
          49.61248760
        ]
      },
      "properties": {
        "ID": "230477cc-1c70-4b6a-b3fd-3df832c737a2",
        "Name": "Slocan Valley Home Hardware",
        "Address1": "5763 Highway 6",
        "Address2": "",
        "City": "Winlaw",
        "Province": "BC",
        "Postal_Code": "V0G 2J0",
        "Country": "Canada",
        "Phone": "(250) 226-7771",
        "Fax": "(888) 890-4403",
        "Web_Site": "",
        "Dealer_Website_Enabled": "true",
        "Dealer_Website_Ranking": "0",
        "Customer_No": "2063",
        "ShipTo_No": "299"
      }
    },
    {
      "type": "Feature",
      "dealerLocatorProfiles": [],
      "geometry": {
        "type": "Point",
        "coordinates": [
          -114.1400701,
          51.6589091
        ]
      },
      "properties": {
        "ID": "23139585-3fff-44f2-b02d-8be9335a4575",
        "Name": "Didsbury Home Hardware",
        "Address1": "1720 - 20 Street",
        "Address2": "P.O. Box 460",
        "City": "Didsbury",
        "Province": "AB",
        "Postal_Code": "T0M 0W0",
        "Country": "Canada",
        "Phone": "(403) 335-3262",
        "Fax": "(403) 335-4004",
        "Web_Site": "",
        "Dealer_Website_Enabled": "true",
        "Dealer_Website_Ranking": "0",
        "Customer_No": "2063",
        "ShipTo_No": "35"
      }
    },
    {
      "type": "Feature",
      "dealerLocatorProfiles": [],
      "geometry": {
        "type": "Point",
        "coordinates": [
          -76.24266410,
          44.60654020
        ]
      },
      "properties": {
        "ID": "2336282a-c272-40e0-ba2f-ee36821a64a5",
        "Name": "Rideau Lakes Building Centre",
        "Address1": "7719 Hwy 42",
        "Address2": "7:30am-5:00pm",
        "City": "Crosby",
        "Province": "ON",
        "Postal_Code": "K0G 1E0",
        "Country": "Canada",
        "Phone": "(613) 272-0209",
        "Fax": "(613) 272-5059",
        "Web_Site": "",
        "Dealer_Website_Enabled": "true",
        "Dealer_Website_Ranking": "0",
        "Customer_No": "1500",
        "ShipTo_No": "147"
      }
    },
    {
      "type": "Feature",
      "dealerLocatorProfiles": [],
      "geometry": {
        "type": "Point",
        "coordinates": [
          -115.75442480,
          49.52796100
        ]
      },
      "properties": {
        "ID": "2357ac46-470e-4913-a37c-7635dd3acc2b",
        "Name": "Cranbrook Building Centre Ltd.",
        "Address1": "1500 Theatre Road",
        "Address2": "",
        "City": "Cranbrook",
        "Province": "BC",
        "Postal_Code": "V1C 7G1",
        "Country": "Canada",
        "Phone": "(250) 426-2006",
        "Fax": "(250) 426-2110",
        "Web_Site": "",
        "Dealer_Website_Enabled": "true",
        "Dealer_Website_Ranking": "0",
        "Customer_No": "43600",
        "ShipTo_No": "85"
      }
    },
    {
      "type": "Feature",
      "dealerLocatorProfiles": [],
      "geometry": {
        "type": "Point",
        "coordinates": [
          -119.49629,
          49.03943
        ]
      },
      "properties": {
        "ID": "23ee04e6-0dc3-4744-bf3a-0b90316ee792",
        "Name": "Home Building Centre-Osoyoos Pro Builders Supply",
        "Address1": "12 Empire Street",
        "Address2": "",
        "City": "Osoyoos",
        "Province": "BC",
        "Postal_Code": "V0H 1V0",
        "Country": "Canada",
        "Phone": "(250) 495-7300",
        "Fax": "(250) 495-2889",
        "Web_Site": "",
        "Dealer_Website_Enabled": "true",
        "Dealer_Website_Ranking": "0",
        "Customer_No": "2063",
        "ShipTo_No": "102",
        "Primary_Contact": "Ron Riddoch"
      }
    },
    {
      "type": "Feature",
      "dealerLocatorProfiles": [],
      "geometry": {
        "type": "Point",
        "coordinates": [
          -114.18011700,
          53.70635300
        ]
      },
      "properties": {
        "ID": "2400a492-560a-4cff-a276-900dc55bfe86",
        "Name": "Onoway Tim-Br-Mart",
        "Address1": "PO Box 519",
        "Address2": "4327 Industrial Ave.",
        "City": "Onoway",
        "Province": "AB",
        "Postal_Code": "T0E 1V9",
        "Country": "Canada",
        "Phone": "(780) 967-2274",
        "Fax": "(780) 967-3490",
        "Web_Site": "",
        "Dealer_Website_Enabled": "true",
        "Dealer_Website_Ranking": "0",
        "Customer_No": "2062",
        "ShipTo_No": "163"
      }
    },
    {
      "type": "Feature",
      "dealerLocatorProfiles": [],
      "geometry": {
        "type": "Point",
        "coordinates": [
          -114.05319960,
          51.09019730
        ]
      },
      "properties": {
        "ID": "24bbeae8-ed67-4e67-9a18-22a7c259d96c",
        "Name": "Rona Calgary-Edm.Trail #614",
        "Address1": "4215 Edmonton Trail NE",
        "Address2": "",
        "City": "Calgary",
        "Province": "AB",
        "Postal_Code": "T2E 3V6",
        "Country": "Canada",
        "Phone": "",
        "Fax": "",
        "Web_Site": "",
        "Dealer_Website_Enabled": "true",
        "Customer_No": "43600",
        "ShipTo_No": "113"
      }
    },
    {
      "type": "Feature",
      "dealerLocatorProfiles": [],
      "geometry": {
        "type": "Point",
        "coordinates": [
          -104.55290440,
          50.46941240
        ]
      },
      "properties": {
        "ID": "24dc9e51-70dc-4237-a508-82e7ba82f559",
        "Name": "Atlas-Apex Roofing",
        "Address1": "2002 E Redbear Ave",
        "Address2": "",
        "City": "Regina",
        "Province": "SK",
        "Postal_Code": "S4N 4N7",
        "Country": "Canada",
        "Phone": "",
        "Fax": "",
        "Web_Site": "",
        "Dealer_Website_Enabled": "true",
        "Customer_No": "5649",
        "ShipTo_No": "1"
      }
    },
    {
      "type": "Feature",
      "dealerLocatorProfiles": [],
      "geometry": {
        "type": "Point",
        "coordinates": [
          -80.5560608,
          43.23885594
        ]
      },
      "properties": {
        "ID": "24decfe0-6851-458d-bf35-364d28f7f1cd",
        "Name": "Morrow&#39;s of Drumbo",
        "Address1": "220 50 Wilmot Street",
        "Address2": "HOURS 8AM-7PM",
        "City": "Drumbo",
        "Province": "ON",
        "Postal_Code": "N0J 1G0",
        "Country": "Canada",
        "Phone": "(519) 463-5332",
        "Fax": "(519) 463-5821",
        "Web_Site": "",
        "Dealer_Website_Enabled": "true",
        "Dealer_Website_Ranking": "0",
        "Customer_No": "2062",
        "ShipTo_No": "271",
        "Primary_Contact": "Grant Kennedy"
      }
    },
    {
      "type": "Feature",
      "dealerLocatorProfiles": [],
      "geometry": {
        "type": "Point",
        "coordinates": [
          -113.99061140,
          51.07782410
        ]
      },
      "properties": {
        "ID": "24eb9896-a611-4d80-b143-a8bd0d3bae08",
        "Name": "Rona Sunridge - Calgary",
        "Address1": "2665 32nd Street N.E.",
        "Address2": "",
        "City": "Calgary",
        "Province": "AB",
        "Postal_Code": "T1Y 6Z7",
        "Country": "Canada",
        "Phone": "",
        "Fax": "",
        "Web_Site": "",
        "Dealer_Website_Enabled": "true",
        "Customer_No": "43600",
        "ShipTo_No": "160"
      }
    },
    {
      "type": "Feature",
      "dealerLocatorProfiles": [],
      "geometry": {
        "type": "Point",
        "coordinates": [
          -108.35375320,
          53.36062090
        ]
      },
      "properties": {
        "ID": "251d306c-38e7-449d-a11e-aa1d59b5aab8",
        "Name": "Chernesky Hardware Ltd.",
        "Address1": "101 Railway  Avenue",
        "Address2": "",
        "City": "Glaslyn",
        "Province": "SK",
        "Postal_Code": "S0M 0Y0",
        "Country": "Canada",
        "Phone": "(306) 342-2173",
        "Fax": "(306) 342-2173",
        "Web_Site": "",
        "Dealer_Website_Enabled": "true",
        "Dealer_Website_Ranking": "0",
        "Customer_No": "2070",
        "ShipTo_No": "262"
      }
    },
    {
      "type": "Feature",
      "dealerLocatorProfiles": [],
      "geometry": {
        "type": "Point",
        "coordinates": [
          -82.93286460,
          46.18614420
        ]
      },
      "properties": {
        "ID": "25766567-cf7a-4d1d-a3bf-2de82428d658",
        "Name": "Blind River Home Hardware",
        "Address1": "325 Leacock Street",
        "Address2": "",
        "City": "Blind River",
        "Province": "ON",
        "Postal_Code": "P0R 1B0",
        "Country": "Canada",
        "Phone": "(705) 356-1671",
        "Fax": "(705) 356-2416",
        "Web_Site": "",
        "Dealer_Website_Enabled": "true",
        "Dealer_Website_Ranking": "0",
        "Customer_No": "2063",
        "ShipTo_No": "371"
      }
    },
    {
      "type": "Feature",
      "dealerLocatorProfiles": [],
      "geometry": {
        "type": "Point",
        "coordinates": [
          -103.79599380,
          50.76996040
        ]
      },
      "properties": {
        "ID": "259edfd7-f175-48af-9a60-18315ad57a5c",
        "Name": "Prairie Co-op Fort Qu&#39;Appelle",
        "Address1": "190 Broadway St W",
        "Address2": "",
        "City": "Fort Qu&#39;Appelle",
        "Province": "SK",
        "Postal_Code": "S0G 1S0",
        "Country": "Canada",
        "Phone": "(306) 332-0111",
        "Fax": "(306) 330-0112",
        "Web_Site": "",
        "Dealer_Website_Enabled": "true",
        "Dealer_Website_Ranking": "0",
        "Customer_No": "62156",
        "ShipTo_No": "447"
      }
    },
    {
      "type": "Feature",
      "dealerLocatorProfiles": [],
      "geometry": {
        "type": "Point",
        "coordinates": [
          -74.99884700,
          45.53511500
        ]
      },
      "properties": {
        "ID": "25fb91a3-a50d-4f7c-b12e-528aa5657890",
        "Name": "Lalonde Lumber Inc. Timber Mart",
        "Address1": "675 Church St. P.O. Box 349",
        "Address2": "",
        "City": "Plantagenet",
        "Province": "ON",
        "Postal_Code": "K0B 1L0",
        "Country": "Canada",
        "Phone": "(613) 673-5575",
        "Fax": "(613) 673-1696",
        "Web_Site": "",
        "Dealer_Website_Enabled": "true",
        "Customer_No": "2062",
        "ShipTo_No": "374"
      }
    },
    {
      "type": "Feature",
      "dealerLocatorProfiles": [],
      "geometry": {
        "type": "Point",
        "coordinates": [
          -79.45379300,
          44.03881300
        ]
      },
      "properties": {
        "ID": "25fc2c29-411d-4567-abe7-db5a92a3d523",
        "Name": "Buchner Manufacturing",
        "Address1": "599 Steven Court",
        "Address2": "",
        "City": "Newmarket",
        "Province": "ON",
        "Postal_Code": "L3Y 6Z2",
        "Country": "Canada",
        "Phone": "",
        "Fax": "",
        "Web_Site": "",
        "Dealer_Website_Enabled": "true",
        "Customer_No": "4847",
        "ShipTo_No": "5"
      }
    },
    {
      "type": "Feature",
      "dealerLocatorProfiles": [],
      "geometry": {
        "type": "Point",
        "coordinates": [
          -106.41002230,
          52.51067790
        ]
      },
      "properties": {
        "ID": "26081ee6-80fb-4f2a-b79a-9fc3466e34d9",
        "Name": "Zak&#39;s Home Hardware Building Centre",
        "Address1": "Box 5, 101 East Service Road",
        "Address2": "",
        "City": "Hague",
        "Province": "SK",
        "Postal_Code": "S0K 1X0",
        "Country": "Canada",
        "Phone": "(306) 225-2288",
        "Fax": "(306) 225-4438",
        "Web_Site": "",
        "Dealer_Website_Enabled": "true",
        "Dealer_Website_Ranking": "0",
        "Customer_No": "2063",
        "ShipTo_No": "319",
        "SK__S_W_": "true"
      }
    },
    {
      "type": "Feature",
      "dealerLocatorProfiles": [],
      "geometry": {
        "type": "Point",
        "coordinates": [
          -119.45981030,
          49.87596500
        ]
      },
      "properties": {
        "ID": "2637c57c-f6a9-4ed5-ba7d-0a27e14005fe",
        "Name": "RONA Home &amp; Garden - Kelowna",
        "Address1": "1711 Springfield Road",
        "Address2": "",
        "City": "Kelowna",
        "Province": "BC",
        "Postal_Code": "V1Y 5V5",
        "Country": "Canada",
        "Phone": "(250) 979-3089",
        "Fax": "(250) 762-9499",
        "Web_Site": "",
        "Dealer_Website_Enabled": "true",
        "Dealer_Website_Ranking": "0",
        "Customer_No": "43600",
        "ShipTo_No": "55",
        "Primary_Contact": "Cory Walsh"
      }
    },
    {
      "type": "Feature",
      "dealerLocatorProfiles": [],
      "geometry": {
        "type": "Point",
        "coordinates": [
          -102.26489140,
          50.33022590
        ]
      },
      "properties": {
        "ID": "263cf0c2-5056-4ebe-97b3-a70ddea9585e",
        "Name": "Borderland Co-op - Whitewood",
        "Address1": "P.O. Box 130",
        "Address2": "804 South Railway Street",
        "City": "Whitewood",
        "Province": "SK",
        "Postal_Code": "S0G 5C0",
        "Country": "Canada",
        "Phone": "(306) 735-2414",
        "Fax": "(306) 735-2955",
        "Web_Site": "",
        "Dealer_Website_Enabled": "true",
        "Dealer_Website_Ranking": "0",
        "Customer_No": "62156",
        "ShipTo_No": "247",
        "Route_#4": "true"
      }
    },
    {
      "type": "Feature",
      "dealerLocatorProfiles": [],
      "geometry": {
        "type": "Point",
        "coordinates": [
          -79.24504360,
          45.30859500
        ]
      },
      "properties": {
        "ID": "265ea238-82f0-46e5-8b9f-0ef5e84856f0",
        "Name": "Rolston Home Building Centre",
        "Address1": "35 Crescent Road",
        "Address2": "HOURS 7AM-5PM",
        "City": "Huntsville",
        "Province": "ON",
        "Postal_Code": "P1H 1Y3",
        "Country": "Canada",
        "Phone": "(705) 789-4111",
        "Fax": "(705) 789-0637",
        "Web_Site": "",
        "Dealer_Website_Enabled": "true",
        "Dealer_Website_Ranking": "0",
        "Customer_No": "2063",
        "ShipTo_No": "283",
        "Primary_Contact": "Norm Lockhart"
      }
    },
    {
      "type": "Feature",
      "dealerLocatorProfiles": [],
      "geometry": {
        "type": "Point",
        "coordinates": [
          -97.37753260,
          49.87570170
        ]
      },
      "properties": {
        "ID": "2695319b-0dac-41d6-b211-b09aaea44d58",
        "Name": "Matix Lumber Inc.",
        "Address1": "4987 Portage Ave. West",
        "Address2": "",
        "City": "Headingley",
        "Province": "MB",
        "Postal_Code": "R4H 1C7",
        "Country": "Canada",
        "Phone": "(204) 889-6500",
        "Fax": "(204) 889-6700",
        "Web_Site": "",
        "Dealer_Website_Enabled": "true",
        "Dealer_Website_Ranking": "0",
        "Customer_No": "1500",
        "ShipTo_No": "68",
        "Route_#1": "true",
        "Route_#7": "true"
      }
    },
    {
      "type": "Feature",
      "dealerLocatorProfiles": [],
      "geometry": {
        "type": "Point",
        "coordinates": [
          -80.43867590,
          44.55602910
        ]
      },
      "properties": {
        "ID": "26b83694-d541-4925-a89b-c2b53018ea60",
        "Name": "Thornbury Home Hardware",
        "Address1": "Highway 26 East PO Box 249",
        "Address2": "HOURS 7:30AM-6PM",
        "City": "Thornbury",
        "Province": "ON",
        "Postal_Code": "N0H 2P0",
        "Country": "Canada",
        "Phone": "(519) 599-3624",
        "Fax": "(519) 599-2987",
        "Web_Site": "",
        "Dealer_Website_Enabled": "true",
        "Dealer_Website_Ranking": "0",
        "Customer_No": "2063",
        "ShipTo_No": "395"
      }
    },
    {
      "type": "Feature",
      "dealerLocatorProfiles": [],
      "geometry": {
        "type": "Point",
        "coordinates": [
          -97.83864260,
          50.43625720
        ]
      },
      "properties": {
        "ID": "26e68f35-c1a1-40c6-b3dc-f846d8fbdedd",
        "Name": "St. Laurent Home Hardware",
        "Address1": "Box 427 Corner Hwy 6 and PR415",
        "Address2": "",
        "City": "St Laurent",
        "Province": "MB",
        "Postal_Code": "R0C 2S0",
        "Country": "Canada",
        "Phone": "(204) 646-2022",
        "Fax": "(204) 646-4227",
        "Web_Site": "",
        "Dealer_Website_Enabled": "true",
        "Dealer_Website_Ranking": "0",
        "Customer_No": "2063",
        "ShipTo_No": "285"
      }
    },
    {
      "type": "Feature",
      "dealerLocatorProfiles": [],
      "geometry": {
        "type": "Point",
        "coordinates": [
          -82.62167420,
          42.04539030
        ]
      },
      "properties": {
        "ID": "26fd1d40-0cda-4d78-9b05-32455c38150a",
        "Name": "Bildex Corp.",
        "Address1": "28 Fraser Rd",
        "Address2": "",
        "City": "Leamington",
        "Province": "ON",
        "Postal_Code": "N8H 4E5",
        "Country": "Canada",
        "Phone": "(519) 322-1115",
        "Fax": "",
        "Web_Site": "",
        "Dealer_Website_Enabled": "true",
        "Dealer_Website_Ranking": "0",
        "Customer_No": "2070",
        "ShipTo_No": "319"
      }
    },
    {
      "type": "Feature",
      "dealerLocatorProfiles": [],
      "geometry": {
        "type": "Point",
        "coordinates": [
          -119.25895050,
          50.28967160
        ]
      },
      "properties": {
        "ID": "27399d95-3512-468a-a717-fb41dd602e5b",
        "Name": "Rona Building Centre - Vernon",
        "Address1": "2201 58th Avenue",
        "Address2": "",
        "City": "Vernon",
        "Province": "BC",
        "Postal_Code": "V1T 9T5",
        "Country": "Canada",
        "Phone": "(250) 545-3332",
        "Fax": "(250) 545-0262",
        "Web_Site": "",
        "Dealer_Website_Enabled": "true",
        "Dealer_Website_Ranking": "0",
        "Customer_No": "43600",
        "ShipTo_No": "35",
        "Primary_Contact": "Greg Sluggett"
      }
    },
    {
      "type": "Feature",
      "dealerLocatorProfiles": [],
      "geometry": {
        "type": "Point",
        "coordinates": [
          -78.29268830,
          44.29083290
        ]
      },
      "properties": {
        "ID": "273a86e9-accc-4472-8473-d21e57869978",
        "Name": "Kingdon Timber Mart",
        "Address1": "309 Lansdowne Street East",
        "Address2": "HOURS 7:30AM-5PM",
        "City": "Peterborough",
        "Province": "ON",
        "Postal_Code": "K9L 2A3",
        "Country": "Canada",
        "Phone": "(705) 749-1144",
        "Fax": "(705) 749-1388",
        "Web_Site": "",
        "Dealer_Website_Enabled": "true",
        "Dealer_Website_Ranking": "0",
        "Customer_No": "2062",
        "ShipTo_No": "312",
        "Primary_Contact": "Pat MacDonald"
      }
    },
    {
      "type": "Feature",
      "dealerLocatorProfiles": [],
      "geometry": {
        "type": "Point",
        "coordinates": [
          -81.19741990,
          46.57347240
        ]
      },
      "properties": {
        "ID": "2745fa0e-f76e-4fa6-9c4a-a8bbdb8c729d",
        "Name": "North West Lumber Co. Ltd.",
        "Address1": "3299 Errington Avenue",
        "Address2": "",
        "City": "Chelmsford",
        "Province": "ON",
        "Postal_Code": "P0M 1L0",
        "Country": "Canada",
        "Phone": "(705) 855-4573",
        "Fax": "(705) 855-5342",
        "Web_Site": "",
        "Dealer_Website_Enabled": "true",
        "Dealer_Website_Ranking": "0",
        "Customer_No": "2063",
        "ShipTo_No": "516"
      }
    },
    {
      "type": "Feature",
      "dealerLocatorProfiles": [],
      "geometry": {
        "type": "Point",
        "coordinates": [
          -118.77268520,
          55.22229370
        ]
      },
      "properties": {
        "ID": "28fe4aa1-0b2c-4d5c-9915-8ca5c99c9cda",
        "Name": "Nelson Lumber - Grande Prairie",
        "Address1": "15603 94th Street",
        "Address2": "",
        "City": "Grande Prairie",
        "Province": "AB",
        "Postal_Code": "T8X 0B9",
        "Country": "Canada",
        "Phone": "(780) 532-5454",
        "Fax": "(780) 532-5151",
        "Web_Site": "",
        "Dealer_Website_Enabled": "true",
        "Dealer_Website_Ranking": "0",
        "Viewable_Without_Admin": "false",
        "Customer_No": "2070",
        "ShipTo_No": "298"
      }
    },
    {
      "type": "Feature",
      "dealerLocatorProfiles": [],
      "geometry": {
        "type": "Point",
        "coordinates": [
          -105.76421080,
          53.21707700
        ]
      },
      "properties": {
        "ID": "29063ba1-d392-4daa-81e2-0155a1be3bc5",
        "Name": "Thorpe Industries Ltd.",
        "Address1": "428 South Industrial Drive",
        "Address2": "",
        "City": "Prince Albert",
        "Province": "SK",
        "Postal_Code": "S6V 7L8",
        "Country": "Canada",
        "Phone": "(306) 763-4302",
        "Fax": "(306) 922-9010",
        "Web_Site": "",
        "Dealer_Website_Enabled": "true",
        "Dealer_Website_Ranking": "0",
        "Customer_No": "5396",
        "ShipTo_No": "1"
      }
    },
    {
      "type": "Feature",
      "dealerLocatorProfiles": [],
      "geometry": {
        "type": "Point",
        "coordinates": [
          -122.78012710,
          53.86584980
        ]
      },
      "properties": {
        "ID": "294a4944-0d74-4930-81d6-7816d5f492d0",
        "Name": "Home Depot Canada - Pr. George",
        "Address1": "5959 O&#39;Grady Rd.",
        "Address2": "Store #7171",
        "City": "Prince George",
        "Province": "BC",
        "Postal_Code": "V2N 6Z5",
        "Country": "Canada",
        "Phone": "(250) 906-3610",
        "Fax": "(250) 906-3620",
        "Web_Site": "",
        "Dealer_Website_Enabled": "true",
        "Dealer_Website_Ranking": "0",
        "Customer_No": "199909",
        "ShipTo_No": "8",
        "Primary_Contact": "Gord Johnson"
      }
    },
    {
      "type": "Feature",
      "dealerLocatorProfiles": [],
      "geometry": {
        "type": "Point",
        "coordinates": [
          -104.57267130,
          50.47397760
        ]
      },
      "properties": {
        "ID": "29b0f610-58cf-41c5-9a39-2869420ce825",
        "Name": "Nu-Fab Bldg Prod Div of All-Fab Bldg Components",
        "Address1": "610 Henderson Drive",
        "Address2": "",
        "City": "Regina",
        "Province": "SK",
        "Postal_Code": "S4N 6X3",
        "Country": "Canada",
        "Phone": "(306) 721-8131",
        "Fax": "(306) 721-2562",
        "Web_Site": "",
        "Dealer_Website_Enabled": "true",
        "Customer_No": "2070",
        "ShipTo_No": "332"
      }
    },
    {
      "type": "Feature",
      "dealerLocatorProfiles": [],
      "geometry": {
        "type": "Point",
        "coordinates": [
          -83.40368090,
          47.84281490
        ]
      },
      "properties": {
        "ID": "2a69efd7-8201-42f4-9af7-796178496e8c",
        "Name": "Collins Home Hardware Chapleau",
        "Address1": "29 Birch Street East",
        "Address2": "Box 189",
        "City": "Chapleau",
        "Province": "ON",
        "Postal_Code": "P0M 1K0",
        "Country": "Canada",
        "Phone": "(705) 864-1030",
        "Fax": "(705) 864-0318",
        "Web_Site": "",
        "Dealer_Website_Enabled": "true",
        "Dealer_Website_Ranking": "0",
        "Customer_No": "2063",
        "ShipTo_No": "520"
      }
    },
    {
      "type": "Feature",
      "dealerLocatorProfiles": [],
      "geometry": {
        "type": "Point",
        "coordinates": [
          -113.49400360,
          51.59178850
        ]
      },
      "properties": {
        "ID": "2a75e57e-b4ca-432a-ad44-8b2673ec5ee0",
        "Name": "Agrifab Home Building Centre",
        "Address1": "Box 368",
        "Address2": "110 - 6th Street N.W.",
        "City": "Linden",
        "Province": "AB",
        "Postal_Code": "T0M 1J0",
        "Country": "Canada",
        "Phone": "(403) 546-4242",
        "Fax": "(403) 546-4299",
        "Web_Site": "",
        "Dealer_Website_Enabled": "true",
        "Dealer_Website_Ranking": "0",
        "Customer_No": "2063",
        "ShipTo_No": "216",
        "Primary_Contact": "Darwyn Moon"
      }
    },
    {
      "type": "Feature",
      "dealerLocatorProfiles": [],
      "geometry": {
        "type": "Point",
        "coordinates": [
          -122.49583850,
          52.97532980
        ]
      },
      "properties": {
        "ID": "2ac2a178-3b02-44b7-a02b-0f8c276106b9",
        "Name": "Eagle Home Building Centre",
        "Address1": "172 Reid Street",
        "Address2": "",
        "City": "Quesnel",
        "Province": "BC",
        "Postal_Code": "V2J 2L8",
        "Country": "Canada",
        "Phone": "(250) 992-8877",
        "Fax": "(250) 992-2235",
        "Web_Site": "",
        "Dealer_Website_Enabled": "true",
        "Dealer_Website_Ranking": "0",
        "Customer_No": "2063",
        "ShipTo_No": "543"
      }
    },
    {
      "type": "Feature",
      "dealerLocatorProfiles": [],
      "geometry": {
        "type": "Point",
        "coordinates": [
          -79.38144700,
          44.94540500
        ]
      },
      "properties": {
        "ID": "2acf738e-4201-4065-bf18-cb070e00e283",
        "Name": "Chamberlain Timber Mart",
        "Address1": "1040 Chamberlain Drive",
        "Address2": "Hours 8am-5pm",
        "City": "Gravenhurst",
        "Province": "ON",
        "Postal_Code": "P1P 1A2",
        "Country": "Canada",
        "Phone": "(705) 687-4007",
        "Fax": "(705) 687-4833",
        "Web_Site": "",
        "Dealer_Website_Enabled": "true",
        "Dealer_Website_Ranking": "0",
        "Customer_No": "2062",
        "ShipTo_No": "319"
      }
    },
    {
      "type": "Feature",
      "dealerLocatorProfiles": [],
      "geometry": {
        "type": "Point",
        "coordinates": [
          -109.93205730,
          53.66354910
        ]
      },
      "properties": {
        "ID": "2ae9ecaf-4e71-49bd-b3e7-0a8f4a3b597b",
        "Name": "All Nations Building Supplies Onion Lake",
        "Address1": "Box 606",
        "Address2": "",
        "City": "Onion Lake",
        "Province": "SK",
        "Postal_Code": "S0M 2E0",
        "Country": "Canada",
        "Phone": "(306) 344-4246",
        "Fax": "(306) 344-5196",
        "Web_Site": "",
        "Dealer_Website_Enabled": "true",
        "Dealer_Website_Ranking": "0",
        "Customer_No": "1500",
        "ShipTo_No": "61"
      }
    },
    {
      "type": "Feature",
      "dealerLocatorProfiles": [],
      "geometry": {
        "type": "Point",
        "coordinates": [
          -113.38470170,
          51.03953300
        ]
      },
      "properties": {
        "ID": "2bb5b2c3-03d1-4725-b49f-28f3d00ca41e",
        "Name": "Rona -Strathmore (632)",
        "Address1": "300 Ranch Market",
        "Address2": "",
        "City": "Strathmore",
        "Province": "AB",
        "Postal_Code": "T1P 0B2",
        "Country": "Canada",
        "Phone": "",
        "Fax": "",
        "Web_Site": "",
        "Dealer_Website_Enabled": "true",
        "Customer_No": "43600",
        "ShipTo_No": "129"
      }
    },
    {
      "type": "Feature",
      "dealerLocatorProfiles": [],
      "geometry": {
        "type": "Point",
        "coordinates": [
          -104.59432450,
          50.48565680
        ]
      },
      "properties": {
        "ID": "2c475ad8-7a14-4eba-a5b8-8b33896cc949",
        "Name": "Sherwood Co-op",
        "Address1": "615 Winnipeg Street North",
        "Address2": "",
        "City": "Regina",
        "Province": "SK",
        "Postal_Code": "S4P 3X5",
        "Country": "Canada",
        "Phone": "(306) 791-9300",
        "Fax": "(306) 791-9368",
        "Web_Site": "",
        "Dealer_Website_Enabled": "true",
        "Dealer_Website_Ranking": "0",
        "Customer_No": "62156",
        "ShipTo_No": "203",
        "Primary_Contact": "Jim Anderson"
      }
    },
    {
      "type": "Feature",
      "dealerLocatorProfiles": [],
      "geometry": {
        "type": "Point",
        "coordinates": [
          -122.76914500,
          53.87907890
        ]
      },
      "properties": {
        "ID": "2c547ced-d8be-4516-896e-7d4746d5735a",
        "Name": "Capital Building Supplies Ltd. (#01890)",
        "Address1": "4150 Cowart Street",
        "Address2": "",
        "City": "Prince George",
        "Province": "BC",
        "Postal_Code": "V2N 6H9",
        "Country": "Canada",
        "Phone": "(250) 562-1125",
        "Fax": "(250) 562-4731",
        "Web_Site": "",
        "Dealer_Website_Enabled": "true",
        "Dealer_Website_Ranking": "0",
        "Customer_No": "43600",
        "ShipTo_No": "82",
        "Primary_Contact": "Al Jones"
      }
    },
    {
      "type": "Feature",
      "dealerLocatorProfiles": [],
      "geometry": {
        "type": "Point",
        "coordinates": [
          -82.42259600,
          49.41711300
        ]
      },
      "properties": {
        "ID": "2cb5b350-1d00-4814-a432-9daa320c55c3",
        "Name": "Knowles Building Centre Ltd",
        "Address1": "1 Queen Street",
        "Address2": "HOURS 8AM-4:30PM",
        "City": "Kapuskasing",
        "Province": "ON",
        "Postal_Code": "P5N 1G4",
        "Country": "Canada",
        "Phone": "(705) 335-2251",
        "Fax": "(705) 335-8028",
        "Web_Site": "",
        "Dealer_Website_Enabled": "true",
        "Dealer_Website_Ranking": "0",
        "Customer_No": "1500",
        "ShipTo_No": "135"
      }
    },
    {
      "type": "Feature",
      "dealerLocatorProfiles": [],
      "geometry": {
        "type": "Point",
        "coordinates": [
          -113.92757270,
          53.54118550
        ]
      },
      "properties": {
        "ID": "2d0663c5-4eef-4a1b-9648-bbcb5bcba12d",
        "Name": "Rona Home Centre-Spruce Grove",
        "Address1": "175 Highway 16A",
        "Address2": "",
        "City": "Spruce Grove",
        "Province": "AB",
        "Postal_Code": "T7X 4P9",
        "Country": "Canada",
        "Phone": "(780) 960-3417",
        "Fax": "(780) 960-1618",
        "Web_Site": "",
        "Dealer_Website_Enabled": "true",
        "Dealer_Website_Ranking": "0",
        "Customer_No": "43600",
        "ShipTo_No": "54"
      }
    },
    {
      "type": "Feature",
      "dealerLocatorProfiles": [],
      "geometry": {
        "type": "Point",
        "coordinates": [
          -103.53348000,
          51.64243000
        ]
      },
      "properties": {
        "ID": "2d32fed5-7795-4190-bca1-4cf15e7c15a5",
        "Name": "Foam Lake Co-op",
        "Address1": "P.O. Box 640",
        "Address2": "101 Railway Ave",
        "City": "Foam Lake",
        "Province": "SK",
        "Postal_Code": "S0A 1A0",
        "Country": "Canada",
        "Phone": "(306) 272-3314",
        "Fax": "(306) 272-4190",
        "Web_Site": "",
        "Dealer_Website_Enabled": "true",
        "Dealer_Website_Ranking": "0",
        "Customer_No": "62156",
        "ShipTo_No": "73",
        "Primary_Contact": "Darren Chorney",
        "Route_#6": "true"
      }
    },
    {
      "type": "Feature",
      "dealerLocatorProfiles": [],
      "geometry": {
        "type": "Point",
        "coordinates": [
          -95.33149650,
          49.67992880
        ]
      },
      "properties": {
        "ID": "2d62ea19-68bf-4e01-8258-917e88329b97",
        "Name": "Lumber One Building Supplies",
        "Address1": "General Delivery",
        "Address2": "Lot 1 Willow Dr",
        "City": "Falcon Lake",
        "Province": "MB",
        "Postal_Code": "R0E 0N0",
        "Country": "Canada",
        "Phone": "(204) 349-2294",
        "Fax": "(204) 349-8370",
        "Web_Site": "",
        "Dealer_Website_Enabled": "true",
        "Dealer_Website_Ranking": "0",
        "Customer_No": "2070",
        "ShipTo_No": "66",
        "Primary_Contact": "Greg Nichol"
      }
    },
    {
      "type": "Feature",
      "dealerLocatorProfiles": [],
      "geometry": {
        "type": "Point",
        "coordinates": [
          -100.04737030,
          51.15143810
        ]
      },
      "properties": {
        "ID": "2d7a8d39-d539-403d-9c24-d1f0b74f622a",
        "Name": "McMunn &amp; Yates - Dauphin",
        "Address1": "Box 610",
        "Address2": "Highway #20 East",
        "City": "Dauphin",
        "Province": "MB",
        "Postal_Code": "R7N 2V4",
        "Country": "Canada",
        "Phone": "(204) 638-5303",
        "Fax": "(204) 622-7053",
        "Web_Site": "",
        "Dealer_Website_Enabled": "true",
        "Dealer_Website_Ranking": "0",
        "Customer_No": "3453",
        "ShipTo_No": "4"
      }
    },
    {
      "type": "Feature",
      "dealerLocatorProfiles": [],
      "geometry": {
        "type": "Point",
        "coordinates": [
          -106.39223940,
          53.21848920
        ]
      },
      "properties": {
        "ID": "2d90fd2a-c330-4c8a-8777-6013b16fd726",
        "Name": "Lake Country Co-op(Shellbrook)",
        "Address1": "Box 97",
        "Address2": "400 7th St East",
        "City": "Shellbrook",
        "Province": "SK",
        "Postal_Code": "S0J 2E0",
        "Country": "Canada",
        "Phone": "(306) 747-2122",
        "Fax": "(306) 747-2151",
        "Web_Site": "",
        "Dealer_Website_Enabled": "true",
        "Dealer_Website_Ranking": "0",
        "Customer_No": "62156",
        "ShipTo_No": "296",
        "SK__N_W_": "true"
      }
    },
    {
      "type": "Feature",
      "dealerLocatorProfiles": [],
      "geometry": {
        "type": "Point",
        "coordinates": [
          -120.32509530,
          50.68235330
        ]
      },
      "properties": {
        "ID": "2e112597-5b63-4e43-a5dd-88250fb766cf",
        "Name": "Acutruss Industries",
        "Address1": "721 East Athabasca Avenue",
        "Address2": "",
        "City": "Kamloops",
        "Province": "BC",
        "Postal_Code": "V1V 1K1",
        "Country": "Canada",
        "Phone": "(250) 372-3443",
        "Fax": "(250) 372-8055",
        "Web_Site": "",
        "Dealer_Website_Enabled": "true",
        "Dealer_Website_Ranking": "0",
        "Customer_No": "113",
        "ShipTo_No": "2"
      }
    },
    {
      "type": "Feature",
      "dealerLocatorProfiles": [],
      "geometry": {
        "type": "Point",
        "coordinates": [
          -108.24108460,
          51.99367540
        ]
      },
      "properties": {
        "ID": "2e35dd5d-6a90-4a47-b737-308237021821",
        "Name": "Duperow Co-op",
        "Address1": "Box 1180",
        "Address2": "10 Industrial Drive",
        "City": "Biggar",
        "Province": "SK",
        "Postal_Code": "S0K 0M0",
        "Country": "Canada",
        "Phone": "(306) 948-2706",
        "Fax": "(306) 948-2707",
        "Web_Site": "",
        "Dealer_Website_Enabled": "true",
        "Dealer_Website_Ranking": "0",
        "Customer_No": "62156",
        "ShipTo_No": "255"
      }
    },
    {
      "type": "Feature",
      "dealerLocatorProfiles": [],
      "geometry": {
        "type": "Point",
        "coordinates": [
          -81.10486760,
          43.87605610
        ]
      },
      "properties": {
        "ID": "2e5beec0-60e9-4e3f-8cc8-10c729927908",
        "Name": "Watson&#39;s HHBC",
        "Address1": "44195 Harriston Road",
        "Address2": "HOURS 7:30AM-5PM",
        "City": "Gorrie",
        "Province": "ON",
        "Postal_Code": "N0G 1X0",
        "Country": "Canada",
        "Phone": "(519) 335-3551",
        "Fax": "(519) 335-3427",
        "Web_Site": "",
        "Dealer_Website_Enabled": "true",
        "Dealer_Website_Ranking": "0",
        "Customer_No": "2063",
        "ShipTo_No": "406",
        "Primary_Contact": "Don Watson"
      }
    },
    {
      "type": "Feature",
      "dealerLocatorProfiles": [],
      "geometry": {
        "type": "Point",
        "coordinates": [
          -126.82865240,
          65.28149380
        ]
      },
      "properties": {
        "ID": "2e92154c-7314-4470-aa14-2a7c4cae84a4",
        "Name": "Global Technical Systems Ltd.",
        "Address1": "Box 91",
        "Address2": "",
        "City": "Norman Wells",
        "Province": "NT",
        "Postal_Code": "X0E 0V0",
        "Country": "Canada",
        "Phone": "(867) 587-2072",
        "Fax": "(867) 587-2074",
        "Web_Site": "",
        "Dealer_Website_Enabled": "true",
        "Dealer_Website_Ranking": "0",
        "Customer_No": "62156",
        "ShipTo_No": "430"
      }
    },
    {
      "type": "Feature",
      "dealerLocatorProfiles": [],
      "geometry": {
        "type": "Point",
        "coordinates": [
          -108.30940720,
          52.73649910
        ]
      },
      "properties": {
        "ID": "2eb1cd6e-82a8-49f7-9936-0d43917e67fd",
        "Name": "Battleford Home Bldg Centre",
        "Address1": "218 - 22 Street W",
        "Address2": "",
        "City": "Battleford",
        "Province": "SK",
        "Postal_Code": "S0M 0E0",
        "Country": "Canada",
        "Phone": "(306) 937-2642",
        "Fax": "(306) 937-2401",
        "Web_Site": "",
        "Dealer_Website_Enabled": "true",
        "Dealer_Website_Ranking": "0",
        "Customer_No": "2063",
        "ShipTo_No": "8",
        "Primary_Contact": "Dave Gloe"
      }
    },
    {
      "type": "Feature",
      "dealerLocatorProfiles": [],
      "geometry": {
        "type": "Point",
        "coordinates": [
          -110.84501010,
          53.35152000
        ]
      },
      "properties": {
        "ID": "2ee4a4ca-0217-4182-93c6-356472dbe267",
        "Name": "Rona Building Centre Vermilion",
        "Address1": "4710 Railway Avenue",
        "Address2": "",
        "City": "Vermilion",
        "Province": "AB",
        "Postal_Code": "T9X 1L7",
        "Country": "Canada",
        "Phone": "",
        "Fax": "",
        "Web_Site": "",
        "Dealer_Website_Enabled": "true",
        "Customer_No": "43600",
        "ShipTo_No": "193"
      }
    },
    {
      "type": "Feature",
      "dealerLocatorProfiles": [],
      "geometry": {
        "type": "Point",
        "coordinates": [
          -78.16837830,
          43.96917560
        ]
      },
      "properties": {
        "ID": "2f00db98-8cfd-456d-9690-9cf75ec351c0",
        "Name": "Cobourg HBC Store",
        "Address1": "650 Divison Street",
        "Address2": "HOURS 7AM-4PM",
        "City": "Cobourg",
        "Province": "ON",
        "Postal_Code": "K9A 1Z3",
        "Country": "Canada",
        "Phone": "(905) 372-3381",
        "Fax": "(905) 372-0529",
        "Web_Site": "",
        "Dealer_Website_Enabled": "true",
        "Dealer_Website_Ranking": "0",
        "Customer_No": "2063",
        "ShipTo_No": "413",
        "Primary_Contact": "Dan Brousseau"
      }
    },
    {
      "type": "Feature",
      "dealerLocatorProfiles": [],
      "geometry": {
        "type": "Point",
        "coordinates": [
          -102.80191000,
          50.92552500
        ]
      },
      "properties": {
        "ID": "2f2ce9a9-768f-49cd-a6cc-e3c1b840d98c",
        "Name": "Prairie Co-op (Melville) Home Centre",
        "Address1": "Unit 200-1 Veterans Way",
        "Address2": "#100",
        "City": "Melville",
        "Province": "SK",
        "Postal_Code": "S0A 2P0",
        "Country": "Canada",
        "Phone": "(306) 728-4461",
        "Fax": "(306) 728-5854",
        "Web_Site": "",
        "Dealer_Website_Enabled": "true",
        "Dealer_Website_Ranking": "0",
        "Customer_No": "62156",
        "ShipTo_No": "177",
        "Route_#6": "true"
      }
    },
    {
      "type": "Feature",
      "dealerLocatorProfiles": [],
      "geometry": {
        "type": "Point",
        "coordinates": [
          -77.33490100,
          44.34983000
        ]
      },
      "properties": {
        "ID": "2fc9a3cd-636e-4c67-932a-f5a7326a4ef4",
        "Name": "Chisholm Lumber",
        "Address1": "RR#1",
        "Address2": "Hours 7:30am-5pm",
        "City": "Roslin",
        "Province": "ON",
        "Postal_Code": "K0K 2Y0",
        "Country": "Canada",
        "Phone": "(613) 477-2920",
        "Fax": "(613) 477-2112",
        "Web_Site": "",
        "Dealer_Website_Enabled": "true",
        "Dealer_Website_Ranking": "0",
        "Customer_No": "2062",
        "ShipTo_No": "320",
        "Primary_Contact": "Pat Cassidy"
      }
    },
    {
      "type": "Feature",
      "dealerLocatorProfiles": [],
      "geometry": {
        "type": "Point",
        "coordinates": [
          -106.6766255,
          52.1660625
        ]
      },
      "properties": {
        "ID": "300f538c-f96b-4027-b58c-8347810b3b66",
        "Name": "J &amp; H Builders Warehouse",
        "Address1": "2505 Avenue C North",
        "Address2": "",
        "City": "Saskatoon",
        "Province": "SK",
        "Postal_Code": "S7L 6A6",
        "Country": "Canada",
        "Phone": "(306) 652-5322",
        "Fax": "(306) 652-5347",
        "Web_Site": "",
        "Dealer_Website_Enabled": "true",
        "Dealer_Website_Ranking": "0",
        "Customer_No": "110062",
        "ShipTo_No": "1"
      }
    },
    {
      "type": "Feature",
      "dealerLocatorProfiles": [],
      "geometry": {
        "type": "Point",
        "coordinates": [
          -79.36648740,
          44.31413230
        ]
      },
      "properties": {
        "ID": "30ba83d9-e9ef-4947-9a52-c9f403460630",
        "Name": "Schell Lumber HBC",
        "Address1": "20971 Dalton Rd",
        "Address2": "L0E 1R0",
        "City": "Sutton",
        "Province": "ON",
        "Postal_Code": "L0E 1R0",
        "Country": "Canada",
        "Phone": "",
        "Fax": "",
        "Web_Site": "",
        "Dealer_Website_Enabled": "true",
        "Customer_No": "35775",
        "ShipTo_No": "24"
      }
    },
    {
      "type": "Feature",
      "dealerLocatorProfiles": [],
      "geometry": {
        "type": "Point",
        "coordinates": [
          -80.44899800,
          43.46981300
        ]
      },
      "properties": {
        "ID": "30bac0f8-9aa8-4c30-a163-a41f86c59524",
        "Name": "Patene Limited",
        "Address1": "1290 Victoria Street North",
        "Address2": "",
        "City": "Kitchener",
        "Province": "ON",
        "Postal_Code": "N2B 3C9",
        "Country": "Canada",
        "Phone": "",
        "Fax": "",
        "Web_Site": "",
        "Dealer_Website_Enabled": "true",
        "Customer_No": "2062",
        "ShipTo_No": "336"
      }
    },
    {
      "type": "Feature",
      "dealerLocatorProfiles": [],
      "geometry": {
        "type": "Point",
        "coordinates": [
          -114.05843300,
          51.01041320
        ]
      },
      "properties": {
        "ID": "30d20713-251e-4c49-9197-3b01572e8479",
        "Name": "Pacific West Systems Supply",
        "Address1": "4910 Builders Road SE",
        "Address2": "",
        "City": "Calgary",
        "Province": "AB",
        "Postal_Code": "T2G 4C6",
        "Country": "Canada",
        "Phone": "",
        "Fax": "",
        "Web_Site": "",
        "Dealer_Website_Enabled": "true",
        "Customer_No": "2062",
        "ShipTo_No": "355"
      }
    },
    {
      "type": "Feature",
      "dealerLocatorProfiles": [],
      "geometry": {
        "type": "Point",
        "coordinates": [
          -120.33029530,
          50.69075380
        ]
      },
      "properties": {
        "ID": "30f04d97-e656-49c0-84c4-962691d1c34b",
        "Name": "Kamloops Truss Ltd.",
        "Address1": "464 Chilcotin Road",
        "Address2": "",
        "City": "Kamloops",
        "Province": "BC",
        "Postal_Code": "V2H 1G3",
        "Country": "Canada",
        "Phone": "(250) 374-3330",
        "Fax": "(250) 374-3339",
        "Web_Site": "",
        "Dealer_Website_Enabled": "true",
        "Dealer_Website_Ranking": "0",
        "Customer_No": "2070",
        "ShipTo_No": "241"
      }
    },
    {
      "type": "Feature",
      "dealerLocatorProfiles": [],
      "geometry": {
        "type": "Point",
        "coordinates": [
          -81.13822200,
          46.41925200
        ]
      },
      "properties": {
        "ID": "314f1eef-5409-4015-aed9-d86c96b1aa1f",
        "Name": "Pinehill Lumber",
        "Address1": "2 Black Lake Rd",
        "Address2": "HOURS 7:30AM-4PM",
        "City": "Lively",
        "Province": "ON",
        "Postal_Code": "P3Y 1C6",
        "Country": "Canada",
        "Phone": "(705) 692-4754",
        "Fax": "(705) 692-9824",
        "Web_Site": "",
        "Dealer_Website_Enabled": "true",
        "Dealer_Website_Ranking": "0",
        "Customer_No": "1500",
        "ShipTo_No": "89"
      }
    },
    {
      "type": "Feature",
      "dealerLocatorProfiles": [],
      "geometry": {
        "type": "Point",
        "coordinates": [
          -81.62962360,
          42.97433290
        ]
      },
      "properties": {
        "ID": "3152dafe-9ef7-4a1b-97a5-0efff31eeb77",
        "Name": "Strathroy HHBC",
        "Address1": "28390 Centre Road",
        "Address2": "",
        "City": "Strathroy",
        "Province": "ON",
        "Postal_Code": "N7G 3H6",
        "Country": "Canada",
        "Phone": "(519) 245-2312",
        "Fax": "(519) 245-5671",
        "Web_Site": "",
        "Dealer_Website_Enabled": "true",
        "Dealer_Website_Ranking": "0",
        "Customer_No": "2063",
        "ShipTo_No": "381"
      }
    },
    {
      "type": "Feature",
      "dealerLocatorProfiles": [],
      "geometry": {
        "type": "Point",
        "coordinates": [
          -102.67185880,
          51.95641330
        ]
      },
      "properties": {
        "ID": "315d1f84-55cb-4a4d-a422-7282fe4e30a7",
        "Name": "Preeceville Home Hardware",
        "Address1": "7 Main Street Box 259",
        "Address2": "",
        "City": "Preeceville",
        "Province": "SK",
        "Postal_Code": "S0A 3B0",
        "Country": "Canada",
        "Phone": "",
        "Fax": "",
        "Web_Site": "",
        "Dealer_Website_Enabled": "true",
        "Customer_No": "2063",
        "ShipTo_No": "253"
      }
    },
    {
      "type": "Feature",
      "dealerLocatorProfiles": [],
      "geometry": {
        "type": "Point",
        "coordinates": [
          -121.59088430,
          51.08912010
        ]
      },
      "properties": {
        "ID": "316f4e1e-9359-4ef9-b971-da9fe7300765",
        "Name": "Clinton Home Building Centre",
        "Address1": "1217 Cariboo Hwy",
        "Address2": "Box 249",
        "City": "Clinton",
        "Province": "BC",
        "Postal_Code": "V0K 1K0",
        "Country": "Canada",
        "Phone": "(250) 459-2544",
        "Fax": "(250) 459-2596",
        "Web_Site": "",
        "Dealer_Website_Enabled": "true",
        "Dealer_Website_Ranking": "0",
        "Customer_No": "2063",
        "ShipTo_No": "343"
      }
    },
    {
      "type": "Feature",
      "dealerLocatorProfiles": [],
      "geometry": {
        "type": "Point",
        "coordinates": [
          -103.54463810,
          50.80181390
        ]
      },
      "properties": {
        "ID": "32080ae5-23c8-4ee7-aafc-0a339a5a2e3a",
        "Name": "Chatterson Lumber Ltd.",
        "Address1": "Box 98",
        "Address2": "",
        "City": "Balcarres",
        "Province": "SK",
        "Postal_Code": "S0G 0C0",
        "Country": "Canada",
        "Phone": "(306) 334-2656",
        "Fax": "(306) 334-2711",
        "Web_Site": "",
        "Dealer_Website_Enabled": "true",
        "Dealer_Website_Ranking": "0",
        "Customer_No": "2070",
        "ShipTo_No": "239"
      }
    },
    {
      "type": "Feature",
      "dealerLocatorProfiles": [],
      "geometry": {
        "type": "Point",
        "coordinates": [
          -114.76265800,
          55.29261460
        ]
      },
      "properties": {
        "ID": "3242cbbd-be04-4c6f-824f-dc864edbacdb",
        "Name": "Nelson Lumber - Slave Lake",
        "Address1": "Po Box 1638",
        "Address2": "101 Birch Rd N.E.",
        "City": "Slave Lake",
        "Province": "AB",
        "Postal_Code": "T0G 2A0",
        "Country": "Canada",
        "Phone": "(780) 849-9663",
        "Fax": "(780) 849-9620",
        "Web_Site": "",
        "Dealer_Website_Enabled": "true",
        "Dealer_Website_Ranking": "0",
        "Viewable_Without_Admin": "false",
        "Customer_No": "2070",
        "ShipTo_No": "75"
      }
    },
    {
      "type": "Feature",
      "dealerLocatorProfiles": [],
      "geometry": {
        "type": "Point",
        "coordinates": [
          -97.93180890,
          49.17941080
        ]
      },
      "properties": {
        "ID": "3242de5f-f28e-44f0-83ca-18c28e791ec8",
        "Name": "Parkside Home Hardware Building Centre",
        "Address1": "880 Memorial Dr., Po Box 1327",
        "Address2": "",
        "City": "Winkler",
        "Province": "MB",
        "Postal_Code": "R6W 0M6",
        "Country": "Canada",
        "Phone": "(204) 325-9133",
        "Fax": "(204) 325-4011",
        "Web_Site": "",
        "Dealer_Website_Enabled": "true",
        "Dealer_Website_Ranking": "0",
        "Customer_No": "2063",
        "ShipTo_No": "160",
        "Primary_Contact": "Henry Enns",
        "Route_#2": "true"
      }
    },
    {
      "type": "Feature",
      "dealerLocatorProfiles": [],
      "geometry": {
        "type": "Point",
        "coordinates": [
          -97.14602750,
          49.95698790
        ]
      },
      "properties": {
        "ID": "32503072-077d-448a-b5e9-135401de0997",
        "Name": "McMunn &amp; Yates - McPhillips",
        "Address1": "2366 McPhillips Street",
        "Address2": "",
        "City": "Winnipeg",
        "Province": "MB",
        "Postal_Code": "R2V 4J6",
        "Country": "Canada",
        "Phone": "(204) 940-4043",
        "Fax": "(204) 663-8851",
        "Web_Site": "",
        "Dealer_Website_Enabled": "true",
        "Dealer_Website_Ranking": "0",
        "Customer_No": "3453",
        "ShipTo_No": "22",
        "Route_#1": "true",
        "Route_#7": "true"
      }
    },
    {
      "type": "Feature",
      "dealerLocatorProfiles": [],
      "geometry": {
        "type": "Point",
        "coordinates": [
          -76.39594210,
          44.66955950
        ]
      },
      "properties": {
        "ID": "32669440-6193-4835-bac4-72b663ca202d",
        "Name": "Herlehy Home Building Centre",
        "Address1": "10062 Perth Road South",
        "Address2": "PO Box 47 HOURS 7:30AM-5PM",
        "City": "Westport",
        "Province": "ON",
        "Postal_Code": "K0G 1X0",
        "Country": "Canada",
        "Phone": "(613) 273-2052",
        "Fax": "(613) 273-2431",
        "Web_Site": "",
        "Dealer_Website_Enabled": "true",
        "Dealer_Website_Ranking": "0",
        "Customer_No": "2063",
        "ShipTo_No": "422"
      }
    },
    {
      "type": "Feature",
      "dealerLocatorProfiles": [],
      "geometry": {
        "type": "Point",
        "coordinates": [
          -108.45080950,
          54.14165520
        ]
      },
      "properties": {
        "ID": "336ddf1d-cf95-453c-b31d-a70825069b58",
        "Name": "Meadow Lake Home Bldg Centre",
        "Address1": "804 Highway #4 North East",
        "Address2": "Box 2618",
        "City": "Meadow Lake",
        "Province": "SK",
        "Postal_Code": "S9X 1N9",
        "Country": "Canada",
        "Phone": "(306) 236-4467",
        "Fax": "(306) 236-4002",
        "Web_Site": "",
        "Dealer_Website_Enabled": "true",
        "Dealer_Website_Ranking": "0",
        "Customer_No": "2063",
        "ShipTo_No": "201"
      }
    },
    {
      "type": "Feature",
      "dealerLocatorProfiles": [],
      "geometry": {
        "type": "Point",
        "coordinates": [
          -120.77188890,
          50.10866200
        ]
      },
      "properties": {
        "ID": "33d1411b-54f5-4e81-915f-c4339b410fe0",
        "Name": "Davy Lumber Sales DBA Merritt Lumber",
        "Address1": "Box 850",
        "Address2": "2152 Douglas Street",
        "City": "Merritt",
        "Province": "BC",
        "Postal_Code": "V1K 1B8",
        "Country": "Canada",
        "Phone": "(250) 378-5382",
        "Fax": "",
        "Web_Site": "",
        "Dealer_Website_Enabled": "true",
        "Dealer_Website_Ranking": "0",
        "Customer_No": "2070",
        "ShipTo_No": "268"
      }
    },
    {
      "type": "Feature",
      "dealerLocatorProfiles": [],
      "geometry": {
        "type": "Point",
        "coordinates": [
          -128.606,
          54.517
        ]
      },
      "properties": {
        "ID": "33e362ad-b5e8-49a6-8a2e-0ff13bef13fa",
        "Name": "Terrace Building Centre Store #08580",
        "Address1": "3207 Munroe Street",
        "Address2": "",
        "City": "Terrace",
        "Province": "BC",
        "Postal_Code": "V8G 3B3",
        "Country": "Canada",
        "Phone": "(250) 635-6273",
        "Fax": "",
        "Web_Site": "",
        "Dealer_Website_Enabled": "true",
        "Dealer_Website_Ranking": "0",
        "Customer_No": "43600",
        "ShipTo_No": "217"
      }
    },
    {
      "type": "Feature",
      "dealerLocatorProfiles": [],
      "geometry": {
        "type": "Point",
        "coordinates": [
          -112.13405960,
          49.79688610
        ]
      },
      "properties": {
        "ID": "34254e3a-9d7e-415f-8cc6-2d341c034006",
        "Name": "UFA Taber",
        "Address1": "PO Box 2288",
        "Address2": "5813 - 60th Avenue",
        "City": "Taber",
        "Province": "AB",
        "Postal_Code": "T1G 2C2",
        "Country": "Canada",
        "Phone": "",
        "Fax": "",
        "Web_Site": "",
        "Dealer_Website_Enabled": "true",
        "Customer_No": "51000",
        "ShipTo_No": "30"
      }
    },
    {
      "type": "Feature",
      "dealerLocatorProfiles": [],
      "geometry": {
        "type": "Point",
        "coordinates": [
          -107.05457380,
          51.48871510
        ]
      },
      "properties": {
        "ID": "34c3803a-8619-4156-a51f-6136ed9ce599",
        "Name": "Renpro Renovation Professional",
        "Address1": "119 Railway Ave",
        "Address2": "P.O. Box 971",
        "City": "Outlook",
        "Province": "SK",
        "Postal_Code": "S0L 2N0",
        "Country": "Canada",
        "Phone": "",
        "Fax": "",
        "Web_Site": "",
        "Dealer_Website_Enabled": "true",
        "Customer_No": "1500",
        "ShipTo_No": "136"
      }
    },
    {
      "type": "Feature",
      "dealerLocatorProfiles": [],
      "geometry": {
        "type": "Point",
        "coordinates": [
          -79.20881840,
          43.16996730
        ]
      },
      "properties": {
        "ID": "35391525-af13-41b8-9b63-deba7f1e8565",
        "Name": "St.Catharines Building Supplies Inc",
        "Address1": "176 Bunting Rd",
        "Address2": "HOURS 7AM-4PM",
        "City": "St Catharines",
        "Province": "ON",
        "Postal_Code": "L2M 3Y1",
        "Country": "Canada",
        "Phone": "(905) 688-2111",
        "Fax": "(905) 688-1662",
        "Web_Site": "",
        "Dealer_Website_Enabled": "true",
        "Dealer_Website_Ranking": "0",
        "Customer_No": "1500",
        "ShipTo_No": "84",
        "Primary_Contact": "Dave Loewen"
      }
    },
    {
      "type": "Feature",
      "dealerLocatorProfiles": [],
      "geometry": {
        "type": "Point",
        "coordinates": [
          -113.58323670,
          52.67591400
        ]
      },
      "properties": {
        "ID": "353b72e3-f8b5-4ac0-9e0e-ff80323604cf",
        "Name": "U.F.A. Ponoka",
        "Address1": "3604 67 Street",
        "Address2": "P.O. Box 598",
        "City": "Ponoka",
        "Province": "AB",
        "Postal_Code": "T4J 1J8",
        "Country": "Canada",
        "Phone": "(403) 783-4811",
        "Fax": "(403) 783-8510",
        "Web_Site": "",
        "Dealer_Website_Enabled": "true",
        "Dealer_Website_Ranking": "0",
        "Customer_No": "2070",
        "ShipTo_No": "178"
      }
    },
    {
      "type": "Feature",
      "dealerLocatorProfiles": [],
      "geometry": {
        "type": "Point",
        "coordinates": [
          -119.69572140,
          50.80998280
        ]
      },
      "properties": {
        "ID": "35c169d7-abf5-43b2-baee-149a80f99f28",
        "Name": "Chase Home Hardware Bldg Ctr",
        "Address1": "197 Shuswap Ave., P.O. Box 104",
        "Address2": "",
        "City": "Chase",
        "Province": "BC",
        "Postal_Code": "V0E 1M0",
        "Country": "Canada",
        "Phone": "(250) 679-3242",
        "Fax": "(250) 679-3371",
        "Web_Site": "",
        "Dealer_Website_Enabled": "true",
        "Dealer_Website_Ranking": "0",
        "Customer_No": "2063",
        "ShipTo_No": "20",
        "Primary_Contact": "Mark Brose"
      }
    },
    {
      "type": "Feature",
      "dealerLocatorProfiles": [],
      "geometry": {
        "type": "Point",
        "coordinates": [
          -83.66104960,
          49.68901450
        ]
      },
      "properties": {
        "ID": "36301f28-37fa-403c-8bcf-47a90dd748ae",
        "Name": "Hearst Home Building Centre",
        "Address1": "720 George Street",
        "Address2": "PO Box 400 HOURS 8AM-5:30PM",
        "City": "Hearst",
        "Province": "ON",
        "Postal_Code": "P0L 1N0",
        "Country": "Canada",
        "Phone": "(705) 362-4325",
        "Fax": "(705) 362-7095",
        "Web_Site": "",
        "Dealer_Website_Enabled": "true",
        "Dealer_Website_Ranking": "0",
        "Viewable_Without_Admin": "false",
        "Customer_No": "2063",
        "ShipTo_No": "355"
      }
    },
    {
      "type": "Feature",
      "dealerLocatorProfiles": [],
      "geometry": {
        "type": "Point",
        "coordinates": [
          -126.65100000,
          54.39837000
        ]
      },
      "properties": {
        "ID": "366a4ed1-de56-4cdd-ad65-355386d59317",
        "Name": "Bulkley Valley Farm - HOUSTON",
        "Address1": "Po Box 939",
        "Address2": "2920 Hwy 16",
        "City": "Houston",
        "Province": "BC",
        "Postal_Code": "V0J 1Z0",
        "Country": "Canada",
        "Phone": "(250) 845-7606",
        "Fax": "(250) 845-7608",
        "Web_Site": "",
        "Dealer_Website_Enabled": "true",
        "Dealer_Website_Ranking": "0",
        "Customer_No": "1500",
        "ShipTo_No": "7",
        "Primary_Contact": "John Andringa"
      }
    },
    {
      "type": "Feature",
      "dealerLocatorProfiles": [],
      "geometry": {
        "type": "Point",
        "coordinates": [
          -103.80332810,
          51.94542630
        ]
      },
      "properties": {
        "ID": "3681dbe1-5d64-444d-be3f-0559c5173dce",
        "Name": "Wadena Co-op Assn",
        "Address1": "101-1st Street",
        "Address2": "",
        "City": "Wadena",
        "Province": "SK",
        "Postal_Code": "S0A 4J0",
        "Country": "Canada",
        "Phone": "(306) 338-2298",
        "Fax": "(306) 338-3626",
        "Web_Site": "",
        "Dealer_Website_Enabled": "true",
        "Dealer_Website_Ranking": "0",
        "Customer_No": "62156",
        "ShipTo_No": "441"
      }
    },
    {
      "type": "Feature",
      "dealerLocatorProfiles": [],
      "geometry": {
        "type": "Point",
        "coordinates": [
          -120.79054260,
          50.10928490
        ]
      },
      "properties": {
        "ID": "3689c5af-2128-4063-bd45-75bde80421c9",
        "Name": "Home Hardware Bldg Ctr-Merritt Moyes &amp; Co. Bldg. Mat. Ltd.",
        "Address1": "P.O. Box 340, 1701 Voght St.",
        "Address2": "",
        "City": "Merritt",
        "Province": "BC",
        "Postal_Code": "V1K 1B8",
        "Country": "Canada",
        "Phone": "(250) 378-4215",
        "Fax": "(250) 378-6467",
        "Web_Site": "",
        "Dealer_Website_Enabled": "true",
        "Dealer_Website_Ranking": "0",
        "Customer_No": "2063",
        "ShipTo_No": "89",
        "Primary_Contact": "Fred Riley"
      }
    },
    {
      "type": "Feature",
      "dealerLocatorProfiles": [],
      "geometry": {
        "type": "Point",
        "coordinates": [
          -80.72511800,
          42.87536230
        ]
      },
      "properties": {
        "ID": "36a159a7-7925-48b2-bee2-b7356e24f694",
        "Name": "Moffatt and Powell Ltd.",
        "Address1": "268 Tilson Avenue",
        "Address2": "",
        "City": "Tillsonburg",
        "Province": "ON",
        "Postal_Code": "N4G 3B5",
        "Country": "Canada",
        "Phone": "(519) 842-4201",
        "Fax": "(519) 688-2465",
        "Web_Site": "",
        "Dealer_Website_Enabled": "true",
        "Dealer_Website_Ranking": "0",
        "Customer_No": "3341",
        "ShipTo_No": "6"
      }
    },
    {
      "type": "Feature",
      "dealerLocatorProfiles": [],
      "geometry": {
        "type": "Point",
        "coordinates": [
          -124.04953030,
          49.23261070
        ]
      },
      "properties": {
        "ID": "36d56787-4e48-4da7-8427-4c4d2a3b9c34",
        "Name": "Home Depot Canada - Nanaimo",
        "Address1": "6555 Metral Street",
        "Address2": "Store #7040",
        "City": "Nanaimo",
        "Province": "BC",
        "Postal_Code": "V9T 3L9",
        "Country": "Canada",
        "Phone": "(250) 390-9093",
        "Fax": "(250) 390-0620",
        "Web_Site": "",
        "Dealer_Website_Enabled": "true",
        "Dealer_Website_Ranking": "0",
        "Customer_No": "199909",
        "ShipTo_No": "4",
        "Primary_Contact": "Darren Sharp",
        "TC2__Island": "true"
      }
    },
    {
      "type": "Feature",
      "dealerLocatorProfiles": [],
      "geometry": {
        "type": "Point",
        "coordinates": [
          -123.08349480,
          49.26878310
        ]
      },
      "properties": {
        "ID": "3711ce91-d91b-46ff-b25c-e141ea0c5483",
        "Name": "Home Depot Canada - Vancouver",
        "Address1": "900 Terminal Avenue",
        "Address2": "Store #7042",
        "City": "Vancouver",
        "Province": "BC",
        "Postal_Code": "V6A 4G4",
        "Country": "Canada",
        "Phone": "(604) 608-1423",
        "Fax": "(604) 608-1502",
        "Web_Site": "",
        "Dealer_Website_Enabled": "true",
        "Dealer_Website_Ranking": "0",
        "Customer_No": "199909",
        "ShipTo_No": "20"
      }
    },
    {
      "type": "Feature",
      "dealerLocatorProfiles": [],
      "geometry": {
        "type": "Point",
        "coordinates": [
          -105.12593780,
          49.39851690
        ]
      },
      "properties": {
        "ID": "37544c4d-6c0a-4042-a9a1-4232aafecf49",
        "Name": "Nixon Lumber",
        "Address1": "211 Railway Avenue East",
        "Address2": "Box 4",
        "City": "Carnduff",
        "Province": "SK",
        "Postal_Code": "S0C 0S0",
        "Country": "Canada",
        "Phone": "(306) 482-3323",
        "Fax": "(306) 482-3210",
        "Web_Site": "",
        "Dealer_Website_Enabled": "true",
        "Dealer_Website_Ranking": "0",
        "Customer_No": "2062",
        "ShipTo_No": "366"
      }
    },
    {
      "type": "Feature",
      "dealerLocatorProfiles": [],
      "geometry": {
        "type": "Point",
        "coordinates": [
          -113.80742910,
          52.31095670
        ]
      },
      "properties": {
        "ID": "379e2f3c-877a-4b8e-8ae0-e3c2ae20bbd6",
        "Name": "Executive Home Building Centre",
        "Address1": "7894 - 48th Avenue",
        "Address2": "",
        "City": "Red Deer",
        "Province": "AB",
        "Postal_Code": "T4P 2B2",
        "Country": "Canada",
        "Phone": "(403) 343-6422",
        "Fax": "(403) 342-4120",
        "Web_Site": "",
        "Dealer_Website_Enabled": "true",
        "Dealer_Website_Ranking": "0",
        "Customer_No": "2063",
        "ShipTo_No": "114",
        "Primary_Contact": "Rob Leis"
      }
    },
    {
      "type": "Feature",
      "dealerLocatorProfiles": [],
      "geometry": {
        "type": "Point",
        "coordinates": [
          -104.49392530,
          52.42252640
        ]
      },
      "properties": {
        "ID": "385de56e-196f-42c9-8a8d-f95385d1a80c",
        "Name": "Prairie North Co-op(Naicam)Lum",
        "Address1": "121 1st Ave N",
        "Address2": "",
        "City": "Naicam",
        "Province": "SK",
        "Postal_Code": "S0K 2Z0",
        "Country": "Canada",
        "Phone": "(306) 874-2313",
        "Fax": "(306) 874-2060",
        "Web_Site": "",
        "Dealer_Website_Enabled": "true",
        "Dealer_Website_Ranking": "0",
        "Customer_No": "62156",
        "ShipTo_No": "493"
      }
    },
    {
      "type": "Feature",
      "dealerLocatorProfiles": [],
      "geometry": {
        "type": "Point",
        "coordinates": [
          -97.32315890,
          49.77327160
        ]
      },
      "properties": {
        "ID": "3918626f-2f81-4e3b-b069-03188d41b58f",
        "Name": "McMunn &amp; Yates - Oak Bluff",
        "Address1": "195 Industrial Road",
        "Address2": "",
        "City": "Oak Bluff",
        "Province": "MB",
        "Postal_Code": "R4G 0A5",
        "Country": "Canada",
        "Phone": "",
        "Fax": "",
        "Web_Site": "",
        "Dealer_Website_Enabled": "true",
        "Dealer_Website_Ranking": "0",
        "Customer_No": "3453",
        "ShipTo_No": "21"
      }
    },
    {
      "type": "Feature",
      "dealerLocatorProfiles": [],
      "geometry": {
        "type": "Point",
        "coordinates": [
          -113.55174950,
          53.26912310
        ]
      },
      "properties": {
        "ID": "396f608f-9d7a-4635-854c-d48509df2875",
        "Name": "Leduc Co-op Ltd",
        "Address1": "5403 - 50 Street",
        "Address2": "",
        "City": "Leduc",
        "Province": "AB",
        "Postal_Code": "T9E 6Z7",
        "Country": "Canada",
        "Phone": "(780) 985-3612",
        "Fax": "(780) 986-5658",
        "Web_Site": "",
        "Dealer_Website_Enabled": "true",
        "Dealer_Website_Ranking": "0",
        "Customer_No": "62156",
        "ShipTo_No": "116"
      }
    },
    {
      "type": "Feature",
      "dealerLocatorProfiles": [],
      "geometry": {
        "type": "Point",
        "coordinates": [
          -113.78430960,
          53.54316400
        ]
      },
      "properties": {
        "ID": "39e0e303-93dd-4d7d-b720-74b7c6650741",
        "Name": "Zama City Services Ltd.",
        "Address1": "303, 53016 Hwy 6",
        "Address2": "",
        "City": "Acheson",
        "Province": "AB",
        "Postal_Code": "T7X 5A7",
        "Country": "Canada",
        "Phone": "",
        "Fax": "",
        "Web_Site": "",
        "Dealer_Website_Enabled": "true",
        "Customer_No": "17725",
        "ShipTo_No": "14"
      }
    },
    {
      "type": "Feature",
      "dealerLocatorProfiles": [],
      "geometry": {
        "type": "Point",
        "coordinates": [
          -119.42939240,
          49.88705220
        ]
      },
      "properties": {
        "ID": "39e7d075-74d9-4f2f-a479-0ce16ad44077",
        "Name": "Home Depot Canada - Kelowna",
        "Address1": "2515 Enterprise Way",
        "Address2": "Store #7032",
        "City": "Kelowna",
        "Province": "BC",
        "Postal_Code": "V1X 7K2",
        "Country": "Canada",
        "Phone": "(250) 979-4500",
        "Fax": "(250) 979-4509",
        "Web_Site": "",
        "Dealer_Website_Enabled": "true",
        "Dealer_Website_Ranking": "0",
        "Customer_No": "199909",
        "ShipTo_No": "3"
      }
    },
    {
      "type": "Feature",
      "dealerLocatorProfiles": [],
      "geometry": {
        "type": "Point",
        "coordinates": [
          -79.50751470,
          43.60106010
        ]
      },
      "properties": {
        "ID": "3a042dae-1bb4-45a1-9df2-76fb4b6f2f0f",
        "Name": "Lakeshore Lumber",
        "Address1": "134 Eighth Street",
        "Address2": "HOURS 7AM-5PM",
        "City": "Etobicoke",
        "Province": "ON",
        "Postal_Code": "M8J 3C6",
        "Country": "Canada",
        "Phone": "(416) 251-2281",
        "Fax": "(416) 251-7865",
        "Web_Site": "",
        "Dealer_Website_Enabled": "true",
        "Dealer_Website_Ranking": "0",
        "Customer_No": "2063",
        "ShipTo_No": "375"
      }
    },
    {
      "type": "Feature",
      "dealerLocatorProfiles": [],
      "geometry": {
        "type": "Point",
        "coordinates": [
          -86.38057520,
          48.71626130
        ]
      },
      "properties": {
        "ID": "3b214a77-7da1-4ac6-8932-4e5f8e14fe97",
        "Name": "Marathon HHBC",
        "Address1": "4 Peninsula Road",
        "Address2": "HOURS 8:30AM-6PM",
        "City": "Marathon",
        "Province": "ON",
        "Postal_Code": "P0T 2E0",
        "Country": "Canada",
        "Phone": "(807) 229-1600",
        "Fax": "(807) 229-1732",
        "Web_Site": "",
        "Dealer_Website_Enabled": "true",
        "Dealer_Website_Ranking": "0",
        "Customer_No": "2063",
        "ShipTo_No": "347",
        "Primary_Contact": "John Armstrong"
      }
    },
    {
      "type": "Feature",
      "dealerLocatorProfiles": [],
      "geometry": {
        "type": "Point",
        "coordinates": [
          -108.59439310,
          50.39991200
        ]
      },
      "properties": {
        "ID": "3b3b6e7a-6576-4837-9346-221c85c80b12",
        "Name": "Hazlet Co-op",
        "Address1": "Box 120",
        "Address2": "300 Railway Ave",
        "City": "Hazlet",
        "Province": "SK",
        "Postal_Code": "S0N 1E0",
        "Country": "Canada",
        "Phone": "",
        "Fax": "",
        "Web_Site": "",
        "Dealer_Website_Enabled": "true",
        "Customer_No": "62156",
        "ShipTo_No": "439"
      }
    },
    {
      "type": "Feature",
      "dealerLocatorProfiles": [],
      "geometry": {
        "type": "Point",
        "coordinates": [
          -94.11500690,
          58.74539400
        ]
      },
      "properties": {
        "ID": "3b4ac5f6-43bd-4882-9705-d4cf725c73aa",
        "Name": "Churchill Lumber &amp; Hardware",
        "Address1": "P.O. Box 940",
        "Address2": "",
        "City": "Churchill",
        "Province": "MB",
        "Postal_Code": "R0B 0E0",
        "Country": "Canada",
        "Phone": "(204) 675-2438",
        "Fax": "(204) 675-2884",
        "Web_Site": "",
        "Dealer_Website_Enabled": "true",
        "Dealer_Website_Ranking": "0",
        "Customer_No": "2063",
        "ShipTo_No": "23"
      }
    },
    {
      "type": "Feature",
      "dealerLocatorProfiles": [],
      "geometry": {
        "type": "Point",
        "coordinates": [
          -105.73069430,
          53.19997260
        ]
      },
      "properties": {
        "ID": "3b4c99de-bfc4-4bce-976e-534f63807dbe",
        "Name": "Rona - Prince Albert #360",
        "Address1": "#900 800 - 15th St. E.",
        "Address2": "",
        "City": "Prince Albert",
        "Province": "SK",
        "Postal_Code": "S6V 8E3",
        "Country": "Canada",
        "Phone": "(306) 763-7668",
        "Fax": "(306) 763-5763",
        "Web_Site": "",
        "Dealer_Website_Enabled": "true",
        "Dealer_Website_Ranking": "0",
        "Customer_No": "43600",
        "ShipTo_No": "102"
      }
    },
    {
      "type": "Feature",
      "dealerLocatorProfiles": [],
      "geometry": {
        "type": "Point",
        "coordinates": [
          -77.61371740,
          45.36802080
        ]
      },
      "properties": {
        "ID": "3b894ccd-c302-4a2a-b7f7-3c12449cd555",
        "Name": "Combermere Home Hardware",
        "Address1": "1142A Farmer Road",
        "Address2": "HOURS 7:30AM-4:30PM",
        "City": "Combermere",
        "Province": "ON",
        "Postal_Code": "K0J 1L0",
        "Country": "Canada",
        "Phone": "(613) 756-2436",
        "Fax": "(613) 756-0119",
        "Web_Site": "",
        "Dealer_Website_Enabled": "true",
        "Dealer_Website_Ranking": "0",
        "Customer_No": "2063",
        "ShipTo_No": "252",
        "Primary_Contact": "Jeff Schweig"
      }
    },
    {
      "type": "Feature",
      "dealerLocatorProfiles": [],
      "geometry": {
        "type": "Point",
        "coordinates": [
          -107.02048700,
          49.84880000
        ]
      },
      "properties": {
        "ID": "3b98912a-ffdc-4f53-a2aa-bb4b34dac39e",
        "Name": "Glenbain Coop",
        "Address1": "Box 10",
        "Address2": "",
        "City": "Glenbain",
        "Province": "SK",
        "Postal_Code": "S0N 0X0",
        "Country": "Canada",
        "Phone": "(306) 264-3602",
        "Fax": "(306) 264-3603",
        "Web_Site": "",
        "Dealer_Website_Enabled": "true",
        "Dealer_Website_Ranking": "0",
        "Customer_No": "62156",
        "ShipTo_No": "355"
      }
    },
    {
      "type": "Feature",
      "dealerLocatorProfiles": [],
      "geometry": {
        "type": "Point",
        "coordinates": [
          -79.71939230,
          43.23141910
        ]
      },
      "properties": {
        "ID": "3bc10bae-6f47-46d5-880d-7498f4219266",
        "Name": "Convoy Supply Ltd - Hamilton",
        "Address1": "363 Arvin Avenue",
        "Address2": "8:00am-3:00pm",
        "City": "Hamilton",
        "Province": "ON",
        "Postal_Code": "L8E 2M6",
        "Country": "Canada",
        "Phone": "(905) 662-3306",
        "Fax": "(905) 662-1899",
        "Web_Site": "",
        "Dealer_Website_Enabled": "true",
        "Dealer_Website_Ranking": "0",
        "Customer_No": "400",
        "ShipTo_No": "21"
      }
    },
    {
      "type": "Feature",
      "dealerLocatorProfiles": [],
      "geometry": {
        "type": "Point",
        "coordinates": [
          -89.23190120,
          48.42773680
        ]
      },
      "properties": {
        "ID": "3bf163e5-1856-4600-894d-a03c32fc4abb",
        "Name": "Wanson Lumber Company LTD",
        "Address1": "277 John Street",
        "Address2": "HOURS 8AM-5PM",
        "City": "Thunder Bay",
        "Province": "ON",
        "Postal_Code": "P7B 1W8",
        "Country": "Canada",
        "Phone": "(807) 345-6589",
        "Fax": "(807) 345-2768",
        "Web_Site": "",
        "Dealer_Website_Enabled": "true",
        "Dealer_Website_Ranking": "0",
        "Customer_No": "2062",
        "ShipTo_No": "350"
      }
    },
    {
      "type": "Feature",
      "dealerLocatorProfiles": [],
      "geometry": {
        "type": "Point",
        "coordinates": [
          -107.24300180,
          51.52965570
        ]
      },
      "properties": {
        "ID": "3c6533bb-9ffa-48a6-b2c3-afe8b3f5762c",
        "Name": "Macrorie Co-op (Conquest)",
        "Address1": "PO Box 33",
        "Address2": "",
        "City": "Conquest",
        "Province": "SK",
        "Postal_Code": "S0L 0L0",
        "Country": "Canada",
        "Phone": "(306) 856-2142",
        "Fax": "(306) 856-2142",
        "Web_Site": "",
        "Dealer_Website_Enabled": "true",
        "Dealer_Website_Ranking": "0",
        "Customer_No": "62156",
        "ShipTo_No": "310"
      }
    },
    {
      "type": "Feature",
      "dealerLocatorProfiles": [],
      "geometry": {
        "type": "Point",
        "coordinates": [
          -98.00178000,
          49.50783000
        ]
      },
      "properties": {
        "ID": "3cc76b15-e5c5-4b65-ad44-2bf69b8a9330",
        "Name": "Homestead Co-op - Carman",
        "Address1": "P.O. Box 790, 65 Main Street N",
        "Address2": "",
        "City": "Carman",
        "Province": "MB",
        "Postal_Code": "R0G 0J0",
        "Country": "Canada",
        "Phone": "(204) 745-6791",
        "Fax": "(204) 745-6099",
        "Web_Site": "",
        "Dealer_Website_Enabled": "true",
        "Dealer_Website_Ranking": "0",
        "Customer_No": "62156",
        "ShipTo_No": "35",
        "Route_#1": "true",
        "Route_#7": "true"
      }
    },
    {
      "type": "Feature",
      "dealerLocatorProfiles": [],
      "geometry": {
        "type": "Point",
        "coordinates": [
          -107.04924290,
          51.48745670
        ]
      },
      "properties": {
        "ID": "3d20e4d1-157c-4a45-82a8-ddaed6be03a1",
        "Name": "Lumber Plus",
        "Address1": "Box 956, 207 Simpson Street",
        "Address2": "",
        "City": "Outlook",
        "Province": "SK",
        "Postal_Code": "S0G 3C0",
        "Country": "Canada",
        "Phone": "(306) 867-8072",
        "Fax": "(306) 867-8073",
        "Web_Site": "",
        "Dealer_Website_Enabled": "true",
        "Dealer_Website_Ranking": "0",
        "Customer_No": "2070",
        "ShipTo_No": "240"
      }
    },
    {
      "type": "Feature",
      "dealerLocatorProfiles": [],
      "geometry": {
        "type": "Point",
        "coordinates": [
          -80.63258200,
          42.84040700
        ]
      },
      "properties": {
        "ID": "3d422a98-b2ee-4e80-bff4-a526e32b3c8e",
        "Name": "Metal Roof Outlet Inc",
        "Address1": "PO Box 40  7am-5pm",
        "Address2": "63 Main Street",
        "City": "Courtland",
        "Province": "ON",
        "Postal_Code": "N0J 1E0",
        "Country": "Canada",
        "Phone": "(519) 688-2512",
        "Fax": "(519) 688-1779",
        "Web_Site": "",
        "Dealer_Website_Enabled": "true",
        "Dealer_Website_Ranking": "0",
        "Customer_No": "6274",
        "ShipTo_No": "1"
      }
    },
    {
      "type": "Feature",
      "dealerLocatorProfiles": [],
      "geometry": {
        "type": "Point",
        "coordinates": [
          -113.17923400,
          53.70519500
        ]
      },
      "properties": {
        "ID": "3d747d68-0dd2-49cc-915d-19c6cb4efe06",
        "Name": "Redneck Millwright",
        "Address1": "11602-84 Ave",
        "Address2": "",
        "City": "Fort Saskatchewan",
        "Province": "AB",
        "Country": "Canada",
        "Phone": "(780) 939-3000",
        "Fax": "",
        "Web_Site": "",
        "Dealer_Website_Enabled": "true",
        "Dealer_Website_Ranking": "0",
        "Customer_No": "25150",
        "ShipTo_No": "103"
      }
    },
    {
      "type": "Feature",
      "dealerLocatorProfiles": [],
      "geometry": {
        "type": "Point",
        "coordinates": [
          -110.84976070,
          53.35016880
        ]
      },
      "properties": {
        "ID": "3d776ccb-0895-46ff-8271-58539754a92c",
        "Name": "U.F.A. Vermillion",
        "Address1": "4908 - 47th Ave.",
        "Address2": "",
        "City": "Vermillion",
        "Province": "AB",
        "Postal_Code": "T9X 1J6",
        "Country": "Canada",
        "Phone": "(780) 853-5323",
        "Fax": "(780) 853-5845",
        "Web_Site": "",
        "Dealer_Website_Enabled": "true",
        "Dealer_Website_Ranking": "0",
        "Customer_No": "2070",
        "ShipTo_No": "187"
      }
    },
    {
      "type": "Feature",
      "dealerLocatorProfiles": [],
      "geometry": {
        "type": "Point",
        "coordinates": [
          -113.63598070,
          53.62644910
        ]
      },
      "properties": {
        "ID": "3d931e40-6f7f-4a01-b67f-e52f4454dfee",
        "Name": "L.B.H. Building Supplies Inc.",
        "Address1": "Po Box 175",
        "Address2": "4 Riel Dr",
        "City": "St. Albert",
        "Province": "AB",
        "Postal_Code": "T8N 1N3",
        "Country": "Canada",
        "Phone": "(780) 458-2555",
        "Fax": "(780) 458-7668",
        "Web_Site": "",
        "Dealer_Website_Enabled": "true",
        "Dealer_Website_Ranking": "0",
        "Customer_No": "2062",
        "ShipTo_No": "60"
      }
    },
    {
      "type": "Feature",
      "dealerLocatorProfiles": [],
      "geometry": {
        "type": "Point",
        "coordinates": [
          -97.25850520,
          49.84325920
        ]
      },
      "properties": {
        "ID": "3da9ffd9-f10e-4a6a-a752-a1df334ac87c",
        "Name": "McMunn &amp; Yates - Winnipeg",
        "Address1": "940 Elmhurst Road",
        "Address2": "",
        "City": "Winnipeg",
        "Province": "MB",
        "Postal_Code": "R3R 3X7",
        "Country": "Canada",
        "Phone": "(204) 837-1347",
        "Fax": "(204) 831-0822",
        "Web_Site": "",
        "Dealer_Website_Enabled": "true",
        "Dealer_Website_Ranking": "0",
        "Customer_No": "3453",
        "ShipTo_No": "11",
        "Route_#1": "true",
        "Route_#7": "true"
      }
    },
    {
      "type": "Feature",
      "dealerLocatorProfiles": [],
      "geometry": {
        "type": "Point",
        "coordinates": [
          -102.18561620,
          49.23047360
        ]
      },
      "properties": {
        "ID": "3daa2134-1ecc-4193-a4c1-52a92c3dbaa1",
        "Name": "Oxbow Bldg Supplies Complete Investments Inc.",
        "Address1": "11 Prospect Ave.",
        "Address2": "",
        "City": "Oxbow",
        "Province": "SK",
        "Postal_Code": "S0C 2B0",
        "Country": "Canada",
        "Phone": "(306) 483-2707",
        "Fax": "(306) 483-2706",
        "Web_Site": "",
        "Dealer_Website_Enabled": "true",
        "Dealer_Website_Ranking": "0",
        "Customer_No": "2062",
        "ShipTo_No": "251",
        "Route_#4": "true"
      }
    },
    {
      "type": "Feature",
      "dealerLocatorProfiles": [],
      "geometry": {
        "type": "Point",
        "coordinates": [
          -119.26519620,
          50.27947600
        ]
      },
      "properties": {
        "ID": "3e526d48-e243-4041-a4ac-c282160d4208",
        "Name": "Home Building Centre-Vernon",
        "Address1": "4601 - 27th Street",
        "Address2": "",
        "City": "Vernon",
        "Province": "BC",
        "Postal_Code": "V1T 4Y8",
        "Country": "Canada",
        "Phone": "(250) 545-5384",
        "Fax": "(250) 545-1799",
        "Web_Site": "",
        "Dealer_Website_Enabled": "true",
        "Dealer_Website_Ranking": "0",
        "Customer_No": "2063",
        "ShipTo_No": "148",
        "Primary_Contact": "Keith Williams"
      }
    },
    {
      "type": "Feature",
      "dealerLocatorProfiles": [],
      "geometry": {
        "type": "Point",
        "coordinates": [
          -104.56410600,
          50.46405370
        ]
      },
      "properties": {
        "ID": "3e5ce98b-4dd4-4cbc-bc17-e44aa421bb24",
        "Name": "Windsor Plywood (Regina)",
        "Address1": "920 Bower Crescent",
        "Address2": "",
        "City": "Regina",
        "Province": "SK",
        "Postal_Code": "S4N 7E4",
        "Country": "Canada",
        "Phone": "(306) 721-6560",
        "Fax": "(306) 721-2184",
        "Web_Site": "",
        "Dealer_Website_Enabled": "true",
        "Customer_No": "2040",
        "ShipTo_No": "54"
      }
    },
    {
      "type": "Feature",
      "dealerLocatorProfiles": [],
      "geometry": {
        "type": "Point",
        "coordinates": [
          -116.00236510,
          50.51609870
        ]
      },
      "properties": {
        "ID": "3e75997c-7089-4caf-acdd-25dfad57f370",
        "Name": "Invermere Home Building Centre",
        "Address1": "9880 Arrow Road, Box 40",
        "Address2": "",
        "City": "Invermere",
        "Province": "BC",
        "Postal_Code": "V0A 1K0",
        "Country": "Canada",
        "Phone": "(250) 342-6908",
        "Fax": "(250) 342-7263",
        "Web_Site": "",
        "Dealer_Website_Enabled": "true",
        "Dealer_Website_Ranking": "0",
        "Customer_No": "2063",
        "ShipTo_No": "70"
      }
    },
    {
      "type": "Feature",
      "dealerLocatorProfiles": [],
      "geometry": {
        "type": "Point",
        "coordinates": [
          -113.9976528,
          51.2678754
        ]
      },
      "properties": {
        "ID": "3ec44cfe-b936-4942-b4af-202be00a5544",
        "Name": "Fulton&#39;s Home Hardware Building Centre",
        "Address1": "35 Market Blvd South East",
        "Address2": "",
        "City": "Airdrie",
        "Province": "AB",
        "Postal_Code": "T4A 0K9",
        "Country": "Canada",
        "Phone": "(403) 948-5535",
        "Fax": "(403) 948-2434",
        "Web_Site": "",
        "Dealer_Website_Enabled": "true",
        "Dealer_Website_Ranking": "0",
        "Customer_No": "2063",
        "ShipTo_No": "4",
        "Primary_Contact": "Josh Asnong"
      }
    },
    {
      "type": "Feature",
      "dealerLocatorProfiles": [],
      "geometry": {
        "type": "Point",
        "coordinates": [
          -74.73921630,
          45.03402280
        ]
      },
      "properties": {
        "ID": "3f611a46-346d-4015-bc7b-5bc23ecbf1e7",
        "Name": "Fines H.H. - Cornwall",
        "Address1": "1300 Vincent Massey Drive",
        "Address2": "",
        "City": "Cornwall",
        "Province": "ON",
        "Postal_Code": "K6J 5N4",
        "Country": "Canada",
        "Phone": "(613) 932-3225",
        "Fax": "(613) 932-8559",
        "Web_Site": "",
        "Dealer_Website_Enabled": "true",
        "Dealer_Website_Ranking": "0",
        "Customer_No": "2063",
        "ShipTo_No": "541"
      }
    },
    {
      "type": "Feature",
      "dealerLocatorProfiles": [],
      "geometry": {
        "type": "Point",
        "coordinates": [
          -120.32346400,
          50.68637340
        ]
      },
      "properties": {
        "ID": "3f74651f-4ebd-4ee8-87d7-065e80e0fa03",
        "Name": "Rona Home Centre - Kamloops",
        "Address1": "416 Mt. Paul Way",
        "Address2": "",
        "City": "Kamloops",
        "Province": "BC",
        "Postal_Code": "V2H 1A8",
        "Country": "Canada",
        "Phone": "(250) 372-2236",
        "Fax": "(250) 828-0615",
        "Web_Site": "",
        "Dealer_Website_Enabled": "true",
        "Dealer_Website_Ranking": "0",
        "Customer_No": "43600",
        "ShipTo_No": "17",
        "Primary_Contact": "Paul Stewart"
      }
    },
    {
      "type": "Feature",
      "dealerLocatorProfiles": [],
      "geometry": {
        "type": "Point",
        "coordinates": [
          -102.47380170,
          51.22592540
        ]
      },
      "properties": {
        "ID": "40119ac9-f754-4574-a149-029a420a3527",
        "Name": "McMunn &amp; Yates - Yorkton",
        "Address1": "175 York Road West",
        "Address2": "",
        "City": "Yorkton",
        "Province": "SK",
        "Postal_Code": "S3N 3Z4",
        "Country": "Canada",
        "Phone": "(306) 783-8516",
        "Fax": "(306) 782-3838",
        "Web_Site": "",
        "Dealer_Website_Enabled": "true",
        "Dealer_Website_Ranking": "0",
        "Customer_No": "3453",
        "ShipTo_No": "15",
        "Route_#6": "true"
      }
    },
    {
      "type": "Feature",
      "dealerLocatorProfiles": [],
      "geometry": {
        "type": "Point",
        "coordinates": [
          -117.29915340,
          49.49349240
        ]
      },
      "properties": {
        "ID": "406335b8-885f-4465-96cb-5ff196513c95",
        "Name": "Nelson Home Hardware Bldg Ctr",
        "Address1": "101 McDonald Dr.",
        "Address2": "",
        "City": "Nelson",
        "Province": "BC",
        "Postal_Code": "V1L 2R5",
        "Country": "Canada",
        "Phone": "(250) 352-1919",
        "Fax": "(250) 352-1916",
        "Web_Site": "",
        "Dealer_Website_Enabled": "true",
        "Dealer_Website_Ranking": "0",
        "Customer_No": "2063",
        "ShipTo_No": "195",
        "Primary_Contact": "Bob Marsh"
      }
    },
    {
      "type": "Feature",
      "dealerLocatorProfiles": [],
      "geometry": {
        "type": "Point",
        "coordinates": [
          -114.39962,
          54.13013
        ]
      },
      "properties": {
        "ID": "40aa5ecb-44b2-4c62-9efc-6ce23c0f463a",
        "Name": "Barrhead Home Hardward Bldg",
        "Address1": "6001-49th Street",
        "Address2": "PO Box 4958",
        "City": "Barrhead",
        "Province": "AB",
        "Postal_Code": "T7N 1A5",
        "Country": "Canada",
        "Phone": "(780) 674-4710",
        "Fax": "(780) 674-6577",
        "Web_Site": "",
        "Dealer_Website_Enabled": "true",
        "Dealer_Website_Ranking": "0",
        "Customer_No": "2063",
        "ShipTo_No": "696"
      }
    },
    {
      "type": "Feature",
      "dealerLocatorProfiles": [],
      "geometry": {
        "type": "Point",
        "coordinates": [
          -119.45624230,
          50.91042950
        ]
      },
      "properties": {
        "ID": "40faa6a8-f97d-4bac-b268-91e87076cebf",
        "Name": "Scotch Creek Home Hardware",
        "Address1": "3906 Squilax Anglemont Road",
        "Address2": "Box 104 (Chase)",
        "City": "Scotch Creek",
        "Province": "BC",
        "Postal_Code": "V0E 1M0",
        "Country": "Canada",
        "Phone": "(250) 955-0203",
        "Fax": "(250) 955-0213",
        "Web_Site": "",
        "Dealer_Website_Enabled": "true",
        "Dealer_Website_Ranking": "0",
        "Customer_No": "2063",
        "ShipTo_No": "227",
        "Primary_Contact": "Kevin Adam"
      }
    },
    {
      "type": "Feature",
      "dealerLocatorProfiles": [],
      "geometry": {
        "type": "Point",
        "coordinates": [
          -106.96037720,
          50.10953720
        ]
      },
      "properties": {
        "ID": "41069aeb-4b77-4ba5-aa4a-605628f949fd",
        "Name": "Pioneer Co-op (Hodgeville)",
        "Address1": "PO Box 100",
        "Address2": "",
        "City": "Hodgeville",
        "Province": "SK",
        "Postal_Code": "S0H 2B0",
        "Country": "Canada",
        "Phone": "(306) 677-2255",
        "Fax": "(306) 677-2804",
        "Web_Site": "",
        "Dealer_Website_Enabled": "true",
        "Dealer_Website_Ranking": "0",
        "Customer_No": "62156",
        "ShipTo_No": "382"
      }
    },
    {
      "type": "Feature",
      "dealerLocatorProfiles": [],
      "geometry": {
        "type": "Point",
        "coordinates": [
          -111.91421,
          51.648497
        ]
      },
      "properties": {
        "ID": "416388bc-95fe-4f19-a1a2-8269dcf9c59e",
        "Name": "Westview Co-op Home (Hanna)",
        "Address1": "408 - 5th Street East",
        "Address2": "Box 2200",
        "City": "Hanna",
        "Province": "AB",
        "Postal_Code": "T0J 1P0",
        "Country": "Canada",
        "Phone": "(403) 854-2802",
        "Fax": "(403) 854-2896",
        "Web_Site": "",
        "Dealer_Website_Enabled": "true",
        "Dealer_Website_Ranking": "0",
        "Customer_No": "62156",
        "ShipTo_No": "489"
      }
    },
    {
      "type": "Feature",
      "dealerLocatorProfiles": [],
      "geometry": {
        "type": "Point",
        "coordinates": [
          -80.91344650,
          46.53919180
        ]
      },
      "properties": {
        "ID": "416ed4a0-8be9-4491-bccf-308a5482a16e",
        "Name": "Convoy Supply Ltd - Sudbury",
        "Address1": "64 National St",
        "Address2": "",
        "City": "Garson",
        "Province": "ON",
        "Postal_Code": "P3L 1M5",
        "Country": "Canada",
        "Phone": "(705) 524-9777",
        "Fax": "(705) 524-8022",
        "Web_Site": "",
        "Dealer_Website_Enabled": "true",
        "Dealer_Website_Ranking": "0",
        "Customer_No": "400",
        "ShipTo_No": "31"
      }
    },
    {
      "type": "Feature",
      "dealerLocatorProfiles": [],
      "geometry": {
        "type": "Point",
        "coordinates": [
          -82.63979660,
          46.38052250
        ]
      },
      "properties": {
        "ID": "41961869-c7df-446d-b043-a3fe6a1f68d6",
        "Name": "Soo Mill &amp; Lumber Company Ltd",
        "Address1": "4 Kilborn Way",
        "Address2": "",
        "City": "Elliot Lake",
        "Province": "ON",
        "Postal_Code": "P5A 2T1",
        "Country": "Canada",
        "Phone": "(705) 759-0533",
        "Fax": "(705) 759-3901",
        "Web_Site": "",
        "Dealer_Website_Enabled": "true",
        "Dealer_Website_Ranking": "0",
        "Customer_No": "5500",
        "ShipTo_No": "2"
      }
    },
    {
      "type": "Feature",
      "dealerLocatorProfiles": [],
      "geometry": {
        "type": "Point",
        "coordinates": [
          -117.58343200,
          53.40480300
        ]
      },
      "properties": {
        "ID": "420caf18-c7bf-43be-a283-db1e3e3ec96e",
        "Name": "Hinton Lumber Co Ltd",
        "Address1": "251 Kelley Rd",
        "Address2": "",
        "City": "Hinton",
        "Province": "AB",
        "Postal_Code": "T7V 1H2",
        "Country": "Canada",
        "Phone": "",
        "Fax": "",
        "Web_Site": "",
        "Dealer_Website_Enabled": "true",
        "Customer_No": "2062",
        "ShipTo_No": "46"
      }
    },
    {
      "type": "Feature",
      "dealerLocatorProfiles": [],
      "geometry": {
        "type": "Point",
        "coordinates": [
          -81.18678220,
          42.92849720
        ]
      },
      "properties": {
        "ID": "42c65a34-cbcc-45ed-bb66-a50612465198",
        "Name": "Patene Limited London Branch",
        "Address1": "1125 Wilton Grove Road",
        "Address2": "",
        "City": "London",
        "Province": "ON",
        "Postal_Code": "N6N 1C9",
        "Country": "Canada",
        "Phone": "",
        "Fax": "",
        "Web_Site": "",
        "Dealer_Website_Enabled": "true",
        "Customer_No": "2062",
        "ShipTo_No": "337"
      }
    },
    {
      "type": "Feature",
      "dealerLocatorProfiles": [],
      "geometry": {
        "type": "Point",
        "coordinates": [
          -113.88723800,
          54.15311100
        ]
      },
      "properties": {
        "ID": "436f7486-4b1e-45c0-b298-2cdb1efdc03f",
        "Name": "Windsor Plywood (Westlock)",
        "Address1": "9008 - 100th Street",
        "Address2": "",
        "City": "Westlock",
        "Province": "AB",
        "Postal_Code": "T7P 2L4",
        "Country": "Canada",
        "Phone": "(780) 349-5115",
        "Fax": "(780) 349-6501",
        "Web_Site": "",
        "Dealer_Website_Enabled": "true",
        "Dealer_Website_Ranking": "0",
        "Customer_No": "2040",
        "ShipTo_No": "43"
      }
    },
    {
      "type": "Feature",
      "dealerLocatorProfiles": [],
      "geometry": {
        "type": "Point",
        "coordinates": [
          -99.08811000,
          49.55539000
        ]
      },
      "properties": {
        "ID": "4417b848-e058-4225-a33e-7354a765382c",
        "Name": "Truelove Building Supplies",
        "Address1": "Po Box 58",
        "Address2": "Railway Ave",
        "City": "Cypress River",
        "Province": "MB",
        "Postal_Code": "R0K 0P0",
        "Country": "Canada",
        "Phone": "(204) 743-2085",
        "Fax": "(204) 743-2015",
        "Web_Site": "",
        "Dealer_Website_Enabled": "true",
        "Dealer_Website_Ranking": "0",
        "Customer_No": "2070",
        "ShipTo_No": "131",
        "Primary_Contact": "Greg Truelove",
        "Route_#1": "true",
        "Route_#7": "true"
      }
    },
    {
      "type": "Feature",
      "dealerLocatorProfiles": [],
      "geometry": {
        "type": "Point",
        "coordinates": [
          -99.95264860,
          49.82680020
        ]
      },
      "properties": {
        "ID": "442ea74a-cb52-44f9-9ad6-710231176e25",
        "Name": "McMunn &amp; Yates - Brandon",
        "Address1": "1040 Richmond Ave",
        "Address2": "",
        "City": "Brandon",
        "Province": "MB",
        "Postal_Code": "R7A 1M6",
        "Country": "Canada",
        "Phone": "(204) 728-1986",
        "Fax": "(204) 726-1590",
        "Web_Site": "",
        "Dealer_Website_Enabled": "true",
        "Dealer_Website_Ranking": "0",
        "Customer_No": "3453",
        "ShipTo_No": "3"
      }
    },
    {
      "type": "Feature",
      "dealerLocatorProfiles": [],
      "geometry": {
        "type": "Point",
        "coordinates": [
          -112.86951510,
          49.42432060
        ]
      },
      "properties": {
        "ID": "44720abf-d740-4572-ae09-738f929c4855",
        "Name": "Magrath Home Hardware",
        "Address1": "86 - 1st Street West",
        "Address2": "BoX 206",
        "City": "Magrath",
        "Province": "AB",
        "Postal_Code": "T0K 1J0",
        "Country": "Canada",
        "Phone": "(403) 758-3065",
        "Fax": "(888) 397-8149",
        "Web_Site": "",
        "Dealer_Website_Enabled": "true",
        "Dealer_Website_Ranking": "0",
        "Customer_No": "2063",
        "ShipTo_No": "266"
      }
    },
    {
      "type": "Feature",
      "dealerLocatorProfiles": [],
      "geometry": {
        "type": "Point",
        "coordinates": [
          -79.71606160,
          43.86502980
        ]
      },
      "properties": {
        "ID": "44a1df7f-53b0-48e5-9f1d-48b5fe2eb4a4",
        "Name": "United Lumber Home Hardware",
        "Address1": "12833 Hwy 50 S",
        "Address2": "",
        "City": "Bolton",
        "Province": "ON",
        "Postal_Code": "L7E 1M5",
        "Country": "Canada",
        "Phone": "",
        "Fax": "",
        "Web_Site": "",
        "Dealer_Website_Enabled": "true",
        "Customer_No": "2063",
        "ShipTo_No": "472"
      }
    },
    {
      "type": "Feature",
      "dealerLocatorProfiles": [],
      "geometry": {
        "type": "Point",
        "coordinates": [
          -102.07577910,
          50.65685230
        ]
      },
      "properties": {
        "ID": "44ea21b5-982a-432f-bcdb-854a0901f537",
        "Name": "Big Lou&#39;s Lumber",
        "Address1": "405 Summer Street",
        "Address2": "PO Box 1300",
        "City": "Esterhazy",
        "Province": "SK",
        "Postal_Code": "S0A 0X0",
        "Country": "Canada",
        "Phone": "(306) 745-2600",
        "Fax": "(306) 745-6176",
        "Web_Site": "",
        "Dealer_Website_Enabled": "true",
        "Dealer_Website_Ranking": "0",
        "Customer_No": "2070",
        "ShipTo_No": "255"
      }
    },
    {
      "type": "Feature",
      "dealerLocatorProfiles": [],
      "geometry": {
        "type": "Point",
        "coordinates": [
          -99.95582300,
          49.82541440
        ]
      },
      "properties": {
        "ID": "450a1c8d-7178-4c80-afbc-b82ebb68a15d",
        "Name": "South End Lumber",
        "Address1": "1550 13th St",
        "Address2": "",
        "City": "Brandon",
        "Province": "MB",
        "Postal_Code": "R7A 4S8",
        "Country": "Canada",
        "Phone": "(204) 728-1570",
        "Fax": "(204) 571-1200",
        "Web_Site": "",
        "Dealer_Website_Enabled": "true",
        "Dealer_Website_Ranking": "0",
        "Customer_No": "2062",
        "ShipTo_No": "109"
      }
    },
    {
      "type": "Feature",
      "dealerLocatorProfiles": [],
      "geometry": {
        "type": "Point",
        "coordinates": [
          -113.96111080,
          52.02007790
        ]
      },
      "properties": {
        "ID": "46787e01-1f29-4021-8dd5-6c74e66eb4ab",
        "Name": "Central Alberta Co-op-Greenway",
        "Address1": "Greenway",
        "Address2": "35435 RR282",
        "City": "Red Deer County",
        "Province": "AB",
        "Postal_Code": "T4G 0E6",
        "Country": "Canada",
        "Phone": "(403) 227-3466",
        "Fax": "(403) 227-4482",
        "Web_Site": "",
        "Dealer_Website_Enabled": "true",
        "Dealer_Website_Ranking": "0",
        "Customer_No": "62156",
        "ShipTo_No": "94"
      }
    },
    {
      "type": "Feature",
      "dealerLocatorProfiles": [],
      "geometry": {
        "type": "Point",
        "coordinates": [
          -79.05347100,
          43.82278170
        ]
      },
      "properties": {
        "ID": "46b31d25-6a08-45a4-a0f1-d2947bc70524",
        "Name": "Convoy Supply Ltd - Pickering",
        "Address1": "1080 Squires Beach Road",
        "Address2": "",
        "City": "Pickering",
        "Province": "ON",
        "Postal_Code": "L1W 3N8",
        "Country": "Canada",
        "Phone": "(905) 426-7099",
        "Fax": "",
        "Web_Site": "",
        "Dealer_Website_Enabled": "true",
        "Dealer_Website_Ranking": "0",
        "Customer_No": "400",
        "ShipTo_No": "24"
      }
    },
    {
      "type": "Feature",
      "dealerLocatorProfiles": [],
      "geometry": {
        "type": "Point",
        "coordinates": [
          -104.59178610,
          52.85437660
        ]
      },
      "properties": {
        "ID": "46c12b19-85cd-487c-9845-ad175163329a",
        "Name": "Prairie North Co-op Lumber",
        "Address1": "Junction Hwy #3 &amp; #41A",
        "Address2": "Box 1450",
        "City": "Melfort",
        "Province": "SK",
        "Postal_Code": "S0E 1A0",
        "Country": "Canada",
        "Phone": "(306) 752-2896",
        "Fax": "(306) 752-5166",
        "Web_Site": "",
        "Dealer_Website_Enabled": "true",
        "Dealer_Website_Ranking": "0",
        "Customer_No": "62156",
        "ShipTo_No": "131",
        "SK__N_E_": "true"
      }
    },
    {
      "type": "Feature",
      "dealerLocatorProfiles": [],
      "geometry": {
        "type": "Point",
        "coordinates": [
          -97.55393600,
          49.10321470
        ]
      },
      "properties": {
        "ID": "46c7f0cd-6fcc-4bab-99ab-34ccd9da241d",
        "Name": "Sun Valley Co-op (Altona)",
        "Address1": "P.O. Box 790",
        "Address2": "142 Centre Ave W",
        "City": "Altona",
        "Province": "MB",
        "Postal_Code": "R0G 0B0",
        "Country": "Canada",
        "Phone": "(204) 324-6428",
        "Fax": "(204) 324-8924",
        "Web_Site": "",
        "Dealer_Website_Enabled": "true",
        "Dealer_Website_Ranking": "0",
        "Customer_No": "62156",
        "ShipTo_No": "218",
        "Primary_Contact": "Harv Hildebrandt",
        "Route_#2": "true"
      }
    },
    {
      "type": "Feature",
      "dealerLocatorProfiles": [],
      "geometry": {
        "type": "Point",
        "coordinates": [
          -81.61922190,
          42.95459850
        ]
      },
      "properties": {
        "ID": "46e3d6dc-fefc-4254-9d7a-bc8b13d2e19e",
        "Name": "Moffatt &amp; Powell Ltd",
        "Address1": "28460 Centre Road",
        "Address2": "",
        "City": "Strathroy",
        "Province": "ON",
        "Postal_Code": "N7G 3H6",
        "Country": "Canada",
        "Phone": "(519) 245-1360",
        "Fax": "(519) 245-3592",
        "Web_Site": "",
        "Dealer_Website_Enabled": "true",
        "Dealer_Website_Ranking": "0",
        "Customer_No": "3341",
        "ShipTo_No": "3"
      }
    },
    {
      "type": "Feature",
      "dealerLocatorProfiles": [],
      "geometry": {
        "type": "Point",
        "coordinates": [
          -82.82320480,
          42.07934740
        ]
      },
      "properties": {
        "ID": "47bb14eb-83f6-4a34-a75c-f2aaf6579728",
        "Name": "Kimball Lumber and Building Supplies Ltd",
        "Address1": "314 Rd 8 W, Corner Cty Rd 23",
        "Address2": "RR # 2 ( Arner townline)",
        "City": "Essex",
        "Province": "ON",
        "Postal_Code": "N8M 2X6",
        "Country": "Canada",
        "Phone": "(519) 776-6404",
        "Fax": "(519) 776-4486",
        "Web_Site": "",
        "Dealer_Website_Enabled": "true",
        "Dealer_Website_Ranking": "0",
        "Customer_No": "1500",
        "ShipTo_No": "93",
        "Primary_Contact": "Kevin Kimball"
      }
    },
    {
      "type": "Feature",
      "dealerLocatorProfiles": [],
      "geometry": {
        "type": "Point",
        "coordinates": [
          -130.32781460,
          54.31321750
        ]
      },
      "properties": {
        "ID": "4842ecd5-ff4e-47c2-b527-9e6305a16dd9",
        "Name": "Prince Rupert Home Hardware Building Centre",
        "Address1": "101 - 500 2nd Avenue West",
        "Address2": "Box 845",
        "City": "Prince Rupert",
        "Province": "BC",
        "Postal_Code": "V8J 3Y1",
        "Country": "Canada",
        "Phone": "(250) 624-4357",
        "Fax": "(250) 624-4350",
        "Web_Site": "",
        "Dealer_Website_Enabled": "true",
        "Dealer_Website_Ranking": "0",
        "Customer_No": "2063",
        "ShipTo_No": "265",
        "Primary_Contact": "Aaron Armstrong"
      }
    },
    {
      "type": "Feature",
      "dealerLocatorProfiles": [],
      "geometry": {
        "type": "Point",
        "coordinates": [
          -84.34966220,
          46.52965490
        ]
      },
      "properties": {
        "ID": "48829b29-24ef-483d-a27d-b86fabc35769",
        "Name": "Lyons TimberMart",
        "Address1": "500 Wellington Street West",
        "Address2": "",
        "City": "Sault Ste. Marie",
        "Province": "ON",
        "Postal_Code": "P6C 3T5",
        "Country": "Canada",
        "Phone": "(705) 759-1555",
        "Fax": "",
        "Web_Site": "",
        "Dealer_Website_Enabled": "true",
        "Dealer_Website_Ranking": "0",
        "Customer_No": "2062",
        "ShipTo_No": "329"
      }
    },
    {
      "type": "Feature",
      "dealerLocatorProfiles": [],
      "geometry": {
        "type": "Point",
        "coordinates": [
          -97.38616630,
          49.87398660
        ]
      },
      "properties": {
        "ID": "48bc0eb0-961f-47d9-a67a-eb4b02ad139f",
        "Name": "McMunn &amp; Yates",
        "Address1": "Distribution Center",
        "Address2": "5040 Portage Avenue",
        "City": "Headingley",
        "Province": "MB",
        "Postal_Code": "R4H 1C7",
        "Country": "Canada",
        "Phone": "",
        "Fax": "",
        "Web_Site": "",
        "Dealer_Website_Enabled": "true",
        "Customer_No": "3453",
        "ShipTo_No": "18"
      }
    },
    {
      "type": "Feature",
      "dealerLocatorProfiles": [],
      "geometry": {
        "type": "Point",
        "coordinates": [
          -105.99337920,
          51.26295200
        ]
      },
      "properties": {
        "ID": "48cd19de-61bf-49b9-a9ee-454d00d3238a",
        "Name": "Riverbend Co-op (Davidson)",
        "Address1": "P.O. Box 700",
        "Address2": "912 Railway",
        "City": "Davidson",
        "Province": "SK",
        "Postal_Code": "S0G 1A0",
        "Country": "Canada",
        "Phone": "(306) 567-2013",
        "Fax": "(306) 567-4314",
        "Web_Site": "",
        "Dealer_Website_Enabled": "true",
        "Dealer_Website_Ranking": "0",
        "Customer_No": "62156",
        "ShipTo_No": "49"
      }
    },
    {
      "type": "Feature",
      "dealerLocatorProfiles": [],
      "geometry": {
        "type": "Point",
        "coordinates": [
          -114.91552830,
          52.37305870
        ]
      },
      "properties": {
        "ID": "48cd4861-d9ce-4a5e-a701-c7a63c3e24ea",
        "Name": "Evergreen Coop - Rocky Mtn Hse",
        "Address1": "P.O. Box 9, 4323 - 45street",
        "Address2": "(Hiway)",
        "City": "Rocky Mountain House",
        "Province": "AB",
        "Postal_Code": "T4T 1A1",
        "Country": "Canada",
        "Phone": "(403) 845-2841",
        "Fax": "(403) 845-6570",
        "Web_Site": "",
        "Dealer_Website_Enabled": "true",
        "Dealer_Website_Ranking": "0",
        "Customer_No": "62156",
        "ShipTo_No": "191"
      }
    },
    {
      "type": "Feature",
      "dealerLocatorProfiles": [],
      "geometry": {
        "type": "Point",
        "coordinates": [
          -64.36466374426207,
          45.094569531229645
        ]
      },
      "properties": {
        "ID": "48eeb88a-f941-4b23-b015-553a8b90b03d",
        "Name": "RAFUSE HOME HARDWARE BLDG. CTR",
        "Address1": "180 Dykeland Street",
        "Address2": "",
        "City": "Wolfville",
        "Province": "NS",
        "Postal_Code": "E4W 3W6",
        "Country": "Canada",
        "Phone": "(902) 542-2211",
        "Fax": "(902) 542-7827",
        "Web_Site": "",
        "Dealer_Website_Enabled": "true",
        "Dealer_Website_Ranking": "0",
        "Customer_No": "2063",
        "ShipTo_No": "628"
      }
    },
    {
      "type": "Feature",
      "dealerLocatorProfiles": [],
      "geometry": {
        "type": "Point",
        "coordinates": [
          -82.88582060,
          42.30600670
        ]
      },
      "properties": {
        "ID": "494c627c-79bd-473a-b4fc-c9d86bae9d5b",
        "Name": "Tecumseh  HHBC",
        "Address1": "1613 Lesperance Road",
        "Address2": "HOURS 7AM-8PM",
        "City": "Tecumseh",
        "Province": "ON",
        "Postal_Code": "N8N 1Y2",
        "Country": "Canada",
        "Phone": "(519) 735-3400",
        "Fax": "(519) 735-3547",
        "Web_Site": "",
        "Dealer_Website_Enabled": "true",
        "Dealer_Website_Ranking": "0",
        "Customer_No": "2063",
        "ShipTo_No": "449"
      }
    },
    {
      "type": "Feature",
      "dealerLocatorProfiles": [],
      "geometry": {
        "type": "Point",
        "coordinates": [
          -122.79588900,
          53.90586000
        ]
      },
      "properties": {
        "ID": "495649dd-6149-4345-9af4-c22e375c2441",
        "Name": "Kenroc Bldg Mat. Prince George",
        "Address1": "1975 Robertson Road",
        "Address2": "",
        "City": "Prince George",
        "Province": "BC",
        "Postal_Code": "V2N 1X7",
        "Country": "Canada",
        "Phone": "(250) 562-7145",
        "Fax": "(250) 562-8398",
        "Web_Site": "",
        "Dealer_Website_Enabled": "true",
        "Dealer_Website_Ranking": "0",
        "Customer_No": "2070",
        "ShipTo_No": "342"
      }
    },
    {
      "type": "Feature",
      "dealerLocatorProfiles": [],
      "geometry": {
        "type": "Point",
        "coordinates": [
          -100.48906480,
          49.19389190
        ]
      },
      "properties": {
        "ID": "4982bc39-3076-4729-893b-ccc6841d9362",
        "Name": "Boundary Co-op (Deloraine)",
        "Address1": "PO Box 427, 407 N. Railway E.",
        "Address2": "",
        "City": "Deloraine",
        "Province": "MB",
        "Postal_Code": "R0M 0M0",
        "Country": "Canada",
        "Phone": "(204) 747-2226",
        "Fax": "(204) 747-3818",
        "Web_Site": "",
        "Dealer_Website_Enabled": "true",
        "Dealer_Website_Ranking": "0",
        "Customer_No": "62156",
        "ShipTo_No": "53",
        "Route_#4": "true"
      }
    },
    {
      "type": "Feature",
      "dealerLocatorProfiles": [],
      "geometry": {
        "type": "Point",
        "coordinates": [
          -113.37148070,
          52.96094470
        ]
      },
      "properties": {
        "ID": "4a1acaf1-fdea-4055-b733-0b7bbe95829e",
        "Name": "Wetaskiwin Home Bldg Centre",
        "Address1": "4010 48th St.",
        "Address2": "",
        "City": "Wetaskiwin",
        "Province": "AB",
        "Postal_Code": "T9A 2V4",
        "Country": "Canada",
        "Phone": "(780) 352-6053",
        "Fax": "(780) 352-1656",
        "Web_Site": "",
        "Dealer_Website_Enabled": "true",
        "Dealer_Website_Ranking": "0",
        "Customer_No": "2063",
        "ShipTo_No": "226"
      }
    },
    {
      "type": "Feature",
      "dealerLocatorProfiles": [],
      "geometry": {
        "type": "Point",
        "coordinates": [
          -119.38898300,
          49.91898030
        ]
      },
      "properties": {
        "ID": "4acbebd6-6499-4dc7-9dc4-69a731100f90",
        "Name": "Convoy Supply Ltd - Kelowna",
        "Address1": "125 Adams Road",
        "Address2": "",
        "City": "Kelowna",
        "Province": "BC",
        "Postal_Code": "V1V 1J9",
        "Country": "Canada",
        "Phone": "(250) 765-1441",
        "Fax": "(250) 765-2799",
        "Web_Site": "",
        "Dealer_Website_Enabled": "true",
        "Dealer_Website_Ranking": "0",
        "Customer_No": "400",
        "ShipTo_No": "7"
      }
    },
    {
      "type": "Feature",
      "dealerLocatorProfiles": [],
      "geometry": {
        "type": "Point",
        "coordinates": [
          -78.08668930,
          44.75292890
        ]
      },
      "properties": {
        "ID": "4b89a2ef-1a7e-4307-83ad-448fc03e1972",
        "Name": "Apsley HHBC",
        "Address1": "18 Tucker Street",
        "Address2": "HOURS 7AM-5PM",
        "City": "Apsley",
        "Province": "ON",
        "Postal_Code": "K0L 1A0",
        "Country": "Canada",
        "Phone": "(705) 656-4295",
        "Fax": "(705) 656-1625",
        "Web_Site": "",
        "Dealer_Website_Enabled": "true",
        "Dealer_Website_Ranking": "0",
        "Customer_No": "2063",
        "ShipTo_No": "380"
      }
    },
    {
      "type": "Feature",
      "dealerLocatorProfiles": [],
      "geometry": {
        "type": "Point",
        "coordinates": [
          -61.12503338483571,
          45.975033848049485
        ]
      },
      "properties": {
        "ID": "4ba55ba0-f548-4d4a-9891-81976b9b5c25",
        "Name": "Whycocomagh Home Building Ctr",
        "Address1": "9400 Trans Canada Hwy",
        "Address2": "PO Box 39",
        "City": "Whycocomagh",
        "Province": "NS",
        "Postal_Code": "E9A 1G4",
        "Country": "Canada",
        "Phone": "(902) 756-2520",
        "Fax": "(902) 756-3522",
        "Web_Site": "",
        "Dealer_Website_Enabled": "true",
        "Dealer_Website_Ranking": "0",
        "Customer_No": "2063",
        "ShipTo_No": "651"
      }
    },
    {
      "type": "Feature",
      "dealerLocatorProfiles": [],
      "geometry": {
        "type": "Point",
        "coordinates": [
          -81.00756950,
          44.15788970
        ]
      },
      "properties": {
        "ID": "4bc17778-0ae9-4ca5-ac5f-b627f6b339a9",
        "Name": "Hanover HHBC",
        "Address1": "580 24Th Ave",
        "Address2": "HOURS 7AM-5PM",
        "City": "Hanover",
        "Province": "ON",
        "Postal_Code": "N4N 3B8",
        "Country": "Canada",
        "Phone": "(519) 364-3410",
        "Fax": "(519) 364-7184",
        "Web_Site": "",
        "Dealer_Website_Enabled": "true",
        "Dealer_Website_Ranking": "0",
        "Customer_No": "2063",
        "ShipTo_No": "465"
      }
    },
    {
      "type": "Feature",
      "dealerLocatorProfiles": [],
      "geometry": {
        "type": "Point",
        "coordinates": [
          -113.49945990,
          53.47906020
        ]
      },
      "properties": {
        "ID": "4bfd324c-33f9-4a22-988e-56f6f446350a",
        "Name": "Rona H&amp;G 280 Edmonton South",
        "Address1": "10450 42nd Ave.",
        "Address2": "",
        "City": "Edmonton",
        "Province": "AB",
        "Postal_Code": "T6J 6X4",
        "Country": "Canada",
        "Phone": "",
        "Fax": "",
        "Web_Site": "",
        "Dealer_Website_Enabled": "true",
        "Customer_No": "43600",
        "ShipTo_No": "156"
      }
    },
    {
      "type": "Feature",
      "dealerLocatorProfiles": [],
      "geometry": {
        "type": "Point",
        "coordinates": [
          -74.7215946,
          45.03613
        ]
      },
      "properties": {
        "ID": "4c30778b-4b4c-49a1-a2b5-8837bcfefb59",
        "Name": "Emard Bros Lumber Co Ltd.",
        "Address1": "840 Tenth St. E.",
        "Address2": "HOURS 7AM-5PM",
        "City": "Cornwall",
        "Province": "ON",
        "Postal_Code": "K6H 7S2",
        "Country": "Canada",
        "Phone": "(613) 932-5660",
        "Fax": "(613) 932-5441",
        "Web_Site": "",
        "Dealer_Website_Enabled": "true",
        "Dealer_Website_Ranking": "0",
        "Customer_No": "4996",
        "ShipTo_No": "1",
        "Primary_Contact": "Andrew Emard"
      }
    },
    {
      "type": "Feature",
      "dealerLocatorProfiles": [],
      "geometry": {
        "type": "Point",
        "coordinates": [
          -77.12900750,
          45.79041500
        ]
      },
      "properties": {
        "ID": "4c810388-6e10-4775-ba26-66211680f79f",
        "Name": "C.A.Reiche &amp; Sons 7am-5pm",
        "Address1": "40901 Hwy 41 South, RR#4",
        "Address2": "",
        "City": "Pembroke",
        "Province": "ON",
        "Postal_Code": "K8A 6W5",
        "Country": "Canada",
        "Phone": "(613) 735-4104",
        "Fax": "(613) 735-0924",
        "Web_Site": "",
        "Dealer_Website_Enabled": "true",
        "Dealer_Website_Ranking": "0",
        "Customer_No": "1500",
        "ShipTo_No": "101"
      }
    },
    {
      "type": "Feature",
      "dealerLocatorProfiles": [],
      "geometry": {
        "type": "Point",
        "coordinates": [
          -115.01770110,
          53.59984800
        ]
      },
      "properties": {
        "ID": "4d18bb6f-fc0a-4731-863e-49753bb7f721",
        "Name": "Woodland Lumber &amp; Bldg Supply 413131 Alberta Ltd.",
        "Address1": "53314 RR75A",
        "Address2": "Box 87",
        "City": "Evansburg",
        "Province": "AB",
        "Postal_Code": "T0E 0T0",
        "Country": "Canada",
        "Phone": "(780) 727-2964",
        "Fax": "(780) 727-2220",
        "Web_Site": "",
        "Dealer_Website_Enabled": "true",
        "Dealer_Website_Ranking": "0",
        "Customer_No": "1500",
        "ShipTo_No": "77"
      }
    },
    {
      "type": "Feature",
      "dealerLocatorProfiles": [],
      "geometry": {
        "type": "Point",
        "coordinates": [
          -105.00894680,
          51.50878250
        ]
      },
      "properties": {
        "ID": "4e3941ce-5b5b-4862-b0ad-7c2d5979a904",
        "Name": "Last Mountain Co-op",
        "Address1": "P.O. Box 40",
        "Address2": "",
        "City": "Nokomis",
        "Province": "SK",
        "Postal_Code": "S0G 3R0",
        "Country": "Canada",
        "Phone": "",
        "Fax": "",
        "Web_Site": "",
        "Dealer_Website_Enabled": "true",
        "Customer_No": "62156",
        "ShipTo_No": "113"
      }
    },
    {
      "type": "Feature",
      "dealerLocatorProfiles": [],
      "geometry": {
        "type": "Point",
        "coordinates": [
          -109.20001010,
          53.63350320
        ]
      },
      "properties": {
        "ID": "4e74c9ab-23ab-4b9c-a24d-ac772eb04c0f",
        "Name": "Home Bldg Centre - St Walburg",
        "Address1": "Highway 26 South",
        "Address2": "",
        "City": "St Walburg",
        "Province": "SK",
        "Postal_Code": "S0M 2T0",
        "Country": "Canada",
        "Phone": "(306) 248-3223",
        "Fax": "(306) 248-3988",
        "Web_Site": "",
        "Dealer_Website_Enabled": "true",
        "Dealer_Website_Ranking": "0",
        "Customer_No": "2063",
        "ShipTo_No": "131"
      }
    },
    {
      "type": "Feature",
      "dealerLocatorProfiles": [],
      "geometry": {
        "type": "Point",
        "coordinates": [
          -113.46841760,
          53.48720920
        ]
      },
      "properties": {
        "ID": "4e855fb9-d290-4f1b-93e5-7fafdf4c5c6f",
        "Name": "Rona-Edmonton Southside (616)",
        "Address1": "9115 51st Avenue",
        "Address2": "",
        "City": "Edmonton",
        "Province": "AB",
        "Postal_Code": "T6E 6J3",
        "Country": "Canada",
        "Phone": "(780) 438-0006",
        "Fax": "(780) 438-0926",
        "Web_Site": "",
        "Dealer_Website_Enabled": "true",
        "Dealer_Website_Ranking": "0",
        "Customer_No": "43600",
        "ShipTo_No": "153"
      }
    },
    {
      "type": "Feature",
      "dealerLocatorProfiles": [],
      "geometry": {
        "type": "Point",
        "coordinates": [
          -100.02388400,
          54.87941410
        ]
      },
      "properties": {
        "ID": "4ef34462-6090-4d82-ae14-4e9966d889b5",
        "Name": "Snow Lake Home Bldg Centre",
        "Address1": "88 Balsam Street, P.O. Box 10",
        "Address2": "",
        "City": "Snow Lake",
        "Province": "MB",
        "Postal_Code": "R0B 1M0",
        "Country": "Canada",
        "Phone": "(204) 358-2343",
        "Fax": "(204) 358-2770",
        "Web_Site": "",
        "Dealer_Website_Enabled": "true",
        "Dealer_Website_Ranking": "0",
        "Customer_No": "2063",
        "ShipTo_No": "178",
        "Primary_Contact": "Dave Mayer"
      }
    },
    {
      "type": "Feature",
      "dealerLocatorProfiles": [],
      "geometry": {
        "type": "Point",
        "coordinates": [
          -104.29901000,
          49.46384000
        ]
      },
      "properties": {
        "ID": "4f50a0a7-4008-447b-8877-a3871b65bc2f",
        "Name": "Radville Co-op",
        "Address1": "P.O. Box 10",
        "Address2": "",
        "City": "Radville",
        "Province": "SK",
        "Postal_Code": "S0C 2G0",
        "Country": "Canada",
        "Phone": "(306) 869-2222",
        "Fax": "(306) 869-4357",
        "Web_Site": "",
        "Dealer_Website_Enabled": "true",
        "Dealer_Website_Ranking": "0",
        "Customer_No": "62156",
        "ShipTo_No": "183"
      }
    },
    {
      "type": "Feature",
      "dealerLocatorProfiles": [],
      "geometry": {
        "type": "Point",
        "coordinates": [
          -79.71273080,
          44.41328950
        ]
      },
      "properties": {
        "ID": "4ffd2097-e0dd-432c-b6d7-a82d3975589b",
        "Name": "United Lumber Home Hardware - Barrie North",
        "Address1": "520 Bayfield Street North",
        "Address2": "",
        "City": "Barrie",
        "Province": "ON",
        "Postal_Code": "L4M 5A2",
        "Country": "Canada",
        "Phone": "(705) 726-8132",
        "Fax": "(705) 726-0897",
        "Web_Site": "",
        "Dealer_Website_Enabled": "true",
        "Dealer_Website_Ranking": "0",
        "Customer_No": "2063",
        "ShipTo_No": "403"
      }
    },
    {
      "type": "Feature",
      "dealerLocatorProfiles": [],
      "geometry": {
        "type": "Point",
        "coordinates": [
          -80.03998380,
          48.15777150
        ]
      },
      "properties": {
        "ID": "50627c3f-41a4-4632-96bf-a620d56cee2c",
        "Name": "AA Breault Bldg &amp; Masonry",
        "Address1": "50 Goodfish Road",
        "Address2": "PO Box 188",
        "City": "Kirkland Lake",
        "Province": "ON",
        "Postal_Code": "P2N 1H7",
        "Country": "Canada",
        "Phone": "(705) 567-5359",
        "Fax": "(705) 567-5972",
        "Web_Site": "",
        "Dealer_Website_Enabled": "true",
        "Dealer_Website_Ranking": "0",
        "Customer_No": "1500",
        "ShipTo_No": "113"
      }
    },
    {
      "type": "Feature",
      "dealerLocatorProfiles": [],
      "geometry": {
        "type": "Point",
        "coordinates": [
          -108.00079600,
          51.54798590
        ]
      },
      "properties": {
        "ID": "507c03ce-7618-4ae2-8307-344b541c31d1",
        "Name": "Central Plains Co-op Rosetown Home Center",
        "Address1": "310 HWY 7 West",
        "Address2": "Box 970",
        "City": "Rosetown",
        "Province": "SK",
        "Postal_Code": "S0L 2V0",
        "Country": "Canada",
        "Phone": "(306) 882-2607",
        "Fax": "(306) 882-2293",
        "Web_Site": "",
        "Dealer_Website_Enabled": "true",
        "Dealer_Website_Ranking": "0",
        "Customer_No": "62156",
        "ShipTo_No": "391"
      }
    },
    {
      "type": "Feature",
      "dealerLocatorProfiles": [],
      "geometry": {
        "type": "Point",
        "coordinates": [
          -83.39309448351943,
          46.293512797224565
        ]
      },
      "properties": {
        "ID": "508dea09-a689-4374-8bd8-7dece24ab8a3",
        "Name": "Rosenberg Builders Supply Ltd 7:00am - 5:00pm",
        "Address1": "15345 Hwy 17 East",
        "Address2": "",
        "City": "Thessalon",
        "Province": "ON",
        "Postal_Code": "P0R 1L0",
        "Country": "Canada",
        "Phone": "(705) 842-2303",
        "Fax": "(705) 842-0792",
        "Web_Site": "",
        "Dealer_Website_Enabled": "true",
        "Dealer_Website_Ranking": "0",
        "Customer_No": "2070",
        "ShipTo_No": "314"
      }
    },
    {
      "type": "Feature",
      "dealerLocatorProfiles": [],
      "geometry": {
        "type": "Point",
        "coordinates": [
          -99.52055570,
          51.05279480
        ]
      },
      "properties": {
        "ID": "50bd282c-9a6c-4d15-a567-b97e7548382c",
        "Name": "McMunn &amp; Yates - Ste. Rose",
        "Address1": "Box 150",
        "Address2": "",
        "City": "Ste. Rose",
        "Province": "MB",
        "Postal_Code": "R0L 1S0",
        "Country": "Canada",
        "Phone": "(204) 447-3152",
        "Fax": "(204) 447-2332",
        "Web_Site": "",
        "Dealer_Website_Enabled": "true",
        "Dealer_Website_Ranking": "0",
        "Customer_No": "3453",
        "ShipTo_No": "10",
        "Route_#3": "true"
      }
    },
    {
      "type": "Feature",
      "dealerLocatorProfiles": [],
      "geometry": {
        "type": "Point",
        "coordinates": [
          -120.37122130,
          50.66618000
        ]
      },
      "properties": {
        "ID": "50c01470-348b-4739-8aa6-b0c2bf290b46",
        "Name": "Home Depot Canada - Kamloops",
        "Address1": "1020 Hillside Drive",
        "Address2": "Store #7144",
        "City": "Kamloops",
        "Province": "BC",
        "Postal_Code": "V2E 2S5",
        "Country": "Canada",
        "Phone": "(250) 371-4300",
        "Fax": "(250) 371-4309",
        "Web_Site": "",
        "Dealer_Website_Enabled": "true",
        "Dealer_Website_Ranking": "0",
        "Customer_No": "199909",
        "ShipTo_No": "7"
      }
    },
    {
      "type": "Feature",
      "dealerLocatorProfiles": [],
      "geometry": {
        "type": "Point",
        "coordinates": [
          -95.97248080,
          49.95316140
        ]
      },
      "properties": {
        "ID": "50d1e142-4ddc-43cf-992a-9c58bbf7a59a",
        "Name": "Whitemouth Home Hardware Building Centre",
        "Address1": "155 Railway Avenue,   Box 247",
        "Address2": "",
        "City": "Whitemouth",
        "Province": "MB",
        "Postal_Code": "R0E 2G0",
        "Country": "Canada",
        "Phone": "(204) 348-2638",
        "Fax": "(204) 348-7150",
        "Web_Site": "",
        "Dealer_Website_Enabled": "true",
        "Dealer_Website_Ranking": "0",
        "Customer_No": "2063",
        "ShipTo_No": "185",
        "Route_#1": "true",
        "Route_#7": "true"
      }
    },
    {
      "type": "Feature",
      "dealerLocatorProfiles": [],
      "geometry": {
        "type": "Point",
        "coordinates": [
          -98.34381580,
          51.18398820
        ]
      },
      "properties": {
        "ID": "518c8ac0-381c-4e87-a66a-0851897414f1",
        "Name": "Ashern Home Hardware",
        "Address1": "28 Railway Avenue",
        "Address2": "Box 460",
        "City": "Ashern",
        "Province": "MB",
        "Postal_Code": "R0C 0E0",
        "Country": "Canada",
        "Phone": "(204) 768-2541",
        "Fax": "(204) 768-2629",
        "Web_Site": "",
        "Dealer_Website_Enabled": "true",
        "Dealer_Website_Ranking": "0",
        "Customer_No": "2063",
        "ShipTo_No": "273"
      }
    },
    {
      "type": "Feature",
      "dealerLocatorProfiles": [],
      "geometry": {
        "type": "Point",
        "coordinates": [
          -107.03122380,
          53.83303720
        ]
      },
      "properties": {
        "ID": "51dad800-9b45-42f2-8ea1-89f7798156e5",
        "Name": "Lake Country Co-op(Big River)",
        "Address1": "Box 238, 100-4th Ave. S.",
        "Address2": "",
        "City": "Big River",
        "Province": "SK",
        "Postal_Code": "S0J 0E0",
        "Country": "Canada",
        "Phone": "(306) 469-2014",
        "Fax": "(306) 469-4548",
        "Web_Site": "",
        "Dealer_Website_Enabled": "true",
        "Dealer_Website_Ranking": "0",
        "Customer_No": "62156",
        "ShipTo_No": "19",
        "Primary_Contact": "Eugene Michel"
      }
    },
    {
      "type": "Feature",
      "dealerLocatorProfiles": [],
      "geometry": {
        "type": "Point",
        "coordinates": [
          -111.69674960,
          52.77650350
        ]
      },
      "properties": {
        "ID": "527a715c-58cb-460f-befa-ce4247b4bbe3",
        "Name": "Wild Rose Co-op (Sedgewick)",
        "Address1": "4802 49th Ave",
        "Address2": "TWP 12473 RR 441",
        "City": "Sedgewick",
        "Province": "AB",
        "Postal_Code": "T0B 4C0",
        "Country": "Canada",
        "Phone": "(780) 384-3679",
        "Fax": "",
        "Web_Site": "",
        "Dealer_Website_Enabled": "true",
        "Dealer_Website_Ranking": "0",
        "Customer_No": "62156",
        "ShipTo_No": "196"
      }
    },
    {
      "type": "Feature",
      "dealerLocatorProfiles": [],
      "geometry": {
        "type": "Point",
        "coordinates": [
          -109.39017620,
          52.08186180
        ]
      },
      "properties": {
        "ID": "52eae921-35ea-4827-8c45-6a700e4efaac",
        "Name": "Delta Co-op (Luseland)",
        "Address1": "Box 398",
        "Address2": "",
        "City": "Luseland",
        "Province": "SK",
        "Postal_Code": "S0L 2A0",
        "Country": "Canada",
        "Phone": "(306) 372-4426",
        "Fax": "(306) 372-4755",
        "Web_Site": "",
        "Dealer_Website_Enabled": "true",
        "Dealer_Website_Ranking": "0",
        "Customer_No": "62156",
        "ShipTo_No": "277",
        "Primary_Contact": "Jeff Boser"
      }
    },
    {
      "type": "Feature",
      "dealerLocatorProfiles": [],
      "geometry": {
        "type": "Point",
        "coordinates": [
          -114.0097024,
          51.2884736
        ]
      },
      "properties": {
        "ID": "5379c9f1-7718-4380-a0cf-2abea6ba6ecd",
        "Name": "U.F.A. Hanna",
        "Address1": "604 1 Ave. West",
        "Address2": "",
        "City": "Hanna",
        "Province": "AB",
        "Postal_Code": "T0J 1P0",
        "Country": "Canada",
        "Phone": "(403) 854-4441",
        "Fax": "(403) 854-4997",
        "Web_Site": "",
        "Dealer_Website_Enabled": "true",
        "Dealer_Website_Ranking": "0",
        "Customer_No": "2070",
        "ShipTo_No": "170"
      }
    },
    {
      "type": "Feature",
      "dealerLocatorProfiles": [],
      "geometry": {
        "type": "Point",
        "coordinates": [
          -123.59292830,
          48.69569900
        ]
      },
      "properties": {
        "ID": "5396f167-ba8c-4da3-960e-e728ca33a7b5",
        "Name": "Rona Home Centre-Cobble Hill",
        "Address1": "3730 Trans Canada Hwy",
        "Address2": "P.O. Box 70",
        "City": "Cobble Hill",
        "Province": "BC",
        "Postal_Code": "V8H 0H9",
        "Country": "Canada",
        "Phone": "(250) 743-7573",
        "Fax": "(250) 743-0563",
        "Web_Site": "",
        "Dealer_Website_Enabled": "true",
        "Dealer_Website_Ranking": "0",
        "Customer_No": "43600",
        "ShipTo_No": "50",
        "Primary_Contact": "Andy Scheres"
      }
    },
    {
      "type": "Feature",
      "dealerLocatorProfiles": [],
      "geometry": {
        "type": "Point",
        "coordinates": [
          -118.83012580,
          55.16365090
        ]
      },
      "properties": {
        "ID": "53a2c4aa-a7d7-4e93-b5f3-6e7d03de9567",
        "Name": "Windsor Plywood (Grande Prairi e)",
        "Address1": "11066 - 92nd Avenue",
        "Address2": "",
        "City": "Grande Prairie",
        "Province": "AB",
        "Postal_Code": "T8V 6B5",
        "Country": "Canada",
        "Phone": "(780) 538-9663",
        "Fax": "(780) 532-4477",
        "Web_Site": "",
        "Dealer_Website_Enabled": "true",
        "Dealer_Website_Ranking": "0",
        "Customer_No": "2040",
        "ShipTo_No": "40"
      }
    },
    {
      "type": "Feature",
      "dealerLocatorProfiles": [],
      "geometry": {
        "type": "Point",
        "coordinates": [
          -122.88682730,
          49.13625370
        ]
      },
      "properties": {
        "ID": "53b0a7a5-52b3-4c0a-bbaa-f45951e4c2f5",
        "Name": "Home Depot Canada - S. Surrey",
        "Address1": "7350 120th Street",
        "Address2": "",
        "City": "South Surrey",
        "Province": "BC",
        "Postal_Code": "V3W 3M9",
        "Country": "Canada",
        "Phone": "(604) 590-3546",
        "Fax": "(604) 590-8052",
        "Web_Site": "",
        "Dealer_Website_Enabled": "true",
        "Dealer_Website_Ranking": "0",
        "Customer_No": "199909",
        "ShipTo_No": "31"
      }
    },
    {
      "type": "Feature",
      "dealerLocatorProfiles": [],
      "geometry": {
        "type": "Point",
        "coordinates": [
          -119.549429,
          49.1834
        ]
      },
      "properties": {
        "ID": "53c6e5bf-9a92-4570-9690-23bbe17dce80",
        "Name": "Ace Oliver Okanagan H&amp;S Okanagan H&amp;S Enterprises Inc",
        "Address1": "6240 Station Street",
        "Address2": "Box 959",
        "City": "Oliver",
        "Province": "BC",
        "Postal_Code": "V0H 1T0",
        "Country": "Canada",
        "Phone": "(250) 498-4682",
        "Fax": "(250) 498-6300",
        "Web_Site": "",
        "Dealer_Website_Enabled": "true",
        "Dealer_Website_Ranking": "0",
        "Customer_No": "2070",
        "ShipTo_No": "371"
      }
    },
    {
      "type": "Feature",
      "dealerLocatorProfiles": [],
      "geometry": {
        "type": "Point",
        "coordinates": [
          -101.28757660,
          50.77642810
        ]
      },
      "properties": {
        "ID": "54091b1a-7f28-4cc2-8594-e6da39dc1144",
        "Name": "Twin Valley Co-op - Russell",
        "Address1": "P.O. Box 1570, 227 Main St S.",
        "Address2": "",
        "City": "Russell",
        "Province": "MB",
        "Postal_Code": "R0J 1W0",
        "Country": "Canada",
        "Phone": "(204) 773-3917",
        "Fax": "(204) 773-3897",
        "Web_Site": "",
        "Dealer_Website_Enabled": "true",
        "Dealer_Website_Ranking": "0",
        "Customer_No": "62156",
        "ShipTo_No": "252",
        "Primary_Contact": "Christopher Singleton",
        "Route_#3": "true"
      }
    },
    {
      "type": "Feature",
      "dealerLocatorProfiles": [],
      "geometry": {
        "type": "Point",
        "coordinates": [
          -124.99526050,
          49.69029020
        ]
      },
      "properties": {
        "ID": "5475fe8f-407c-460d-99d6-0e12428c42fb",
        "Name": "Central Builders-Courtenay",
        "Address1": "610 Anderton Avenue",
        "Address2": "",
        "City": "Courtenay",
        "Province": "BC",
        "Postal_Code": "V9N 2H3",
        "Country": "Canada",
        "Phone": "(250) 334-4416",
        "Fax": "(250) 338-0177",
        "Web_Site": "",
        "Dealer_Website_Enabled": "true",
        "Dealer_Website_Ranking": "0",
        "Customer_No": "2063",
        "ShipTo_No": "27",
        "Primary_Contact": "OPEN",
        "TC2__Island": "true"
      }
    },
    {
      "type": "Feature",
      "dealerLocatorProfiles": [],
      "geometry": {
        "type": "Point",
        "coordinates": [
          -104.21308410,
          50.94548270
        ]
      },
      "properties": {
        "ID": "548821eb-e91b-49c5-a832-538b6232eed0",
        "Name": "Prairie Co-op (Cupar)",
        "Address1": "Hwy 22 &amp; Lansdowne St",
        "Address2": "new location",
        "City": "Cupar",
        "Province": "SK",
        "Postal_Code": "S0G 0Y0",
        "Country": "Canada",
        "Phone": "",
        "Fax": "",
        "Web_Site": "",
        "Dealer_Website_Enabled": "true",
        "Customer_No": "62156",
        "ShipTo_No": "420"
      }
    },
    {
      "type": "Feature",
      "dealerLocatorProfiles": [],
      "geometry": {
        "type": "Point",
        "coordinates": [
          -112.86131380,
          53.01638510
        ]
      },
      "properties": {
        "ID": "54c301b8-34ab-49b0-8194-62e5d08b45d6",
        "Name": "Hauser Home Building Centre",
        "Address1": "6809 - 48 Ave.",
        "Address2": "",
        "City": "Camrose",
        "Province": "AB",
        "Postal_Code": "T4V 4W1",
        "Country": "Canada",
        "Phone": "(780) 672-8818",
        "Fax": "(780) 672-1002",
        "Web_Site": "",
        "Dealer_Website_Enabled": "true",
        "Dealer_Website_Ranking": "0",
        "Customer_No": "2063",
        "ShipTo_No": "16"
      }
    },
    {
      "type": "Feature",
      "dealerLocatorProfiles": [],
      "geometry": {
        "type": "Point",
        "coordinates": [
          -79.36643890,
          44.31413220
        ]
      },
      "properties": {
        "ID": "54d7051a-d0ba-4c82-adfc-0ae51ae603f2",
        "Name": "Schell Lumber",
        "Address1": "20971 Dalton Road",
        "Address2": "PO Box 187",
        "City": "Sutton West",
        "Province": "ON",
        "Postal_Code": "L0E 1R0",
        "Country": "Canada",
        "Phone": "(905) 722-6561",
        "Fax": "(905) 722-9919",
        "Web_Site": "",
        "Dealer_Website_Enabled": "true",
        "Dealer_Website_Ranking": "0",
        "Customer_No": "2063",
        "ShipTo_No": "384",
        "Primary_Contact": "Dale Catherwood"
      }
    },
    {
      "type": "Feature",
      "dealerLocatorProfiles": [],
      "geometry": {
        "type": "Point",
        "coordinates": [
          -113.8406882,
          52.2906882
        ]
      },
      "properties": {
        "ID": "54e0b019-62ea-4838-bfc8-d8bb3fb461fa",
        "Name": "Convoy Supply Ltd - Red Deer",
        "Address1": "6733 65 Avenue",
        "Address2": "",
        "City": "Red Deer",
        "Province": "AB",
        "Postal_Code": "T4P 1X5",
        "Country": "Canada",
        "Phone": "(403) 358-3411",
        "Fax": "(403) 358-3456",
        "Web_Site": "",
        "Dealer_Website_Enabled": "true",
        "Dealer_Website_Ranking": "0",
        "Customer_No": "400",
        "ShipTo_No": "18"
      }
    },
    {
      "type": "Feature",
      "dealerLocatorProfiles": [],
      "geometry": {
        "type": "Point",
        "coordinates": [
          -81.38367490,
          44.44413870
        ]
      },
      "properties": {
        "ID": "550565bb-4aa8-4cf9-be9b-21e491cf355c",
        "Name": "Port Elgin Home Hardware Building Centre",
        "Address1": "924 Goderich Street",
        "Address2": "HOURS 7:30AM-4PM",
        "City": "Port Elgin",
        "Province": "ON",
        "Postal_Code": "N0H 2C0",
        "Country": "Canada",
        "Phone": "(519) 832-2466",
        "Fax": "",
        "Web_Site": "",
        "Dealer_Website_Enabled": "true",
        "Dealer_Website_Ranking": "0",
        "Customer_No": "2063",
        "ShipTo_No": "331"
      }
    },
    {
      "type": "Feature",
      "dealerLocatorProfiles": [],
      "geometry": {
        "type": "Point",
        "coordinates": [
          -97.06547440,
          49.90615640
        ]
      },
      "properties": {
        "ID": "557d5745-1449-420c-8ffc-9aa29cb71308",
        "Name": "RONA+Winnipeg East",
        "Address1": "775 Panet Road",
        "Address2": "",
        "City": "Winnipeg",
        "Province": "MB",
        "Postal_Code": "R2K 4C6",
        "Country": "Canada",
        "Phone": "(204) 663-7389",
        "Fax": "(204) 661-3352",
        "Web_Site": "",
        "Dealer_Website_Enabled": "true",
        "Dealer_Website_Ranking": "0",
        "Customer_No": "43600",
        "ShipTo_No": "122"
      }
    },
    {
      "type": "Feature",
      "dealerLocatorProfiles": [],
      "geometry": {
        "type": "Point",
        "coordinates": [
          -100.69827640,
          51.17155140
        ]
      },
      "properties": {
        "ID": "55dac198-a901-47d2-8a80-932115f516ee",
        "Name": "McMunn &amp; Yates - Grandview",
        "Address1": "114 Railway Avenue North",
        "Address2": "",
        "City": "Grandview",
        "Province": "MB",
        "Postal_Code": "R0L 0Y0",
        "Country": "Canada",
        "Phone": "(204) 546-2020",
        "Fax": "(204) 546-3041",
        "Web_Site": "",
        "Dealer_Website_Enabled": "true",
        "Dealer_Website_Ranking": "0",
        "Customer_No": "3453",
        "ShipTo_No": "6",
        "Primary_Contact": "Ron Koroway",
        "Route_#3": "true"
      }
    },
    {
      "type": "Feature",
      "dealerLocatorProfiles": [],
      "geometry": {
        "type": "Point",
        "coordinates": [
          -114.92167100,
          52.37249110
        ]
      },
      "properties": {
        "ID": "560bfd3a-8543-46cb-85df-c20bfebe14c5",
        "Name": "Rocky Mtn. House Home Bldg.Cen",
        "Address1": "Box 220",
        "Address2": "",
        "City": "Rocky Mountain House",
        "Province": "AB",
        "Postal_Code": "T4T 1A2",
        "Country": "Canada",
        "Phone": "(403) 845-3550",
        "Fax": "(403) 845-3551",
        "Web_Site": "",
        "Dealer_Website_Enabled": "true",
        "Dealer_Website_Ranking": "0",
        "Customer_No": "2063",
        "ShipTo_No": "119"
      }
    },
    {
      "type": "Feature",
      "dealerLocatorProfiles": [],
      "geometry": {
        "type": "Point",
        "coordinates": [
          -123.71927990,
          48.80256510
        ]
      },
      "properties": {
        "ID": "56199efc-4bba-4a49-b940-9261dd6f1ed7",
        "Name": "Home Depot Canada - Duncan",
        "Address1": "1 - 2980 Drinkwater Road",
        "Address2": "Store #7272",
        "City": "Duncan",
        "Province": "BC",
        "Postal_Code": "V9L 6C6",
        "Country": "Canada",
        "Phone": "(250) 737-2360",
        "Fax": "(250) 737-2384",
        "Web_Site": "",
        "Dealer_Website_Enabled": "true",
        "Dealer_Website_Ranking": "0",
        "Customer_No": "199909",
        "ShipTo_No": "17",
        "Primary_Contact": "Allison Thompson"
      }
    },
    {
      "type": "Feature",
      "dealerLocatorProfiles": [],
      "geometry": {
        "type": "Point",
        "coordinates": [
          -105.12288650,
          52.20197300
        ]
      },
      "properties": {
        "ID": "5624fbb2-c1ec-4cbd-aaf2-0e80a754bce3",
        "Name": "Humboldt Home Bldg. Centre",
        "Address1": "Highway #5 East, Box 490",
        "Address2": "",
        "City": "Humboldt",
        "Province": "SK",
        "Postal_Code": "S0K 2A0",
        "Country": "Canada",
        "Phone": "(306) 682-5565",
        "Fax": "(306) 682-3979",
        "Web_Site": "",
        "Dealer_Website_Enabled": "true",
        "Dealer_Website_Ranking": "0",
        "Customer_No": "2063",
        "ShipTo_No": "174"
      }
    },
    {
      "type": "Feature",
      "dealerLocatorProfiles": [],
      "geometry": {
        "type": "Point",
        "coordinates": [
          -80.77950590,
          43.33904950
        ]
      },
      "properties": {
        "ID": "5739bb74-345d-43af-bc1d-dd7d6579f646",
        "Name": "Yantzi HBC 7.30am-5pm",
        "Address1": "985434 Perth Oxford Rd",
        "Address2": "",
        "City": "Tavistock",
        "Province": "ON",
        "Postal_Code": "N0B 2R0",
        "Country": "Canada",
        "Phone": "(519) 655-2014",
        "Fax": "",
        "Web_Site": "",
        "Dealer_Website_Enabled": "true",
        "Dealer_Website_Ranking": "0",
        "Customer_No": "2063",
        "ShipTo_No": "505"
      }
    },
    {
      "type": "Feature",
      "dealerLocatorProfiles": [],
      "geometry": {
        "type": "Point",
        "coordinates": [
          -114.46732210,
          51.18379500
        ]
      },
      "properties": {
        "ID": "57a8d976-ee6d-4c95-b5dc-dc04e3aef35c",
        "Name": "Howes Bros (Cochrane)",
        "Address1": "Po Box 35",
        "Address2": "249 River Ave",
        "City": "Cochrane",
        "Province": "AB",
        "Postal_Code": "T0L 0W0",
        "Country": "Canada",
        "Phone": "",
        "Fax": "",
        "Web_Site": "",
        "Dealer_Website_Enabled": "true",
        "Customer_No": "2070",
        "ShipTo_No": "53"
      }
    },
    {
      "type": "Feature",
      "dealerLocatorProfiles": [],
      "geometry": {
        "type": "Point",
        "coordinates": [
          -75.71627790,
          44.60375510
        ]
      },
      "properties": {
        "ID": "57d2a3a0-560b-4d99-aade-59707d554044",
        "Name": "Brockville HHBC 7:00 am - 4:00 pm",
        "Address1": "584 Stewart Blvd",
        "Address2": "7:00 am - 4:00 pm",
        "City": "Brockville",
        "Province": "ON",
        "Postal_Code": "K6V 5T4",
        "Country": "Canada",
        "Phone": "(613) 342-4421",
        "Fax": "(613) 342-2675",
        "Web_Site": "",
        "Dealer_Website_Enabled": "true",
        "Dealer_Website_Ranking": "0",
        "Customer_No": "2063",
        "ShipTo_No": "417",
        "Primary_Contact": "Hugh Patterson"
      }
    },
    {
      "type": "Feature",
      "dealerLocatorProfiles": [],
      "geometry": {
        "type": "Point",
        "coordinates": [
          -105.52205520,
          50.41263700
        ]
      },
      "properties": {
        "ID": "57fb41b1-b9ef-4e85-8601-bc99562489b7",
        "Name": "Westrum Lumber Ltd",
        "Address1": "4 Highland Road",
        "Address2": "",
        "City": "Moose Jaw",
        "Province": "SK",
        "Postal_Code": "S6J 1M4",
        "Country": "Canada",
        "Phone": "(306) 692-7255",
        "Fax": "(306) 692-7933",
        "Web_Site": "",
        "Dealer_Website_Enabled": "true",
        "Dealer_Website_Ranking": "0",
        "Customer_No": "2062",
        "ShipTo_No": "342",
        "Primary_Contact": "Aron Roney"
      }
    },
    {
      "type": "Feature",
      "dealerLocatorProfiles": [],
      "geometry": {
        "type": "Point",
        "coordinates": [
          -107.52140660,
          51.48695300
        ]
      },
      "properties": {
        "ID": "585fa091-7971-4b0a-bc7f-06abf65bbe10",
        "Name": "B &amp; R Lumber Supplies",
        "Address1": "",
        "Address2": "",
        "City": "Milden",
        "Province": "SK",
        "Postal_Code": "S0C 1S0",
        "Country": "Canada",
        "Phone": "(306) 935-2122",
        "Fax": "(306) 935-2125",
        "Web_Site": "",
        "Dealer_Website_Enabled": "true",
        "Dealer_Website_Ranking": "0",
        "Customer_No": "2070",
        "ShipTo_No": "248",
        "SK__S_W_": "true"
      }
    },
    {
      "type": "Feature",
      "dealerLocatorProfiles": [],
      "geometry": {
        "type": "Point",
        "coordinates": [
          -105.45084710,
          51.66966810
        ]
      },
      "properties": {
        "ID": "5873ff94-915b-4fab-b40e-8633141e0099",
        "Name": "Watrous Home Building Centre",
        "Address1": "802-4th Ave. East, Po Box 793",
        "Address2": "",
        "City": "Watrous",
        "Province": "SK",
        "Postal_Code": "S0K 4T0",
        "Country": "Canada",
        "Phone": "(306) 946-3325",
        "Fax": "(306) 946-2442",
        "Web_Site": "",
        "Dealer_Website_Enabled": "true",
        "Dealer_Website_Ranking": "0",
        "Customer_No": "2063",
        "ShipTo_No": "184"
      }
    },
    {
      "type": "Feature",
      "dealerLocatorProfiles": [],
      "geometry": {
        "type": "Point",
        "coordinates": [
          -123.01705040,
          49.26310580
        ]
      },
      "properties": {
        "ID": "590306ac-e3f9-49a1-95c9-0d6195d01174",
        "Name": "Home Depot Canada - Burnaby",
        "Address1": "3950 Henning Dr.",
        "Address2": "Store 7047",
        "City": "Burnaby",
        "Province": "BC",
        "Postal_Code": "V5C 6M2",
        "Country": "Canada",
        "Phone": "(604) 294-3030",
        "Fax": "",
        "Web_Site": "",
        "Dealer_Website_Enabled": "true",
        "Dealer_Website_Ranking": "0",
        "Customer_No": "199909",
        "ShipTo_No": "28"
      }
    },
    {
      "type": "Feature",
      "dealerLocatorProfiles": [],
      "geometry": {
        "type": "Point",
        "coordinates": [
          -113.71503080,
          52.47377330
        ]
      },
      "properties": {
        "ID": "592e75fa-50cd-4fe8-a3ff-95fcde0e3948",
        "Name": "Wolf Creek Building Supplies",
        "Address1": "Box 5808",
        "Address2": "5645 Wolf Creek Drive",
        "City": "Lacombe",
        "Province": "AB",
        "Postal_Code": "T4L 1H8",
        "Country": "Canada",
        "Phone": "",
        "Fax": "",
        "Web_Site": "",
        "Dealer_Website_Enabled": "true",
        "Customer_No": "1500",
        "ShipTo_No": "80"
      }
    },
    {
      "type": "Feature",
      "dealerLocatorProfiles": [],
      "geometry": {
        "type": "Point",
        "coordinates": [
          -97.19668010,
          49.89919020
        ]
      },
      "properties": {
        "ID": "5955fdf3-239e-46f8-b79a-5f95f6c9bdee",
        "Name": "Rona+ Winnipeg Central",
        "Address1": "1333 Sargent Ave",
        "Address2": "",
        "City": "Winnipeg",
        "Province": "MB",
        "Postal_Code": "R3E 3P8",
        "Country": "Canada",
        "Phone": "(204) 774-7389",
        "Fax": "(204) 774-2261",
        "Web_Site": "",
        "Dealer_Website_Enabled": "true",
        "Dealer_Website_Ranking": "0",
        "Customer_No": "43600",
        "ShipTo_No": "13",
        "Route_#1": "true",
        "Route_#7": "true"
      }
    },
    {
      "type": "Feature",
      "dealerLocatorProfiles": [],
      "geometry": {
        "type": "Point",
        "coordinates": [
          -113.53589810,
          53.34942470
        ]
      },
      "properties": {
        "ID": "5990dca2-da73-4650-9ac0-da50fd49c950",
        "Name": "Western Modular Homes Inc",
        "Address1": "2323-4th Street",
        "Address2": "",
        "City": "Nisku",
        "Province": "AB",
        "Postal_Code": "T9E 7W7",
        "Country": "Canada",
        "Phone": "",
        "Fax": "",
        "Web_Site": "",
        "Dealer_Website_Enabled": "true",
        "Customer_No": "2070",
        "ShipTo_No": "334"
      }
    },
    {
      "type": "Feature",
      "dealerLocatorProfiles": [],
      "geometry": {
        "type": "Point",
        "coordinates": [
          -113.14001690,
          51.23359040
        ]
      },
      "properties": {
        "ID": "599a6bd3-6796-493b-a880-1314f750a214",
        "Name": "Elder Building &amp; Manufacturing",
        "Address1": "P.O. Box 278, #108 Railway Ave",
        "Address2": "",
        "City": "Rockyford",
        "Province": "AB",
        "Postal_Code": "T0J 2R0",
        "Country": "Canada",
        "Phone": "(403) 533-3773",
        "Fax": "",
        "Web_Site": "",
        "Dealer_Website_Enabled": "true",
        "Dealer_Website_Ranking": "0",
        "Customer_No": "62156",
        "ShipTo_No": "65"
      }
    },
    {
      "type": "Feature",
      "dealerLocatorProfiles": [],
      "geometry": {
        "type": "Point",
        "coordinates": [
          -104.04927680,
          52.84827640
        ]
      },
      "properties": {
        "ID": "59bea792-cdec-4331-a4e3-6268b5ca30b9",
        "Name": "Wood Country - Tisdale",
        "Address1": "Box 2560",
        "Address2": "911 - 100th Ave",
        "City": "Tisdale",
        "Province": "SK",
        "Postal_Code": "S0E 1T0",
        "Country": "Canada",
        "Phone": "(306) 873-4438",
        "Fax": "(306) 873-5526",
        "Web_Site": "",
        "Dealer_Website_Enabled": "true",
        "Dealer_Website_Ranking": "0",
        "Customer_No": "1500",
        "ShipTo_No": "58",
        "Primary_Contact": "Bernie Kryzanowski"
      }
    },
    {
      "type": "Feature",
      "dealerLocatorProfiles": [],
      "geometry": {
        "type": "Point",
        "coordinates": [
          -113.97496720,
          50.94354790
        ]
      },
      "properties": {
        "ID": "59e70320-f427-4366-80fc-08ec7a0d0a99",
        "Name": "Consolidated Gypsum Supply Ltd",
        "Address1": "4140-120th Ave. S.E.",
        "Address2": "",
        "City": "Calgary",
        "Province": "AB",
        "Postal_Code": "T2Z 4H4",
        "Country": "Canada",
        "Phone": "",
        "Fax": "",
        "Web_Site": "",
        "Dealer_Website_Enabled": "true",
        "Customer_No": "2062",
        "ShipTo_No": "249"
      }
    },
    {
      "type": "Feature",
      "dealerLocatorProfiles": [],
      "geometry": {
        "type": "Point",
        "coordinates": [
          -98.12083840,
          49.19157090
        ]
      },
      "properties": {
        "ID": "5a2de44c-cc6a-4337-8a76-db52cb56e2f3",
        "Name": "Morden Home Hardware Bldg Cent",
        "Address1": "183 Loren Dr.",
        "Address2": "",
        "City": "Morden",
        "Province": "MB",
        "Postal_Code": "R6M 0C9",
        "Country": "Canada",
        "Phone": "(204) 822-3550",
        "Fax": "(204) 822-6101",
        "Web_Site": "",
        "Dealer_Website_Enabled": "true",
        "Dealer_Website_Ranking": "0",
        "Customer_No": "2063",
        "ShipTo_No": "245"
      }
    },
    {
      "type": "Feature",
      "dealerLocatorProfiles": [],
      "geometry": {
        "type": "Point",
        "coordinates": [
          -112.79873430,
          49.70129210
        ]
      },
      "properties": {
        "ID": "5a53ecef-f62e-4093-9262-196cdec47b5e",
        "Name": "U.F.A. Lethbridge",
        "Address1": "2905 2nd Ave. North",
        "Address2": "",
        "City": "Lethbridge",
        "Province": "AB",
        "Postal_Code": "T1H 6M1",
        "Country": "Canada",
        "Phone": "(403) 328-5531",
        "Fax": "(403) 328-4506",
        "Web_Site": "",
        "Dealer_Website_Enabled": "true",
        "Dealer_Website_Ranking": "0",
        "Customer_No": "2070",
        "ShipTo_No": "173"
      }
    },
    {
      "type": "Feature",
      "dealerLocatorProfiles": [],
      "geometry": {
        "type": "Point",
        "coordinates": [
          -81.09814320,
          44.31088530
        ]
      },
      "properties": {
        "ID": "5aa047f6-d2d0-4934-ae0b-ab00dca7fc23",
        "Name": "Hatten HHBC",
        "Address1": "421 1st Avenue North",
        "Address2": "",
        "City": "Chesley",
        "Province": "ON",
        "Postal_Code": "N0G 1L0",
        "Country": "Canada",
        "Phone": "(519) 363-3038",
        "Fax": "",
        "Web_Site": "",
        "Dealer_Website_Enabled": "true",
        "Dealer_Website_Ranking": "0",
        "Customer_No": "2063",
        "ShipTo_No": "437"
      }
    },
    {
      "type": "Feature",
      "dealerLocatorProfiles": [],
      "geometry": {
        "type": "Point",
        "coordinates": [
          -80.16486650,
          44.35291600
        ]
      },
      "properties": {
        "ID": "5aebc9f9-bd2a-486e-8825-f1fa8a428f3d",
        "Name": "Hamilton Brothers",
        "Address1": "2047 Glen Huron Road",
        "Address2": "",
        "City": "Glen Huron",
        "Province": "ON",
        "Postal_Code": "L0M 1L0",
        "Country": "Canada",
        "Phone": "(705) 445-1166",
        "Fax": "",
        "Web_Site": "",
        "Dealer_Website_Enabled": "true",
        "Dealer_Website_Ranking": "0",
        "Customer_No": "2062",
        "ShipTo_No": "333"
      }
    },
    {
      "type": "Feature",
      "dealerLocatorProfiles": [],
      "geometry": {
        "type": "Point",
        "coordinates": [
          -80.48776,
          42.83909
        ]
      },
      "properties": {
        "ID": "5b0b04b8-f186-4221-8dd1-bf3c78ee241b",
        "Name": "Crompton Home Bldg Ctr",
        "Address1": "807 James Street",
        "Address2": "HOURS 7:30AM-5PM",
        "City": "Delhi",
        "Province": "ON",
        "Postal_Code": "N4B 2C9",
        "Country": "Canada",
        "Phone": "(519) 582-0240",
        "Fax": "(519) 582-4192",
        "Web_Site": "",
        "Dealer_Website_Enabled": "true",
        "Dealer_Website_Ranking": "0",
        "Customer_No": "2063",
        "ShipTo_No": "411",
        "Primary_Contact": "James Howe"
      }
    },
    {
      "type": "Feature",
      "dealerLocatorProfiles": [],
      "geometry": {
        "type": "Point",
        "coordinates": [
          -114.01436350,
          51.29170050
        ]
      },
      "properties": {
        "ID": "5bf64b4d-fd1f-43c6-a74d-2061d59b5c31",
        "Name": "U.F.A. Airdrie",
        "Address1": "937 Highland Blvd NE",
        "Address2": "P.O. Box 430",
        "City": "Airdrie",
        "Province": "AB",
        "Postal_Code": "T4A 0R2",
        "Country": "Canada",
        "Phone": "(403) 948-5913",
        "Fax": "(403) 948-0467",
        "Web_Site": "",
        "Dealer_Website_Enabled": "true",
        "Dealer_Website_Ranking": "0",
        "Customer_No": "2070",
        "ShipTo_No": "157"
      }
    },
    {
      "type": "Feature",
      "dealerLocatorProfiles": [],
      "geometry": {
        "type": "Point",
        "coordinates": [
          -117.35669740,
          49.95062440
        ]
      },
      "properties": {
        "ID": "5bfc251f-155e-4198-a26b-29bf300c2c12",
        "Name": "Silverton Building Supplies",
        "Address1": "P.O. Box 10, 216 Lake Street",
        "Address2": "",
        "City": "Silverton",
        "Province": "BC",
        "Postal_Code": "V0G 2B0",
        "Country": "Canada",
        "Phone": "(250) 358-2293",
        "Fax": "(250) 358-2474",
        "Web_Site": "",
        "Dealer_Website_Enabled": "true",
        "Dealer_Website_Ranking": "0",
        "Customer_No": "2062",
        "ShipTo_No": "210",
        "Primary_Contact": "Dave Welch"
      }
    },
    {
      "type": "Feature",
      "dealerLocatorProfiles": [],
      "geometry": {
        "type": "Point",
        "coordinates": [
          -78.17631640,
          43.98201220
        ]
      },
      "properties": {
        "ID": "5c40e1da-2b22-42a3-9bbc-9d85e5cbf52c",
        "Name": "Northumberland Building",
        "Address1": "1125 Division Street",
        "Address2": "",
        "City": "Cobourg",
        "Province": "ON",
        "Postal_Code": "K9A 4L1",
        "Country": "Canada",
        "Phone": "",
        "Fax": "",
        "Web_Site": "",
        "Dealer_Website_Enabled": "true",
        "Customer_No": "43600",
        "ShipTo_No": "173"
      }
    },
    {
      "type": "Feature",
      "dealerLocatorProfiles": [],
      "geometry": {
        "type": "Point",
        "coordinates": [
          -112.77410470,
          49.87356590
        ]
      },
      "properties": {
        "ID": "5c4f5a35-8a0b-4937-881e-6a82fe89bb60",
        "Name": "R C L Metalworks Inc.",
        "Address1": "Box 189",
        "Address2": "122 - 2nd Street S.",
        "City": "Picture Butte",
        "Province": "AB",
        "Postal_Code": "T0K 1V0",
        "Country": "Canada",
        "Phone": "",
        "Fax": "",
        "Web_Site": "",
        "Dealer_Website_Enabled": "true",
        "Customer_No": "7157",
        "ShipTo_No": "1"
      }
    },
    {
      "type": "Feature",
      "dealerLocatorProfiles": [],
      "geometry": {
        "type": "Point",
        "coordinates": [
          -117.80159360,
          50.23947980
        ]
      },
      "properties": {
        "ID": "5c935270-fc93-49f7-a38d-cb480910eb12",
        "Name": "Nakusp Home Building Centre",
        "Address1": "88 - 3rd Avenue N.W.",
        "Address2": "Box 400",
        "City": "Nakusp",
        "Province": "BC",
        "Postal_Code": "V0G 1R0",
        "Country": "Canada",
        "Phone": "(250) 265-3681",
        "Fax": "(250) 265-3881",
        "Web_Site": "",
        "Dealer_Website_Enabled": "true",
        "Dealer_Website_Ranking": "0",
        "Customer_No": "2063",
        "ShipTo_No": "305",
        "Primary_Contact": "Larry Fergusson"
      }
    },
    {
      "type": "Feature",
      "dealerLocatorProfiles": [],
      "geometry": {
        "type": "Point",
        "coordinates": [
          -83.10910060,
          42.11192820
        ]
      },
      "properties": {
        "ID": "5ccfee3e-c235-4da3-b903-e180b3ade7b9",
        "Name": "Amherst Supply",
        "Address1": "1500 Alm St",
        "Address2": "HOURS 7:30AM-6PM",
        "City": "Amherstburg",
        "Province": "ON",
        "Postal_Code": "N9V 2Y9",
        "Country": "Canada",
        "Phone": "(519) 818-4593",
        "Fax": "(519) 736-3841",
        "Web_Site": "",
        "Dealer_Website_Enabled": "true",
        "Dealer_Website_Ranking": "0",
        "Customer_No": "1500",
        "ShipTo_No": "90",
        "Primary_Contact": "Dan Huneault"
      }
    },
    {
      "type": "Feature",
      "dealerLocatorProfiles": [],
      "geometry": {
        "type": "Point",
        "coordinates": [
          -111.89916680,
          50.56597520
        ]
      },
      "properties": {
        "ID": "5cec404c-3728-4f29-827c-4a1347c853bb",
        "Name": "U.F.A. Brooks",
        "Address1": "P.O. Box 2049",
        "Address2": "",
        "City": "Brooks",
        "Province": "AB",
        "Postal_Code": "T0J 0J0",
        "Country": "Canada",
        "Phone": "(403) 362-6200",
        "Fax": "(403) 362-2838",
        "Web_Site": "",
        "Dealer_Website_Enabled": "true",
        "Dealer_Website_Ranking": "0",
        "Customer_No": "2070",
        "ShipTo_No": "160"
      }
    },
    {
      "type": "Feature",
      "dealerLocatorProfiles": [],
      "geometry": {
        "type": "Point",
        "coordinates": [
          -112.34367050,
          54.84927430
        ]
      },
      "properties": {
        "ID": "5d3b9dbd-9134-46a2-b29a-88da63c4d596",
        "Name": "Plamondon Co-op",
        "Address1": "P.O. Box 30",
        "Address2": "",
        "City": "Plamondon",
        "Province": "AB",
        "Postal_Code": "T0A 2T0",
        "Country": "Canada",
        "Phone": "(780) 798-3827",
        "Fax": "(780) 798-2112",
        "Web_Site": "",
        "Dealer_Website_Enabled": "true",
        "Dealer_Website_Ranking": "0",
        "Customer_No": "62156",
        "ShipTo_No": "171",
        "Primary_Contact": "Mark Lerozic"
      }
    },
    {
      "type": "Feature",
      "dealerLocatorProfiles": [],
      "geometry": {
        "type": "Point",
        "coordinates": [
          -76.59359260,
          44.41362340
        ]
      },
      "properties": {
        "ID": "5d4d7b75-39a4-4c28-946b-f8106a69a7c9",
        "Name": "Trousdale&#39;s HHBC 8am-6pm",
        "Address1": "4468 George Street",
        "Address2": "",
        "City": "Sydenham",
        "Province": "ON",
        "Postal_Code": "K0H 2T0",
        "Country": "Canada",
        "Phone": "(613) 376-6666",
        "Fax": "(613) 376-6244",
        "Web_Site": "",
        "Dealer_Website_Enabled": "true",
        "Dealer_Website_Ranking": "0",
        "Customer_No": "2063",
        "ShipTo_No": "433"
      }
    },
    {
      "type": "Feature",
      "dealerLocatorProfiles": [],
      "geometry": {
        "type": "Point",
        "coordinates": [
          -80.47474210,
          43.42385010
        ]
      },
      "properties": {
        "ID": "5de406d3-2eb3-41aa-a1af-7588ef51e40c",
        "Name": "Rockway Building Supplies",
        "Address1": "205 Ardelt Ave",
        "Address2": "",
        "City": "Kitchener",
        "Province": "ON",
        "Postal_Code": "N2C 2M3",
        "Country": "Canada",
        "Phone": "(519) 570-2186",
        "Fax": "(519) 570-2817",
        "Web_Site": "",
        "Dealer_Website_Enabled": "true",
        "Dealer_Website_Ranking": "0",
        "Customer_No": "5852",
        "ShipTo_No": "1"
      }
    },
    {
      "type": "Feature",
      "dealerLocatorProfiles": [],
      "geometry": {
        "type": "Point",
        "coordinates": [
          -81.03075620,
          43.14031310
        ]
      },
      "properties": {
        "ID": "5e47c85c-0a16-48e2-ae84-d62bd0b8ccbd",
        "Name": "Kintore Boxes",
        "Address1": "195948 Road 119",
        "Address2": "HOURS 8AM-5PM",
        "City": "Kintore",
        "Province": "ON",
        "Postal_Code": "N0M 2C0",
        "Country": "Canada",
        "Phone": "(519) 283-6491",
        "Fax": "(519) 283-6313",
        "Web_Site": "",
        "Dealer_Website_Enabled": "true",
        "Dealer_Website_Ranking": "0",
        "Customer_No": "1500",
        "ShipTo_No": "72",
        "Primary_Contact": "Bill Chandler"
      }
    },
    {
      "type": "Feature",
      "dealerLocatorProfiles": [],
      "geometry": {
        "type": "Point",
        "coordinates": [
          -114.03222650,
          51.93308680
        ]
      },
      "properties": {
        "ID": "5e8168a6-a040-481d-be97-1fadb3529d38",
        "Name": "Westview Co-op (Eagle Hill)",
        "Address1": "3577 Twp Rd 340 RR 40",
        "Address2": "",
        "City": "Mountain View County",
        "Province": "AB",
        "Postal_Code": "T0M 0K0",
        "Country": "Canada",
        "Phone": "(403) 556-2113",
        "Fax": "(403) 556-6030",
        "Web_Site": "",
        "Dealer_Website_Enabled": "true",
        "Dealer_Website_Ranking": "0",
        "Customer_No": "62156",
        "ShipTo_No": "60"
      }
    },
    {
      "type": "Feature",
      "dealerLocatorProfiles": [],
      "geometry": {
        "type": "Point",
        "coordinates": [
          -125.25865180,
          50.03427260
        ]
      },
      "properties": {
        "ID": "5e834f4a-ee71-455e-9867-a2c5b9be3db4",
        "Name": "Home Depot Canada - Campbell River",
        "Address1": "1482 Island Highway",
        "Address2": "Store #7221",
        "City": "Campbell River",
        "Province": "BC",
        "Postal_Code": "V9W 8C9",
        "Country": "Canada",
        "Phone": "(250) 286-5400",
        "Fax": "(250) 286-5413",
        "Web_Site": "",
        "Dealer_Website_Enabled": "true",
        "Dealer_Website_Ranking": "0",
        "Customer_No": "199909",
        "ShipTo_No": "15"
      }
    },
    {
      "type": "Feature",
      "dealerLocatorProfiles": [],
      "geometry": {
        "type": "Point",
        "coordinates": [
          -81.24667260,
          43.74903860
        ]
      },
      "properties": {
        "ID": "5e922c70-2d7f-4686-ae57-0f61fba882ea",
        "Name": "J.M. McDonald Lumber Home Building Cent",
        "Address1": "226 Turnberry St N",
        "Address2": "Box 170",
        "City": "Brussels",
        "Province": "ON",
        "Postal_Code": "N0G 1H0",
        "Country": "Canada",
        "Phone": "(519) 887-6277",
        "Fax": "(519) 887-6244",
        "Web_Site": "",
        "Dealer_Website_Enabled": "true",
        "Dealer_Website_Ranking": "0",
        "Customer_No": "2063",
        "ShipTo_No": "323"
      }
    },
    {
      "type": "Feature",
      "dealerLocatorProfiles": [],
      "geometry": {
        "type": "Point",
        "coordinates": [
          -111.78206940,
          53.09438120
        ]
      },
      "properties": {
        "ID": "5e9ed446-12e8-4dff-b171-0c4baaab88ae",
        "Name": "Viking Home Hardware Bldg.Cen.",
        "Address1": "5119 51 Ave.",
        "Address2": "Box 370",
        "City": "Viking",
        "Province": "AB",
        "Postal_Code": "T0B 4N0",
        "Country": "Canada",
        "Phone": "(780) 336-3123",
        "Fax": "(780) 336-3284",
        "Web_Site": "",
        "Dealer_Website_Enabled": "true",
        "Dealer_Website_Ranking": "0",
        "Customer_No": "2063",
        "ShipTo_No": "267"
      }
    },
    {
      "type": "Feature",
      "dealerLocatorProfiles": [],
      "geometry": {
        "type": "Point",
        "coordinates": [
          -97.26608500,
          49.69033400
        ]
      },
      "properties": {
        "ID": "5eb5c4d3-dbdb-4f2f-9bfa-61b401048b95",
        "Name": "Homestead Co-op - LaSalle",
        "Address1": "63 Rue Principale Ave",
        "Address2": "",
        "City": "LaSalle",
        "Province": "MB",
        "Postal_Code": "R0G 0A2",
        "Country": "Canada",
        "Phone": "(204) 736-3293",
        "Fax": "(204) 736-4056",
        "Web_Site": "",
        "Dealer_Website_Enabled": "true",
        "Dealer_Website_Ranking": "0",
        "Customer_No": "62156",
        "ShipTo_No": "449"
      }
    },
    {
      "type": "Feature",
      "dealerLocatorProfiles": [],
      "geometry": {
        "type": "Point",
        "coordinates": [
          -75.27541100,
          45.27564600
        ]
      },
      "properties": {
        "ID": "5ed87ff1-259b-4c8c-9bd1-f9509d2b274b",
        "Name": "Embrun Home Hardware",
        "Address1": "935 Nortre Dame",
        "Address2": "PO Box 750 HOURS 7AM-6PM",
        "City": "Embrun",
        "Province": "ON",
        "Postal_Code": "K0A 1W0",
        "Country": "Canada",
        "Phone": "(613) 443-2889",
        "Fax": "(613) 443-1017",
        "Web_Site": "",
        "Dealer_Website_Enabled": "true",
        "Dealer_Website_Ranking": "0",
        "Viewable_Without_Admin": "false",
        "Customer_No": "2063",
        "ShipTo_No": "475"
      }
    },
    {
      "type": "Feature",
      "dealerLocatorProfiles": [],
      "geometry": {
        "type": "Point",
        "coordinates": [
          -107.30088390,
          49.90934180
        ]
      },
      "properties": {
        "ID": "5f05e19c-630d-4776-88bf-a18e3edb32de",
        "Name": "Vanguard Co-op Assn Ltd.",
        "Address1": "1 Railway Ave",
        "Address2": "",
        "City": "Vanguard",
        "Province": "SK",
        "Postal_Code": "S0N 2V0",
        "Country": "Canada",
        "Phone": "(306) 582-2030",
        "Fax": "(306) 582-2084",
        "Web_Site": "",
        "Dealer_Website_Enabled": "true",
        "Dealer_Website_Ranking": "0",
        "Customer_No": "62156",
        "ShipTo_No": "349"
      }
    },
    {
      "type": "Feature",
      "dealerLocatorProfiles": [],
      "geometry": {
        "type": "Point",
        "coordinates": [
          -82.1779322,
          42.5793938
        ]
      },
      "properties": {
        "ID": "5f2176a6-d7de-408a-9fb0-cf21d4479fd8",
        "Name": "Lumberjack Home Building Ctr",
        "Address1": "1420 Chatham-Kent County Rd 21",
        "Address2": "HOURS 7:30AM-5PM",
        "City": "Dresden",
        "Province": "ON",
        "Postal_Code": "N0P 1M0",
        "Country": "Canada",
        "Phone": "(519) 683-6199",
        "Fax": "(519) 683-1079",
        "Web_Site": "",
        "Dealer_Website_Enabled": "true",
        "Dealer_Website_Ranking": "0",
        "Customer_No": "2063",
        "ShipTo_No": "388",
        "Primary_Contact": "John Vriesema"
      }
    },
    {
      "type": "Feature",
      "dealerLocatorProfiles": [],
      "geometry": {
        "type": "Point",
        "coordinates": [
          -81.99979420,
          43.09676080
        ]
      },
      "properties": {
        "ID": "5f236cf0-16fa-4936-a870-83ef691269b4",
        "Name": "Prout&#39;s Building Centre",
        "Address1": "20 Broadway Street",
        "Address2": "HOURS 8AM-5PM",
        "City": "Forest",
        "Province": "ON",
        "Postal_Code": "N0N 1J0",
        "Country": "Canada",
        "Phone": "(519) 786-2182",
        "Fax": "(519) 786-2165",
        "Web_Site": "",
        "Dealer_Website_Enabled": "true",
        "Dealer_Website_Ranking": "0",
        "Customer_No": "2062",
        "ShipTo_No": "325",
        "Primary_Contact": "Mike Warren"
      }
    },
    {
      "type": "Feature",
      "dealerLocatorProfiles": [],
      "geometry": {
        "type": "Point",
        "coordinates": [
          -76.52412450,
          44.26939770
        ]
      },
      "properties": {
        "ID": "5f4202c9-78d4-42d7-aeed-16a3990472d3",
        "Name": "REP Windows &amp; Doors",
        "Address1": "700 Dalton Ave",
        "Address2": "",
        "City": "Kingston",
        "Province": "ON",
        "Postal_Code": "K7M 8N8",
        "Country": "Canada",
        "Phone": "(613) 549-5855",
        "Fax": "(613) 549-5845",
        "Web_Site": "",
        "Dealer_Website_Enabled": "true",
        "Dealer_Website_Ranking": "0",
        "Customer_No": "2070",
        "ShipTo_No": "344"
      }
    },
    {
      "type": "Feature",
      "dealerLocatorProfiles": [],
      "geometry": {
        "type": "Point",
        "coordinates": [
          -119.40227,
          50.049009
        ]
      },
      "properties": {
        "ID": "5fcb4e45-b8b0-43fc-ac56-e5465f9c63c2",
        "Name": "Lake Country Home Hardware BC",
        "Address1": "3223 Woodsdale Rd",
        "Address2": "",
        "City": "Lake Country",
        "Province": "BC",
        "Postal_Code": "V2V 1X7",
        "Country": "Canada",
        "Phone": "(778) 480-8030",
        "Fax": "",
        "Web_Site": "",
        "Dealer_Website_Enabled": "true",
        "Dealer_Website_Ranking": "0",
        "Customer_No": "2063",
        "ShipTo_No": "577"
      }
    },
    {
      "type": "Feature",
      "dealerLocatorProfiles": [],
      "geometry": {
        "type": "Point",
        "coordinates": [
          -103.26977990,
          50.42374170
        ]
      },
      "properties": {
        "ID": "5fef988c-fcee-4af7-b213-38b26ea72f91",
        "Name": "Wolseley Home Building Centre",
        "Address1": "118 Sherbrooke St",
        "Address2": "P.O. Box 505",
        "City": "Wolseley",
        "Province": "SK",
        "Postal_Code": "S0G 5H0",
        "Country": "Canada",
        "Phone": "(306) 698-2266",
        "Fax": "(306) 698-2323",
        "Web_Site": "",
        "Dealer_Website_Enabled": "true",
        "Dealer_Website_Ranking": "0",
        "Customer_No": "2063",
        "ShipTo_No": "161"
      }
    },
    {
      "type": "Feature",
      "dealerLocatorProfiles": [],
      "geometry": {
        "type": "Point",
        "coordinates": [
          -82.35934430,
          42.98051900
        ]
      },
      "properties": {
        "ID": "6012d2f9-fdb3-4ea3-a4e2-ece335e9c995",
        "Name": "Bluewater HHBC",
        "Address1": "1272 London Rd.",
        "Address2": "HOURS 8AM-8PM",
        "City": "Sarnia",
        "Province": "ON",
        "Postal_Code": "N7S 1P5",
        "Country": "Canada",
        "Phone": "(519) 337-3783",
        "Fax": "(519) 383-7833",
        "Web_Site": "",
        "Dealer_Website_Enabled": "true",
        "Dealer_Website_Ranking": "0",
        "Customer_No": "2063",
        "ShipTo_No": "300"
      }
    },
    {
      "type": "Feature",
      "dealerLocatorProfiles": [],
      "geometry": {
        "type": "Point",
        "coordinates": [
          -81.40702360,
          43.18631660
        ]
      },
      "properties": {
        "ID": "601510c3-0ebb-43c8-a1ee-18fddbb128ce",
        "Name": "Langford Lumber HBC-Lucan",
        "Address1": "6255 William Street",
        "Address2": "PO Box 370HOURS 7AM-5PM",
        "City": "Lucan",
        "Province": "ON",
        "Postal_Code": "N0M 2J0",
        "Country": "Canada",
        "Phone": "(519) 227-4416",
        "Fax": "(519) 227-1390",
        "Web_Site": "",
        "Dealer_Website_Enabled": "true",
        "Dealer_Website_Ranking": "0",
        "Customer_No": "2063",
        "ShipTo_No": "379"
      }
    },
    {
      "type": "Feature",
      "dealerLocatorProfiles": [],
      "geometry": {
        "type": "Point",
        "coordinates": [
          -105.20709400,
          50.71551510
        ]
      },
      "properties": {
        "ID": "60453168-970f-4624-b182-49ee40aaecbe",
        "Name": "Bethune Co-op",
        "Address1": "P.O. Box 57, Ford Street",
        "Address2": "",
        "City": "Bethune",
        "Province": "SK",
        "Postal_Code": "S0G 0H0",
        "Country": "Canada",
        "Phone": "(306) 638-3044",
        "Fax": "(306) 638-3008",
        "Web_Site": "",
        "Dealer_Website_Enabled": "true",
        "Dealer_Website_Ranking": "0",
        "Customer_No": "62156",
        "ShipTo_No": "18"
      }
    },
    {
      "type": "Feature",
      "dealerLocatorProfiles": [],
      "geometry": {
        "type": "Point",
        "coordinates": [
          -123.04468300,
          49.30872650
        ]
      },
      "properties": {
        "ID": "608d52ba-0d99-4145-a538-5db28c247ac2",
        "Name": "Rona Revy Inc. - North Van",
        "Address1": "1160 East 3rd",
        "Address2": "",
        "City": "North Vancouver",
        "Province": "BC",
        "Postal_Code": "V7J 1B8",
        "Country": "Canada",
        "Phone": "(604) 984-1892",
        "Fax": "(604) 924-3768",
        "Web_Site": "",
        "Dealer_Website_Enabled": "true",
        "Dealer_Website_Ranking": "0",
        "Customer_No": "43600",
        "ShipTo_No": "41"
      }
    },
    {
      "type": "Feature",
      "dealerLocatorProfiles": [],
      "geometry": {
        "type": "Point",
        "coordinates": [
          -79.22524540,
          44.32922830
        ]
      },
      "properties": {
        "ID": "60bd9fea-2983-4b0d-abec-ad26d038698f",
        "Name": "Buchner Manufacturing",
        "Address1": "30004 Hwy #48",
        "Address2": "",
        "City": "Pefferlaw",
        "Province": "ON",
        "Postal_Code": "L0E 1N0",
        "Country": "Canada",
        "Phone": "",
        "Fax": "",
        "Web_Site": "",
        "Dealer_Website_Enabled": "true",
        "Customer_No": "4847",
        "ShipTo_No": "4"
      }
    },
    {
      "type": "Feature",
      "dealerLocatorProfiles": [],
      "geometry": {
        "type": "Point",
        "coordinates": [
          44.25748249999999,
          77.44005400000003
        ]
      },
      "properties": {
        "ID": "60be2353-abb7-4a74-bb4e-d142b07fa91e",
        "Name": "Timber Top Country Store",
        "Address1": "731 Ashley Street W",
        "Address2": "RR#1  7:00am-5:00pm",
        "City": "Foxboro",
        "Province": "ON",
        "Postal_Code": "K0K 2B0",
        "Country": "Canada",
        "Phone": "(888) 398-1041",
        "Fax": "(888) 398-1042",
        "Web_Site": "",
        "Dealer_Website_Enabled": "true",
        "Dealer_Website_Ranking": "0",
        "Customer_No": "2062",
        "ShipTo_No": "254",
        "Dealer_Locator_Contact": "Sidney Bearinger",
        "Primary_Contact": "Sidney Bearinger"
      }
    },
    {
      "type": "Feature",
      "dealerLocatorProfiles": [],
      "geometry": {
        "type": "Point",
        "coordinates": [
          -111.38096830,
          49.86880450
        ]
      },
      "properties": {
        "ID": "60c2d493-b735-41bb-8a78-e38e92d85e69",
        "Name": "Bow Island Building Sup. Ltd",
        "Address1": "124 N Railway Ave.",
        "Address2": "",
        "City": "Bow Island",
        "Province": "AB",
        "Postal_Code": "T0K 0G0",
        "Country": "Canada",
        "Phone": "(403) 545-2181",
        "Fax": "(403) 545-2500",
        "Web_Site": "",
        "Dealer_Website_Enabled": "true",
        "Dealer_Website_Ranking": "0",
        "Customer_No": "2070",
        "ShipTo_No": "217",
        "Primary_Contact": "Bentley Penner"
      }
    },
    {
      "type": "Feature",
      "dealerLocatorProfiles": [],
      "geometry": {
        "type": "Point",
        "coordinates": [
          -113.79319640,
          53.54403920
        ]
      },
      "properties": {
        "ID": "61172cef-6c56-47db-b320-1c635bde5e40",
        "Name": "All-Fab Bldg Components (AB)",
        "Address1": "805 Acheson Rd Acheson Ind.pk.",
        "Address2": "",
        "City": "Spruce Grove",
        "Province": "AB",
        "Postal_Code": "T7X 3G7",
        "Country": "Canada",
        "Phone": "(403) 960-3457",
        "Fax": "(403) 962-5585",
        "Web_Site": "",
        "Dealer_Website_Enabled": "true",
        "Dealer_Website_Ranking": "0",
        "Customer_No": "2070",
        "ShipTo_No": "3"
      }
    },
    {
      "type": "Feature",
      "dealerLocatorProfiles": [],
      "geometry": {
        "type": "Point",
        "coordinates": [
          -119.57704590,
          49.47554960
        ]
      },
      "properties": {
        "ID": "62d75b1d-5c22-4e03-9df1-3ae4bcac2aa1",
        "Name": "Pro-Line Construction Mat",
        "Address1": "Unit#100, 300 Warren Ave",
        "Address2": "",
        "City": "Penticton",
        "Province": "BC",
        "Postal_Code": "V2A 3L9",
        "Country": "Canada",
        "Phone": "(250) 770-2270",
        "Fax": "(250) 770-2271",
        "Web_Site": "",
        "Dealer_Website_Enabled": "true",
        "Dealer_Website_Ranking": "0",
        "Customer_No": "2062",
        "ShipTo_No": "264",
        "Primary_Contact": "Dan Smith"
      }
    },
    {
      "type": "Feature",
      "dealerLocatorProfiles": [],
      "geometry": {
        "type": "Point",
        "coordinates": [
          -124.04983,
          54.02983
        ]
      },
      "properties": {
        "ID": "62e8f6cd-9566-4a36-ad05-c151242a3360",
        "Name": "Nechako Trading Company Ltd.",
        "Address1": "1169 Industrial Drive",
        "Address2": "",
        "City": "Vanderhoof",
        "Province": "BC",
        "Postal_Code": "V0J 3A2",
        "Country": "Canada",
        "Phone": "(250) 567-9161",
        "Fax": "(250) 567-3801",
        "Web_Site": "",
        "Dealer_Website_Enabled": "true",
        "Dealer_Website_Ranking": "0",
        "Customer_No": "2070",
        "ShipTo_No": "372"
      }
    },
    {
      "type": "Feature",
      "dealerLocatorProfiles": [],
      "geometry": {
        "type": "Point",
        "coordinates": [
          -113.79203280,
          55.94262200
        ]
      },
      "properties": {
        "ID": "631780c3-5ef0-4c7a-b699-fbf7af2f1c9e",
        "Name": "Wabasca Home Hardware",
        "Address1": "P.O. Box 1200",
        "Address2": "",
        "City": "Wabasca",
        "Province": "AB",
        "Postal_Code": "T0G 2K0",
        "Country": "Canada",
        "Phone": "(780) 891-3344",
        "Fax": "(780) 891-2525",
        "Web_Site": "",
        "Dealer_Website_Enabled": "true",
        "Dealer_Website_Ranking": "0",
        "Customer_No": "2063",
        "ShipTo_No": "153"
      }
    },
    {
      "type": "Feature",
      "dealerLocatorProfiles": [],
      "geometry": {
        "type": "Point",
        "coordinates": [
          -111.9075,
          52.22032
        ]
      },
      "properties": {
        "ID": "63eee9d5-a4bc-4dd8-9fd8-09e0cbfa031e",
        "Name": "Castor Home Building Centre",
        "Address1": "4801 - 50 Avenue, P.O. Box 275",
        "Address2": "",
        "City": "Castor",
        "Province": "AB",
        "Postal_Code": "T0C 0X0",
        "Country": "Canada",
        "Phone": "(403) 882-3144",
        "Fax": "(403) 882-2113",
        "Web_Site": "",
        "Dealer_Website_Enabled": "true",
        "Dealer_Website_Ranking": "0",
        "Customer_No": "2063",
        "ShipTo_No": "19",
        "Primary_Contact": "Scott Dyki"
      }
    },
    {
      "type": "Feature",
      "dealerLocatorProfiles": [],
      "geometry": {
        "type": "Point",
        "coordinates": [
          -78.71056870,
          46.31051450
        ]
      },
      "properties": {
        "ID": "6444eb26-54c7-4900-9503-d9be90c86854",
        "Name": "Wilson&#39;s Builders Supplies",
        "Address1": "760 John Street",
        "Address2": "P.O. Box459",
        "City": "Mattawa",
        "Province": "ON",
        "Postal_Code": "P0H 1V0",
        "Country": "Canada",
        "Phone": "(705) 744-5588",
        "Fax": "(705) 744-5424",
        "Web_Site": "",
        "Dealer_Website_Enabled": "true",
        "Dealer_Website_Ranking": "0",
        "Customer_No": "2063",
        "ShipTo_No": "525"
      }
    },
    {
      "type": "Feature",
      "dealerLocatorProfiles": [],
      "geometry": {
        "type": "Point",
        "coordinates": [
          -82.56997830,
          45.89598890
        ]
      },
      "properties": {
        "ID": "6486aaf4-af6f-41bf-8677-31174f7923b1",
        "Name": "Pat Noble Lumber",
        "Address1": "13061 Hwy 540a",
        "Address2": "HOURS 8AM-5:30PM",
        "City": "Gore Bay",
        "Province": "ON",
        "Postal_Code": "P0P 1H0",
        "Country": "Canada",
        "Phone": "(705) 282-3283",
        "Fax": "",
        "Web_Site": "",
        "Dealer_Website_Enabled": "true",
        "Dealer_Website_Ranking": "0",
        "Viewable_Without_Admin": "false",
        "Customer_No": "1500",
        "ShipTo_No": "127"
      }
    },
    {
      "type": "Feature",
      "dealerLocatorProfiles": [],
      "geometry": {
        "type": "Point",
        "coordinates": [
          -79.70136750,
          47.51524630
        ]
      },
      "properties": {
        "ID": "64b5d1a8-486a-4242-a60e-2dfe8ef725fa",
        "Name": "Grant Home Hardware Bldg Ctr",
        "Address1": "888310-A Hwy 65 W",
        "Address2": "Box 458 HOURS 8AM-4PM",
        "City": "New Liskeard",
        "Province": "ON",
        "Postal_Code": "P0J 1P0",
        "Country": "Canada",
        "Phone": "(705) 647-9311",
        "Fax": "(705) 647-5590",
        "Web_Site": "",
        "Dealer_Website_Enabled": "true",
        "Dealer_Website_Ranking": "0",
        "Customer_No": "2063",
        "ShipTo_No": "313",
        "Primary_Contact": "Mitch Lafreniere"
      }
    },
    {
      "type": "Feature",
      "dealerLocatorProfiles": [],
      "geometry": {
        "type": "Point",
        "coordinates": [
          -119.67645270,
          49.60342040
        ]
      },
      "properties": {
        "ID": "65065404-80d7-4c66-b8a1-2e0ef0d3c65e",
        "Name": "Summerland Builders Mart Ltd.",
        "Address1": "Po Box 1260",
        "Address2": "9310 Jubilee Rd",
        "City": "Summerland",
        "Province": "BC",
        "Postal_Code": "V0H 1Z0",
        "Country": "Canada",
        "Phone": "(250) 494-6921",
        "Fax": "(250) 494-0532",
        "Web_Site": "",
        "Dealer_Website_Enabled": "true",
        "Dealer_Website_Ranking": "0",
        "Customer_No": "2062",
        "ShipTo_No": "114",
        "Primary_Contact": "Ken Sewell"
      }
    },
    {
      "type": "Feature",
      "dealerLocatorProfiles": [],
      "geometry": {
        "type": "Point",
        "coordinates": [
          -103.02984900,
          49.67859160
        ]
      },
      "properties": {
        "ID": "65178ad2-0541-4a84-8c35-9dcdd9926717",
        "Name": "Stoughton Co-op Assn Ltd",
        "Address1": "512 Railway Ave.",
        "Address2": "P.O. Box 210",
        "City": "Stoughton",
        "Province": "SK",
        "Postal_Code": "S0G 4T0",
        "Country": "Canada",
        "Phone": "(306) 457-2466",
        "Fax": "(306) 457-4113",
        "Web_Site": "",
        "Dealer_Website_Enabled": "true",
        "Dealer_Website_Ranking": "0",
        "Customer_No": "62156",
        "ShipTo_No": "216",
        "Route_#4": "true"
      }
    },
    {
      "type": "Feature",
      "dealerLocatorProfiles": [],
      "geometry": {
        "type": "Point",
        "coordinates": [
          -80.55569390,
          43.53093540
        ]
      },
      "properties": {
        "ID": "6530a6e2-981a-495a-91dd-8d697567c735",
        "Name": "Fairway Lumber Company",
        "Address1": "1205 King St",
        "Address2": "HOURS 7AM-5PM",
        "City": "St. Jacobs",
        "Province": "ON",
        "Postal_Code": "N0B 2N0",
        "Country": "Canada",
        "Phone": "(519) 664-2226",
        "Fax": "(519) 664-3889",
        "Web_Site": "",
        "Dealer_Website_Enabled": "true",
        "Dealer_Website_Ranking": "0",
        "Customer_No": "2063",
        "ShipTo_No": "325"
      }
    },
    {
      "type": "Feature",
      "dealerLocatorProfiles": [],
      "geometry": {
        "type": "Point",
        "coordinates": [
          -113.27541060,
          50.41011090
        ]
      },
      "properties": {
        "ID": "6586d9b2-6bca-44f5-8482-b4a24ff6bb65",
        "Name": "U.F.A. Vulcan",
        "Address1": "919 - 2nd North",
        "Address2": "",
        "City": "Vulcan",
        "Province": "AB",
        "Postal_Code": "T0L 2B0",
        "Country": "Canada",
        "Phone": "(403) 485-2257",
        "Fax": "(403) 485-6453",
        "Web_Site": "",
        "Dealer_Website_Enabled": "true",
        "Dealer_Website_Ranking": "0",
        "Customer_No": "2070",
        "ShipTo_No": "188"
      }
    },
    {
      "type": "Feature",
      "dealerLocatorProfiles": [],
      "geometry": {
        "type": "Point",
        "coordinates": [
          -125.76232880,
          54.22514690
        ]
      },
      "properties": {
        "ID": "659f3bdc-c209-4f75-ba5d-ddc5e2c3488a",
        "Name": "Starland Supply (2000) Ltd",
        "Address1": "Box 428, Francois Lake Drive",
        "Address2": "",
        "City": "Burns Lake",
        "Province": "BC",
        "Postal_Code": "V0J 1E0",
        "Country": "Canada",
        "Phone": "(250) 692-7725",
        "Fax": "(250) 692-3944",
        "Web_Site": "",
        "Dealer_Website_Enabled": "true",
        "Dealer_Website_Ranking": "0",
        "Customer_No": "2062",
        "ShipTo_No": "212"
      }
    },
    {
      "type": "Feature",
      "dealerLocatorProfiles": [],
      "geometry": {
        "type": "Point",
        "coordinates": [
          -108.45663500,
          50.62031200
        ]
      },
      "properties": {
        "ID": "65ed77ad-21e8-402f-828e-ba99316eec05",
        "Name": "Pioneer Co-op (Cabri)",
        "Address1": "201 Railway Ave",
        "Address2": "",
        "City": "Cabri",
        "Province": "SK",
        "Postal_Code": "S0N 0J0",
        "Country": "Canada",
        "Phone": "(306) 587-2555",
        "Fax": "(306) 587-2944",
        "Web_Site": "",
        "Dealer_Website_Enabled": "true",
        "Dealer_Website_Ranking": "0",
        "Customer_No": "62156",
        "ShipTo_No": "268",
        "Primary_Contact": "David Brown"
      }
    },
    {
      "type": "Feature",
      "dealerLocatorProfiles": [],
      "geometry": {
        "type": "Point",
        "coordinates": [
          -122.81174890,
          49.05860930
        ]
      },
      "properties": {
        "ID": "66345944-bfbb-4fa1-a591-78d3a067ac2d",
        "Name": "Rona Home Centre - S. Surrey",
        "Address1": "3165 King George BLVD",
        "Address2": "",
        "City": "Surrey",
        "Province": "BC",
        "Postal_Code": "V4P 1B8",
        "Country": "Canada",
        "Phone": "",
        "Fax": "",
        "Web_Site": "",
        "Dealer_Website_Enabled": "true",
        "Customer_No": "43600",
        "ShipTo_No": "116"
      }
    },
    {
      "type": "Feature",
      "dealerLocatorProfiles": [],
      "geometry": {
        "type": "Point",
        "coordinates": [
          -98.89493610,
          49.20332680
        ]
      },
      "properties": {
        "ID": "6687660e-5d1b-49d7-8865-dfc0b8a619c1",
        "Name": "Pembina Co-op (Pilot Mound)",
        "Address1": "P.O. Box 149",
        "Address2": "11 Broadway Street",
        "City": "Pilot Mound",
        "Province": "MB",
        "Postal_Code": "R0G 1P0",
        "Country": "Canada",
        "Phone": "(204) 825-2374",
        "Fax": "(204) 825-2322",
        "Web_Site": "",
        "Dealer_Website_Enabled": "true",
        "Dealer_Website_Ranking": "0",
        "Customer_No": "62156",
        "ShipTo_No": "158",
        "Primary_Contact": "Perry Beernaerts",
        "Route_#2": "true"
      }
    },
    {
      "type": "Feature",
      "dealerLocatorProfiles": [],
      "geometry": {
        "type": "Point",
        "coordinates": [
          -76.27281,
          44.90891
        ]
      },
      "properties": {
        "ID": "679ed365-49fa-42f9-b6aa-945726dbfd3b",
        "Name": "Perth Planing Mill",
        "Address1": "25 Lanark Rd",
        "Address2": "HOURS 8AM-5PM",
        "City": "Perth",
        "Province": "ON",
        "Postal_Code": "K7H 2R9",
        "Country": "Canada",
        "Phone": "(613) 267-0233",
        "Fax": "(613) 267-0161",
        "Web_Site": "",
        "Dealer_Website_Enabled": "true",
        "Dealer_Website_Ranking": "0",
        "Customer_No": "2062",
        "ShipTo_No": "280"
      }
    },
    {
      "type": "Feature",
      "dealerLocatorProfiles": [],
      "geometry": {
        "type": "Point",
        "coordinates": [
          -96.22042210,
          50.56708120
        ]
      },
      "properties": {
        "ID": "68c6dd7b-54a5-425a-a30b-0e02495383ce",
        "Name": "Osis Building Supplies Limited",
        "Address1": "Po Box 310",
        "Address2": "",
        "City": "Pine Falls",
        "Province": "MB",
        "Postal_Code": "R0E 1M0",
        "Country": "Canada",
        "Phone": "(204) 367-2455",
        "Fax": "(204) 367-4588",
        "Web_Site": "",
        "Dealer_Website_Enabled": "true",
        "Dealer_Website_Ranking": "0",
        "Customer_No": "2062",
        "ShipTo_No": "85",
        "Primary_Contact": "Michael Osis"
      }
    },
    {
      "type": "Feature",
      "dealerLocatorProfiles": [],
      "geometry": {
        "type": "Point",
        "coordinates": [
          -80.67135350,
          43.75506460
        ]
      },
      "properties": {
        "ID": "68e0fd06-9d44-4a72-9d9d-107434f5a308",
        "Name": "Mar-Span Home Bldg Centre",
        "Address1": "7873 Wellington Road 8",
        "Address2": "7:00am-5:00pm",
        "City": "Drayton",
        "Province": "ON",
        "Postal_Code": "N0G 1P0",
        "Country": "Canada",
        "Phone": "(519) 638-2420",
        "Fax": "(519) 638-5015",
        "Web_Site": "",
        "Dealer_Website_Enabled": "true",
        "Dealer_Website_Ranking": "0",
        "Customer_No": "2063",
        "ShipTo_No": "251",
        "Primary_Contact": "Arnold Rumph"
      }
    },
    {
      "type": "Feature",
      "dealerLocatorProfiles": [],
      "geometry": {
        "type": "Point",
        "coordinates": [
          -111.36235500,
          54.21029200
        ]
      },
      "properties": {
        "ID": "693e270d-84b3-4b0d-803b-da32250a2380",
        "Name": "St Arnault Lumber &amp; Bldg Supp",
        "Address1": "Po Box 111 5408-01",
        "Address2": "Main St",
        "City": "Mallaig",
        "Province": "AB",
        "Postal_Code": "T0A 2K0",
        "Country": "Canada",
        "Phone": "(780) 635-3799",
        "Fax": "(780) 635-3066",
        "Web_Site": "",
        "Dealer_Website_Enabled": "true",
        "Dealer_Website_Ranking": "0",
        "Customer_No": "2070",
        "ShipTo_No": "118"
      }
    },
    {
      "type": "Feature",
      "dealerLocatorProfiles": [],
      "geometry": {
        "type": "Point",
        "coordinates": [
          -111.96533280,
          54.77251900
        ]
      },
      "properties": {
        "ID": "69ef0dea-45f1-41ca-8896-43c4dcbdf8d9",
        "Name": "Venture Home Hardware Building Centre",
        "Address1": "9112 Beaver Hill Road",
        "Address2": "Bpx 1799",
        "City": "Lac La Biche",
        "Province": "AB",
        "Postal_Code": "T0A 2C0",
        "Country": "Canada",
        "Phone": "(780) 623-4663",
        "Fax": "(780) 623-2199",
        "Web_Site": "",
        "Dealer_Website_Enabled": "true",
        "Dealer_Website_Ranking": "0",
        "Customer_No": "2063",
        "ShipTo_No": "79"
      }
    },
    {
      "type": "Feature",
      "dealerLocatorProfiles": [],
      "geometry": {
        "type": "Point",
        "coordinates": [
          -113.87366390,
          52.13718040
        ]
      },
      "properties": {
        "ID": "6a373e27-1fe7-48d4-ac88-875d841cbfb6",
        "Name": "Penhold Building Supplies Ltd.",
        "Address1": "Box 630",
        "Address2": "1018 Lucina Street",
        "City": "Penhold",
        "Province": "AB",
        "Postal_Code": "T0M 1R0",
        "Country": "Canada",
        "Phone": "(403) 886-4522",
        "Fax": "(403) 886-2294",
        "Web_Site": "",
        "Dealer_Website_Enabled": "true",
        "Dealer_Website_Ranking": "0",
        "Customer_No": "2070",
        "ShipTo_No": "142",
        "Primary_Contact": "Ed Stol"
      }
    },
    {
      "type": "Feature",
      "dealerLocatorProfiles": [],
      "geometry": {
        "type": "Point",
        "coordinates": [
          -114.07735010,
          52.30585900
        ]
      },
      "properties": {
        "ID": "6b02ba93-1588-4422-863d-ca9c5fb9b732",
        "Name": "Wolf Creek Building Supplies",
        "Address1": "110 Hewlett Park Landing",
        "Address2": "",
        "City": "Sylvan Lake",
        "Province": "AB",
        "Postal_Code": "T4S 2J3",
        "Country": "Canada",
        "Phone": "",
        "Fax": "",
        "Web_Site": "",
        "Dealer_Website_Enabled": "true",
        "Customer_No": "1500",
        "ShipTo_No": "130"
      }
    },
    {
      "type": "Feature",
      "dealerLocatorProfiles": [],
      "geometry": {
        "type": "Point",
        "coordinates": [
          -104.50107600,
          52.41312800
        ]
      },
      "properties": {
        "ID": "6b0f579a-c399-485e-b4c7-ac8b9c122d87",
        "Name": "Prairie North Co-op (Naicam)Ag",
        "Address1": "Hwy 6 South",
        "Address2": "",
        "City": "Naicam",
        "Province": "SK",
        "Postal_Code": "S0K 2Z0",
        "Country": "Canada",
        "Phone": "(306) 874-2477",
        "Fax": "(306) 874-2290",
        "Web_Site": "",
        "Dealer_Website_Enabled": "true",
        "Dealer_Website_Ranking": "0",
        "Customer_No": "62156",
        "ShipTo_No": "139",
        "Primary_Contact": "Bruce Becker"
      }
    },
    {
      "type": "Feature",
      "dealerLocatorProfiles": [],
      "geometry": {
        "type": "Point",
        "coordinates": [
          -106.05228380,
          51.89184650
        ]
      },
      "properties": {
        "ID": "6ba784b7-d829-4fff-bbf7-7f26bdf5ea8a",
        "Name": "Admore Co-op",
        "Address1": "P.O. Box 280",
        "Address2": "112 1 Ave",
        "City": "Allan",
        "Province": "SK",
        "Postal_Code": "S0K 0C0",
        "Country": "Canada",
        "Phone": "(306) 257-3213",
        "Fax": "(306) 257-3955",
        "Web_Site": "",
        "Dealer_Website_Enabled": "true",
        "Dealer_Website_Ranking": "0",
        "Customer_No": "62156",
        "ShipTo_No": "2"
      }
    },
    {
      "type": "Feature",
      "dealerLocatorProfiles": [],
      "geometry": {
        "type": "Point",
        "coordinates": [
          -115.76954300,
          53.61731200
        ]
      },
      "properties": {
        "ID": "6c2dd3ec-4426-4650-a0fb-21b94df9c44a",
        "Name": "Mills Motors Inc.",
        "Address1": "Box 96",
        "Address2": "",
        "City": "Niton Junction",
        "Province": "AB",
        "Postal_Code": "T8E 1S8",
        "Country": "Canada",
        "Phone": "",
        "Fax": "",
        "Web_Site": "",
        "Dealer_Website_Enabled": "true",
        "Customer_No": "62156",
        "ShipTo_No": "375"
      }
    },
    {
      "type": "Feature",
      "dealerLocatorProfiles": [],
      "geometry": {
        "type": "Point",
        "coordinates": [
          -107.050900,
          51.488500
        ]
      },
      "properties": {
        "ID": "6d423802-5f14-4274-a221-1e5261df68bc",
        "Name": "Riverbend Co-operative Ltd (Outlook)",
        "Address1": "Box 69  NW16-29-7 W3",
        "Address2": "Hwy 15 5 miles E of Outlook",
        "City": "Outlook",
        "Province": "SK",
        "Postal_Code": "S0L 2N0",
        "Country": "Canada",
        "Phone": "(306) 867-2091",
        "Fax": "(306) 867-8063",
        "Web_Site": "",
        "Dealer_Website_Enabled": "true",
        "Dealer_Website_Ranking": "0",
        "Customer_No": "62156",
        "ShipTo_No": "189",
        "Dealer_Locator_Contact": "Darren Thomson",
        "Primary_Contact": "Darren Thomson"
      }
    },
    {
      "type": "Feature",
      "dealerLocatorProfiles": [],
      "geometry": {
        "type": "Point",
        "coordinates": [
          -122.73240220,
          49.10349700
        ]
      },
      "properties": {
        "ID": "6df1b6cd-a1e8-42d3-8c24-6c56f8d8f61c",
        "Name": "Fraser Valley Cloverdale ACE",
        "Address1": "Unit #101-17700-56th Avenue",
        "Address2": "",
        "City": "Surrey",
        "Province": "BC",
        "Postal_Code": "V3S 1C7",
        "Country": "Canada",
        "Phone": "(604) 579-0343",
        "Fax": "(604) 372-1932",
        "Web_Site": "",
        "Dealer_Website_Enabled": "true",
        "Dealer_Website_Ranking": "0",
        "Customer_No": "43600",
        "ShipTo_No": "137",
        "TC1__Main_Land": "true"
      }
    },
    {
      "type": "Feature",
      "dealerLocatorProfiles": [],
      "geometry": {
        "type": "Point",
        "coordinates": [
          -122.14420130,
          52.13174210
        ]
      },
      "properties": {
        "ID": "6e396796-1823-4acd-b78d-b0cf7ace7bae",
        "Name": "Rona Home Centre - Williams Lk",
        "Address1": "298 Proctor Street",
        "Address2": "",
        "City": "Williams Lake",
        "Province": "BC",
        "Postal_Code": "V2G 1S1",
        "Country": "Canada",
        "Phone": "(250) 392-7767",
        "Fax": "(250) 392-7628",
        "Web_Site": "",
        "Dealer_Website_Enabled": "true",
        "Dealer_Website_Ranking": "0",
        "Customer_No": "43600",
        "ShipTo_No": "27"
      }
    },
    {
      "type": "Feature",
      "dealerLocatorProfiles": [],
      "geometry": {
        "type": "Point",
        "coordinates": [
          -81.79409230,
          42.68156130
        ]
      },
      "properties": {
        "ID": "6e400f19-c9c6-4ad2-9da3-f6b745517812",
        "Name": "McNaughton Automotive LTD",
        "Address1": "22789 Hagerty Rd Po Box 10",
        "Address2": "HOURS 7AM-5PM",
        "City": "Newbury",
        "Province": "ON",
        "Postal_Code": "N0L 1Z0",
        "Country": "Canada",
        "Phone": "(519) 693-4484",
        "Fax": "(519) 693-4605",
        "Web_Site": "",
        "Dealer_Website_Enabled": "true",
        "Dealer_Website_Ranking": "0",
        "Customer_No": "2063",
        "ShipTo_No": "393"
      }
    },
    {
      "type": "Feature",
      "dealerLocatorProfiles": [],
      "geometry": {
        "type": "Point",
        "coordinates": [
          -116.96426980,
          51.29020850
        ]
      },
      "properties": {
        "ID": "6ee683f1-bc37-4c6d-9eb4-751fa745c9cb",
        "Name": "Rona Home Centre-Golden",
        "Address1": "PO Box 659",
        "Address2": "912 - 15th Street",
        "City": "Golden",
        "Province": "BC",
        "Postal_Code": "V0A 1H0",
        "Country": "Canada",
        "Phone": "",
        "Fax": "",
        "Web_Site": "",
        "Dealer_Website_Enabled": "true",
        "Customer_No": "43600",
        "ShipTo_No": "155"
      }
    },
    {
      "type": "Feature",
      "dealerLocatorProfiles": [],
      "geometry": {
        "type": "Point",
        "coordinates": [
          -77.17710410,
          44.79032790
        ]
      },
      "properties": {
        "ID": "6f7509ac-cbb3-43db-bd28-f61153d6c88c",
        "Name": "Hook&#39;s Building Centre",
        "Address1": "13586 Hwy #41 PO Box 253",
        "Address2": "HOURS 7AM-6PM",
        "City": "Cloyne",
        "Province": "ON",
        "Postal_Code": "K0H 1K0",
        "Country": "Canada",
        "Phone": "(613) 336-8416",
        "Fax": "(613) 336-0184",
        "Web_Site": "",
        "Dealer_Website_Enabled": "true",
        "Dealer_Website_Ranking": "0",
        "Customer_No": "1500",
        "ShipTo_No": "109"
      }
    },
    {
      "type": "Feature",
      "dealerLocatorProfiles": [],
      "geometry": {
        "type": "Point",
        "coordinates": [
          -113.60271450,
          52.67181240
        ]
      },
      "properties": {
        "ID": "6f968614-a2d8-4329-b660-9fb2bde240eb",
        "Name": "Sommer Home Building Centre Sommer Decorating",
        "Address1": "6503 - 44th Ave, P.O. Box 1208",
        "Address2": "",
        "City": "Ponoka",
        "Province": "AB",
        "Postal_Code": "T4J 1J8",
        "Country": "Canada",
        "Phone": "(403) 783-4464",
        "Fax": "(403) 783-6545",
        "Web_Site": "",
        "Dealer_Website_Enabled": "true",
        "Dealer_Website_Ranking": "0",
        "Customer_No": "2063",
        "ShipTo_No": "110"
      }
    },
    {
      "type": "Feature",
      "dealerLocatorProfiles": [],
      "geometry": {
        "type": "Point",
        "coordinates": [
          -127.1604738,
          54.77824
        ]
      },
      "properties": {
        "ID": "6fde8f97-5e4f-47f0-8c97-2853bb8a1e2b",
        "Name": "Smithers Lumber Yard Ltd.",
        "Address1": "Po Box 938",
        "Address2": "3528 Yellowhead Hwy 16",
        "City": "Smithers",
        "Province": "BC",
        "Postal_Code": "V0J 2N0",
        "Country": "Canada",
        "Phone": "(250) 847-2246",
        "Fax": "(250) 877-7886",
        "Web_Site": "",
        "Dealer_Website_Enabled": "true",
        "Dealer_Website_Ranking": "0",
        "Customer_No": "2062",
        "ShipTo_No": "108",
        "Primary_Contact": "Harry Hofsink"
      }
    },
    {
      "type": "Feature",
      "dealerLocatorProfiles": [],
      "geometry": {
        "type": "Point",
        "coordinates": [
          -104.52856580,
          50.44436840
        ]
      },
      "properties": {
        "ID": "7054d30b-f6cf-439e-ad23-7c9071b05ce3",
        "Name": "Rona Home &amp; Garden",
        "Address1": "3710 Quance St E",
        "Address2": "",
        "City": "Regina",
        "Province": "SK",
        "Postal_Code": "S4V 3A4",
        "Country": "Canada",
        "Phone": "",
        "Fax": "",
        "Web_Site": "",
        "Dealer_Website_Enabled": "true",
        "Customer_No": "43600",
        "ShipTo_No": "134"
      }
    },
    {
      "type": "Feature",
      "dealerLocatorProfiles": [],
      "geometry": {
        "type": "Point",
        "coordinates": [
          -100.23993770,
          50.03062960
        ]
      },
      "properties": {
        "ID": "70a4bb7b-3689-44bf-a0f5-ef182123b6d1",
        "Name": "Rivers Home Hardware Building Centre",
        "Address1": "Box 430",
        "Address2": "562 - 2nd Ave",
        "City": "Rivers",
        "Province": "MB",
        "Postal_Code": "R0K 1X0",
        "Country": "Canada",
        "Phone": "(204) 328-7570",
        "Fax": "(204) 328-5339",
        "Web_Site": "",
        "Dealer_Website_Enabled": "true",
        "Dealer_Website_Ranking": "0",
        "Customer_No": "2063",
        "ShipTo_No": "539"
      }
    },
    {
      "type": "Feature",
      "dealerLocatorProfiles": [],
      "geometry": {
        "type": "Point",
        "coordinates": [
          -79.20378510,
          43.17577120
        ]
      },
      "properties": {
        "ID": "7142bb22-8909-4725-b359-e31a06571b6e",
        "Name": "Convoy Supply Ltd - St. Cath",
        "Address1": "3-29 Seapark Drive",
        "Address2": "",
        "City": "St. Catharines",
        "Province": "ON",
        "Postal_Code": "L2M 6S5",
        "Country": "Canada",
        "Phone": "(905) 688-5402",
        "Fax": "(905) 688-1355",
        "Web_Site": "",
        "Dealer_Website_Enabled": "true",
        "Dealer_Website_Ranking": "0",
        "Customer_No": "400",
        "ShipTo_No": "28"
      }
    },
    {
      "type": "Feature",
      "dealerLocatorProfiles": [],
      "geometry": {
        "type": "Point",
        "coordinates": [
          -100.99214810,
          49.26936880
        ]
      },
      "properties": {
        "ID": "721d1ef0-9ce0-47a7-b02b-d43ee8ae8785",
        "Name": "Stewart&#39;s Lumber &amp; Supp(1978)",
        "Address1": "Po Box 454",
        "Address2": "160 Maple St",
        "City": "Melita",
        "Province": "MB",
        "Postal_Code": "R0M 1L0",
        "Country": "Canada",
        "Phone": "(204) 522-3278",
        "Fax": "(204) 522-3169",
        "Web_Site": "",
        "Dealer_Website_Enabled": "true",
        "Dealer_Website_Ranking": "0",
        "Customer_No": "2062",
        "ShipTo_No": "112",
        "Primary_Contact": "Tim Hamilton",
        "Route_#4": "true"
      }
    },
    {
      "type": "Feature",
      "dealerLocatorProfiles": [],
      "geometry": {
        "type": "Point",
        "coordinates": [
          -119.59666610,
          49.48058890
        ]
      },
      "properties": {
        "ID": "72392f79-02dd-44b7-920b-768487d6288c",
        "Name": "Home Hardware B/C-Penticton",
        "Address1": "150 Fairview Place",
        "Address2": "",
        "City": "Penticton",
        "Province": "BC",
        "Postal_Code": "V2A 6A5",
        "Country": "Canada",
        "Phone": "(250) 492-4307",
        "Fax": "(250) 492-7768",
        "Web_Site": "",
        "Dealer_Website_Enabled": "true",
        "Dealer_Website_Ranking": "0",
        "Customer_No": "2063",
        "ShipTo_No": "107",
        "Primary_Contact": "Cody Dirse"
      }
    },
    {
      "type": "Feature",
      "dealerLocatorProfiles": [],
      "geometry": {
        "type": "Point",
        "coordinates": [
          -113.62191530,
          53.54574720
        ]
      },
      "properties": {
        "ID": "7275771a-b8e6-47c7-b245-dcee6fdc5d9e",
        "Name": "Permasteel Projects Ltd",
        "Address1": "17430 - 103 Avenue",
        "Address2": "",
        "City": "Edmonton",
        "Province": "AB",
        "Postal_Code": "T5S 2K8",
        "Country": "Canada",
        "Phone": "(780) 452-7281",
        "Fax": "(780) 452-1022",
        "Web_Site": "",
        "Dealer_Website_Enabled": "true",
        "Customer_No": "40444",
        "ShipTo_No": "1"
      }
    },
    {
      "type": "Feature",
      "dealerLocatorProfiles": [],
      "geometry": {
        "type": "Point",
        "coordinates": [
          -111.26451410,
          53.99254390
        ]
      },
      "properties": {
        "ID": "72aac09a-8e13-4e51-9771-ef6a280eda7f",
        "Name": "U.F.A. ST Paul",
        "Address1": "3938 - 50th Ave.",
        "Address2": "Box 1461",
        "City": "St Paul",
        "Province": "AB",
        "Postal_Code": "T0A 3A0",
        "Country": "Canada",
        "Phone": "",
        "Fax": "",
        "Web_Site": "",
        "Dealer_Website_Enabled": "true",
        "Customer_No": "2070",
        "ShipTo_No": "320"
      }
    },
    {
      "type": "Feature",
      "dealerLocatorProfiles": [],
      "geometry": {
        "type": "Point",
        "coordinates": [
          -96.51842980,
          49.51818990
        ]
      },
      "properties": {
        "ID": "72fe69e8-d5cd-4ba4-abb2-51747874ebe2",
        "Name": "La Broquiere Lumber",
        "Address1": "23 Lumber Ave",
        "Address2": "",
        "City": "La Broquiere",
        "Province": "MB",
        "Postal_Code": "R0A 0W0",
        "Country": "Canada",
        "Phone": "",
        "Fax": "",
        "Web_Site": "",
        "Dealer_Website_Enabled": "true",
        "Customer_No": "1413",
        "ShipTo_No": "2"
      }
    },
    {
      "type": "Feature",
      "dealerLocatorProfiles": [],
      "geometry": {
        "type": "Point",
        "coordinates": [
          -111.69691080,
          52.77227200
        ]
      },
      "properties": {
        "ID": "736fc5c8-3c40-4895-96de-8b6aaf829b07",
        "Name": "Sedgewick Bldg Supplies Inc.",
        "Address1": "Po Box 246",
        "Address2": "5102A 47th Ave E.",
        "City": "Sedgewick",
        "Province": "AB",
        "Postal_Code": "T0B 4C0",
        "Country": "Canada",
        "Phone": "(780) 384-3023",
        "Fax": "(780) 384-2737",
        "Web_Site": "",
        "Dealer_Website_Enabled": "true",
        "Dealer_Website_Ranking": "0",
        "Customer_No": "2070",
        "ShipTo_No": "116"
      }
    },
    {
      "type": "Feature",
      "dealerLocatorProfiles": [],
      "geometry": {
        "type": "Point",
        "coordinates": [
          -113.27236800,
          54.72283600
        ]
      },
      "properties": {
        "ID": "7382ae04-d566-4dac-8b35-52a637033003",
        "Name": "Athabasca Home Building Centre",
        "Address1": "5102 - 43 st",
        "Address2": "",
        "City": "Athabasca",
        "Province": "AB",
        "Postal_Code": "T9S 1M1",
        "Country": "Canada",
        "Phone": "(780) 675-2355",
        "Fax": "(780) 675-3444",
        "Web_Site": "",
        "Dealer_Website_Enabled": "true",
        "Dealer_Website_Ranking": "0",
        "Customer_No": "2063",
        "ShipTo_No": "6"
      }
    },
    {
      "type": "Feature",
      "dealerLocatorProfiles": [],
      "geometry": {
        "type": "Point",
        "coordinates": [
          -79.25084150,
          43.97146130
        ]
      },
      "properties": {
        "ID": "73d7a7ff-fe0d-4d02-90ff-d731cbf45e00",
        "Name": "Schell Lumber",
        "Address1": "33 Edward Street",
        "Address2": "HOURS 7AM-4PM",
        "City": "Stouffville",
        "Province": "ON",
        "Postal_Code": "L4A 1A4",
        "Country": "Canada",
        "Phone": "(905) 640-3440",
        "Fax": "",
        "Web_Site": "",
        "Dealer_Website_Enabled": "true",
        "Dealer_Website_Ranking": "0",
        "Customer_No": "2063",
        "ShipTo_No": "418",
        "Primary_Contact": "Kyle Schell"
      }
    },
    {
      "type": "Feature",
      "dealerLocatorProfiles": [],
      "geometry": {
        "type": "Point",
        "coordinates": [
          -115.00941600,
          53.22185390
        ]
      },
      "properties": {
        "ID": "7431d73b-a0ed-466d-aa6b-2a0f7c5d8eff",
        "Name": "Poplar Ridge Home Bldg.Centre",
        "Address1": "6326-50th Ave. P.O.Box7260",
        "Address2": "",
        "City": "Drayton Valley",
        "Province": "AB",
        "Postal_Code": "T7A 1S5",
        "Country": "Canada",
        "Phone": "(780) 542-5065",
        "Fax": "(780) 542-3771",
        "Web_Site": "",
        "Dealer_Website_Enabled": "true",
        "Dealer_Website_Ranking": "0",
        "Customer_No": "2063",
        "ShipTo_No": "36"
      }
    },
    {
      "type": "Feature",
      "dealerLocatorProfiles": [],
      "geometry": {
        "type": "Point",
        "coordinates": [
          -77.12619310,
          45.79339210
        ]
      },
      "properties": {
        "ID": "747ea4ab-f4df-403b-bb98-1723b85b651d",
        "Name": "Rossow HHBC",
        "Address1": "40987 Highway 41 South",
        "Address2": "HOURS 8AM-5PM",
        "City": "Pembroke",
        "Province": "ON",
        "Postal_Code": "K8A 6W5",
        "Country": "Canada",
        "Phone": "(613) 735-6806",
        "Fax": "(613) 735-5308",
        "Web_Site": "",
        "Dealer_Website_Enabled": "true",
        "Dealer_Website_Ranking": "0",
        "Customer_No": "2063",
        "ShipTo_No": "410"
      }
    },
    {
      "type": "Feature",
      "dealerLocatorProfiles": [],
      "geometry": {
        "type": "Point",
        "coordinates": [
          -79.58685820,
          43.71009530
        ]
      },
      "properties": {
        "ID": "75159f9f-3ec5-47b7-856b-d6a0aae81885",
        "Name": "Convoy Supply Ltd - Etobicoke",
        "Address1": "180 Bethridge Rd",
        "Address2": "",
        "City": "Etobicoke",
        "Province": "ON",
        "Postal_Code": "M1W 1N3",
        "Country": "Canada",
        "Phone": "(416) 741-5402",
        "Fax": "(416) 741-9384",
        "Web_Site": "",
        "Dealer_Website_Enabled": "true",
        "Dealer_Website_Ranking": "0",
        "Customer_No": "400",
        "ShipTo_No": "23"
      }
    },
    {
      "type": "Feature",
      "dealerLocatorProfiles": [],
      "geometry": {
        "type": "Point",
        "coordinates": [
          -80.43256040,
          46.12497670
        ]
      },
      "properties": {
        "ID": "754658f9-d3a5-4cd1-b229-d78280e0773b",
        "Name": "Jean&#39;s Home Building Centre",
        "Address1": "173 St-David Street South",
        "Address2": "PO Box 127,, Store 1828-1",
        "City": "Noelville",
        "Province": "ON",
        "Postal_Code": "P0M 2N0",
        "Country": "Canada",
        "Phone": "(705) 898-1333",
        "Fax": "(705) 898-1555",
        "Web_Site": "",
        "Dealer_Website_Enabled": "true",
        "Dealer_Website_Ranking": "0",
        "Customer_No": "2063",
        "ShipTo_No": "568"
      }
    },
    {
      "type": "Feature",
      "dealerLocatorProfiles": [],
      "geometry": {
        "type": "Point",
        "coordinates": [
          -127.65991,
          55.23821
        ]
      },
      "properties": {
        "ID": "7591a2e8-d7b2-4308-a761-63763b14f7cb",
        "Name": "Tri-Town Lumber &amp; Feed Ltd.",
        "Address1": "2142 Omenica Ave.",
        "Address2": "Box 161",
        "City": "South Hazelton",
        "Province": "BC",
        "Postal_Code": "V0J 2J1",
        "Country": "Canada",
        "Phone": "(250) 842-5744",
        "Fax": "(250) 842-5745",
        "Web_Site": "",
        "Dealer_Website_Enabled": "true",
        "Dealer_Website_Ranking": "0",
        "Customer_No": "1500",
        "ShipTo_No": "34"
      }
    },
    {
      "type": "Feature",
      "dealerLocatorProfiles": [],
      "geometry": {
        "type": "Point",
        "coordinates": [
          -114.46826930,
          51.18922310
        ]
      },
      "properties": {
        "ID": "7629b0cf-268b-4502-91d2-eed69069f2c7",
        "Name": "Fulton&#39;s Home Hardware Bldg Ct Cochrane Ltd",
        "Address1": "135 - 1st Street West",
        "Address2": "P.O. Box 908",
        "City": "Cochrane",
        "Province": "AB",
        "Postal_Code": "T4C 1A9",
        "Country": "Canada",
        "Phone": "(403) 932-4242",
        "Fax": "(403) 932-3816",
        "Web_Site": "",
        "Dealer_Website_Enabled": "true",
        "Dealer_Website_Ranking": "0",
        "Customer_No": "2063",
        "ShipTo_No": "291",
        "Primary_Contact": "Doug Martin"
      }
    },
    {
      "type": "Feature",
      "dealerLocatorProfiles": [],
      "geometry": {
        "type": "Point",
        "coordinates": [
          -81.25304490,
          42.97982490
        ]
      },
      "properties": {
        "ID": "76421d41-e983-4b85-a48d-05ae9d4c38dc",
        "Name": "Copp&#39;s Buildall - Downtown 7am-8pm",
        "Address1": "45 York Street",
        "Address2": "",
        "City": "London",
        "Province": "ON",
        "Postal_Code": "N6A 1A4",
        "Country": "Canada",
        "Phone": "(519) 679-9000",
        "Fax": "(519) 679-2887",
        "Web_Site": "www.coppsbuildall.com",
        "Dealer_Website_Enabled": "true",
        "Dealer_Website_Ranking": "0",
        "Customer_No": "4017",
        "ShipTo_No": "4"
      }
    },
    {
      "type": "Feature",
      "dealerLocatorProfiles": [],
      "geometry": {
        "type": "Point",
        "coordinates": [
          -101.69943500,
          50.38248610
        ]
      },
      "properties": {
        "ID": "76b41d49-4bc4-4473-add0-7384f31ca2bd",
        "Name": "Borderland Co-op (Rocanville)",
        "Address1": "125 Ellice Street",
        "Address2": "",
        "City": "Rocanville",
        "Province": "SK",
        "Postal_Code": "S0A 3L0",
        "Country": "Canada",
        "Phone": "(306) 645-2152",
        "Fax": "(306) 645-4235",
        "Web_Site": "",
        "Dealer_Website_Enabled": "true",
        "Dealer_Website_Ranking": "0",
        "Customer_No": "62156",
        "ShipTo_No": "24",
        "Route_#4": "true"
      }
    },
    {
      "type": "Feature",
      "dealerLocatorProfiles": [],
      "geometry": {
        "type": "Point",
        "coordinates": [
          -80.30928,
          43.40072
        ]
      },
      "properties": {
        "ID": "76e4bdec-5908-4443-b98d-c71f93ae0f4b",
        "Name": "Beacon Roofing Supply Canada",
        "Address1": "42 Raglin Place",
        "Address2": "",
        "City": "Cambridge",
        "Province": "ON",
        "Postal_Code": "N1R 7J2",
        "Country": "Canada",
        "Phone": "(519) 624-8703",
        "Fax": "",
        "Web_Site": "",
        "Dealer_Website_Enabled": "true",
        "Dealer_Website_Ranking": "0",
        "Customer_No": "4553",
        "ShipTo_No": "3",
        "Primary_Contact": "Greg Richardson"
      }
    },
    {
      "type": "Feature",
      "dealerLocatorProfiles": [],
      "geometry": {
        "type": "Point",
        "coordinates": [
          -122.737,
          53.913
        ]
      },
      "properties": {
        "ID": "76fcc69f-ac71-462b-bda4-8ad303081c93",
        "Name": "Roofmart Pacific Ltd-Pr George",
        "Address1": "#693 - 4th Ave.",
        "Address2": "",
        "City": "Prince George",
        "Province": "BC",
        "Postal_Code": "V2L 3H2",
        "Country": "Canada",
        "Phone": "(236) 423-1734",
        "Fax": "",
        "Web_Site": "",
        "Dealer_Website_Enabled": "true",
        "Dealer_Website_Ranking": "0",
        "Customer_No": "39524",
        "ShipTo_No": "12",
        "Primary_Contact": "Todd Strickland"
      }
    },
    {
      "type": "Feature",
      "dealerLocatorProfiles": [],
      "geometry": {
        "type": "Point",
        "coordinates": [
          -119.82375000,
          49.20581000
        ]
      },
      "properties": {
        "ID": "771a8c78-f98f-4131-a95a-7af0a96f7a8b",
        "Name": "Keremeos Home Building Centre",
        "Address1": "P.O. Box 367",
        "Address2": "620 - 8th Avenue",
        "City": "Keremeos",
        "Province": "BC",
        "Postal_Code": "V0X 1N0",
        "Country": "Canada",
        "Phone": "(250) 499-5322",
        "Fax": "(250) 499-2544",
        "Web_Site": "",
        "Dealer_Website_Enabled": "true",
        "Dealer_Website_Ranking": "0",
        "Customer_No": "2063",
        "ShipTo_No": "341"
      }
    },
    {
      "type": "Feature",
      "dealerLocatorProfiles": [],
      "geometry": {
        "type": "Point",
        "coordinates": [
          -112.66768360,
          53.37062940
        ]
      },
      "properties": {
        "ID": "7828a4c8-9e29-4d07-ae6c-1d01d9964898",
        "Name": "Tofield Lumber",
        "Address1": "5016- 53 Avenue",
        "Address2": "",
        "City": "Tofield",
        "Province": "AB",
        "Postal_Code": "T0B 4J0",
        "Country": "Canada",
        "Phone": "(780) 662-3342",
        "Fax": "(780) 662-3307",
        "Web_Site": "",
        "Dealer_Website_Enabled": "true",
        "Dealer_Website_Ranking": "0",
        "Customer_No": "62156",
        "ShipTo_No": "223"
      }
    },
    {
      "type": "Feature",
      "dealerLocatorProfiles": [],
      "geometry": {
        "type": "Point",
        "coordinates": [
          -114.46899570,
          53.55763610
        ]
      },
      "properties": {
        "ID": "7869b3c6-481e-44df-8f83-03789101f9fd",
        "Name": "Wabamun Home Hardware",
        "Address1": "5005-51 Ave",
        "Address2": "Box 238",
        "City": "Wabamun",
        "Province": "AB",
        "Postal_Code": "T0E 2K0",
        "Country": "Canada",
        "Phone": "(780) 892-4969",
        "Fax": "(780) 892-3050",
        "Web_Site": "",
        "Dealer_Website_Enabled": "true",
        "Dealer_Website_Ranking": "0",
        "Customer_No": "2063",
        "ShipTo_No": "152"
      }
    },
    {
      "type": "Feature",
      "dealerLocatorProfiles": [],
      "geometry": {
        "type": "Point",
        "coordinates": [
          -78.87523380,
          45.25417870
        ]
      },
      "properties": {
        "ID": "786ea7c6-33f3-4cdc-a3d9-ef3d8f6254b6",
        "Name": "Dorset TimberMart",
        "Address1": "1292 Kawagama Lake Road",
        "Address2": "PO Box 1292 Hours 8am-5pm",
        "City": "Dorset",
        "Province": "ON",
        "Postal_Code": "P0A 1E0",
        "Country": "Canada",
        "Phone": "(705) 766-2263",
        "Fax": "(705) 766-0415",
        "Web_Site": "",
        "Dealer_Website_Enabled": "true",
        "Dealer_Website_Ranking": "0",
        "Customer_No": "2062",
        "ShipTo_No": "335"
      }
    },
    {
      "type": "Feature",
      "dealerLocatorProfiles": [],
      "geometry": {
        "type": "Point",
        "coordinates": [
          -80.38769840,
          43.20677460
        ]
      },
      "properties": {
        "ID": "788a4ad7-f7dc-4151-9836-78383ecda675",
        "Name": "Arnie Small and Sons HBC Paris",
        "Address1": "246 Grand River Street North",
        "Address2": "HOURS 7AM-6PM",
        "City": "Paris",
        "Province": "ON",
        "Postal_Code": "N3L 2P1",
        "Country": "Canada",
        "Phone": "(519) 442-2297",
        "Fax": "(519) 442-7212",
        "Web_Site": "",
        "Dealer_Website_Enabled": "true",
        "Dealer_Website_Ranking": "0",
        "Customer_No": "2063",
        "ShipTo_No": "322",
        "Primary_Contact": "Arnie Small"
      }
    },
    {
      "type": "Feature",
      "dealerLocatorProfiles": [],
      "geometry": {
        "type": "Point",
        "coordinates": [
          -82.46637710,
          42.81424010
        ]
      },
      "properties": {
        "ID": "78ee8014-321b-43a4-8e9d-f18ad27a5004",
        "Name": "Watson Tim-Br Mart",
        "Address1": "79 Courtright Line",
        "Address2": "HOURS 7:30AM-5PM",
        "City": "Courtright",
        "Province": "ON",
        "Postal_Code": "N0N 1H0",
        "Country": "Canada",
        "Phone": "(519) 867-2858",
        "Fax": "(519) 867-3171",
        "Web_Site": "",
        "Dealer_Website_Enabled": "true",
        "Dealer_Website_Ranking": "0",
        "Customer_No": "2062",
        "ShipTo_No": "328",
        "Primary_Contact": "Steve Clark"
      }
    },
    {
      "type": "Feature",
      "dealerLocatorProfiles": [],
      "geometry": {
        "type": "Point",
        "coordinates": [
          -115.75231800,
          49.53385490
        ]
      },
      "properties": {
        "ID": "79225a2f-b9bc-4f2b-bc23-a13ec2552782",
        "Name": "Home Depot Canada - Cranbrook",
        "Address1": "2000 McPhee Road",
        "Address2": "Store #7255",
        "City": "Cranbrook",
        "Province": "BC",
        "Postal_Code": "V1C 0A3",
        "Country": "Canada",
        "Phone": "(250) 420-4250",
        "Fax": "",
        "Web_Site": "",
        "Dealer_Website_Enabled": "true",
        "Dealer_Website_Ranking": "0",
        "Customer_No": "199909",
        "ShipTo_No": "25"
      }
    },
    {
      "type": "Feature",
      "dealerLocatorProfiles": [],
      "geometry": {
        "type": "Point",
        "coordinates": [
          -108.48461140,
          50.09407720
        ]
      },
      "properties": {
        "ID": "792e4ddc-714d-4944-beca-01eae0bfcf10",
        "Name": "Pioneer Co-op (Gull Lake)",
        "Address1": "Box 240, Gull Lake Farm Supply",
        "Address2": "",
        "City": "Gull Lake",
        "Province": "SK",
        "Postal_Code": "S0N 1A0",
        "Country": "Canada",
        "Phone": "(306) 672-4105",
        "Fax": "(306) 672-4457",
        "Web_Site": "",
        "Dealer_Website_Enabled": "true",
        "Dealer_Website_Ranking": "0",
        "Customer_No": "62156",
        "ShipTo_No": "168"
      }
    },
    {
      "type": "Feature",
      "dealerLocatorProfiles": [],
      "geometry": {
        "type": "Point",
        "coordinates": [
          -110.26079130,
          52.35595330
        ]
      },
      "properties": {
        "ID": "79a0c187-c55b-4769-8d61-a73ec7c9c7ab",
        "Name": "Cadogan General Store Ship to EDM Warehouse.",
        "Address1": "Box 134",
        "Address2": "Ship Provost to Customer",
        "City": "Cadogan",
        "Province": "AB",
        "Postal_Code": "T0B 0T0",
        "Country": "Canada",
        "Phone": "(780) 753-6324",
        "Fax": "(780) 753-6324",
        "Web_Site": "",
        "Dealer_Website_Enabled": "true",
        "Dealer_Website_Ranking": "0",
        "Customer_No": "62156",
        "ShipTo_No": "261"
      }
    },
    {
      "type": "Feature",
      "dealerLocatorProfiles": [],
      "geometry": {
        "type": "Point",
        "coordinates": [
          -80.15498190,
          43.50069450
        ]
      },
      "properties": {
        "ID": "79cb6dd3-519c-410a-8afe-25ba817bbb0d",
        "Name": "Go Timer Mart Inc.      (frmly Guelph &amp; Orangeville Bldg Sup",
        "Address1": "205164 Couty Road 109",
        "Address2": "",
        "City": "East Garafraxa",
        "Province": "ON",
        "Postal_Code": "L9W 7M4",
        "Country": "Canada",
        "Phone": "(519) 942-3900",
        "Fax": "",
        "Web_Site": "",
        "Dealer_Website_Enabled": "true",
        "Dealer_Website_Ranking": "0",
        "Customer_No": "2062",
        "ShipTo_No": "287"
      }
    },
    {
      "type": "Feature",
      "dealerLocatorProfiles": [],
      "geometry": {
        "type": "Point",
        "coordinates": [
          -102.38931950,
          52.85935640
        ]
      },
      "properties": {
        "ID": "79f464d8-da44-4142-9f69-8fcc663ea33c",
        "Name": "Craig Home Building Centre",
        "Address1": "302 Churchill, Box 1010",
        "Address2": "",
        "City": "Hudson Bay",
        "Province": "SK",
        "Postal_Code": "S0E 0Y0",
        "Country": "Canada",
        "Phone": "(306) 865-2951",
        "Fax": "(306) 865-2933",
        "Web_Site": "",
        "Dealer_Website_Enabled": "true",
        "Dealer_Website_Ranking": "0",
        "Customer_No": "2063",
        "ShipTo_No": "204"
      }
    },
    {
      "type": "Feature",
      "dealerLocatorProfiles": [],
      "geometry": {
        "type": "Point",
        "coordinates": [
          -112.05335390,
          53.49690400
        ]
      },
      "properties": {
        "ID": "7a0da132-b04b-4cc3-810d-c4a7ebc51ede",
        "Name": "Vegreville Legion",
        "Address1": "5037 - 52 Ave",
        "Address2": "",
        "City": "Vegreville",
        "Province": "AB",
        "Postal_Code": "T9C 1M2",
        "Country": "Canada",
        "Phone": "(780) 632-3422",
        "Fax": "",
        "Web_Site": "",
        "Dealer_Website_Enabled": "true",
        "Dealer_Website_Ranking": "0",
        "Customer_No": "54201",
        "ShipTo_No": "108"
      }
    },
    {
      "type": "Feature",
      "dealerLocatorProfiles": [],
      "geometry": {
        "type": "Point",
        "coordinates": [
          -111.44917100,
          52.09225520
        ]
      },
      "properties": {
        "ID": "7a249761-0b38-45d6-b5ad-babfd70bca18",
        "Name": "Golby Hardware",
        "Address1": "4930 Victoria Ave.",
        "Address2": "",
        "City": "Coronation",
        "Province": "AB",
        "Postal_Code": "T0C 1C0",
        "Country": "Canada",
        "Phone": "",
        "Fax": "",
        "Web_Site": "",
        "Dealer_Website_Enabled": "true",
        "Customer_No": "62156",
        "ShipTo_No": "401"
      }
    },
    {
      "type": "Feature",
      "dealerLocatorProfiles": [],
      "geometry": {
        "type": "Point",
        "coordinates": [
          -80.59665260,
          42.98578720
        ]
      },
      "properties": {
        "ID": "7a7ab6b2-e7ee-4bdc-a72a-ec7ba7626d6b",
        "Name": "Norwich Home Hardware Building Centre",
        "Address1": "17 Stover Street",
        "Address2": "HOURS 9AM-6PM",
        "City": "Norwich",
        "Province": "ON",
        "Postal_Code": "N0J 1P0",
        "Country": "Canada",
        "Phone": "(519) 863-2055",
        "Fax": "(519) 863-2044",
        "Web_Site": "",
        "Dealer_Website_Enabled": "true",
        "Dealer_Website_Ranking": "0",
        "Customer_No": "2063",
        "ShipTo_No": "346"
      }
    },
    {
      "type": "Feature",
      "dealerLocatorProfiles": [],
      "geometry": {
        "type": "Point",
        "coordinates": [
          -113.14896130,
          50.73670930
        ]
      },
      "properties": {
        "ID": "7ab79206-38be-488e-bc96-ee737642dec5",
        "Name": "Arrowwood Co-op Assn Ltd",
        "Address1": "206 Railway Ave East",
        "Address2": "P.O. Box 120",
        "City": "Arrowwood",
        "Province": "AB",
        "Postal_Code": "T0L 0B0",
        "Country": "Canada",
        "Phone": "(403) 534-3800",
        "Fax": "(403) 534-3330",
        "Web_Site": "",
        "Dealer_Website_Enabled": "true",
        "Customer_No": "62156",
        "ShipTo_No": "8"
      }
    },
    {
      "type": "Feature",
      "dealerLocatorProfiles": [],
      "geometry": {
        "type": "Point",
        "coordinates": [
          -79.42041700,
          43.64810020
        ]
      },
      "properties": {
        "ID": "7ac865e9-2f5b-43ae-91fd-2f13c6a8981a",
        "Name": "Downtown Lumber",
        "Address1": "2032 Dundas Street West",
        "Address2": "HOURS 9AM-4PM",
        "City": "Toronto",
        "Province": "ON",
        "Postal_Code": "M6R 1W6",
        "Country": "Canada",
        "Phone": "(416) 532-2813",
        "Fax": "(416) 532-6040",
        "Web_Site": "",
        "Dealer_Website_Enabled": "true",
        "Dealer_Website_Ranking": "0",
        "Customer_No": "2063",
        "ShipTo_No": "488",
        "Primary_Contact": "Jim Melo"
      }
    },
    {
      "type": "Feature",
      "dealerLocatorProfiles": [],
      "geometry": {
        "type": "Point",
        "coordinates": [
          -77.69687630,
          44.47788550
        ]
      },
      "properties": {
        "ID": "7ad83163-186a-46bd-bb79-1a12ce80b87d",
        "Name": "Broadbent&#39;s HHBC",
        "Address1": "102349 Hwy 7",
        "Address2": "HOURS 7:30AM-5:30PM",
        "City": "Marmora",
        "Province": "ON",
        "Postal_Code": "K0K 2M0",
        "Country": "Canada",
        "Phone": "(613) 472-2539",
        "Fax": "",
        "Web_Site": "",
        "Dealer_Website_Enabled": "true",
        "Dealer_Website_Ranking": "0",
        "Viewable_Without_Admin": "false",
        "Customer_No": "2063",
        "ShipTo_No": "405"
      }
    },
    {
      "type": "Feature",
      "dealerLocatorProfiles": [],
      "geometry": {
        "type": "Point",
        "coordinates": [
          -106.68836400,
          52.12335410
        ]
      },
      "properties": {
        "ID": "7b5b0644-dc5c-4903-bfcc-f02a45ce92cd",
        "Name": "Saskatoon Home Building Centre",
        "Address1": "420 Ave. (M) South",
        "Address2": "",
        "City": "Saskatoon",
        "Province": "SK",
        "Postal_Code": "S7M 1K7",
        "Country": "Canada",
        "Phone": "(306) 653-1323",
        "Fax": "(306) 665-0237",
        "Web_Site": "",
        "Dealer_Website_Enabled": "true",
        "Dealer_Website_Ranking": "0",
        "Customer_No": "2063",
        "ShipTo_No": "188",
        "Primary_Contact": "Shannon Brossart"
      }
    },
    {
      "type": "Feature",
      "dealerLocatorProfiles": [],
      "geometry": {
        "type": "Point",
        "coordinates": [
          -113.99705790,
          51.05297780
        ]
      },
      "properties": {
        "ID": "7b6e7233-42cb-44f5-8c5a-7b76d6f3aba6",
        "Name": "Home Improvement Warehouse",
        "Address1": "2620 Centre Ave",
        "Address2": "",
        "City": "Calgary",
        "Province": "AB",
        "Postal_Code": "T2A 2L3",
        "Country": "Canada",
        "Phone": "",
        "Fax": "",
        "Web_Site": "",
        "Dealer_Website_Enabled": "true",
        "Customer_No": "1500",
        "ShipTo_No": "164"
      }
    },
    {
      "type": "Feature",
      "dealerLocatorProfiles": [],
      "geometry": {
        "type": "Point",
        "coordinates": [
          -123.07298070,
          49.20892340
        ]
      },
      "properties": {
        "ID": "7b99c25e-0af4-421c-85e0-0554a9d1e9d9",
        "Name": "Northern Building Supply Ltd",
        "Address1": "1640 E Kent Avenue",
        "Address2": "",
        "City": "Vancouver",
        "Province": "BC",
        "Postal_Code": "V5P 2S7",
        "Country": "Canada",
        "Phone": "(604) 321-6141",
        "Fax": "(604) 321-3410",
        "Web_Site": "",
        "Dealer_Website_Enabled": "true",
        "Dealer_Website_Ranking": "0",
        "Customer_No": "2040",
        "ShipTo_No": "6",
        "Primary_Contact": "Gord Thomas"
      }
    },
    {
      "type": "Feature",
      "dealerLocatorProfiles": [],
      "geometry": {
        "type": "Point",
        "coordinates": [
          -80.46582660,
          48.53532680
        ]
      },
      "properties": {
        "ID": "7bcd61a4-21a4-4aca-8cf9-71cd49a3bf19",
        "Name": "Collins HHBC",
        "Address1": "413 5th Ave",
        "Address2": "",
        "City": "Matheson",
        "Province": "ON",
        "Postal_Code": "P0K 1N0",
        "Country": "Canada",
        "Phone": "(705) 273-1890",
        "Fax": "",
        "Web_Site": "",
        "Dealer_Website_Enabled": "true",
        "Dealer_Website_Ranking": "0",
        "Customer_No": "2063",
        "ShipTo_No": "518"
      }
    },
    {
      "type": "Feature",
      "dealerLocatorProfiles": [],
      "geometry": {
        "type": "Point",
        "coordinates": [
          -113.98031330,
          50.99706610
        ]
      },
      "properties": {
        "ID": "7bd0e10c-1849-401e-8887-bf7f59cfa468",
        "Name": "Convoy Supply Ltd - Calgary",
        "Address1": "3716 64th Ave. S.E.",
        "Address2": "",
        "City": "Calgary",
        "Province": "AB",
        "Postal_Code": "T2C 2B4",
        "Country": "Canada",
        "Phone": "(403) 207-3400",
        "Fax": "(403) 207-3404",
        "Web_Site": "",
        "Dealer_Website_Enabled": "true",
        "Dealer_Website_Ranking": "0",
        "Customer_No": "400",
        "ShipTo_No": "13",
        "Primary_Contact": "Len Brossart"
      }
    },
    {
      "type": "Feature",
      "dealerLocatorProfiles": [],
      "geometry": {
        "type": "Point",
        "coordinates": [
          -75.60207880,
          45.39873000
        ]
      },
      "properties": {
        "ID": "7c4e4cc5-ce76-4458-86e3-62c52e9dbd46",
        "Name": "Beacon Roofing Supply Canada",
        "Address1": "2801 Sheffield Road",
        "Address2": "",
        "City": "Ottawa",
        "Province": "ON",
        "Postal_Code": "K1B 3V8",
        "Country": "Canada",
        "Phone": "(613) 744-5119",
        "Fax": "(613) 746-0839",
        "Web_Site": "",
        "Dealer_Website_Enabled": "true",
        "Dealer_Website_Ranking": "0",
        "Customer_No": "4553",
        "ShipTo_No": "4"
      }
    },
    {
      "type": "Feature",
      "dealerLocatorProfiles": [],
      "geometry": {
        "type": "Point",
        "coordinates": [
          -80.47555700,
          43.43032500
        ]
      },
      "properties": {
        "ID": "7c9335b2-7256-4a2e-9bf5-c17a431331e2",
        "Name": "Convoy Supply Ltd - Kitchener",
        "Address1": "2165 Shirley Drive",
        "Address2": "",
        "City": "Kitchener",
        "Province": "ON",
        "Postal_Code": "N2B 3Y1",
        "Country": "Canada",
        "Phone": "(519) 742-5402",
        "Fax": "(519) 742-5806",
        "Web_Site": "",
        "Dealer_Website_Enabled": "true",
        "Dealer_Website_Ranking": "0",
        "Customer_No": "400",
        "ShipTo_No": "22"
      }
    },
    {
      "type": "Feature",
      "dealerLocatorProfiles": [],
      "geometry": {
        "type": "Point",
        "coordinates": [
          -113.39762760,
          49.71659960
        ]
      },
      "properties": {
        "ID": "7cbadfd6-fdb8-4762-b70e-d8391b604a94",
        "Name": "Economy Cashway Lumber Ltd",
        "Address1": "Po Box 626 5123-01",
        "Address2": "515 12th St",
        "City": "Fort Macleod",
        "Province": "AB",
        "Postal_Code": "T0L 0Z0",
        "Country": "Canada",
        "Phone": "(403) 553-4418",
        "Fax": "(403) 553-3843",
        "Web_Site": "",
        "Dealer_Website_Enabled": "true",
        "Dealer_Website_Ranking": "0",
        "Customer_No": "2070",
        "ShipTo_No": "38"
      }
    },
    {
      "type": "Feature",
      "dealerLocatorProfiles": [],
      "geometry": {
        "type": "Point",
        "coordinates": [
          -116.01525020,
          58.39176930
        ]
      },
      "properties": {
        "ID": "7d633e7c-920c-4907-a916-e4d6845df45d",
        "Name": "Fort Vermillion Ace Hardware",
        "Address1": "4713 River Road",
        "Address2": "",
        "City": "Fort Vermilion",
        "Province": "AB",
        "Postal_Code": "T0H 1N0",
        "Country": "Canada",
        "Phone": "",
        "Fax": "",
        "Web_Site": "",
        "Dealer_Website_Enabled": "true",
        "Customer_No": "43600",
        "ShipTo_No": "187"
      }
    },
    {
      "type": "Feature",
      "dealerLocatorProfiles": [],
      "geometry": {
        "type": "Point",
        "coordinates": [
          -79.15106560,
          44.43635790
        ]
      },
      "properties": {
        "ID": "7ddfd40e-df9b-4e2b-9875-2d4aa17b350c",
        "Name": "Hill&#39;s HBC",
        "Address1": "488 Mara Road",
        "Address2": "HOURS 7:30AM-5:30PM",
        "City": "Beaverton",
        "Province": "ON",
        "Postal_Code": "L0K 1A0",
        "Country": "Canada",
        "Phone": "(705) 426-7301",
        "Fax": "(705) 426-5244",
        "Web_Site": "",
        "Dealer_Website_Enabled": "true",
        "Dealer_Website_Ranking": "0",
        "Viewable_Without_Admin": "false",
        "Customer_No": "2063",
        "ShipTo_No": "489"
      }
    },
    {
      "type": "Feature",
      "dealerLocatorProfiles": [],
      "geometry": {
        "type": "Point",
        "coordinates": [
          -128.68613600,
          54.06043700
        ]
      },
      "properties": {
        "ID": "7e00e079-b9f5-4204-a2e3-676aa1a141c1",
        "Name": "Emporium Builders Supplies Ltd",
        "Address1": "611 Commercial Avenue",
        "Address2": "",
        "City": "Kitimat",
        "Province": "BC",
        "Postal_Code": "V8C 2J5",
        "Country": "Canada",
        "Phone": "(250) 632-3157",
        "Fax": "(250) 632-5989",
        "Web_Site": "",
        "Dealer_Website_Enabled": "true",
        "Dealer_Website_Ranking": "0",
        "Customer_No": "2062",
        "ShipTo_No": "186",
        "Primary_Contact": "Marco Bravo"
      }
    },
    {
      "type": "Feature",
      "dealerLocatorProfiles": [],
      "geometry": {
        "type": "Point",
        "coordinates": [
          -123.31972880,
          48.87909810
        ]
      },
      "properties": {
        "ID": "7e0a53d3-0123-4053-afb0-3139071e453e",
        "Name": "Galiano Trading Company",
        "Address1": "217 Sturdies Bay Road RR1,",
        "Address2": "Box 220",
        "City": "Galiano",
        "Province": "BC",
        "Postal_Code": "V0N 1P0",
        "Country": "Canada",
        "Phone": "(250) 539-5529",
        "Fax": "(855) 884-2714",
        "Web_Site": "",
        "Dealer_Website_Enabled": "true",
        "Dealer_Website_Ranking": "0",
        "Customer_No": "2062",
        "ShipTo_No": "354",
        "TC2__Island": "true"
      }
    },
    {
      "type": "Feature",
      "dealerLocatorProfiles": [],
      "geometry": {
        "type": "Point",
        "coordinates": [
          -77.14956310,
          44.00385580
        ]
      },
      "properties": {
        "ID": "7e13f327-fea4-44e4-8ce6-fcdafaa7355c",
        "Name": "C.F. Evans Lumber Company",
        "Address1": "56 Picton Main Street",
        "Address2": "",
        "City": "Picton",
        "Province": "ON",
        "Postal_Code": "K0K 2T0",
        "Country": "Canada",
        "Phone": "(613) 476-2446",
        "Fax": "(613) 476-5272",
        "Web_Site": "",
        "Dealer_Website_Enabled": "true",
        "Dealer_Website_Ranking": "0",
        "Customer_No": "1500",
        "ShipTo_No": "120",
        "Primary_Contact": "Bob Evans"
      }
    },
    {
      "type": "Feature",
      "dealerLocatorProfiles": [],
      "geometry": {
        "type": "Point",
        "coordinates": [
          -76.01616500,
          44.40370360
        ]
      },
      "properties": {
        "ID": "7e63a640-5afa-4bda-b617-fb5b17cb2063",
        "Name": "Rideau Lakes - Landsdowne 7.30am-5pm",
        "Address1": "33 Railway St",
        "Address2": "",
        "City": "Landsdowne",
        "Province": "ON",
        "Postal_Code": "K0E 1L0",
        "Country": "Canada",
        "Phone": "(613) 659-2383",
        "Fax": "(613) 659-4915",
        "Web_Site": "",
        "Dealer_Website_Enabled": "true",
        "Dealer_Website_Ranking": "0",
        "Customer_No": "1500",
        "ShipTo_No": "151"
      }
    },
    {
      "type": "Feature",
      "dealerLocatorProfiles": [],
      "geometry": {
        "type": "Point",
        "coordinates": [
          -114.18529510,
          51.08016750
        ]
      },
      "properties": {
        "ID": "7e791782-a904-484e-814b-7426e3f29b40",
        "Name": "Rona - Bowness Calgary (612)",
        "Address1": "6912 29th Ave. N.W.",
        "Address2": "",
        "City": "Calgary",
        "Province": "AB",
        "Postal_Code": "T3B 0J4",
        "Country": "Canada",
        "Phone": "",
        "Fax": "",
        "Web_Site": "",
        "Dealer_Website_Enabled": "true",
        "Customer_No": "43600",
        "ShipTo_No": "118"
      }
    },
    {
      "type": "Feature",
      "dealerLocatorProfiles": [],
      "geometry": {
        "type": "Point",
        "coordinates": [
          -96.84042600,
          49.92891300
        ]
      },
      "properties": {
        "ID": "7e9d2fb3-480d-47fd-b31b-41bf9f281639",
        "Name": "Pembina Co-op (Oakbank)",
        "Address1": "Box 369 - 15 Co-op Drive",
        "Address2": "",
        "City": "Oakbank",
        "Province": "MB",
        "Postal_Code": "R0E 1J0",
        "Country": "Canada",
        "Phone": "(204) 444-5599",
        "Fax": "(204) 444-5550",
        "Web_Site": "",
        "Dealer_Website_Enabled": "true",
        "Dealer_Website_Ranking": "0",
        "Customer_No": "62156",
        "ShipTo_No": "345"
      }
    },
    {
      "type": "Feature",
      "dealerLocatorProfiles": [],
      "geometry": {
        "type": "Point",
        "coordinates": [
          -110.77801790,
          49.96173970
        ]
      },
      "properties": {
        "ID": "7f90f705-9702-4c76-ae27-610dcc1f12e8",
        "Name": "South Country Co-op (Med Hat)",
        "Address1": "12002 Range Road 60A",
        "Address2": "",
        "City": "Cypress County",
        "Province": "AB",
        "Postal_Code": "T1B 4X5",
        "Country": "Canada",
        "Phone": "(403) 528-6609",
        "Fax": "(403) 528-6632",
        "Web_Site": "",
        "Dealer_Website_Enabled": "true",
        "Dealer_Website_Ranking": "0",
        "Customer_No": "62156",
        "ShipTo_No": "130"
      }
    },
    {
      "type": "Feature",
      "dealerLocatorProfiles": [],
      "geometry": {
        "type": "Point",
        "coordinates": [
          -107.51726240,
          53.36636860
        ]
      },
      "properties": {
        "ID": "7f982b0d-5af8-4651-845e-27086e1034cd",
        "Name": "Timber Spirit Supply",
        "Address1": "104 Railway Ave E",
        "Address2": "",
        "City": "Spiritwood",
        "Province": "SK",
        "Postal_Code": "S0J 2M0",
        "Country": "Canada",
        "Phone": "(306) 883-2072",
        "Fax": "(306) 883-2763",
        "Web_Site": "",
        "Dealer_Website_Enabled": "true",
        "Dealer_Website_Ranking": "0",
        "Customer_No": "1500",
        "ShipTo_No": "145",
        "SK__N_W_": "true"
      }
    },
    {
      "type": "Feature",
      "dealerLocatorProfiles": [],
      "geometry": {
        "type": "Point",
        "coordinates": [
          -99.84096010,
          50.24936560
        ]
      },
      "properties": {
        "ID": "7fc488a5-a01e-49eb-a8f2-5bca034430a7",
        "Name": "Heritage Co-op Ltd Home Centre Minnedosa",
        "Address1": "PO Box 1050",
        "Address2": "48 Armitage Avenue",
        "City": "Minnedosa",
        "Province": "MB",
        "Postal_Code": "R0J 1E0",
        "Country": "Canada",
        "Phone": "(204) 867-3723",
        "Fax": "(204) 867-5372",
        "Web_Site": "",
        "Dealer_Website_Enabled": "true",
        "Dealer_Website_Ranking": "0",
        "Customer_No": "62156",
        "ShipTo_No": "84",
        "Route_#3": "true"
      }
    },
    {
      "type": "Feature",
      "dealerLocatorProfiles": [],
      "geometry": {
        "type": "Point",
        "coordinates": [
          -113.10888530,
          53.95058390
        ]
      },
      "properties": {
        "ID": "7fe42ddf-1060-4209-92b1-36b135c59921",
        "Name": "Williams Energy",
        "Address1": "Pembina Plant",
        "Address2": "",
        "City": "Redwater",
        "Province": "AB",
        "Postal_Code": "T8H 0G2",
        "Country": "Canada",
        "Phone": "",
        "Fax": "",
        "Web_Site": "",
        "Dealer_Website_Enabled": "true",
        "Customer_No": "4495",
        "ShipTo_No": "15"
      }
    },
    {
      "type": "Feature",
      "dealerLocatorProfiles": [],
      "geometry": {
        "type": "Point",
        "coordinates": [
          -113.28618220,
          54.72140940
        ]
      },
      "properties": {
        "ID": "7ff60a71-f6bb-4cf6-80c1-432bc1430870",
        "Name": "U.F.A  Athabasca",
        "Address1": "3926 - 53 Street",
        "Address2": "P.O. Box 570",
        "City": "Athabasca",
        "Province": "AB",
        "Postal_Code": "T0G 0B0",
        "Country": "Canada",
        "Phone": "(780) 675-4999",
        "Fax": "(780) 675-2972",
        "Web_Site": "",
        "Dealer_Website_Enabled": "true",
        "Dealer_Website_Ranking": "0",
        "Customer_No": "2070",
        "ShipTo_No": "158"
      }
    },
    {
      "type": "Feature",
      "dealerLocatorProfiles": [],
      "geometry": {
        "type": "Point",
        "coordinates": [
          -102.96812880,
          49.13493050
        ]
      },
      "properties": {
        "ID": "804c76c4-c8f9-4979-802d-6d1d31b38256",
        "Name": "Advance Building Products",
        "Address1": "303 Kensington Ave",
        "Address2": "",
        "City": "Estevan",
        "Province": "SK",
        "Postal_Code": "S4A 2A6",
        "Country": "Canada",
        "Phone": "",
        "Fax": "",
        "Web_Site": "",
        "Dealer_Website_Enabled": "true",
        "Customer_No": "62156",
        "ShipTo_No": "377"
      }
    },
    {
      "type": "Feature",
      "dealerLocatorProfiles": [],
      "geometry": {
        "type": "Point",
        "coordinates": [
          -116.40414320,
          58.18611870
        ]
      },
      "properties": {
        "ID": "805fdf48-89d9-4993-9cc2-e47cbfae3a3c",
        "Name": "La Crete Home Building Centre",
        "Address1": "9901 - 100 St. P.O.Box 543",
        "Address2": "",
        "City": "La Crete",
        "Province": "AB",
        "Postal_Code": "T0H 2H0",
        "Country": "Canada",
        "Phone": "(780) 928-3750",
        "Fax": "(780) 928-2355",
        "Web_Site": "",
        "Dealer_Website_Enabled": "true",
        "Dealer_Website_Ranking": "0",
        "Customer_No": "2063",
        "ShipTo_No": "77"
      }
    },
    {
      "type": "Feature",
      "dealerLocatorProfiles": [],
      "geometry": {
        "type": "Point",
        "coordinates": [
          -82.15832530,
          45.81152350
        ]
      },
      "properties": {
        "ID": "809d22fa-24df-46a3-9762-a78abae38ef0",
        "Name": "UCCM Bldg Supply",
        "Address1": "Hwy 551 #386",
        "Address2": "HOURS 8AM-5PM",
        "City": "M&#39;Chigeeng",
        "Province": "ON",
        "Postal_Code": "P0P 1G0",
        "Country": "Canada",
        "Phone": "(705) 377-5111",
        "Fax": "(705) 377-5113",
        "Web_Site": "",
        "Dealer_Website_Enabled": "true",
        "Dealer_Website_Ranking": "0",
        "Customer_No": "1500",
        "ShipTo_No": "105"
      }
    },
    {
      "type": "Feature",
      "dealerLocatorProfiles": [],
      "geometry": {
        "type": "Point",
        "coordinates": [
          -119.61177250,
          49.83776060
        ]
      },
      "properties": {
        "ID": "80a96f63-f8ff-441e-8de6-3fd667eefe92",
        "Name": "Home Depot - West Kelowna",
        "Address1": "3550 Carrington Road, Unit 401",
        "Address2": "Store #7252",
        "City": "West Kelowna",
        "Province": "BC",
        "Postal_Code": "V4T 2Z1",
        "Country": "Canada",
        "Phone": "(250) 707-2300",
        "Fax": "(250) 707-2313",
        "Web_Site": "",
        "Dealer_Website_Enabled": "true",
        "Dealer_Website_Ranking": "0",
        "Customer_No": "199909",
        "ShipTo_No": "14",
        "Primary_Contact": "Kenn Allen"
      }
    },
    {
      "type": "Feature",
      "dealerLocatorProfiles": [],
      "geometry": {
        "type": "Point",
        "coordinates": [
          -96.06103380,
          50.26159290
        ]
      },
      "properties": {
        "ID": "811abac7-c763-45f8-acce-e288b4444ab0",
        "Name": "Lac Du Bonnet Home Hardware",
        "Address1": "P.O. Box 249",
        "Address2": "Provincial Road 317S",
        "City": "Lac Du Bonnet",
        "Province": "MB",
        "Postal_Code": "R0E 1A0",
        "Country": "Canada",
        "Phone": "(204) 345-2241",
        "Fax": "(204) 345-6377",
        "Web_Site": "",
        "Dealer_Website_Enabled": "true",
        "Dealer_Website_Ranking": "0",
        "Customer_No": "2063",
        "ShipTo_No": "78",
        "Primary_Contact": "Alan Richter",
        "Route_#1": "true",
        "Route_#7": "true"
      }
    },
    {
      "type": "Feature",
      "dealerLocatorProfiles": [],
      "geometry": {
        "type": "Point",
        "coordinates": [
          -115.04358260,
          49.52803100
        ]
      },
      "properties": {
        "ID": "81342376-272b-402b-9cff-ad7738df74a6",
        "Name": "Fernie Home Hardware Bldg Cent",
        "Address1": "300 Manitou Rd.",
        "Address2": "",
        "City": "Fernie",
        "Province": "BC",
        "Postal_Code": "V0B 1M5",
        "Country": "Canada",
        "Phone": "(250) 423-4694",
        "Fax": "(250) 423-3351",
        "Web_Site": "",
        "Dealer_Website_Enabled": "true",
        "Dealer_Website_Ranking": "0",
        "Customer_No": "2063",
        "ShipTo_No": "46"
      }
    },
    {
      "type": "Feature",
      "dealerLocatorProfiles": [],
      "geometry": {
        "type": "Point",
        "coordinates": [
          -118.19729010,
          50.99978980
        ]
      },
      "properties": {
        "ID": "813da96e-a20e-4450-bad5-f94b47918bf8",
        "Name": "Revelstoke Builders Supply, Home Hardware",
        "Address1": "201 Campbell Ave., Box 140",
        "Address2": "",
        "City": "Revelstoke",
        "Province": "BC",
        "Postal_Code": "V0E 2S0",
        "Country": "Canada",
        "Phone": "(250) 837-2185",
        "Fax": "(250) 837-2184",
        "Web_Site": "",
        "Dealer_Website_Enabled": "true",
        "Dealer_Website_Ranking": "0",
        "Customer_No": "2063",
        "ShipTo_No": "118",
        "Primary_Contact": "Matt Klassen"
      }
    },
    {
      "type": "Feature",
      "dealerLocatorProfiles": [],
      "geometry": {
        "type": "Point",
        "coordinates": [
          -123.41681840,
          48.56780870
        ]
      },
      "properties": {
        "ID": "81b4bfc1-b2e6-411b-9385-32894c5740d4",
        "Name": "Pro-Line Construction Matl&#39;s",
        "Address1": "6792 Kirkpatrick Cres",
        "Address2": "",
        "City": "Saanichton",
        "Province": "BC",
        "Postal_Code": "V8M 1Z9",
        "Country": "Canada",
        "Phone": "(250) 652-8801",
        "Fax": "(250) 652-8803",
        "Web_Site": "",
        "Dealer_Website_Enabled": "true",
        "Dealer_Website_Ranking": "0",
        "Customer_No": "2062",
        "ShipTo_No": "285"
      }
    },
    {
      "type": "Feature",
      "dealerLocatorProfiles": [],
      "geometry": {
        "type": "Point",
        "coordinates": [
          -123.33401500,
          48.47064540
        ]
      },
      "properties": {
        "ID": "82138742-2c2c-4603-bf4d-e5cabff85474",
        "Name": "Home Depot Canada - Saanich",
        "Address1": "3986 Shelbourne Street",
        "Address2": "Store #7055",
        "City": "Saanich",
        "Province": "BC",
        "Postal_Code": "V8N 3E3",
        "Country": "Canada",
        "Phone": "(250) 853-5350",
        "Fax": "(250) 853-5363",
        "Web_Site": "",
        "Dealer_Website_Enabled": "true",
        "Dealer_Website_Ranking": "0",
        "Customer_No": "199909",
        "ShipTo_No": "12"
      }
    },
    {
      "type": "Feature",
      "dealerLocatorProfiles": [],
      "geometry": {
        "type": "Point",
        "coordinates": [
          -81.68643550,
          43.15273170
        ]
      },
      "properties": {
        "ID": "8264b725-649b-4857-b162-54f30a600baa",
        "Name": "Mitchell&#39;s Home Bldg Centre",
        "Address1": "2211 Elginfield Road",
        "Address2": "HOURS 7AM-5PM",
        "City": "Parkhill",
        "Province": "ON",
        "Postal_Code": "N0M 2K0",
        "Country": "Canada",
        "Phone": "(519) 294-6755",
        "Fax": "(519) 294-6332",
        "Web_Site": "",
        "Dealer_Website_Enabled": "true",
        "Dealer_Website_Ranking": "0",
        "Customer_No": "2063",
        "ShipTo_No": "332"
      }
    },
    {
      "type": "Feature",
      "dealerLocatorProfiles": [],
      "geometry": {
        "type": "Point",
        "coordinates": [
          -102.08754900,
          51.88155700
        ]
      },
      "properties": {
        "ID": "827a056b-f686-4441-9887-d1755cb228e9",
        "Name": "Norquay Co-op (Lumber)",
        "Address1": "Box 340     13 Hwy 49 East",
        "Address2": "",
        "City": "Norquay",
        "Province": "SK",
        "Postal_Code": "S0A 2V0",
        "Country": "Canada",
        "Phone": "(306) 594-2215",
        "Fax": "(306) 594-2953",
        "Web_Site": "",
        "Dealer_Website_Enabled": "true",
        "Dealer_Website_Ranking": "0",
        "Customer_No": "62156",
        "ShipTo_No": "144",
        "Route_#6": "true"
      }
    },
    {
      "type": "Feature",
      "dealerLocatorProfiles": [],
      "geometry": {
        "type": "Point",
        "coordinates": [
          -97.38616630,
          49.87398660
        ]
      },
      "properties": {
        "ID": "829c2275-edf2-4213-b5d7-45db71234a8c",
        "Name": "McMunn &amp; Yates - Headingley Distribution Centre",
        "Address1": "5040 Portage Ave.",
        "Address2": "",
        "City": "Headingly",
        "Province": "MB",
        "Postal_Code": "R4H 1C7",
        "Country": "Canada",
        "Phone": "(204) 888-5002",
        "Fax": "(204) 831-1865",
        "Web_Site": "",
        "Dealer_Website_Enabled": "true",
        "Dealer_Website_Ranking": "0",
        "Customer_No": "3453",
        "ShipTo_No": "7",
        "Primary_Contact": "Daryl Fowler",
        "Route_#1": "true",
        "Route_#7": "true"
      }
    },
    {
      "type": "Feature",
      "dealerLocatorProfiles": [],
      "geometry": {
        "type": "Point",
        "coordinates": [
          -119.19699380,
          50.44769830
        ]
      },
      "properties": {
        "ID": "831750a4-a9e7-4933-8828-0ec4fe2ff393",
        "Name": "Shepherd&#39;s Home Hardware Building Centre",
        "Address1": "3525 Mill Street, P.O. Box 37",
        "Address2": "",
        "City": "Armstrong",
        "Province": "BC",
        "Postal_Code": "V0E 1B0",
        "Country": "Canada",
        "Phone": "(888) 546-3002",
        "Fax": "(250) 546-8350",
        "Web_Site": "",
        "Dealer_Website_Enabled": "true",
        "Dealer_Website_Ranking": "0",
        "Customer_No": "2063",
        "ShipTo_No": "123",
        "Primary_Contact": "Angela Raichura"
      }
    },
    {
      "type": "Feature",
      "dealerLocatorProfiles": [],
      "geometry": {
        "type": "Point",
        "coordinates": [
          -97.21901710,
          50.91343370
        ]
      },
      "properties": {
        "ID": "832f2e7e-8f4a-4f2a-aab1-a8b0fb83efdc",
        "Name": "Arborg Home Hardware Bldg Ctr",
        "Address1": "451 Main Street Box 1308",
        "Address2": "",
        "City": "Arborg",
        "Province": "MB",
        "Postal_Code": "R0C 0A0",
        "Country": "Canada",
        "Phone": "(204) 376-3090",
        "Fax": "(204) 376-3088",
        "Web_Site": "",
        "Dealer_Website_Enabled": "true",
        "Dealer_Website_Ranking": "0",
        "Customer_No": "2063",
        "ShipTo_No": "279",
        "Route_#9": "true"
      }
    },
    {
      "type": "Feature",
      "dealerLocatorProfiles": [],
      "geometry": {
        "type": "Point",
        "coordinates": [
          -112.79001340,
          49.63857610
        ]
      },
      "properties": {
        "ID": "835cc353-20b9-44c6-b4c2-452f8f9bb796",
        "Name": "SRI Homes-Regent Home Systems",
        "Address1": "131 Stubb Ross Road",
        "Address2": "",
        "City": "Lethbridge",
        "Province": "AB",
        "Postal_Code": "T1K 7N3",
        "Country": "Canada",
        "Phone": "",
        "Fax": "",
        "Web_Site": "",
        "Dealer_Website_Enabled": "true",
        "Customer_No": "2070",
        "ShipTo_No": "303"
      }
    },
    {
      "type": "Feature",
      "dealerLocatorProfiles": [],
      "geometry": {
        "type": "Point",
        "coordinates": [
          -80.30225340,
          42.82959200
        ]
      },
      "properties": {
        "ID": "83727bd4-77f8-42dc-81f8-52653a0f9eb1",
        "Name": "Pickard Home Building Centre",
        "Address1": "9 James Street",
        "Address2": "HOURS 7:30AM-5PM",
        "City": "Simcoe",
        "Province": "ON",
        "Postal_Code": "N3Y 1E1",
        "Country": "Canada",
        "Phone": "(519) 426-0791",
        "Fax": "(519) 426-9706",
        "Web_Site": "",
        "Dealer_Website_Enabled": "true",
        "Dealer_Website_Ranking": "0",
        "Customer_No": "2063",
        "ShipTo_No": "368",
        "Primary_Contact": "Paul Downton"
      }
    },
    {
      "type": "Feature",
      "dealerLocatorProfiles": [],
      "geometry": {
        "type": "Point",
        "coordinates": [
          -114.40091400,
          54.11665400
        ]
      },
      "properties": {
        "ID": "83ba60ba-c34a-4c7b-af24-95286de5eb57",
        "Name": "Pembina West Co-op - Barrhead",
        "Address1": "P.O. Box 4040, 4907-49 Street",
        "Address2": "",
        "City": "Barrhead",
        "Province": "AB",
        "Postal_Code": "T7N 1A1",
        "Country": "Canada",
        "Phone": "(780) 674-2201",
        "Fax": "(780) 674-5598",
        "Web_Site": "",
        "Dealer_Website_Enabled": "true",
        "Dealer_Website_Ranking": "0",
        "Customer_No": "62156",
        "ShipTo_No": "13"
      }
    },
    {
      "type": "Feature",
      "dealerLocatorProfiles": [],
      "geometry": {
        "type": "Point",
        "coordinates": [
          -112.77751690,
          49.87720150
        ]
      },
      "properties": {
        "ID": "83dd44d6-7b0f-4867-a0d4-fbdfe5db771f",
        "Name": "Butte Home Building Centre",
        "Address1": "233 Jamieson Avenue North",
        "Address2": "Box 220",
        "City": "Picture Butte",
        "Province": "AB",
        "Postal_Code": "T0K 1V0",
        "Country": "Canada",
        "Phone": "(403) 732-4621",
        "Fax": "(403) 732-4584",
        "Web_Site": "",
        "Dealer_Website_Enabled": "true",
        "Dealer_Website_Ranking": "0",
        "Customer_No": "2063",
        "ShipTo_No": "108"
      }
    },
    {
      "type": "Feature",
      "dealerLocatorProfiles": [],
      "geometry": {
        "type": "Point",
        "coordinates": [
          -80.96957930,
          44.55980040
        ]
      },
      "properties": {
        "ID": "842d1651-6fd1-42e2-8c70-03c64df5bf4b",
        "Name": "Smith &amp; Hladil Home Hdwe Bldg",
        "Address1": "1080-10th street West,",
        "Address2": "PO Box 295 HOURS 8AM-5PM",
        "City": "Owen Sound",
        "Province": "ON",
        "Postal_Code": "N4K 5P5",
        "Country": "Canada",
        "Phone": "(519) 376-1210",
        "Fax": "(519) 376-1573",
        "Web_Site": "",
        "Dealer_Website_Enabled": "true",
        "Dealer_Website_Ranking": "0",
        "Customer_No": "2063",
        "ShipTo_No": "374"
      }
    },
    {
      "type": "Feature",
      "dealerLocatorProfiles": [],
      "geometry": {
        "type": "Point",
        "coordinates": [
          -128.60222390,
          54.51270100
        ]
      },
      "properties": {
        "ID": "842fde2d-4c0e-45c0-907d-8eb045687562",
        "Name": "Convoy Supply Ltd - Terrace",
        "Address1": "4821 Keith Avenue",
        "Address2": "",
        "City": "Terrace",
        "Province": "BC",
        "Postal_Code": "V8G 1K7",
        "Country": "Canada",
        "Phone": "(250) 410-4511",
        "Fax": "(250) 635-5161",
        "Web_Site": "",
        "Dealer_Website_Enabled": "true",
        "Dealer_Website_Ranking": "0",
        "Customer_No": "400",
        "ShipTo_No": "11",
        "Primary_Contact": "Dan Fisher"
      }
    },
    {
      "type": "Feature",
      "dealerLocatorProfiles": [],
      "geometry": {
        "type": "Point",
        "coordinates": [
          -80.42665390,
          43.10335540
        ]
      },
      "properties": {
        "ID": "84970745-b1dc-41d2-a738-d773a38d73e6",
        "Name": "Warren&#39;s Home Centre Limited",
        "Address1": "Box 221, 103 King Street",
        "Address2": "",
        "City": "Burford",
        "Province": "ON",
        "Postal_Code": "N0E 1A0",
        "Country": "Canada",
        "Phone": "(519) 449-2411",
        "Fax": "(519) 449-5782",
        "Web_Site": "",
        "Dealer_Website_Enabled": "true",
        "Dealer_Website_Ranking": "0",
        "Customer_No": "2063",
        "ShipTo_No": "262"
      }
    },
    {
      "type": "Feature",
      "dealerLocatorProfiles": [],
      "geometry": {
        "type": "Point",
        "coordinates": [
          -107.06306890,
          53.30723840
        ]
      },
      "properties": {
        "ID": "84aeed13-dafc-4ed6-bddb-0608f5875fda",
        "Name": "Lake Country Co-op(Shell Lake)",
        "Address1": "215 Main St",
        "Address2": "Box 40",
        "City": "Shell Lake",
        "Province": "SK",
        "Postal_Code": "S0J 2G0",
        "Country": "Canada",
        "Phone": "(306) 427-4457",
        "Fax": "(306) 427-4516",
        "Web_Site": "",
        "Dealer_Website_Enabled": "true",
        "Dealer_Website_Ranking": "0",
        "Customer_No": "62156",
        "ShipTo_No": "208"
      }
    },
    {
      "type": "Feature",
      "dealerLocatorProfiles": [],
      "geometry": {
        "type": "Point",
        "coordinates": [
          -113.90757690,
          50.74507650
        ]
      },
      "properties": {
        "ID": "84fea77d-610b-44d7-a2b5-3a0ad9c8c9e3",
        "Name": "Integrity Bldg Products Inc.",
        "Address1": "P.O.Box 689",
        "Address2": "100 - 48223, 338th Ave. E.",
        "City": "Foothills",
        "Province": "AB",
        "Postal_Code": "T1S 4T2",
        "Country": "Canada",
        "Phone": "(403) 648-8983",
        "Fax": "(403) 770-8787",
        "Web_Site": "",
        "Dealer_Website_Enabled": "true",
        "Dealer_Website_Ranking": "0",
        "Customer_No": "1500",
        "ShipTo_No": "81"
      }
    },
    {
      "type": "Feature",
      "dealerLocatorProfiles": [],
      "geometry": {
        "type": "Point",
        "coordinates": [
          -113.76896070,
          50.34465550
        ]
      },
      "properties": {
        "ID": "85147481-b7bb-4f6a-9e3d-00bd8a788b9c",
        "Name": "Nanton Home Building Centre",
        "Address1": "P.O. Box 897, 2120 - 24 Street",
        "Address2": "",
        "City": "Nanton",
        "Province": "AB",
        "Postal_Code": "T0L 1R0",
        "Country": "Canada",
        "Phone": "(403) 646-2032",
        "Fax": "(403) 646-5515",
        "Web_Site": "",
        "Dealer_Website_Enabled": "true",
        "Dealer_Website_Ranking": "0",
        "Customer_No": "2063",
        "ShipTo_No": "97"
      }
    },
    {
      "type": "Feature",
      "dealerLocatorProfiles": [],
      "geometry": {
        "type": "Point",
        "coordinates": [
          -79.67114580,
          44.35216410
        ]
      },
      "properties": {
        "ID": "8555c6da-68e6-4666-b785-b40700cf0cb3",
        "Name": "Patene Limited Barrie",
        "Address1": "120 Welham Road",
        "Address2": "",
        "City": "Barrie",
        "Province": "ON",
        "Postal_Code": "L4N 8Y4",
        "Country": "Canada",
        "Phone": "(705) 722-7396",
        "Fax": "",
        "Web_Site": "",
        "Dealer_Website_Enabled": "true",
        "Dealer_Website_Ranking": "0",
        "Customer_No": "2062",
        "ShipTo_No": "382"
      }
    },
    {
      "type": "Feature",
      "dealerLocatorProfiles": [],
      "geometry": {
        "type": "Point",
        "coordinates": [
          -122.78050250,
          49.04782830
        ]
      },
      "properties": {
        "ID": "858720ef-c3ba-4039-9702-281ad498aa41",
        "Name": "Home Depot Canada - Surrey",
        "Address1": "2525 160th Street",
        "Address2": "Store #7122",
        "City": "Surrey",
        "Province": "BC",
        "Postal_Code": "V3S 0C8",
        "Country": "Canada",
        "Phone": "(604) 542-3520",
        "Fax": "(604) 542-3533",
        "Web_Site": "",
        "Dealer_Website_Enabled": "true",
        "Dealer_Website_Ranking": "0",
        "Customer_No": "199909",
        "ShipTo_No": "21"
      }
    },
    {
      "type": "Feature",
      "dealerLocatorProfiles": [],
      "geometry": {
        "type": "Point",
        "coordinates": [
          -108.95839630,
          53.38797840
        ]
      },
      "properties": {
        "ID": "86124ae9-e7b4-47a2-a015-00c0fb1914ff",
        "Name": "Turtleford Co-op",
        "Address1": "Box 40",
        "Address2": "Hwy 303 west",
        "City": "Turtleford",
        "Province": "SK",
        "Postal_Code": "S0M 2Y0",
        "Country": "Canada",
        "Phone": "(306) 845-2162",
        "Fax": "(306) 845-2488",
        "Web_Site": "",
        "Dealer_Website_Enabled": "true",
        "Dealer_Website_Ranking": "0",
        "Customer_No": "62156",
        "ShipTo_No": "226",
        "Primary_Contact": "Cliff Currie",
        "SK__N_W_": "true"
      }
    },
    {
      "type": "Feature",
      "dealerLocatorProfiles": [],
      "geometry": {
        "type": "Point",
        "coordinates": [
          -60.24950704813608,
          46.128529292410185
        ]
      },
      "properties": {
        "ID": "8631be5a-7fdc-4d11-bfd0-e26757d8859d",
        "Name": "Home Choice Building Centre",
        "Address1": "584 Keltic Drive",
        "Address2": "",
        "City": "Sydney",
        "Province": "NS",
        "Postal_Code": "B1L 1B6",
        "Country": "Canada",
        "Phone": "",
        "Fax": "",
        "Web_Site": "",
        "Dealer_Website_Enabled": "true",
        "Dealer_Website_Ranking": "0",
        "Customer_No": "1500",
        "ShipTo_No": "226"
      }
    },
    {
      "type": "Feature",
      "dealerLocatorProfiles": [],
      "geometry": {
        "type": "Point",
        "coordinates": [
          -119.29198510,
          50.69864480
        ]
      },
      "properties": {
        "ID": "864bb654-76e5-4241-aae9-519687716aab",
        "Name": "Salmon Arm Home Building Centr",
        "Address1": "151 - 5th Street S.W.",
        "Address2": "",
        "City": "Salmon Arm",
        "Province": "BC",
        "Postal_Code": "V1E 1S9",
        "Country": "Canada",
        "Phone": "(250) 832-7722",
        "Fax": "(250) 832-7560",
        "Web_Site": "",
        "Dealer_Website_Enabled": "true",
        "Dealer_Website_Ranking": "0",
        "Customer_No": "2063",
        "ShipTo_No": "272",
        "Primary_Contact": "Bill Grant"
      }
    },
    {
      "type": "Feature",
      "dealerLocatorProfiles": [],
      "geometry": {
        "type": "Point",
        "coordinates": [
          -113.5763921,
          50.020959
        ]
      },
      "properties": {
        "ID": "865d64b8-db68-4dfc-a1b1-d8d0143635e6",
        "Name": "U.F.A. Claresholm",
        "Address1": "4425 5th Street East",
        "Address2": "P.O. Box 220",
        "City": "Claresholm",
        "Province": "AB",
        "Postal_Code": "T0L 0Y0",
        "Country": "Canada",
        "Phone": "(403) 625-3337",
        "Fax": "(403) 625-3772",
        "Web_Site": "",
        "Dealer_Website_Enabled": "true",
        "Dealer_Website_Ranking": "0",
        "Customer_No": "2070",
        "ShipTo_No": "163"
      }
    },
    {
      "type": "Feature",
      "dealerLocatorProfiles": [],
      "geometry": {
        "type": "Point",
        "coordinates": [
          -104.90636300,
          50.18821070
        ]
      },
      "properties": {
        "ID": "86833d0c-49e7-4bc0-b453-9524e8d01244",
        "Name": "Westrum Lumber Ltd",
        "Address1": "611 Weckman Drive",
        "Address2": "P.O. Box 130",
        "City": "Rouleau",
        "Province": "SK",
        "Postal_Code": "S0G 4H0",
        "Country": "Canada",
        "Phone": "",
        "Fax": "",
        "Web_Site": "",
        "Dealer_Website_Enabled": "true",
        "Customer_No": "2062",
        "ShipTo_No": "341"
      }
    },
    {
      "type": "Feature",
      "dealerLocatorProfiles": [],
      "geometry": {
        "type": "Point",
        "coordinates": [
          -117.34836460,
          56.23644000
        ]
      },
      "properties": {
        "ID": "87286258-78ec-4470-b0d1-0f6439d523eb",
        "Name": "Peace River Home Building Ctr.",
        "Address1": "7310 97th Avenue",
        "Address2": "",
        "City": "Peace River",
        "Province": "AB",
        "Postal_Code": "T8S 0A8",
        "Country": "Canada",
        "Phone": "(780) 624-1090",
        "Fax": "(780) 624-1085",
        "Web_Site": "",
        "Dealer_Website_Enabled": "true",
        "Dealer_Website_Ranking": "0",
        "Customer_No": "2063",
        "ShipTo_No": "105"
      }
    },
    {
      "type": "Feature",
      "dealerLocatorProfiles": [],
      "geometry": {
        "type": "Point",
        "coordinates": [
          -81.17664470,
          42.77594280
        ]
      },
      "properties": {
        "ID": "874bc0c2-87b2-4ab9-8395-67396cfba8f8",
        "Name": "Geerlinks Home Hardware Bldg. Cntr.",
        "Address1": "295 Wellington Street",
        "Address2": "HOURS 7AM-3PM",
        "City": "St. Thomas",
        "Province": "ON",
        "Postal_Code": "N5R 2S6",
        "Country": "Canada",
        "Phone": "(519) 631-2910",
        "Fax": "(519) 633-9470",
        "Web_Site": "",
        "Dealer_Website_Enabled": "true",
        "Dealer_Website_Ranking": "0",
        "Customer_No": "2063",
        "ShipTo_No": "324",
        "Primary_Contact": "Don Zerbes"
      }
    },
    {
      "type": "Feature",
      "dealerLocatorProfiles": [],
      "geometry": {
        "type": "Point",
        "coordinates": [
          -121.63065570,
          55.70114290
        ]
      },
      "properties": {
        "ID": "88b76851-338c-43fb-ab30-304f5b0cac98",
        "Name": "Chetwynd Home Building Centre",
        "Address1": "5000 - 48th Ave.  PO Box 1509",
        "Address2": "",
        "City": "Chetwynd",
        "Province": "BC",
        "Postal_Code": "V0C 1J0",
        "Country": "Canada",
        "Phone": "(250) 788-2373",
        "Fax": "(250) 788-2588",
        "Web_Site": "",
        "Dealer_Website_Enabled": "true",
        "Dealer_Website_Ranking": "0",
        "Customer_No": "2063",
        "ShipTo_No": "22"
      }
    },
    {
      "type": "Feature",
      "dealerLocatorProfiles": [],
      "geometry": {
        "type": "Point",
        "coordinates": [
          -111.44684040,
          52.09174410
        ]
      },
      "properties": {
        "ID": "898b79e1-aeb6-430f-961d-ac4f5d3533a8",
        "Name": "Coronation Home Building Ctr.",
        "Address1": "4822 Victoria Ave",
        "Address2": "",
        "City": "Coronation",
        "Province": "AB",
        "Postal_Code": "T0C 1C0",
        "Country": "Canada",
        "Phone": "(403) 578-4663",
        "Fax": "(403) 578-4665",
        "Web_Site": "",
        "Dealer_Website_Enabled": "true",
        "Dealer_Website_Ranking": "0",
        "Customer_No": "2063",
        "ShipTo_No": "26"
      }
    },
    {
      "type": "Feature",
      "dealerLocatorProfiles": [],
      "geometry": {
        "type": "Point",
        "coordinates": [
          -113.38861400,
          51.03254200
        ]
      },
      "properties": {
        "ID": "89ac0498-cfcd-4c37-9c92-3442648dd26f",
        "Name": "Remuda Building Ltd O/A Remuda Supplies",
        "Address1": "272179 TWP Rd. 241B",
        "Address2": "",
        "City": "Rocky View County",
        "Province": "AB",
        "Postal_Code": "T1X 2E2",
        "Country": "Canada",
        "Phone": "(403) 934-4611",
        "Fax": "(403) 934-4944",
        "Web_Site": "",
        "Dealer_Website_Enabled": "true",
        "Dealer_Website_Ranking": "0",
        "Customer_No": "1500",
        "ShipTo_No": "29",
        "Primary_Contact": "Bob Gordon"
      }
    },
    {
      "type": "Feature",
      "dealerLocatorProfiles": [],
      "geometry": {
        "type": "Point",
        "coordinates": [
          -116.90486640,
          55.71086490
        ]
      },
      "properties": {
        "ID": "89d77d8f-4105-491d-9875-9d93948417f0",
        "Name": "McLennan Home Hardware Bldg Centre",
        "Address1": "200 Centre Street",
        "Address2": "Box 240",
        "City": "McLennan",
        "Province": "AB",
        "Postal_Code": "T0H 2L0",
        "Country": "Canada",
        "Phone": "(780) 324-2164",
        "Fax": "(780) 324-2209",
        "Web_Site": "",
        "Dealer_Website_Enabled": "true",
        "Dealer_Website_Ranking": "0",
        "Customer_No": "2063",
        "ShipTo_No": "302"
      }
    },
    {
      "type": "Feature",
      "dealerLocatorProfiles": [],
      "geometry": {
        "type": "Point",
        "coordinates": [
          -82.58729620,
          42.04759770
        ]
      },
      "properties": {
        "ID": "8a264d80-5971-483e-b48b-02ba518ef98a",
        "Name": "Leamington HBC 7:30am-5:00pm",
        "Address1": "241 Oak Street east",
        "Address2": "",
        "City": "Leamington",
        "Province": "ON",
        "Postal_Code": "N8H 4W8",
        "Country": "Canada",
        "Phone": "(519) 326-4474",
        "Fax": "(519) 322-1113",
        "Web_Site": "",
        "Dealer_Website_Enabled": "true",
        "Dealer_Website_Ranking": "0",
        "Customer_No": "2063",
        "ShipTo_No": "370",
        "Primary_Contact": "Andy Barraco"
      }
    },
    {
      "type": "Feature",
      "dealerLocatorProfiles": [],
      "geometry": {
        "type": "Point",
        "coordinates": [
          -83.00432730,
          42.27929780
        ]
      },
      "properties": {
        "ID": "8aa46a46-6a24-47de-a6e5-d0470d2b3b01",
        "Name": "Hotham Building Materials",
        "Address1": "680 North Service Rd",
        "Address2": "",
        "City": "Windsor",
        "Province": "ON",
        "Postal_Code": "N8X 3J3",
        "Country": "Canada",
        "Phone": "(519) 945-0001",
        "Fax": "(519) 945-0701",
        "Web_Site": "",
        "Dealer_Website_Enabled": "true",
        "Dealer_Website_Ranking": "0",
        "Customer_No": "2070",
        "ShipTo_No": "323"
      }
    },
    {
      "type": "Feature",
      "dealerLocatorProfiles": [],
      "geometry": {
        "type": "Point",
        "coordinates": [
          -124.01115890,
          54.01594800
        ]
      },
      "properties": {
        "ID": "8ada2bca-7e87-4484-a812-1707d06274ff",
        "Name": "Four Rivers Co-op-Vanderhoof",
        "Address1": "250 East Stewart Street",
        "Address2": "",
        "City": "Vanderhoof",
        "Province": "BC",
        "Postal_Code": "V0J 3A1",
        "Country": "Canada",
        "Phone": "(250) 567-4464",
        "Fax": "(250) 567-4417",
        "Web_Site": "",
        "Dealer_Website_Enabled": "true",
        "Dealer_Website_Ranking": "0",
        "Customer_No": "62156",
        "ShipTo_No": "237"
      }
    },
    {
      "type": "Feature",
      "dealerLocatorProfiles": [],
      "geometry": {
        "type": "Point",
        "coordinates": [
          -105.73654710,
          53.19614910
        ]
      },
      "properties": {
        "ID": "8af0437d-7842-4902-9a9c-545975c35184",
        "Name": "Econo Lumber",
        "Address1": "P.O. Box 1329",
        "Address2": "1800 6th Avenue East",
        "City": "Prince Albert",
        "Province": "SK",
        "Postal_Code": "S6V 5S8",
        "Country": "Canada",
        "Phone": "(306) 764-3485",
        "Fax": "(306) 763-0553",
        "Web_Site": "",
        "Dealer_Website_Enabled": "true",
        "Dealer_Website_Ranking": "0",
        "Customer_No": "2062",
        "ShipTo_No": "135",
        "SK__N_E_": "true"
      }
    },
    {
      "type": "Feature",
      "dealerLocatorProfiles": [],
      "geometry": {
        "type": "Point",
        "coordinates": [
          -114.03186920,
          51.02861700
        ]
      },
      "properties": {
        "ID": "8b206cd5-73f8-4b7e-8e75-987daa259881",
        "Name": "Rona Calgary Contract",
        "Address1": "3005 Ogden Road South East",
        "Address2": "",
        "City": "Calgary",
        "Province": "AB",
        "Postal_Code": "T2G 4N4",
        "Country": "Canada",
        "Phone": "(403) 265-5651",
        "Fax": "(403) 269-2930",
        "Web_Site": "",
        "Dealer_Website_Enabled": "true",
        "Dealer_Website_Ranking": "0",
        "Customer_No": "43600",
        "ShipTo_No": "3"
      }
    },
    {
      "type": "Feature",
      "dealerLocatorProfiles": [],
      "geometry": {
        "type": "Point",
        "coordinates": [
          -97.54940820,
          49.10503150
        ]
      },
      "properties": {
        "ID": "8b27eb34-7cb2-4c88-a935-2d4ea7d159bd",
        "Name": "Canadian Lumber-Altona",
        "Address1": "54-6th Street N.E.",
        "Address2": "Po Box 2459",
        "City": "Altona",
        "Province": "MB",
        "Postal_Code": "R0G 0B0",
        "Country": "Canada",
        "Phone": "(204) 324-5855",
        "Fax": "(204) 324-5861",
        "Web_Site": "",
        "Dealer_Website_Enabled": "true",
        "Dealer_Website_Ranking": "0",
        "Customer_No": "2062",
        "ShipTo_No": "130",
        "Primary_Contact": "Dwight Neufeld",
        "Route_#2": "true"
      }
    },
    {
      "type": "Feature",
      "dealerLocatorProfiles": [],
      "geometry": {
        "type": "Point",
        "coordinates": [
          -104.59178370,
          52.84868290
        ]
      },
      "properties": {
        "ID": "8b794f7e-4d36-4916-b559-9b4f97554bed",
        "Name": "Northland Building Supplies",
        "Address1": "Box 3670",
        "Address2": "1319 Saskatchewan Avenue South",
        "City": "Melfort",
        "Province": "SK",
        "Postal_Code": "S0E 1A0",
        "Country": "Canada",
        "Phone": "(306) 752-3366",
        "Fax": "(306) 752-5572",
        "Web_Site": "",
        "Dealer_Website_Enabled": "true",
        "Dealer_Website_Ranking": "0",
        "Customer_No": "1500",
        "ShipTo_No": "36",
        "Primary_Contact": "Gregg Chester"
      }
    },
    {
      "type": "Feature",
      "dealerLocatorProfiles": [],
      "geometry": {
        "type": "Point",
        "coordinates": [
          -114.06251620,
          51.01107790
        ]
      },
      "properties": {
        "ID": "8d1d20b0-dd22-4811-afab-5a4bda8bca5a",
        "Name": "U.F.A. Calgary",
        "Address1": "4635-1st Street S.E.",
        "Address2": "",
        "City": "Calgary",
        "Province": "AB",
        "Postal_Code": "T2G 2L2",
        "Country": "Canada",
        "Phone": "(403) 243-4636",
        "Fax": "(403) 287-3791",
        "Web_Site": "",
        "Dealer_Website_Enabled": "true",
        "Dealer_Website_Ranking": "0",
        "Customer_No": "2070",
        "ShipTo_No": "161"
      }
    },
    {
      "type": "Feature",
      "dealerLocatorProfiles": [],
      "geometry": {
        "type": "Point",
        "coordinates": [
          -106.61699660,
          52.15070390
        ]
      },
      "properties": {
        "ID": "8d1e92af-9c12-4a1e-822b-a48caec04330",
        "Name": "Rona - Saskatoon #365",
        "Address1": "1722 Preston Ave N",
        "Address2": "",
        "City": "Saskatoon",
        "Province": "SK",
        "Postal_Code": "S7H 2V8",
        "Country": "Canada",
        "Phone": "(306) 933-1903",
        "Fax": "(306) 933-9827",
        "Web_Site": "",
        "Dealer_Website_Enabled": "true",
        "Dealer_Website_Ranking": "0",
        "Customer_No": "43600",
        "ShipTo_No": "99",
        "Primary_Contact": "Clint McClelland",
        "Saskatoon": "true"
      }
    },
    {
      "type": "Feature",
      "dealerLocatorProfiles": [],
      "geometry": {
        "type": "Point",
        "coordinates": [
          -110.47437640,
          51.35328650
        ]
      },
      "properties": {
        "ID": "8d85f104-07f3-400b-a3af-5b05737d269e",
        "Name": "UFA Oyen",
        "Address1": "P.O. Box 386",
        "Address2": "132 - 4th Street E.",
        "City": "Oyen",
        "Province": "AB",
        "Postal_Code": "T0J 2J0",
        "Country": "Canada",
        "Phone": "",
        "Fax": "",
        "Web_Site": "",
        "Dealer_Website_Enabled": "true",
        "Customer_No": "51000",
        "ShipTo_No": "23"
      }
    },
    {
      "type": "Feature",
      "dealerLocatorProfiles": [],
      "geometry": {
        "type": "Point",
        "coordinates": [
          -103.49216380,
          51.16888450
        ]
      },
      "properties": {
        "ID": "8d9909fe-b370-4cd6-a222-418c25b6b3f0",
        "Name": "Prairie Co-op - Ituna",
        "Address1": "Box 219    233-1st Ave N.E.",
        "Address2": "",
        "City": "Ituna",
        "Province": "SK",
        "Postal_Code": "S0A 1N0",
        "Country": "Canada",
        "Phone": "(306) 795-2441",
        "Fax": "(306) 795-3334",
        "Web_Site": "",
        "Dealer_Website_Enabled": "true",
        "Dealer_Website_Ranking": "0",
        "Customer_No": "62156",
        "ShipTo_No": "95",
        "Primary_Contact": "Rick Billett",
        "Route_#6": "true"
      }
    },
    {
      "type": "Feature",
      "dealerLocatorProfiles": [],
      "geometry": {
        "type": "Point",
        "coordinates": [
          -120.21580460,
          55.75629630
        ]
      },
      "properties": {
        "ID": "8dddbbb7-70ef-4342-be98-700ef2040cd2",
        "Name": "Dawson Creek Co-op Union",
        "Address1": "10020 Parkhill Drive",
        "Address2": "",
        "City": "Dawson Creek",
        "Province": "BC",
        "Postal_Code": "V1G 3L3",
        "Country": "Canada",
        "Phone": "(250) 782-3371",
        "Fax": "(250) 782-7254",
        "Web_Site": "",
        "Dealer_Website_Enabled": "true",
        "Dealer_Website_Ranking": "0",
        "Customer_No": "62156",
        "ShipTo_No": "50"
      }
    },
    {
      "type": "Feature",
      "dealerLocatorProfiles": [],
      "geometry": {
        "type": "Point",
        "coordinates": [
          -96.84750050,
          49.19341500
        ]
      },
      "properties": {
        "ID": "8e180656-fe9a-46c6-bc0f-a0c0ba344ce7",
        "Name": "59S Building Solutions Inc",
        "Address1": "14014 28E",
        "Address2": "Box 10",
        "City": "Rosa",
        "Province": "MB",
        "Postal_Code": "R0A 1N0",
        "Country": "Canada",
        "Phone": "(204) 427-2434",
        "Fax": "(204) 427-3186",
        "Web_Site": "",
        "Dealer_Website_Enabled": "true",
        "Dealer_Website_Ranking": "0",
        "Customer_No": "1500",
        "ShipTo_No": "146"
      }
    },
    {
      "type": "Feature",
      "dealerLocatorProfiles": [],
      "geometry": {
        "type": "Point",
        "coordinates": [
          -101.69919210,
          49.57707700
        ]
      },
      "properties": {
        "ID": "8eb744de-6671-49f8-95ec-899fe723302c",
        "Name": "Advantage Co-op (Redvers)",
        "Address1": "3 Broadway, PO Box 369",
        "Address2": "",
        "City": "Redvers",
        "Province": "SK",
        "Postal_Code": "S0C 2H0",
        "Country": "Canada",
        "Phone": "(306) 452-3551",
        "Fax": "(306) 452-3505",
        "Web_Site": "",
        "Dealer_Website_Enabled": "true",
        "Dealer_Website_Ranking": "0",
        "Customer_No": "62156",
        "ShipTo_No": "186",
        "Route_#4": "true"
      }
    },
    {
      "type": "Feature",
      "dealerLocatorProfiles": [],
      "geometry": {
        "type": "Point",
        "coordinates": [
          -77.58284390,
          44.10572240
        ]
      },
      "properties": {
        "ID": "8f076aaf-1946-4938-8897-467731980a0f",
        "Name": "Trenton Home Hardware Bldg",
        "Address1": "224 Front Street",
        "Address2": "HOURS 7AM-5PM (PREFER 4PM)",
        "City": "Trenton",
        "Province": "ON",
        "Postal_Code": "K8V 4P2",
        "Country": "Canada",
        "Phone": "(613) 392-2801",
        "Fax": "(613) 392-5028",
        "Web_Site": "",
        "Dealer_Website_Enabled": "true",
        "Dealer_Website_Ranking": "0",
        "Customer_No": "2063",
        "ShipTo_No": "361"
      }
    },
    {
      "type": "Feature",
      "dealerLocatorProfiles": [],
      "geometry": {
        "type": "Point",
        "coordinates": [
          -100.39422000,
          50.40338000
        ]
      },
      "properties": {
        "ID": "8f5ea583-7d60-4d3d-acb8-5506f6e21b1c",
        "Name": "Heritage Co-op - Strathclair",
        "Address1": "P.O. Box 70",
        "Address2": "47 Main Street",
        "City": "Strathclair",
        "Province": "MB",
        "Postal_Code": "R0J 2C0",
        "Country": "Canada",
        "Phone": "(204) 365-2480",
        "Fax": "(204) 365-2089",
        "Web_Site": "",
        "Dealer_Website_Enabled": "true",
        "Dealer_Website_Ranking": "0",
        "Customer_No": "62156",
        "ShipTo_No": "217"
      }
    },
    {
      "type": "Feature",
      "dealerLocatorProfiles": [],
      "geometry": {
        "type": "Point",
        "coordinates": [
          -110.042800,
          53.277370
        ]
      },
      "properties": {
        "ID": "8f6638f7-1d56-4117-a644-956709c2caa3",
        "Name": "Nelson Lumber - Lloydminster",
        "Address1": "6609 44 Street",
        "Address2": "",
        "City": "Lloydminster",
        "Province": "AB",
        "Postal_Code": "T9V 2X1",
        "Country": "Canada",
        "Phone": "(780) 871-6300",
        "Fax": "(780) 871-6340",
        "Web_Site": "",
        "Dealer_Website_Enabled": "true",
        "Dealer_Website_Ranking": "0",
        "Viewable_Without_Admin": "false",
        "Customer_No": "2070",
        "ShipTo_No": "74"
      }
    },
    {
      "type": "Feature",
      "dealerLocatorProfiles": [],
      "geometry": {
        "type": "Point",
        "coordinates": [
          -113.79455080,
          52.38078170
        ]
      },
      "properties": {
        "ID": "8f7a1cbe-61f7-4b8e-b919-1a3ad8ebdcf6",
        "Name": "QA Structures Inc.",
        "Address1": "P.O. Box 1146",
        "Address2": "",
        "City": "Blackfalds",
        "Province": "AB",
        "Postal_Code": "T0M 0J0",
        "Country": "Canada",
        "Phone": "(403) 885-5411",
        "Fax": "(403) 885-5448",
        "Web_Site": "",
        "Dealer_Website_Enabled": "true",
        "Dealer_Website_Ranking": "0",
        "Customer_No": "2070",
        "ShipTo_No": "228",
        "Primary_Contact": "Shaun Tisdale"
      }
    },
    {
      "type": "Feature",
      "dealerLocatorProfiles": [],
      "geometry": {
        "type": "Point",
        "coordinates": [
          -112.86285880,
          53.01850450
        ]
      },
      "properties": {
        "ID": "8f7ad01f-5901-4c5e-a61c-b84267cb513b",
        "Name": "615 Rona Camrose",
        "Address1": "7300 48TH AVE.",
        "Address2": "",
        "City": "Camrose",
        "Province": "AB",
        "Postal_Code": "T4V 4W2",
        "Country": "Canada",
        "Phone": "(780) 608-1772",
        "Fax": "(780) 608-8737",
        "Web_Site": "",
        "Dealer_Website_Enabled": "true",
        "Customer_No": "43600",
        "ShipTo_No": "114"
      }
    },
    {
      "type": "Feature",
      "dealerLocatorProfiles": [],
      "geometry": {
        "type": "Point",
        "coordinates": [
          -113.92772600,
          49.48617400
        ]
      },
      "properties": {
        "ID": "8fd0e81c-8528-41a7-a15b-9567f61ba67b",
        "Name": "Pincher Creek Co-op Assn Ltd",
        "Address1": "Box 970",
        "Address2": "1225 Main St. E.",
        "City": "Pincher Creek",
        "Province": "AB",
        "Postal_Code": "T0K 1W0",
        "Country": "Canada",
        "Phone": "(403) 627-3606",
        "Fax": "(403) 627-2746",
        "Web_Site": "",
        "Dealer_Website_Enabled": "true",
        "Dealer_Website_Ranking": "0",
        "Customer_No": "62156",
        "ShipTo_No": "162"
      }
    },
    {
      "type": "Feature",
      "dealerLocatorProfiles": [],
      "geometry": {
        "type": "Point",
        "coordinates": [
          -77.11327480,
          45.55421440
        ]
      },
      "properties": {
        "ID": "90418150-a219-429b-917e-3b575d0c1cda",
        "Name": "EGANVILLE COUNTRY DEPOT (BONNECHERE VALLEY)",
        "Address1": "8763 HWY 60, R.R. 6",
        "Address2": "",
        "City": "EGANVILLE",
        "Province": "ON",
        "Postal_Code": "K0J 1T0",
        "Country": "Canada",
        "Phone": "(613) 628-2272",
        "Fax": "(613) 628-2316",
        "Web_Site": "",
        "Dealer_Website_Enabled": "true",
        "Dealer_Website_Ranking": "0",
        "Customer_No": "1500",
        "ShipTo_No": "170"
      }
    },
    {
      "type": "Feature",
      "dealerLocatorProfiles": [],
      "geometry": {
        "type": "Point",
        "coordinates": [
          -117.53351240,
          49.44682150
        ]
      },
      "properties": {
        "ID": "90c1205e-7a08-43cc-9765-cc23160e18b2",
        "Name": "Selkirk Truss",
        "Address1": "2894 Sentinel Road",
        "Address2": "",
        "City": "South Slocan",
        "Province": "BC",
        "Postal_Code": "V0G 2G0",
        "Country": "Canada",
        "Phone": "(250) 359-7000",
        "Fax": "(250) 359-6900",
        "Web_Site": "",
        "Dealer_Website_Enabled": "true",
        "Dealer_Website_Ranking": "0",
        "Customer_No": "6160",
        "ShipTo_No": "1"
      }
    },
    {
      "type": "Feature",
      "dealerLocatorProfiles": [],
      "geometry": {
        "type": "Point",
        "coordinates": [
          -113.87600560,
          52.29274470
        ]
      },
      "properties": {
        "ID": "914a711a-2339-4b75-bf6a-9f783356362a",
        "Name": "U.F.A. Red Deer",
        "Address1": "204 Burnt Ridge Rd",
        "Address2": "",
        "City": "Red Deer",
        "Province": "AB",
        "Postal_Code": "T0M 0J0",
        "Country": "Canada",
        "Phone": "(403) 356-3800",
        "Fax": "(403) 356-3805",
        "Web_Site": "",
        "Dealer_Website_Enabled": "true",
        "Dealer_Website_Ranking": "0",
        "Customer_No": "2070",
        "ShipTo_No": "180",
        "Primary_Contact": "Judy Cowan"
      }
    },
    {
      "type": "Feature",
      "dealerLocatorProfiles": [],
      "geometry": {
        "type": "Point",
        "coordinates": [
          -81.48565060,
          43.36401130
        ]
      },
      "properties": {
        "ID": "9256e4c3-ae2b-4380-92b5-520ab60e92db",
        "Name": "Moffatt &amp; Powell #12910",
        "Address1": "265 Main Street North",
        "Address2": "",
        "City": "Exeter",
        "Province": "ON",
        "Postal_Code": "N0M 1S3",
        "Country": "Canada",
        "Phone": "(519) 235-2081",
        "Fax": "(519) 235-0903",
        "Web_Site": "",
        "Dealer_Website_Enabled": "true",
        "Dealer_Website_Ranking": "0",
        "Customer_No": "3341",
        "ShipTo_No": "4"
      }
    },
    {
      "type": "Feature",
      "dealerLocatorProfiles": [],
      "geometry": {
        "type": "Point",
        "coordinates": [
          -107.51925640,
          53.36578100
        ]
      },
      "properties": {
        "ID": "92abe353-4e68-45e8-99d8-9c8e7df81120",
        "Name": "Spiritwood Home Bldg Centre",
        "Address1": "110 Main Street,",
        "Address2": "",
        "City": "Spiritwood",
        "Province": "SK",
        "Postal_Code": "S0J 2M0",
        "Country": "Canada",
        "Phone": "(306) 883-2255",
        "Fax": "(306) 883-2264",
        "Web_Site": "",
        "Dealer_Website_Enabled": "true",
        "Dealer_Website_Ranking": "0",
        "Customer_No": "2063",
        "ShipTo_No": "128"
      }
    },
    {
      "type": "Feature",
      "dealerLocatorProfiles": [],
      "geometry": {
        "type": "Point",
        "coordinates": [
          -114.62935580,
          51.79519400
        ]
      },
      "properties": {
        "ID": "92dc63a7-a4ae-4d45-859f-6cc50b95e22d",
        "Name": "Sundre Home Hardware Bldg.Ctr.",
        "Address1": "P.O. Box 629, Highway 584 West",
        "Address2": "",
        "City": "Sundre",
        "Province": "AB",
        "Postal_Code": "T0M 1X0",
        "Country": "Canada",
        "Phone": "(403) 638-3508",
        "Fax": "(403) 638-4999",
        "Web_Site": "",
        "Dealer_Website_Enabled": "true",
        "Dealer_Website_Ranking": "0",
        "Customer_No": "2063",
        "ShipTo_No": "134",
        "Primary_Contact": "Les Hengen"
      }
    },
    {
      "type": "Feature",
      "dealerLocatorProfiles": [],
      "geometry": {
        "type": "Point",
        "coordinates": [
          -78.32241490,
          43.96093340
        ]
      },
      "properties": {
        "ID": "93382f68-c336-4af1-89fd-1d10929d16a5",
        "Name": "Gilmer&#39;s Home Hardware Building Centre",
        "Address1": "177 Toronto Road",
        "Address2": "RR#1",
        "City": "Port Hope",
        "Province": "ON",
        "Postal_Code": "L1A 3V5",
        "Country": "Canada",
        "Phone": "(905) 885-4568",
        "Fax": "(905) 885-7781",
        "Web_Site": "",
        "Dealer_Website_Enabled": "true",
        "Dealer_Website_Ranking": "0",
        "Customer_No": "2063",
        "ShipTo_No": "328"
      }
    },
    {
      "type": "Feature",
      "dealerLocatorProfiles": [],
      "geometry": {
        "type": "Point",
        "coordinates": [
          -104.51575480,
          49.99152610
        ]
      },
      "properties": {
        "ID": "9383a459-4d3e-4751-bd91-582017b125eb",
        "Name": "Prairie Sky Co-op - Milestone",
        "Address1": "P.O. Box 388",
        "Address2": "",
        "City": "Milestone",
        "Province": "SK",
        "Postal_Code": "S0G 3L0",
        "Country": "Canada",
        "Phone": "(306) 436-2020",
        "Fax": "(306) 436-2052",
        "Web_Site": "",
        "Dealer_Website_Enabled": "true",
        "Dealer_Website_Ranking": "0",
        "Customer_No": "62156",
        "ShipTo_No": "133"
      }
    },
    {
      "type": "Feature",
      "dealerLocatorProfiles": [],
      "geometry": {
        "type": "Point",
        "coordinates": [
          -120.83942630,
          56.23145830
        ]
      },
      "properties": {
        "ID": "938abe0f-656c-4827-88f1-b40ebd7f6776",
        "Name": "Peace River Building Products",
        "Address1": "9511 - 85th Avenue",
        "Address2": "",
        "City": "Fort St. John",
        "Province": "BC",
        "Postal_Code": "V1J 6M5",
        "Country": "Canada",
        "Phone": "(250) 785-2116",
        "Fax": "(250) 785-9113",
        "Web_Site": "",
        "Dealer_Website_Enabled": "true",
        "Dealer_Website_Ranking": "0",
        "Customer_No": "2040",
        "ShipTo_No": "7"
      }
    },
    {
      "type": "Feature",
      "dealerLocatorProfiles": [],
      "geometry": {
        "type": "Point",
        "coordinates": [
          -79.88503000,
          43.64999000
        ]
      },
      "properties": {
        "ID": "93a96d1c-0370-43db-b9ce-04031c0de84a",
        "Name": "United Lumber Georgetown",
        "Address1": "333 Guelph Street",
        "Address2": "",
        "City": "Georgetown",
        "Province": "ON",
        "Postal_Code": "L7G 4B3",
        "Country": "Canada",
        "Phone": "(905) 873-8007",
        "Fax": "(905) 877-3325",
        "Web_Site": "",
        "Dealer_Website_Enabled": "true",
        "Dealer_Website_Ranking": "0",
        "Customer_No": "2063",
        "ShipTo_No": "509"
      }
    },
    {
      "type": "Feature",
      "dealerLocatorProfiles": [],
      "geometry": {
        "type": "Point",
        "coordinates": [
          -118.79393580,
          55.17959570
        ]
      },
      "properties": {
        "ID": "9416e60f-f470-4b31-a2b5-655d598247b8",
        "Name": "Grande Prairie Home Hardware Building Centre",
        "Address1": "10921 - 100 Street",
        "Address2": "",
        "City": "Grande Prairie",
        "Province": "AB",
        "Postal_Code": "T8V 2M9",
        "Country": "Canada",
        "Phone": "(780) 532-2092",
        "Fax": "(780) 538-2440",
        "Web_Site": "",
        "Dealer_Website_Enabled": "true",
        "Dealer_Website_Ranking": "0",
        "Customer_No": "2063",
        "ShipTo_No": "56"
      }
    },
    {
      "type": "Feature",
      "dealerLocatorProfiles": [],
      "geometry": {
        "type": "Point",
        "coordinates": [
          -98.93745990,
          49.95022000
        ]
      },
      "properties": {
        "ID": "9486ee97-1dac-4ef2-8f41-1214e9b3e298",
        "Name": "Norfolk Lumber &amp; Bldg Supp Ltd",
        "Address1": "Po Box 180",
        "Address2": "33 Townly St",
        "City": "Austin",
        "Province": "MB",
        "Postal_Code": "R0H 0C0",
        "Country": "Canada",
        "Phone": "(204) 637-2162",
        "Fax": "(204) 637-2529",
        "Web_Site": "",
        "Dealer_Website_Enabled": "true",
        "Dealer_Website_Ranking": "0",
        "Customer_No": "2070",
        "ShipTo_No": "79",
        "Primary_Contact": "Henry Driedger",
        "Route_#9": "true"
      }
    },
    {
      "type": "Feature",
      "dealerLocatorProfiles": [],
      "geometry": {
        "type": "Point",
        "coordinates": [
          -81.18091820,
          43.45965560
        ]
      },
      "properties": {
        "ID": "94a74696-7b47-4f54-8c5a-ea73a86647ad",
        "Name": "Moffatt &amp; Powell Ltd",
        "Address1": "5835 Line 34",
        "Address2": "RR 3",
        "City": "Mitchell",
        "Province": "ON",
        "Postal_Code": "N0K 1N0",
        "Country": "Canada",
        "Phone": "(519) 348-8437",
        "Fax": "(519) 348-4308",
        "Web_Site": "",
        "Dealer_Website_Enabled": "true",
        "Dealer_Website_Ranking": "0",
        "Customer_No": "3341",
        "ShipTo_No": "2"
      }
    },
    {
      "type": "Feature",
      "dealerLocatorProfiles": [],
      "geometry": {
        "type": "Point",
        "coordinates": [
          -123.09915430,
          49.31767900
        ]
      },
      "properties": {
        "ID": "94cb7c4c-3c20-40dd-88d0-2a1af13188bf",
        "Name": "Rona Home Centre-B.H. Allen",
        "Address1": "915 West 1st Street",
        "Address2": "",
        "City": "North Vancouver",
        "Province": "BC",
        "Postal_Code": "V7P 1A4",
        "Country": "Canada",
        "Phone": "",
        "Fax": "",
        "Web_Site": "",
        "Dealer_Website_Enabled": "true",
        "Customer_No": "43600",
        "ShipTo_No": "108"
      }
    },
    {
      "type": "Feature",
      "dealerLocatorProfiles": [],
      "geometry": {
        "type": "Point",
        "coordinates": [
          -122.15865600,
          52.14118390
        ]
      },
      "properties": {
        "ID": "94df119b-5501-44a9-9605-6c3e26866ee3",
        "Name": "Broadway Drywall Distribution",
        "Address1": "1060 Murray Drive",
        "Address2": "",
        "City": "Williams Lake",
        "Province": "BC",
        "Postal_Code": "V2G 4H8",
        "Country": "Canada",
        "Phone": "(250) 392-1177",
        "Fax": "(250) 392-2703",
        "Web_Site": "",
        "Dealer_Website_Enabled": "true",
        "Customer_No": "2040",
        "ShipTo_No": "65"
      }
    },
    {
      "type": "Feature",
      "dealerLocatorProfiles": [],
      "geometry": {
        "type": "Point",
        "coordinates": [
          -103.85082190,
          49.66097130
        ]
      },
      "properties": {
        "ID": "9513d05a-69dc-4d00-88da-0839f7b15786",
        "Name": "Weyburn Home Building Centre",
        "Address1": "38 - 5th St NE",
        "Address2": "",
        "City": "Weyburn",
        "Province": "SK",
        "Postal_Code": "S4H 2L9",
        "Country": "Canada",
        "Phone": "",
        "Fax": "",
        "Web_Site": "",
        "Dealer_Website_Enabled": "true",
        "Customer_No": "2063",
        "ShipTo_No": "535"
      }
    },
    {
      "type": "Feature",
      "dealerLocatorProfiles": [],
      "geometry": {
        "type": "Point",
        "coordinates": [
          -77.31749590,
          44.45969190
        ]
      },
      "properties": {
        "ID": "953c5f83-db6b-42b7-9e25-e85617e140ee",
        "Name": "Rashotte Home Building Centre",
        "Address1": "18 Countryman Rd",
        "Address2": "PO Box 220 HOURS 7:30AM-5PM",
        "City": "Tweed",
        "Province": "ON",
        "Postal_Code": "K0K 3J0",
        "Country": "Canada",
        "Phone": "(613) 478-2539",
        "Fax": "(613) 478-2192",
        "Web_Site": "",
        "Dealer_Website_Enabled": "true",
        "Dealer_Website_Ranking": "0",
        "Customer_No": "2063",
        "ShipTo_No": "327",
        "Primary_Contact": "Morley Sinclair"
      }
    },
    {
      "type": "Feature",
      "dealerLocatorProfiles": [],
      "geometry": {
        "type": "Point",
        "coordinates": [
          -83.03555020,
          42.29499380
        ]
      },
      "properties": {
        "ID": "95e1d78a-6a97-4531-99be-74d91be3b1bc",
        "Name": "Gray HHBC",
        "Address1": "700 Tecumseh Road West",
        "Address2": "HOURS 5AM-2:30PM",
        "City": "Windsor",
        "Province": "ON",
        "Postal_Code": "N8X 1H2",
        "Country": "Canada",
        "Phone": "(519) 254-1143",
        "Fax": "(519) 255-1245",
        "Web_Site": "",
        "Dealer_Website_Enabled": "true",
        "Dealer_Website_Ranking": "0",
        "Customer_No": "2063",
        "ShipTo_No": "487",
        "Primary_Contact": "Charlie Bonnili"
      }
    },
    {
      "type": "Feature",
      "dealerLocatorProfiles": [],
      "geometry": {
        "type": "Point",
        "coordinates": [
          -112.13405960,
          49.79688610
        ]
      },
      "properties": {
        "ID": "9624d862-ce9e-4ad5-b009-a99795209807",
        "Name": "U.F.A. Taber",
        "Address1": "5813 - 60th Ave.",
        "Address2": "",
        "City": "Taber",
        "Province": "AB",
        "Postal_Code": "T1G 2C2",
        "Country": "Canada",
        "Phone": "(403) 223-8917",
        "Fax": "(403) 223-9021",
        "Web_Site": "",
        "Dealer_Website_Enabled": "true",
        "Dealer_Website_Ranking": "0",
        "Customer_No": "2070",
        "ShipTo_No": "184"
      }
    },
    {
      "type": "Feature",
      "dealerLocatorProfiles": [],
      "geometry": {
        "type": "Point",
        "coordinates": [
          -113.99707460,
          51.30396690
        ]
      },
      "properties": {
        "ID": "96541a69-bfdf-4e06-9080-536b150dea7f",
        "Name": "UFA Airdrie",
        "Address1": "200-937 Highland Park Blvd NE",
        "Address2": "",
        "City": "Airdrie",
        "Province": "AB",
        "Postal_Code": "T4A 0R2",
        "Country": "Canada",
        "Phone": "",
        "Fax": "",
        "Web_Site": "",
        "Dealer_Website_Enabled": "true",
        "Customer_No": "51000",
        "ShipTo_No": "2"
      }
    },
    {
      "type": "Feature",
      "dealerLocatorProfiles": [],
      "geometry": {
        "type": "Point",
        "coordinates": [
          -80.23439680,
          44.49247120
        ]
      },
      "properties": {
        "ID": "97116f04-50ac-4d04-b197-a45cbde128ea",
        "Name": "Collingwood HHBC",
        "Address1": "104 High Street",
        "Address2": "HOURS 7AM-8PM",
        "City": "Collingwood",
        "Province": "ON",
        "Postal_Code": "L9Y 4K2",
        "Country": "Canada",
        "Phone": "(705) 445-2671",
        "Fax": "(705) 445-4770",
        "Web_Site": "",
        "Dealer_Website_Enabled": "true",
        "Dealer_Website_Ranking": "0",
        "Customer_No": "2063",
        "ShipTo_No": "506"
      }
    },
    {
      "type": "Feature",
      "dealerLocatorProfiles": [],
      "geometry": {
        "type": "Point",
        "coordinates": [
          -119.40282740,
          49.90198770
        ]
      },
      "properties": {
        "ID": "9715a4a8-5498-434c-8e30-189cd2ab074c",
        "Name": "Kenroc Bldg Materials Kelowna",
        "Address1": "860 McCurdy Road",
        "Address2": "",
        "City": "Kelowna",
        "Province": "BC",
        "Postal_Code": "V1X 2P7",
        "Country": "Canada",
        "Phone": "",
        "Fax": "",
        "Web_Site": "",
        "Dealer_Website_Enabled": "true",
        "Customer_No": "2070",
        "ShipTo_No": "293"
      }
    },
    {
      "type": "Feature",
      "dealerLocatorProfiles": [],
      "geometry": {
        "type": "Point",
        "coordinates": [
          -113.77467230,
          50.34633550
        ]
      },
      "properties": {
        "ID": "97789974-21e0-4e71-80f8-1a4b4f007045",
        "Name": "Karl Smith Construction",
        "Address1": "P.O. Box 1176",
        "Address2": "",
        "City": "Nanton",
        "Province": "AB",
        "Postal_Code": "T0L 1R0",
        "Country": "Canada",
        "Phone": "",
        "Fax": "",
        "Web_Site": "",
        "Dealer_Website_Enabled": "true",
        "Customer_No": "5305",
        "ShipTo_No": "1"
      }
    },
    {
      "type": "Feature",
      "dealerLocatorProfiles": [],
      "geometry": {
        "type": "Point",
        "coordinates": [
          -114.05926150,
          51.01611020
        ]
      },
      "properties": {
        "ID": "97d713ea-a29e-4fa6-9927-7838460ae957",
        "Name": "TimberTown Building Centre Ltd",
        "Address1": "230 - 42nd Ave. S.E.",
        "Address2": "",
        "City": "Calgary",
        "Province": "AB",
        "Postal_Code": "T2G 1Y4",
        "Country": "Canada",
        "Phone": "(403) 243-6500",
        "Fax": "(403) 243-7259",
        "Web_Site": "",
        "Dealer_Website_Enabled": "true",
        "Dealer_Website_Ranking": "0",
        "Viewable_Without_Admin": "false",
        "Customer_No": "2062",
        "ShipTo_No": "168"
      }
    },
    {
      "type": "Feature",
      "dealerLocatorProfiles": [],
      "geometry": {
        "type": "Point",
        "coordinates": [
          -109.94208340,
          52.34636480
        ]
      },
      "properties": {
        "ID": "97f99f65-6f25-49dd-bf6e-845738b5f3ad",
        "Name": "Rona Building Centre - Macklin",
        "Address1": "4801 57th Street",
        "Address2": "P.O. Box 83",
        "City": "Macklin",
        "Province": "SK",
        "Postal_Code": "S0L 2C0",
        "Country": "Canada",
        "Phone": "(306) 753-2222",
        "Fax": "(306) 753-3533",
        "Web_Site": "",
        "Dealer_Website_Enabled": "true",
        "Dealer_Website_Ranking": "0",
        "Customer_No": "43600",
        "ShipTo_No": "79",
        "Primary_Contact": "Irvin Deck"
      }
    },
    {
      "type": "Feature",
      "dealerLocatorProfiles": [],
      "geometry": {
        "type": "Point",
        "coordinates": [
          -122.66162870,
          49.11202340
        ]
      },
      "properties": {
        "ID": "983c2f9b-78a7-4c4d-953f-ec1b0ca3d605",
        "Name": "Rona Home Centre - Langley",
        "Address1": "Unit#100 20350 Langley Bypass",
        "Address2": "",
        "City": "Langley",
        "Province": "BC",
        "Postal_Code": "V3A 5E7",
        "Country": "Canada",
        "Phone": "",
        "Fax": "",
        "Web_Site": "",
        "Dealer_Website_Enabled": "true",
        "Customer_No": "43600",
        "ShipTo_No": "18"
      }
    },
    {
      "type": "Feature",
      "dealerLocatorProfiles": [],
      "geometry": {
        "type": "Point",
        "coordinates": [
          -114.09704310,
          51.79902870
        ]
      },
      "properties": {
        "ID": "9943cc1d-f288-4fb6-b116-7405473492cf",
        "Name": "U.F.A. Olds",
        "Address1": "4334 - 46th Ave",
        "Address2": "",
        "City": "Olds",
        "Province": "AB",
        "Postal_Code": "T4H 1A2",
        "Country": "Canada",
        "Phone": "(403) 556-3348",
        "Fax": "(403) 556-1717",
        "Web_Site": "",
        "Dealer_Website_Enabled": "true",
        "Dealer_Website_Ranking": "0",
        "Customer_No": "2070",
        "ShipTo_No": "176"
      }
    },
    {
      "type": "Feature",
      "dealerLocatorProfiles": [],
      "geometry": {
        "type": "Point",
        "coordinates": [
          -97.04485890,
          49.60603500
        ]
      },
      "properties": {
        "ID": "9a023be9-62b5-4d6c-a1bb-086d83943f58",
        "Name": "Dyck, Wm &amp; Sons (1993)",
        "Address1": "262 Main St",
        "Address2": "",
        "City": "Niverville",
        "Province": "MB",
        "Postal_Code": "R0A 1E0",
        "Country": "Canada",
        "Phone": "(204) 388-4727",
        "Fax": "(204) 388-4171",
        "Web_Site": "",
        "Dealer_Website_Enabled": "true",
        "Dealer_Website_Ranking": "0",
        "Customer_No": "1500",
        "ShipTo_No": "9",
        "Primary_Contact": "Carl Fast"
      }
    },
    {
      "type": "Feature",
      "dealerLocatorProfiles": [],
      "geometry": {
        "type": "Point",
        "coordinates": [
          -78.36084130,
          44.27864610
        ]
      },
      "properties": {
        "ID": "9af7095a-5c45-4013-bcf2-384b6b2536f1",
        "Name": "Merrett Home Hardware Building Centre",
        "Address1": "1460 Lansdowne Street West",
        "Address2": "HOURS 7AM-4PM",
        "City": "Peterborough",
        "Province": "ON",
        "Postal_Code": "K9J 2A2",
        "Country": "Canada",
        "Phone": "(705) 743-3553",
        "Fax": "(705) 743-0288",
        "Web_Site": "",
        "Dealer_Website_Enabled": "true",
        "Dealer_Website_Ranking": "0",
        "Customer_No": "2063",
        "ShipTo_No": "342"
      }
    },
    {
      "type": "Feature",
      "dealerLocatorProfiles": [],
      "geometry": {
        "type": "Point",
        "coordinates": [
          -119.59892300,
          49.48421950
        ]
      },
      "properties": {
        "ID": "9af7de68-9064-4d41-a7c8-0ad0ee7cdf39",
        "Name": "Rona Home Centre - Penticton",
        "Address1": "348 Duncan Avenue West",
        "Address2": "",
        "City": "Penticton",
        "Province": "BC",
        "Postal_Code": "V2A 7N1",
        "Country": "Canada",
        "Phone": "(250) 492-7660",
        "Fax": "(250) 492-7691",
        "Web_Site": "",
        "Dealer_Website_Enabled": "true",
        "Dealer_Website_Ranking": "0",
        "Customer_No": "43600",
        "ShipTo_No": "45",
        "Primary_Contact": "Hank Roffel"
      }
    },
    {
      "type": "Feature",
      "dealerLocatorProfiles": [],
      "geometry": {
        "type": "Point",
        "coordinates": [
          -114.24195000,
          52.63797000
        ]
      },
      "properties": {
        "ID": "9b6d8c3c-f930-4e1f-8ccd-b3a8f1291b2d",
        "Name": "Evergreen Co-op Home-Rimbey",
        "Address1": "P.O. Box 260, 4625 - 51 Street",
        "Address2": "",
        "City": "Rimbey",
        "Province": "AB",
        "Postal_Code": "T0C 2J0",
        "Country": "Canada",
        "Phone": "(403) 843-2258",
        "Fax": "(403) 843-4242",
        "Web_Site": "",
        "Dealer_Website_Enabled": "true",
        "Dealer_Website_Ranking": "0",
        "Customer_No": "62156",
        "ShipTo_No": "188",
        "Primary_Contact": "Terry Grieman"
      }
    },
    {
      "type": "Feature",
      "dealerLocatorProfiles": [],
      "geometry": {
        "type": "Point",
        "coordinates": [
          -77.16688380,
          45.84017140
        ]
      },
      "properties": {
        "ID": "9c90fe9a-a04e-41ee-b55f-cd206f87c28d",
        "Name": "Smitty&#39;s Home Hardware Building Centre",
        "Address1": "1395 Pembroke Street West",
        "Address2": "HOURS 7AM-6PM",
        "City": "Pembroke",
        "Province": "ON",
        "Postal_Code": "K8A 7A5",
        "Country": "Canada",
        "Phone": "(613) 732-2821",
        "Fax": "(613) 732-3362",
        "Web_Site": "",
        "Dealer_Website_Enabled": "true",
        "Dealer_Website_Ranking": "0",
        "Customer_No": "2063",
        "ShipTo_No": "317"
      }
    },
    {
      "type": "Feature",
      "dealerLocatorProfiles": [],
      "geometry": {
        "type": "Point",
        "coordinates": [
          -101.66150870,
          50.14642720
        ]
      },
      "properties": {
        "ID": "9e24bdaf-b401-4e53-8222-915774970826",
        "Name": "Borderland Co-op (Moosomin)",
        "Address1": "Box 1410",
        "Address2": "1100 Park Avenue",
        "City": "Moosomin",
        "Province": "SK",
        "Postal_Code": "S0G 3N0",
        "Country": "Canada",
        "Phone": "(306) 435-2642",
        "Fax": "(306) 435-2886",
        "Web_Site": "",
        "Dealer_Website_Enabled": "true",
        "Dealer_Website_Ranking": "0",
        "Customer_No": "62156",
        "ShipTo_No": "23",
        "Primary_Contact": "Clint Poelzer",
        "Route_#4": "true"
      }
    },
    {
      "type": "Feature",
      "dealerLocatorProfiles": [],
      "geometry": {
        "type": "Point",
        "coordinates": [
          -124.37370420,
          49.34895310
        ]
      },
      "properties": {
        "ID": "9ea2326d-0015-43a9-a365-28e81524d40e",
        "Name": "Central Builders - Parksville",
        "Address1": "1395 West Island Hwy.",
        "Address2": "",
        "City": "Parksville",
        "Province": "BC",
        "Postal_Code": "V9P 1Y8",
        "Country": "Canada",
        "Phone": "(250) 752-5565",
        "Fax": "(250) 752-6006",
        "Web_Site": "",
        "Dealer_Website_Enabled": "true",
        "Dealer_Website_Ranking": "0",
        "Customer_No": "2063",
        "ShipTo_No": "240",
        "Primary_Contact": "Kelsey Lampman",
        "TC2__Island": "true"
      }
    },
    {
      "type": "Feature",
      "dealerLocatorProfiles": [],
      "geometry": {
        "type": "Point",
        "coordinates": [
          -110.00781400,
          53.27137250
        ]
      },
      "properties": {
        "ID": "9ebf78f4-80a3-4617-bcf8-14d8ee7545af",
        "Name": "Windsor Plywood (Lloydminster)",
        "Address1": "3605 - 51 Ave",
        "Address2": "",
        "City": "Lloydminster",
        "Province": "AB",
        "Postal_Code": "T9V 2C3",
        "Country": "Canada",
        "Phone": "(780) 875-9663",
        "Fax": "(780) 875-5508",
        "Web_Site": "",
        "Dealer_Website_Enabled": "true",
        "Dealer_Website_Ranking": "0",
        "Customer_No": "2040",
        "ShipTo_No": "50"
      }
    },
    {
      "type": "Feature",
      "dealerLocatorProfiles": [],
      "geometry": {
        "type": "Point",
        "coordinates": [
          -113.12508250,
          54.15339570
        ]
      },
      "properties": {
        "ID": "9f9115cc-96f3-47a7-a712-e311802ba1a9",
        "Name": "North Corridor Co-op Thorhild",
        "Address1": "P.O. Box 160",
        "Address2": "219 - 2 Street",
        "City": "Thorhild",
        "Province": "AB",
        "Postal_Code": "T0A 3J0",
        "Country": "Canada",
        "Phone": "(780) 398-3975",
        "Fax": "(780) 398-3751",
        "Web_Site": "",
        "Dealer_Website_Enabled": "true",
        "Dealer_Website_Ranking": "0",
        "Customer_No": "62156",
        "ShipTo_No": "221"
      }
    },
    {
      "type": "Feature",
      "dealerLocatorProfiles": [],
      "geometry": {
        "type": "Point",
        "coordinates": [
          -104.57414730,
          50.46469610
        ]
      },
      "properties": {
        "ID": "9fc98d2d-4928-49d7-8e84-020ecb3bcb92",
        "Name": "Security Building Supplies Regina",
        "Address1": "519 Ross Avenue East",
        "Address2": "",
        "City": "Regina",
        "Province": "SK",
        "Postal_Code": "S4N 4W5",
        "Country": "Canada",
        "Phone": "(306) 565-0733",
        "Fax": "(306) 565-2601",
        "Web_Site": "",
        "Dealer_Website_Enabled": "true",
        "Dealer_Website_Ranking": "0",
        "Customer_No": "2062",
        "ShipTo_No": "161",
        "Primary_Contact": "Terry Silverson"
      }
    },
    {
      "type": "Feature",
      "dealerLocatorProfiles": [],
      "geometry": {
        "type": "Point",
        "coordinates": [
          -115.75012390,
          49.53338710
        ]
      },
      "properties": {
        "ID": "9fdd962e-26b1-45a1-9bc1-825e04c1ab4a",
        "Name": "Cranbrook Home Building Centre",
        "Address1": "1901 Mcphee Rd.",
        "Address2": "",
        "City": "Cranbrook",
        "Province": "BC",
        "Postal_Code": "V1C 7J2",
        "Country": "Canada",
        "Phone": "(250) 426-6288",
        "Fax": "(250) 426-8759",
        "Web_Site": "",
        "Dealer_Website_Enabled": "true",
        "Dealer_Website_Ranking": "0",
        "Customer_No": "2063",
        "ShipTo_No": "28"
      }
    },
    {
      "type": "Feature",
      "dealerLocatorProfiles": [],
      "geometry": {
        "type": "Point",
        "coordinates": [
          -83.67081760,
          49.68916900
        ]
      },
      "properties": {
        "ID": "a03f1d94-f0bd-400f-87e6-f7bce9161b23",
        "Name": "Hearst Co-Op Castle",
        "Address1": "1105 George Street",
        "Address2": "HOURS 8:30AM-5:30PM",
        "City": "Hearst",
        "Province": "ON",
        "Country": "Canada",
        "Phone": "(705) 362-4611",
        "Fax": "",
        "Web_Site": "",
        "Dealer_Website_Enabled": "true",
        "Dealer_Website_Ranking": "0",
        "Customer_No": "1500",
        "ShipTo_No": "128"
      }
    },
    {
      "type": "Feature",
      "dealerLocatorProfiles": [],
      "geometry": {
        "type": "Point",
        "coordinates": [
          -78.30028780,
          44.32081210
        ]
      },
      "properties": {
        "ID": "a099c380-34a6-4559-89fa-02cda77be593",
        "Name": "Alf Curtis Home Improvements",
        "Address1": "370 Parkhill Road East",
        "Address2": "7am-5pm",
        "City": "Peterborough",
        "Province": "ON",
        "Postal_Code": "K9L 1C3",
        "Country": "Canada",
        "Phone": "(705) 742-4690",
        "Fax": "(705) 742-2096",
        "Web_Site": "",
        "Dealer_Website_Enabled": "true",
        "Dealer_Website_Ranking": "0",
        "Customer_No": "1500",
        "ShipTo_No": "112",
        "Primary_Contact": "Wayne Dennison"
      }
    },
    {
      "type": "Feature",
      "dealerLocatorProfiles": [],
      "geometry": {
        "type": "Point",
        "coordinates": [
          -112.79122850,
          49.71071930
        ]
      },
      "properties": {
        "ID": "a0f9344b-68c0-4d10-b3d5-8c879245a381",
        "Name": "Challenger Building Supplies",
        "Address1": "3304 8th Ave N.",
        "Address2": "",
        "City": "Lethbridge",
        "Province": "AB",
        "Postal_Code": "T1H 5C9",
        "Country": "Canada",
        "Phone": "(403) 327-8501",
        "Fax": "(403) 329-1066",
        "Web_Site": "",
        "Dealer_Website_Enabled": "true",
        "Dealer_Website_Ranking": "0",
        "Customer_No": "2062",
        "ShipTo_No": "22",
        "Primary_Contact": "Barry Jordan"
      }
    },
    {
      "type": "Feature",
      "dealerLocatorProfiles": [],
      "geometry": {
        "type": "Point",
        "coordinates": [
          -108.03921250,
          50.83270230
        ]
      },
      "properties": {
        "ID": "a10d4edc-af6d-4f48-86ad-c354cc97676e",
        "Name": "Pioneer Co-op (Kyle)",
        "Address1": "Kyle Farm Supply",
        "Address2": "P.O. Box 10",
        "City": "Kyle",
        "Province": "SK",
        "Postal_Code": "S0L 1T0",
        "Country": "Canada",
        "Phone": "(306) 375-2303",
        "Fax": "(306) 375-2911",
        "Web_Site": "",
        "Dealer_Website_Enabled": "true",
        "Dealer_Website_Ranking": "0",
        "Customer_No": "62156",
        "ShipTo_No": "165"
      }
    },
    {
      "type": "Feature",
      "dealerLocatorProfiles": [],
      "geometry": {
        "type": "Point",
        "coordinates": [
          -116.02856770,
          50.51864640
        ]
      },
      "properties": {
        "ID": "a1279125-f5b1-420f-8a23-43932e395e30",
        "Name": "Northstar Hardware &amp; Bldg.Sup.",
        "Address1": "410 Borden Street",
        "Address2": "",
        "City": "Invermere",
        "Province": "BC",
        "Postal_Code": "V0A 1K0",
        "Country": "Canada",
        "Phone": "(250) 342-6226",
        "Fax": "(250) 342-4424",
        "Web_Site": "",
        "Dealer_Website_Enabled": "true",
        "Dealer_Website_Ranking": "0",
        "Customer_No": "43600",
        "ShipTo_No": "61"
      }
    },
    {
      "type": "Feature",
      "dealerLocatorProfiles": [],
      "geometry": {
        "type": "Point",
        "coordinates": [
          -104.95355200,
          51.06952500
        ]
      },
      "properties": {
        "ID": "a183bee9-397b-48de-9649-fb2faf556ee8",
        "Name": "R.J. Millwork &amp; Bldg Supplies",
        "Address1": "Box 388, 122 Valley St.",
        "Address2": "",
        "City": "Strasbourg",
        "Province": "SK",
        "Postal_Code": "S0G 2V0",
        "Country": "Canada",
        "Phone": "(306) 725-4146",
        "Fax": "(306) 725-3688",
        "Web_Site": "",
        "Dealer_Website_Enabled": "true",
        "Dealer_Website_Ranking": "0",
        "Customer_No": "2070",
        "ShipTo_No": "277"
      }
    },
    {
      "type": "Feature",
      "dealerLocatorProfiles": [],
      "geometry": {
        "type": "Point",
        "coordinates": [
          -113.93348280,
          49.48230880
        ]
      },
      "properties": {
        "ID": "a1af97c2-d922-4092-b47f-89e7014d7628",
        "Name": "Rona Pincher Creek",
        "Address1": "871 Elk Ave",
        "Address2": "",
        "City": "Pincher Creek",
        "Province": "AB",
        "Postal_Code": "T0K 1W0",
        "Country": "Canada",
        "Phone": "",
        "Fax": "",
        "Web_Site": "",
        "Dealer_Website_Enabled": "true",
        "Customer_No": "43600",
        "ShipTo_No": "91"
      }
    },
    {
      "type": "Feature",
      "dealerLocatorProfiles": [],
      "geometry": {
        "type": "Point",
        "coordinates": [
          -119.22492800,
          50.66721100
        ]
      },
      "properties": {
        "ID": "a1eb53ee-57d4-400d-b983-b29011785537",
        "Name": "Salmon Arm Truss Systems Ltd.",
        "Address1": "5231 - 46 Avenue S.E.",
        "Address2": "",
        "City": "Salmon Arm",
        "Province": "BC",
        "Postal_Code": "V1E 4P1",
        "Country": "Canada",
        "Phone": "",
        "Fax": "",
        "Web_Site": "",
        "Dealer_Website_Enabled": "true",
        "Customer_No": "2070",
        "ShipTo_No": "232"
      }
    },
    {
      "type": "Feature",
      "dealerLocatorProfiles": [],
      "geometry": {
        "type": "Point",
        "coordinates": [
          -79.89322640,
          44.75122740
        ]
      },
      "properties": {
        "ID": "a223007d-5c76-4dd6-b4c3-d1e49b4c1e8b",
        "Name": "Midland Home Hardware Building Centre",
        "Address1": "199 Fourth Street",
        "Address2": "",
        "City": "Midland",
        "Province": "ON",
        "Postal_Code": "L4R 3S9",
        "Country": "Canada",
        "Phone": "(705) 526-5416",
        "Fax": "(705) 526-8426",
        "Web_Site": "",
        "Dealer_Website_Enabled": "true",
        "Dealer_Website_Ranking": "0",
        "Customer_No": "2063",
        "ShipTo_No": "345",
        "Primary_Contact": "Michael Richardson"
      }
    },
    {
      "type": "Feature",
      "dealerLocatorProfiles": [],
      "geometry": {
        "type": "Point",
        "coordinates": [
          -123.15589420,
          49.23017140
        ]
      },
      "properties": {
        "ID": "a229de44-16c8-416a-971b-fe524167c09b",
        "Name": "Kerrisdale Lumber Co. Ltd.",
        "Address1": "1253 West 76th St",
        "Address2": "",
        "City": "Vancouver",
        "Province": "BC",
        "Country": "Canada",
        "Phone": "(604) 261-4274",
        "Fax": "(604) 261-7842",
        "Web_Site": "",
        "Dealer_Website_Enabled": "true",
        "Dealer_Website_Ranking": "0",
        "Customer_No": "2062",
        "ShipTo_No": "199",
        "TC1__Main_Land": "true"
      }
    },
    {
      "type": "Feature",
      "dealerLocatorProfiles": [],
      "geometry": {
        "type": "Point",
        "coordinates": [
          -84.06788270,
          46.47406900
        ]
      },
      "properties": {
        "ID": "a24e196d-67b2-4e45-9184-b16770ccbabe",
        "Name": "Heritage HHBC",
        "Address1": "3478 Highway 17B",
        "Address2": "",
        "City": "Echo Bay",
        "Province": "ON",
        "Postal_Code": "P0S 1C0",
        "Country": "Canada",
        "Phone": "(705) 248-2931",
        "Fax": "(705) 248-1641",
        "Web_Site": "",
        "Dealer_Website_Enabled": "true",
        "Dealer_Website_Ranking": "0",
        "Customer_No": "2063",
        "ShipTo_No": "441"
      }
    },
    {
      "type": "Feature",
      "dealerLocatorProfiles": [],
      "geometry": {
        "type": "Point",
        "coordinates": [
          -104.01145600,
          53.37074100
        ]
      },
      "properties": {
        "ID": "a3322cfb-0dcc-4b39-b86a-257539b60486",
        "Name": "Lake Country Co-op (Nipawin)",
        "Address1": "200 Timber Drive",
        "Address2": "",
        "City": "Nipawin",
        "Province": "SK",
        "Postal_Code": "S0E 1E0",
        "Country": "Canada",
        "Phone": "(306) 862-4595",
        "Fax": "(306) 862-2025",
        "Web_Site": "",
        "Dealer_Website_Enabled": "true",
        "Dealer_Website_Ranking": "0",
        "Customer_No": "62156",
        "ShipTo_No": "163",
        "SK__N_E_": "true"
      }
    },
    {
      "type": "Feature",
      "dealerLocatorProfiles": [],
      "geometry": {
        "type": "Point",
        "coordinates": [
          -78.69866360,
          45.04699820
        ]
      },
      "properties": {
        "ID": "a34e46e2-a029-4196-96a9-be1496335b29",
        "Name": "Cottage Country Bldg Supplies",
        "Address1": "15492 Highway #35",
        "Address2": "HOURS 7:30AM-5PM",
        "City": "Carnarvon",
        "Province": "ON",
        "Postal_Code": "K0M 1J0",
        "Country": "Canada",
        "Phone": "(705) 489-2212",
        "Fax": "(705) 489-2216",
        "Web_Site": "",
        "Dealer_Website_Enabled": "true",
        "Dealer_Website_Ranking": "0",
        "Customer_No": "1500",
        "ShipTo_No": "108"
      }
    },
    {
      "type": "Feature",
      "dealerLocatorProfiles": [],
      "geometry": {
        "type": "Point",
        "coordinates": [
          -120.87544100,
          56.24559710
        ]
      },
      "properties": {
        "ID": "a404f946-2a23-495a-b751-0331242030c9",
        "Name": "Rona Home Centre - Frt.St.John",
        "Address1": "11611 Alaska Road",
        "Address2": "",
        "City": "Fort St. John",
        "Province": "BC",
        "Postal_Code": "V1J 4M7",
        "Country": "Canada",
        "Phone": "(250) 785-8849",
        "Fax": "(250) 785-2252",
        "Web_Site": "",
        "Dealer_Website_Enabled": "true",
        "Dealer_Website_Ranking": "0",
        "Customer_No": "43600",
        "ShipTo_No": "48",
        "Primary_Contact": "Dwight Clarke"
      }
    },
    {
      "type": "Feature",
      "dealerLocatorProfiles": [],
      "geometry": {
        "type": "Point",
        "coordinates": [
          -76.85407620,
          45.73277750
        ]
      },
      "properties": {
        "ID": "a4c06bf2-7b35-4844-bdc8-bc61c7ce5956",
        "Name": "Gagne Building Supplies Ltd. frmly Lumax Bldg Supplies",
        "Address1": "PO Box 102, 9 Malcolm Street",
        "Address2": "8:00am-5:00pm",
        "City": "Beachburg",
        "Province": "ON",
        "Postal_Code": "K0J 1C0",
        "Country": "Canada",
        "Phone": "(613) 582-3268",
        "Fax": "(613) 582-7059",
        "Web_Site": "",
        "Dealer_Website_Enabled": "true",
        "Dealer_Website_Ranking": "0",
        "Customer_No": "2062",
        "ShipTo_No": "293"
      }
    },
    {
      "type": "Feature",
      "dealerLocatorProfiles": [],
      "geometry": {
        "type": "Point",
        "coordinates": [
          -110.16725560,
          53.29104460
        ]
      },
      "properties": {
        "ID": "a51ab80c-44cf-4331-8e30-bdc21c43f02d",
        "Name": "Vertex Resource",
        "Address1": "5402 - 53 ave",
        "Address2": "",
        "City": "Blackfoot",
        "Province": "AB",
        "Postal_Code": "T0B 0L0",
        "Country": "Canada",
        "Phone": "",
        "Fax": "",
        "Web_Site": "",
        "Dealer_Website_Enabled": "true",
        "Customer_No": "4495",
        "ShipTo_No": "21"
      }
    },
    {
      "type": "Feature",
      "dealerLocatorProfiles": [],
      "geometry": {
        "type": "Point",
        "coordinates": [
          -113.82528100,
          52.95978700
        ]
      },
      "properties": {
        "ID": "a589b414-b1a7-432e-95f1-db719221bf2c",
        "Name": "Falun Co-op",
        "Address1": "Hwy #13, 50th Street-50th Ave",
        "Address2": "Box 91",
        "City": "Falun",
        "Province": "AB",
        "Postal_Code": "T0C 1H0",
        "Country": "Canada",
        "Phone": "(780) 352-3548",
        "Fax": "(780) 352-6558",
        "Web_Site": "",
        "Dealer_Website_Enabled": "true",
        "Dealer_Website_Ranking": "0",
        "Customer_No": "62156",
        "ShipTo_No": "69"
      }
    },
    {
      "type": "Feature",
      "dealerLocatorProfiles": [],
      "geometry": {
        "type": "Point",
        "coordinates": [
          -82.46493270,
          42.09713890
        ]
      },
      "properties": {
        "ID": "a69428f8-e590-499b-989c-94d8ecc0c99b",
        "Name": "Wheatley HBC",
        "Address1": "72 Julian Street",
        "Address2": "PO Box 310 HOURS 7:30AM-5PM",
        "City": "Wheatley",
        "Province": "ON",
        "Postal_Code": "N0P 2P0",
        "Country": "Canada",
        "Phone": "(519) 825-4681",
        "Fax": "(519) 825-9091",
        "Web_Site": "",
        "Dealer_Website_Enabled": "true",
        "Dealer_Website_Ranking": "0",
        "Customer_No": "2063",
        "ShipTo_No": "396"
      }
    },
    {
      "type": "Feature",
      "dealerLocatorProfiles": [],
      "geometry": {
        "type": "Point",
        "coordinates": [
          -110.74353270,
          54.26883620
        ]
      },
      "properties": {
        "ID": "a69b8b9a-1ab2-4a14-9f51-97558ec2d07f",
        "Name": "Vincent Building Supplies",
        "Address1": "Box 8146, 5104 - 51 Avenue",
        "Address2": "",
        "City": "Bonnyville",
        "Province": "AB",
        "Postal_Code": "T9N 2J4",
        "Country": "Canada",
        "Phone": "(780) 826-3602",
        "Fax": "(780) 826-2246",
        "Web_Site": "",
        "Dealer_Website_Enabled": "true",
        "Dealer_Website_Ranking": "0",
        "Customer_No": "2070",
        "ShipTo_No": "340"
      }
    },
    {
      "type": "Feature",
      "dealerLocatorProfiles": [],
      "geometry": {
        "type": "Point",
        "coordinates": [
          -102.63123340,
          50.10240220
        ]
      },
      "properties": {
        "ID": "a6efd2fd-9b36-4ede-8021-716df1fe8b6e",
        "Name": "Kipling Home Hardware",
        "Address1": "520 Main Street PO Box 269",
        "Address2": "",
        "City": "Kipling",
        "Province": "SK",
        "Postal_Code": "S0G 2S0",
        "Country": "Canada",
        "Phone": "(306) 736-2545",
        "Fax": "(306) 736-2551",
        "Web_Site": "",
        "Dealer_Website_Enabled": "true",
        "Dealer_Website_Ranking": "0",
        "Customer_No": "2063",
        "ShipTo_No": "546"
      }
    },
    {
      "type": "Feature",
      "dealerLocatorProfiles": [],
      "geometry": {
        "type": "Point",
        "coordinates": [
          -82.92823010,
          42.03650830
        ]
      },
      "properties": {
        "ID": "a7636997-1f59-43a4-8cce-9350b80b6b41",
        "Name": "Harrow Home Hardware",
        "Address1": "2444 County Road 20 West",
        "Address2": "HOURS 8AM-6PM",
        "City": "Harrow",
        "Province": "ON",
        "Postal_Code": "N0R 1G0",
        "Country": "Canada",
        "Phone": "(519) 738-9119",
        "Fax": "",
        "Web_Site": "",
        "Dealer_Website_Enabled": "true",
        "Dealer_Website_Ranking": "0",
        "Customer_No": "2063",
        "ShipTo_No": "452",
        "Primary_Contact": "Gord Nascimento"
      }
    },
    {
      "type": "Feature",
      "dealerLocatorProfiles": [],
      "geometry": {
        "type": "Point",
        "coordinates": [
          -112.79590140,
          49.67085540
        ]
      },
      "properties": {
        "ID": "a7c595be-0bb4-466d-b3d4-76fe6ed5ffb4",
        "Name": "Rona Lethbridge",
        "Address1": "2260 - 32nd St. S",
        "Address2": "",
        "City": "Lethbridge",
        "Province": "AB",
        "Postal_Code": "T1K 7T9",
        "Country": "Canada",
        "Phone": "(403) 381-9000",
        "Fax": "(403) 381-9001",
        "Web_Site": "",
        "Dealer_Website_Enabled": "true",
        "Dealer_Website_Ranking": "0",
        "Customer_No": "43600",
        "ShipTo_No": "19"
      }
    },
    {
      "type": "Feature",
      "dealerLocatorProfiles": [],
      "geometry": {
        "type": "Point",
        "coordinates": [
          -81.03566500,
          49.06557990
        ]
      },
      "properties": {
        "ID": "a7cb9e6d-327d-4d35-92e4-d7137244f396",
        "Name": "J.A. Brisson &amp; Sons Ltd.",
        "Address1": "21 - 5th Street",
        "Address2": "HOURS 8:30AM-4:30PM",
        "City": "Cochrane",
        "Province": "ON",
        "Postal_Code": "P0L 1C0",
        "Country": "Canada",
        "Phone": "(705) 272-4235",
        "Fax": "(705) 272-5077",
        "Web_Site": "",
        "Dealer_Website_Enabled": "true",
        "Dealer_Website_Ranking": "0",
        "Customer_No": "1500",
        "ShipTo_No": "60",
        "Primary_Contact": "Keven Robin"
      }
    },
    {
      "type": "Feature",
      "dealerLocatorProfiles": [],
      "geometry": {
        "type": "Point",
        "coordinates": [
          -79.50448360,
          43.81542590
        ]
      },
      "properties": {
        "ID": "a7e04996-a634-46e2-9895-19ae4792e4c0",
        "Name": "Beacon Roofing Supply Canada",
        "Address1": "8400 Keele Street",
        "Address2": "Unit #1",
        "City": "Concord",
        "Province": "ON",
        "Postal_Code": "L4K 2A6",
        "Country": "Canada",
        "Phone": "(416) 427-1525",
        "Fax": "(905) 761-0834",
        "Web_Site": "",
        "Dealer_Website_Enabled": "true",
        "Dealer_Website_Ranking": "0",
        "Customer_No": "4553",
        "ShipTo_No": "8",
        "Primary_Contact": "Angela Spinosa"
      }
    },
    {
      "type": "Feature",
      "dealerLocatorProfiles": [],
      "geometry": {
        "type": "Point",
        "coordinates": [
          -78.148793,
          45.086053
        ]
      },
      "properties": {
        "ID": "a85368cd-10fb-4f91-91f9-129ff341e23b",
        "Name": "Kingdon Tim-Br Mart (Harcourt)",
        "Address1": "1004 Chester Cres",
        "Address2": "HOURS 7AM-5PM",
        "City": "Harcourt",
        "Province": "ON",
        "Postal_Code": "K0L 1X0",
        "Country": "Canada",
        "Phone": "(705) 448-2268",
        "Fax": "(705) 448-2344",
        "Web_Site": "",
        "Dealer_Website_Enabled": "true",
        "Dealer_Website_Ranking": "0",
        "Customer_No": "2062",
        "ShipTo_No": "317"
      }
    },
    {
      "type": "Feature",
      "dealerLocatorProfiles": [],
      "geometry": {
        "type": "Point",
        "coordinates": [
          -106.62864321212906,
          52.194044269512986
        ]
      },
      "properties": {
        "ID": "a88ffd17-84a2-4f63-be59-27ca685ea512",
        "Name": "TimberStone Saskatoon",
        "Address1": "3703 Arthur Rose Ave",
        "Address2": "",
        "City": "Saskatoon",
        "Province": "SK",
        "Postal_Code": "S7P 0C7",
        "Country": "Canada",
        "Phone": "(306) 653-2990",
        "Fax": "(306) 665-0331",
        "Web_Site": "",
        "Dealer_Website_Enabled": "true",
        "Dealer_Website_Ranking": "0",
        "Customer_No": "3588",
        "ShipTo_No": "168",
        "SK__S_W_": "true"
      }
    },
    {
      "type": "Feature",
      "dealerLocatorProfiles": [],
      "geometry": {
        "type": "Point",
        "coordinates": [
          -74.98915500,
          44.99705060
        ]
      },
      "properties": {
        "ID": "a899bf71-2d62-406f-bf15-9b5de6fe564c",
        "Name": "Fines Home Building Center",
        "Address1": "9 Thorold Lane",
        "Address2": "Box 690 HOURS 8AM-6PM",
        "City": "Ingleside",
        "Province": "ON",
        "Postal_Code": "K0C 1M0",
        "Country": "Canada",
        "Phone": "(613) 537-2233",
        "Fax": "(613) 537-2994",
        "Web_Site": "",
        "Dealer_Website_Enabled": "true",
        "Dealer_Website_Ranking": "0",
        "Customer_No": "2063",
        "ShipTo_No": "491"
      }
    },
    {
      "type": "Feature",
      "dealerLocatorProfiles": [],
      "geometry": {
        "type": "Point",
        "coordinates": [
          -64.23348778838279,
          44.54712918720409
        ]
      },
      "properties": {
        "ID": "a8e08a67-2b39-431c-8eca-ea7870067bc9",
        "Name": "Chester Building Supplies",
        "Address1": "3797 Number 3 Highway",
        "Address2": "PO Box 387",
        "City": "Chester",
        "Province": "NS",
        "Postal_Code": "B0J 1J0",
        "Country": "Canada",
        "Phone": "(902) 275-5512",
        "Fax": "(902) 275-5892",
        "Web_Site": "",
        "Dealer_Website_Enabled": "true",
        "Dealer_Website_Ranking": "0",
        "Customer_No": "1500",
        "ShipTo_No": "222"
      }
    },
    {
      "type": "Feature",
      "dealerLocatorProfiles": [],
      "geometry": {
        "type": "Point",
        "coordinates": [
          -119.39447790,
          49.88966090
        ]
      },
      "properties": {
        "ID": "a8ef7e72-8591-47b2-9960-05d49a308dcd",
        "Name": "Mara Lumber Home Building Centre",
        "Address1": "470 Highway #33 West",
        "Address2": "",
        "City": "Kelowna",
        "Province": "BC",
        "Postal_Code": "V1X 1Y3",
        "Country": "Canada",
        "Phone": "(250) 765-2963",
        "Fax": "(250) 765-2582",
        "Web_Site": "",
        "Dealer_Website_Enabled": "true",
        "Dealer_Website_Ranking": "0",
        "Customer_No": "2063",
        "ShipTo_No": "298",
        "Primary_Contact": "Hank Rouleau"
      }
    },
    {
      "type": "Feature",
      "dealerLocatorProfiles": [],
      "geometry": {
        "type": "Point",
        "coordinates": [
          -123.35337900,
          48.42912400
        ]
      },
      "properties": {
        "ID": "a8f14da4-b2af-4223-a78a-a9c88bb7f24e",
        "Name": "Cook Street Castle",
        "Address1": "1720 Cook Street",
        "Address2": "",
        "City": "Victoria",
        "Province": "BC",
        "Postal_Code": "V8T 3P3",
        "Country": "Canada",
        "Phone": "(250) 384-8181",
        "Fax": "(250) 388-4775",
        "Web_Site": "",
        "Dealer_Website_Enabled": "true",
        "Dealer_Website_Ranking": "0",
        "Customer_No": "1500",
        "ShipTo_No": "38",
        "TC2__Island": "true"
      }
    },
    {
      "type": "Feature",
      "dealerLocatorProfiles": [],
      "geometry": {
        "type": "Point",
        "coordinates": [
          -108.56180910,
          49.20489400
        ]
      },
      "properties": {
        "ID": "a94c9725-ec00-4c43-8024-452e4d6529e9",
        "Name": "Pioneer Co-op (Frontier)",
        "Address1": "Box 300",
        "Address2": "",
        "City": "Frontier",
        "Province": "SK",
        "Postal_Code": "S0N 0W0",
        "Country": "Canada",
        "Phone": "(306) 296-2233",
        "Fax": "(306) 296-2056",
        "Web_Site": "",
        "Dealer_Website_Enabled": "true",
        "Dealer_Website_Ranking": "0",
        "Customer_No": "62156",
        "ShipTo_No": "353"
      }
    },
    {
      "type": "Feature",
      "dealerLocatorProfiles": [],
      "geometry": {
        "type": "Point",
        "coordinates": [
          -59.95200724990427,
          46.19787128437518
        ]
      },
      "properties": {
        "ID": "a9bd18f6-2209-4cb9-972e-4c5d3c82a641",
        "Name": "Cameron&#39;s Building Supplies",
        "Address1": "152 Lower North Street",
        "Address2": "",
        "City": "Glace Bay",
        "Province": "NS",
        "Postal_Code": "B1A 3R9",
        "Country": "Canada",
        "Phone": "",
        "Fax": "",
        "Web_Site": "",
        "Dealer_Website_Enabled": "true",
        "Dealer_Website_Ranking": "0",
        "Customer_No": "1500",
        "ShipTo_No": "221"
      }
    },
    {
      "type": "Feature",
      "dealerLocatorProfiles": [],
      "geometry": {
        "type": "Point",
        "coordinates": [
          -113.38743710,
          51.03096800
        ]
      },
      "properties": {
        "ID": "aa2dfbb4-63f2-4529-9833-1610b629955e",
        "Name": "U.F.A. Strathmore",
        "Address1": "58 Slater Rd.",
        "Address2": "",
        "City": "Strathmore",
        "Province": "AB",
        "Postal_Code": "T1P 1J2",
        "Country": "Canada",
        "Phone": "(403) 934-6684",
        "Fax": "(403) 934-5435",
        "Web_Site": "",
        "Dealer_Website_Enabled": "true",
        "Dealer_Website_Ranking": "0",
        "Customer_No": "2070",
        "ShipTo_No": "183"
      }
    },
    {
      "type": "Feature",
      "dealerLocatorProfiles": [],
      "geometry": {
        "type": "Point",
        "coordinates": [
          -114.05533500,
          51.01617170
        ]
      },
      "properties": {
        "ID": "aa59246a-9c03-4bdf-8234-d701f64f40fe",
        "Name": "Davidson Enman Lumber Ltd",
        "Address1": "452 42nd Ave S.E.",
        "Address2": "",
        "City": "Calgary",
        "Province": "AB",
        "Postal_Code": "T2G 1Y5",
        "Country": "Canada",
        "Phone": "",
        "Fax": "",
        "Web_Site": "",
        "Dealer_Website_Enabled": "true",
        "Customer_No": "2062",
        "ShipTo_No": "29"
      }
    },
    {
      "type": "Feature",
      "dealerLocatorProfiles": [],
      "geometry": {
        "type": "Point",
        "coordinates": [
          -103.52933450,
          52.16652330
        ]
      },
      "properties": {
        "ID": "aaacb712-f1d8-4a3a-8c66-7edad38bc011",
        "Name": "Drummond Lumber",
        "Address1": "Po Box 789",
        "Address2": "Hwy 49 W.",
        "City": "Kelvington",
        "Province": "SK",
        "Postal_Code": "S0A 1W0",
        "Country": "Canada",
        "Phone": "(306) 327-5756",
        "Fax": "(306) 327-5216",
        "Web_Site": "",
        "Dealer_Website_Enabled": "true",
        "Dealer_Website_Ranking": "0",
        "Customer_No": "2070",
        "ShipTo_No": "34"
      }
    },
    {
      "type": "Feature",
      "dealerLocatorProfiles": [],
      "geometry": {
        "type": "Point",
        "coordinates": [
          -98.95128290,
          50.22555820
        ]
      },
      "properties": {
        "ID": "aabf56d0-a09a-4af0-b61e-f29f885f6787",
        "Name": "Neepawa Co-op (Gladstone)",
        "Address1": "Box 536",
        "Address2": "5 Morris St N.",
        "City": "Gladstone",
        "Province": "MB",
        "Postal_Code": "R0J 0T0",
        "Country": "Canada",
        "Phone": "(204) 385-2467",
        "Fax": "(204) 385-2030",
        "Web_Site": "",
        "Dealer_Website_Enabled": "true",
        "Dealer_Website_Ranking": "0",
        "Customer_No": "62156",
        "ShipTo_No": "140",
        "Route_#3": "true"
      }
    },
    {
      "type": "Feature",
      "dealerLocatorProfiles": [],
      "geometry": {
        "type": "Point",
        "coordinates": [
          -104.61429730,
          52.86083870
        ]
      },
      "properties": {
        "ID": "ab4707fb-5973-46b7-9cc0-4fd2128403ce",
        "Name": "Prairie North Co-op (Melfort)",
        "Address1": "Box 1450 Hwy 41A",
        "Address2": "",
        "City": "Melfort",
        "Province": "SK",
        "Postal_Code": "S0E 1A0",
        "Country": "Canada",
        "Phone": "(306) 752-3343",
        "Fax": "(306) 752-9777",
        "Web_Site": "",
        "Dealer_Website_Enabled": "true",
        "Customer_No": "62156",
        "ShipTo_No": "383"
      }
    },
    {
      "type": "Feature",
      "dealerLocatorProfiles": [],
      "geometry": {
        "type": "Point",
        "coordinates": [
          -100.04311490,
          51.14616570
        ]
      },
      "properties": {
        "ID": "ab5388be-5f17-42b1-9407-9aedaff473bc",
        "Name": "Dauphin Co-op",
        "Address1": "321 1st Ave North East",
        "Address2": "",
        "City": "Dauphin",
        "Province": "MB",
        "Postal_Code": "R7N 1A6",
        "Country": "Canada",
        "Phone": "(204) 638-6006",
        "Fax": "(204) 638-0979",
        "Web_Site": "",
        "Dealer_Website_Enabled": "true",
        "Dealer_Website_Ranking": "0",
        "Customer_No": "62156",
        "ShipTo_No": "257",
        "Route_#3": "true"
      }
    },
    {
      "type": "Feature",
      "dealerLocatorProfiles": [],
      "geometry": {
        "type": "Point",
        "coordinates": [
          -121.98141940,
          49.15554110
        ]
      },
      "properties": {
        "ID": "abdcfc22-bd36-40ee-884c-77349f2a9071",
        "Name": "Home Depot Canada - Chilliwack",
        "Address1": "#100 - 8443 Eagle Landing Pkwy",
        "Address2": "Store #7273",
        "City": "Chilliwack",
        "Province": "BC",
        "Postal_Code": "V2P 0E2",
        "Country": "Canada",
        "Phone": "(604) 703-1502",
        "Fax": "(604) 701-3413",
        "Web_Site": "",
        "Dealer_Website_Enabled": "true",
        "Dealer_Website_Ranking": "0",
        "Customer_No": "199909",
        "ShipTo_No": "23"
      }
    },
    {
      "type": "Feature",
      "dealerLocatorProfiles": [],
      "geometry": {
        "type": "Point",
        "coordinates": [
          -80.57767100,
          42.74192400
        ]
      },
      "properties": {
        "ID": "abdeece4-ab58-4f8b-a5a1-bf3d30867f03",
        "Name": "Long&#39;s Timber-Mart 8:00am-5:00pm",
        "Address1": "351 12th Con.",
        "Address2": "PO Box 130",
        "City": "Langton",
        "Province": "ON",
        "Postal_Code": "N0E 1G0",
        "Country": "Canada",
        "Phone": "(519) 875-2491",
        "Fax": "(519) 875-3204",
        "Web_Site": "",
        "Dealer_Website_Enabled": "true",
        "Dealer_Website_Ranking": "0",
        "Customer_No": "2062",
        "ShipTo_No": "353"
      }
    },
    {
      "type": "Feature",
      "dealerLocatorProfiles": [],
      "geometry": {
        "type": "Point",
        "coordinates": [
          -119.46167270,
          49.87746000
        ]
      },
      "properties": {
        "ID": "ac0b52af-5f34-4e4b-a670-f5afa56ce944",
        "Name": "Kelowna Home Hardware Bldg Ctr",
        "Address1": "1650 Springfield Road",
        "Address2": "",
        "City": "Kelowna",
        "Province": "BC",
        "Postal_Code": "V1Y 5V4",
        "Country": "Canada",
        "Phone": "(250) 860-4663",
        "Fax": "(250) 868-8962",
        "Web_Site": "",
        "Dealer_Website_Enabled": "true",
        "Dealer_Website_Ranking": "0",
        "Customer_No": "2063",
        "ShipTo_No": "74"
      }
    },
    {
      "type": "Feature",
      "dealerLocatorProfiles": [],
      "geometry": {
        "type": "Point",
        "coordinates": [
          -104.55788100,
          50.44632200
        ]
      },
      "properties": {
        "ID": "ac7ae74d-c532-4191-8ac5-9f98b53f60a0",
        "Name": "Home Depot Regina (EAST)",
        "Address1": "1867 Victoria Ave",
        "Address2": "",
        "City": "Regina",
        "Province": "SK",
        "Postal_Code": "S4N 6E6",
        "Country": "Canada",
        "Phone": "(306) 761-1483",
        "Fax": "(306) 761-2922",
        "Web_Site": "",
        "Dealer_Website_Enabled": "true",
        "Dealer_Website_Ranking": "0",
        "Customer_No": "199909",
        "ShipTo_No": "33"
      }
    },
    {
      "type": "Feature",
      "dealerLocatorProfiles": [],
      "geometry": {
        "type": "Point",
        "coordinates": [
          -118.08161790,
          52.87094040
        ]
      },
      "properties": {
        "ID": "add2ebf6-5944-4dc9-b952-8480bd07ace5",
        "Name": "Jasper Home Building Centre",
        "Address1": "706 Sleepy Hollow Road",
        "Address2": "Box 1480",
        "City": "Jasper",
        "Province": "AB",
        "Postal_Code": "T0E 1E0",
        "Country": "Canada",
        "Phone": "",
        "Fax": "",
        "Web_Site": "",
        "Dealer_Website_Enabled": "true",
        "Customer_No": "2063",
        "ShipTo_No": "235"
      }
    },
    {
      "type": "Feature",
      "dealerLocatorProfiles": [],
      "geometry": {
        "type": "Point",
        "coordinates": [
          -77.41560830,
          45.55606760
        ]
      },
      "properties": {
        "ID": "ae242aab-8a07-44f3-83c3-240cf1ca8c8e",
        "Name": "Wm. Keetch and Sons",
        "Address1": "6 North Street",
        "Address2": "HOURS 7AM-5PM",
        "City": "Killaloe",
        "Province": "ON",
        "Postal_Code": "K0J 2A0",
        "Country": "Canada",
        "Phone": "(613) 757-2616",
        "Fax": "(613) 757-3322",
        "Web_Site": "",
        "Dealer_Website_Enabled": "true",
        "Dealer_Website_Ranking": "0",
        "Customer_No": "1500",
        "ShipTo_No": "103"
      }
    },
    {
      "type": "Feature",
      "dealerLocatorProfiles": [],
      "geometry": {
        "type": "Point",
        "coordinates": [
          -113.68778400,
          53.55793580
        ]
      },
      "properties": {
        "ID": "aea23ca2-8daa-46a0-9c32-a439400489b9",
        "Name": "Igloo Building Supplies Group Ltd.",
        "Address1": "21421-111 Avenue N.W.",
        "Address2": "",
        "City": "Edmonton",
        "Province": "AB",
        "Postal_Code": "T5S 2C3",
        "Country": "Canada",
        "Phone": "(780) 451-0600",
        "Fax": "(780) 455-6356",
        "Web_Site": "http%3A%2F%2Fwww.igloo.ca",
        "Dealer_Website_Enabled": "true",
        "Dealer_Website_Ranking": "0",
        "Customer_No": "28125",
        "ShipTo_No": "1",
        "Primary_Contact": "Pierre Sirois"
      }
    },
    {
      "type": "Feature",
      "dealerLocatorProfiles": [],
      "geometry": {
        "type": "Point",
        "coordinates": [
          -116.52272320,
          49.10928950
        ]
      },
      "properties": {
        "ID": "aecf56a9-791a-4e32-92fb-f87ea4c5d451",
        "Name": "Pyramid Building Supplies Ltd.",
        "Address1": "1220 N.W. Blvd",
        "Address2": "",
        "City": "Creston",
        "Province": "BC",
        "Postal_Code": "V0B 1G8",
        "Country": "Canada",
        "Phone": "(250) 428-7114",
        "Fax": "(250) 428-5722",
        "Web_Site": "",
        "Dealer_Website_Enabled": "true",
        "Dealer_Website_Ranking": "0",
        "Customer_No": "2062",
        "ShipTo_No": "93"
      }
    },
    {
      "type": "Feature",
      "dealerLocatorProfiles": [],
      "geometry": {
        "type": "Point",
        "coordinates": [
          -135.06471,
          60.73022
        ]
      },
      "properties": {
        "ID": "af044a07-7e37-4040-a07b-384050d27393",
        "Name": "Whitehorse Home Bldg.Centre",
        "Address1": "2281-2nd Avenue",
        "Address2": "",
        "City": "Whitehorse",
        "Province": "YT",
        "Postal_Code": "Y1A 1C9",
        "Country": "Canada",
        "Phone": "(867) 667-4478",
        "Fax": "(867) 667-4575",
        "Web_Site": "",
        "Dealer_Website_Enabled": "true",
        "Dealer_Website_Ranking": "0",
        "Customer_No": "2063",
        "ShipTo_No": "157"
      }
    },
    {
      "type": "Feature",
      "dealerLocatorProfiles": [],
      "geometry": {
        "type": "Point",
        "coordinates": [
          -120.32932280,
          50.71226570
        ]
      },
      "properties": {
        "ID": "af928e2d-4699-4ec3-bb3d-5cee7f83b4bb",
        "Name": "Kenroc Bldg Material Kamloops",
        "Address1": "1200 Chief Louis Way",
        "Address2": "",
        "City": "Kamloops",
        "Province": "BC",
        "Postal_Code": "V2H 1J8",
        "Country": "Canada",
        "Phone": "(250) 374-1006",
        "Fax": "(250) 374-1007",
        "Web_Site": "",
        "Dealer_Website_Enabled": "true",
        "Dealer_Website_Ranking": "0",
        "Customer_No": "2070",
        "ShipTo_No": "292"
      }
    },
    {
      "type": "Feature",
      "dealerLocatorProfiles": [],
      "geometry": {
        "type": "Point",
        "coordinates": [
          -104.06719020,
          50.51628700
        ]
      },
      "properties": {
        "ID": "afc01066-26cd-4510-b61a-c569a5eba2ba",
        "Name": "Wood Country - Mclean",
        "Address1": "Po Box 14",
        "Address2": "",
        "City": "Mclean",
        "Province": "SK",
        "Postal_Code": "S0G 3E0",
        "Country": "Canada",
        "Phone": "(306) 699-7284",
        "Fax": "(306) 699-2979",
        "Web_Site": "",
        "Dealer_Website_Enabled": "true",
        "Dealer_Website_Ranking": "0",
        "Customer_No": "1500",
        "ShipTo_No": "27"
      }
    },
    {
      "type": "Feature",
      "dealerLocatorProfiles": [],
      "geometry": {
        "type": "Point",
        "coordinates": [
          -104.65817970,
          49.64682940
        ]
      },
      "properties": {
        "ID": "afd39a2f-545e-4894-bbc7-1f8b406ccb55",
        "Name": "Pangman Co-op",
        "Address1": "P.O. Box 58",
        "Address2": "",
        "City": "Pangman",
        "Province": "SK",
        "Postal_Code": "S0C 2C0",
        "Country": "Canada",
        "Phone": "(306) 442-2020",
        "Fax": "(306) 442-4224",
        "Web_Site": "",
        "Dealer_Website_Enabled": "true",
        "Dealer_Website_Ranking": "0",
        "Customer_No": "62156",
        "ShipTo_No": "148"
      }
    },
    {
      "type": "Feature",
      "dealerLocatorProfiles": [],
      "geometry": {
        "type": "Point",
        "coordinates": [
          -112.66174650,
          49.46216210
        ]
      },
      "properties": {
        "ID": "b0231ad9-5cd2-4b58-995b-ea2c7a7f6e94",
        "Name": "Raymond Home Hardware Building",
        "Address1": "27 Broadway N.",
        "Address2": "",
        "City": "Raymond",
        "Province": "AB",
        "Postal_Code": "T0K 2S0",
        "Country": "Canada",
        "Phone": "",
        "Fax": "",
        "Web_Site": "",
        "Dealer_Website_Enabled": "true",
        "Customer_No": "2063",
        "ShipTo_No": "548"
      }
    },
    {
      "type": "Feature",
      "dealerLocatorProfiles": [],
      "geometry": {
        "type": "Point",
        "coordinates": [
          -120.08582890,
          51.64075670
        ]
      },
      "properties": {
        "ID": "b032ab50-b6a3-4c48-8ed5-a68089047f3c",
        "Name": "North Valley Supply Ltd.",
        "Address1": "213 Old N.Thompson Hwy",
        "Address2": "Store #06410",
        "City": "Clearwater",
        "Province": "BC",
        "Postal_Code": "V0E 1N0",
        "Country": "Canada",
        "Phone": "(250) 674-3386",
        "Fax": "(250) 674-3285",
        "Web_Site": "",
        "Dealer_Website_Enabled": "true",
        "Dealer_Website_Ranking": "0",
        "Customer_No": "43600",
        "ShipTo_No": "71",
        "Primary_Contact": "Brandon Luxton"
      }
    },
    {
      "type": "Feature",
      "dealerLocatorProfiles": [],
      "geometry": {
        "type": "Point",
        "coordinates": [
          -106.67352820,
          52.15731030
        ]
      },
      "properties": {
        "ID": "b05584f2-fdb1-41e8-9f15-3c8ee138fc53",
        "Name": "Saskatoon Co-op Home Centre",
        "Address1": "311 Circle Drive West",
        "Address2": "Avenue C",
        "City": "Saskatoon",
        "Province": "SK",
        "Postal_Code": "S7L 7C6",
        "Country": "Canada",
        "Phone": "(306) 933-3838",
        "Fax": "(306) 933-0328",
        "Web_Site": "",
        "Dealer_Website_Enabled": "true",
        "Dealer_Website_Ranking": "0",
        "Customer_No": "62156",
        "ShipTo_No": "194",
        "Primary_Contact": "Dwayne Ginther",
        "Saskatoon": "true"
      }
    },
    {
      "type": "Feature",
      "dealerLocatorProfiles": [],
      "geometry": {
        "type": "Point",
        "coordinates": [
          -76.65291030,
          45.46508840
        ]
      },
      "properties": {
        "ID": "b0a0b120-4929-4ec2-a7db-a4bdf1194913",
        "Name": "Wood Works of Renfrew Limited",
        "Address1": "1054 Gillan Road",
        "Address2": "PO Box 386",
        "City": "Renfrew",
        "Province": "ON",
        "Postal_Code": "K7V 3Z4",
        "Country": "Canada",
        "Phone": "(613) 432-4809",
        "Fax": "(613) 432-2663",
        "Web_Site": "",
        "Dealer_Website_Enabled": "true",
        "Dealer_Website_Ranking": "0",
        "Customer_No": "1500",
        "ShipTo_No": "86"
      }
    },
    {
      "type": "Feature",
      "dealerLocatorProfiles": [],
      "geometry": {
        "type": "Point",
        "coordinates": [
          -127.48905110,
          50.42769460
        ]
      },
      "properties": {
        "ID": "b0e3c3d7-9c3b-4ca9-8919-48eafd501888",
        "Name": "Builders Warehouse",
        "Address1": "Box 840, 1000 Marine Drive",
        "Address2": "",
        "City": "Port Alice",
        "Province": "BC",
        "Postal_Code": "V0N 2N0",
        "Country": "Canada",
        "Phone": "(250) 284-3535",
        "Fax": "(250) 284-3535",
        "Web_Site": "",
        "Dealer_Website_Enabled": "true",
        "Dealer_Website_Ranking": "0",
        "Customer_No": "2070",
        "ShipTo_No": "150"
      }
    },
    {
      "type": "Feature",
      "dealerLocatorProfiles": [],
      "geometry": {
        "type": "Point",
        "coordinates": [
          -113.95457270,
          50.72109370
        ]
      },
      "properties": {
        "ID": "b157b3c8-96f8-4659-947a-88c0c6200de9",
        "Name": "Okotoks Home Building Centre",
        "Address1": "99 Stockton Ave,   Box 1049",
        "Address2": "",
        "City": "Okotoks",
        "Province": "AB",
        "Postal_Code": "T1S 1B1",
        "Country": "Canada",
        "Phone": "(403) 938-4330",
        "Fax": "(403) 938-5262",
        "Web_Site": "",
        "Dealer_Website_Enabled": "true",
        "Dealer_Website_Ranking": "0",
        "Customer_No": "2063",
        "ShipTo_No": "98"
      }
    },
    {
      "type": "Feature",
      "dealerLocatorProfiles": [],
      "geometry": {
        "type": "Point",
        "coordinates": [
          -81.14029010,
          44.72386660
        ]
      },
      "properties": {
        "ID": "b164db3a-261d-48bb-90ef-04ca89edd390",
        "Name": "Wiarton Home Building Centre 7am-6pm",
        "Address1": "010189 Hwy 6",
        "Address2": "Box 940",
        "City": "Wiarton",
        "Province": "ON",
        "Postal_Code": "N0H 2T0",
        "Country": "Canada",
        "Phone": "(519) 652-8300",
        "Fax": "(519) 534-0742",
        "Web_Site": "",
        "Dealer_Website_Enabled": "true",
        "Dealer_Website_Ranking": "0",
        "Customer_No": "2063",
        "ShipTo_No": "354",
        "Primary_Contact": "Patrick Sutter"
      }
    },
    {
      "type": "Feature",
      "dealerLocatorProfiles": [],
      "geometry": {
        "type": "Point",
        "coordinates": [
          -109.15428,
          52.43575
        ]
      },
      "properties": {
        "ID": "b1bf2c84-2098-499e-b83b-5233cf2f8898",
        "Name": "Delta Co-op(Unity) Home Centre",
        "Address1": "405 2nd Ave S",
        "Address2": "P.O. Box 745",
        "City": "Unity",
        "Province": "SK",
        "Postal_Code": "S0K 4L0",
        "Country": "Canada",
        "Phone": "(306) 228-2625",
        "Fax": "(306) 228-4222",
        "Web_Site": "",
        "Dealer_Website_Enabled": "true",
        "Dealer_Website_Ranking": "0",
        "Customer_No": "62156",
        "ShipTo_No": "444",
        "SK__S_W_": "true"
      }
    },
    {
      "type": "Feature",
      "dealerLocatorProfiles": [],
      "geometry": {
        "type": "Point",
        "coordinates": [
          -77.16961260,
          44.75518270
        ]
      },
      "properties": {
        "ID": "b2ab704e-cb72-407c-b2b3-ba83c8709a2f",
        "Name": "Yourway Home Building Centre",
        "Address1": "12767 Hwy 41",
        "Address2": "PO Box 312 HOURS 8AM-5PM",
        "City": "Northbrook",
        "Province": "ON",
        "Postal_Code": "K0H 2G0",
        "Country": "Canada",
        "Phone": "(613) 336-2195",
        "Fax": "(613) 336-9124",
        "Web_Site": "",
        "Dealer_Website_Enabled": "true",
        "Dealer_Website_Ranking": "0",
        "Customer_No": "2063",
        "ShipTo_No": "359"
      }
    },
    {
      "type": "Feature",
      "dealerLocatorProfiles": [],
      "geometry": {
        "type": "Point",
        "coordinates": [
          -122.50332640,
          53.01128850
        ]
      },
      "properties": {
        "ID": "b374e2a9-5397-44c5-9be4-a8a524ede7e0",
        "Name": "Four Rivers Co-op-QUESNEL",
        "Address1": "1280 Quesnel/Hixon Road",
        "Address2": "",
        "City": "Quesnel",
        "Province": "BC",
        "Postal_Code": "V2J 5Z3",
        "Country": "Canada",
        "Phone": "(250) 992-7274",
        "Fax": "(250) 992-7771",
        "Web_Site": "",
        "Dealer_Website_Enabled": "true",
        "Dealer_Website_Ranking": "0",
        "Customer_No": "62156",
        "ShipTo_No": "352"
      }
    },
    {
      "type": "Feature",
      "dealerLocatorProfiles": [],
      "geometry": {
        "type": "Point",
        "coordinates": [
          -117.62508,
          49.087089
        ]
      },
      "properties": {
        "ID": "b3cf6392-23af-4493-b36d-52f25446ee05",
        "Name": "Fraser Valley - Trail Maglio Bldg Centre",
        "Address1": "8274 Waneta Hwy 22A",
        "Address2": "",
        "City": "Trail",
        "Province": "BC",
        "Postal_Code": "V1R 4W4",
        "Country": "Canada",
        "Phone": "(250) 368-6466",
        "Fax": "(250) 368-5588",
        "Web_Site": "",
        "Dealer_Website_Enabled": "true",
        "Dealer_Website_Ranking": "0",
        "Customer_No": "43600",
        "ShipTo_No": "206",
        "Primary_Contact": "Dan Lightfoot"
      }
    },
    {
      "type": "Feature",
      "dealerLocatorProfiles": [],
      "geometry": {
        "type": "Point",
        "coordinates": [
          -117.10821900,
          56.20704090
        ]
      },
      "properties": {
        "ID": "b4a916c8-388f-4c77-81bb-559e3b85a7b0",
        "Name": "St Isidore Co-op Limited",
        "Address1": "P.O. Box 1128, #1 Main Street",
        "Address2": "",
        "City": "St Isidore",
        "Province": "AB",
        "Postal_Code": "T0H 3B0",
        "Country": "Canada",
        "Phone": "(780) 624-3121",
        "Fax": "(780) 624-4418",
        "Web_Site": "",
        "Dealer_Website_Enabled": "true",
        "Dealer_Website_Ranking": "0",
        "Customer_No": "62156",
        "ShipTo_No": "211"
      }
    },
    {
      "type": "Feature",
      "dealerLocatorProfiles": [],
      "geometry": {
        "type": "Point",
        "coordinates": [
          -119.56986730,
          49.86445910
        ]
      },
      "properties": {
        "ID": "b4e1dbfd-575a-41e7-b055-4c96867f3103",
        "Name": "Trans Canada Lumber Inc.",
        "Address1": "1304 - Industrial Rd",
        "Address2": "",
        "City": "Kelowna",
        "Province": "BC",
        "Postal_Code": "V1Z 1G5",
        "Country": "Canada",
        "Phone": "(250) 769-5222",
        "Fax": "(250) 769-6474",
        "Web_Site": "",
        "Dealer_Website_Enabled": "true",
        "Dealer_Website_Ranking": "0",
        "Customer_No": "2070",
        "ShipTo_No": "271"
      }
    },
    {
      "type": "Feature",
      "dealerLocatorProfiles": [],
      "geometry": {
        "type": "Point",
        "coordinates": [
          -97.14639430,
          49.86471270
        ]
      },
      "properties": {
        "ID": "b5649a24-c50c-4b46-aaa4-0a1e7a8840ac",
        "Name": "McMunn &amp; Yates - Pembina",
        "Address1": "600 Pembina Hwy",
        "Address2": "",
        "City": "Winnipeg",
        "Province": "MB",
        "Postal_Code": "R3M 3S3",
        "Country": "Canada",
        "Phone": "(204) 940-4040",
        "Fax": "",
        "Web_Site": "",
        "Dealer_Website_Enabled": "true",
        "Dealer_Website_Ranking": "0",
        "Customer_No": "3453",
        "ShipTo_No": "20",
        "Route_#1": "true",
        "Route_#7": "true"
      }
    },
    {
      "type": "Feature",
      "dealerLocatorProfiles": [],
      "geometry": {
        "type": "Point",
        "coordinates": [
          -113.90518740,
          53.53358610
        ]
      },
      "properties": {
        "ID": "b58a94df-b94c-4fd0-8732-64e6130dfb90",
        "Name": "Golden Spike Lumber Sales Ltd",
        "Address1": "P.O. Box 4148,",
        "Address2": "4 Golden Spike Rd.",
        "City": "Spruce Grove",
        "Province": "AB",
        "Postal_Code": "T7X 3B3",
        "Country": "Canada",
        "Phone": "(780) 962-3160",
        "Fax": "(780) 962-2148",
        "Web_Site": "",
        "Dealer_Website_Enabled": "true",
        "Dealer_Website_Ranking": "0",
        "Customer_No": "2070",
        "ShipTo_No": "223"
      }
    },
    {
      "type": "Feature",
      "dealerLocatorProfiles": [],
      "geometry": {
        "type": "Point",
        "coordinates": [
          -106.82888830,
          49.29885340
        ]
      },
      "properties": {
        "ID": "b5aed3fd-f838-4ae2-91bd-92ad4a747bd4",
        "Name": "B.J. Building Supplies",
        "Address1": "Box 29",
        "Address2": "123 Main Street",
        "City": "McCord",
        "Province": "SK",
        "Postal_Code": "S0H 2T0",
        "Country": "Canada",
        "Phone": "(306) 478-2577",
        "Fax": "(306) 478-2577",
        "Web_Site": "",
        "Dealer_Website_Enabled": "true",
        "Dealer_Website_Ranking": "0",
        "Customer_No": "2070",
        "ShipTo_No": "155"
      }
    },
    {
      "type": "Feature",
      "dealerLocatorProfiles": [],
      "geometry": {
        "type": "Point",
        "coordinates": [
          -77.59619280,
          44.20160980
        ]
      },
      "properties": {
        "ID": "b630e9eb-682e-4c6e-b8a5-236004447449",
        "Name": "Rose Home Hardware",
        "Address1": "7 North Trent Street",
        "Address2": "HOURS 8:30AM-6PM",
        "City": "Frankford",
        "Province": "ON",
        "Postal_Code": "K0K 2C0",
        "Country": "Canada",
        "Phone": "(613) 398-6618",
        "Fax": "",
        "Web_Site": "",
        "Dealer_Website_Enabled": "true",
        "Dealer_Website_Ranking": "0",
        "Customer_No": "2063",
        "ShipTo_No": "409"
      }
    },
    {
      "type": "Feature",
      "dealerLocatorProfiles": [],
      "geometry": {
        "type": "Point",
        "coordinates": [
          -127.63826420,
          55.26495840
        ]
      },
      "properties": {
        "ID": "b67a087a-ac1b-4fcc-88ee-17940b1d3a25",
        "Name": "Stephens Building Supplies",
        "Address1": "P.O. Box 632, Hwy 62",
        "Address2": "",
        "City": "New Hazelton",
        "Province": "BC",
        "Postal_Code": "V0J 2J0",
        "Country": "Canada",
        "Phone": "(250) 842-6695",
        "Fax": "(250) 842-6833",
        "Web_Site": "",
        "Dealer_Website_Enabled": "true",
        "Dealer_Website_Ranking": "0",
        "Customer_No": "2062",
        "ShipTo_No": "213",
        "Primary_Contact": "Linda Stephens"
      }
    },
    {
      "type": "Feature",
      "dealerLocatorProfiles": [],
      "geometry": {
        "type": "Point",
        "coordinates": [
          -107.22033490,
          50.42388230
        ]
      },
      "properties": {
        "ID": "b6ce0212-9ec2-48d9-9357-98c75cc80ad6",
        "Name": "Pioneer Co-op (Herbert)",
        "Address1": "32 Shaw Street, Box 160",
        "Address2": "",
        "City": "Herbert",
        "Province": "SK",
        "Postal_Code": "S0H 2A0",
        "Country": "Canada",
        "Phone": "(306) 784-2232",
        "Fax": "(306) 784-2450",
        "Web_Site": "",
        "Dealer_Website_Enabled": "true",
        "Dealer_Website_Ranking": "0",
        "Customer_No": "62156",
        "ShipTo_No": "258"
      }
    },
    {
      "type": "Feature",
      "dealerLocatorProfiles": [],
      "geometry": {
        "type": "Point",
        "coordinates": [
          -79.59750640,
          42.90398950
        ]
      },
      "properties": {
        "ID": "b6daf2bc-cb61-460b-b4e6-35fb2c14efd3",
        "Name": "Grand Erie HHBC",
        "Address1": "1051 Broad Street East",
        "Address2": "7:30am-5:00pm",
        "City": "Dunnville",
        "Province": "ON",
        "Postal_Code": "N1A 2Z1",
        "Country": "Canada",
        "Phone": "(905) 774-6115",
        "Fax": "(905) 774-1544",
        "Web_Site": "",
        "Dealer_Website_Enabled": "true",
        "Dealer_Website_Ranking": "0",
        "Customer_No": "2063",
        "ShipTo_No": "366",
        "Primary_Contact": "Bert Mulder"
      }
    },
    {
      "type": "Feature",
      "dealerLocatorProfiles": [],
      "geometry": {
        "type": "Point",
        "coordinates": [
          -108.30213380,
          52.79038900
        ]
      },
      "properties": {
        "ID": "b7682cef-fa49-4518-b7ec-1dfa024a015b",
        "Name": "Discovery Co-op Home Center (North Battleford)",
        "Address1": "9800 Territorial Drive",
        "Address2": "",
        "City": "North Battleford",
        "Province": "SK",
        "Postal_Code": "S9A 3W6",
        "Country": "Canada",
        "Phone": "(306) 445-9800",
        "Fax": "(306) 446-7212",
        "Web_Site": "",
        "Dealer_Website_Enabled": "true",
        "Dealer_Website_Ranking": "0",
        "Customer_No": "62156",
        "ShipTo_No": "14",
        "SK__N_W_": "true"
      }
    },
    {
      "type": "Feature",
      "dealerLocatorProfiles": [],
      "geometry": {
        "type": "Point",
        "coordinates": [
          -120.36597690,
          50.66234830
        ]
      },
      "properties": {
        "ID": "b7a4fbab-afaf-4193-9802-ec46e9277387",
        "Name": "Convoy Supply Ltd - Kamloops",
        "Address1": "990 Laval Crescent",
        "Address2": "",
        "City": "Kamloops",
        "Province": "BC",
        "Postal_Code": "V2C 5P5",
        "Country": "Canada",
        "Phone": "(250) 374-9955",
        "Fax": "(250) 374-9514",
        "Web_Site": "",
        "Dealer_Website_Enabled": "true",
        "Dealer_Website_Ranking": "0",
        "Customer_No": "400",
        "ShipTo_No": "6",
        "Primary_Contact": "Gord Johnson"
      }
    },
    {
      "type": "Feature",
      "dealerLocatorProfiles": [],
      "geometry": {
        "type": "Point",
        "coordinates": [
          -79.24207530,
          42.88827230
        ]
      },
      "properties": {
        "ID": "b804d349-0026-4efd-a077-6c625786f08c",
        "Name": "Port Colborne Home Bldg Ctr",
        "Address1": "361 Davis Street",
        "Address2": "",
        "City": "Port Colborne",
        "Province": "ON",
        "Postal_Code": "L3K 1Z5",
        "Country": "Canada",
        "Phone": "(905) 834-3634",
        "Fax": "(905) 834-5822",
        "Web_Site": "",
        "Dealer_Website_Enabled": "true",
        "Dealer_Website_Ranking": "0",
        "Customer_No": "2063",
        "ShipTo_No": "304"
      }
    },
    {
      "type": "Feature",
      "dealerLocatorProfiles": [],
      "geometry": {
        "type": "Point",
        "coordinates": [
          -110.72003710,
          54.26817660
        ]
      },
      "properties": {
        "ID": "b84608b2-199b-43c2-b920-8ae5019fed46",
        "Name": "CNRL Wolf Lake Plant",
        "Address1": "55 km North of Bonnyville",
        "Address2": "On HWY 41",
        "City": "Wolf Lake",
        "Province": "AB",
        "Postal_Code": "T8H 0G2",
        "Country": "Canada",
        "Phone": "",
        "Fax": "",
        "Web_Site": "",
        "Dealer_Website_Enabled": "true",
        "Customer_No": "4495",
        "ShipTo_No": "18"
      }
    },
    {
      "type": "Feature",
      "dealerLocatorProfiles": [],
      "geometry": {
        "type": "Point",
        "coordinates": [
          -114.22261790,
          50.68904790
        ]
      },
      "properties": {
        "ID": "b851b90e-f44f-458d-9c57-0201d0e1ef55",
        "Name": "Black Diamond Bldg Centre Ltd.",
        "Address1": "P.O. Box 1140",
        "Address2": "601 - 1 St. N.E.",
        "City": "Black Diamond",
        "Province": "AB",
        "Postal_Code": "T0L 0H0",
        "Country": "Canada",
        "Phone": "(403) 933-4031",
        "Fax": "(403) 933-7606",
        "Web_Site": "",
        "Dealer_Website_Enabled": "true",
        "Dealer_Website_Ranking": "0",
        "Customer_No": "43600",
        "ShipTo_No": "38"
      }
    },
    {
      "type": "Feature",
      "dealerLocatorProfiles": [],
      "geometry": {
        "type": "Point",
        "coordinates": [
          -105.12333820,
          52.19035160
        ]
      },
      "properties": {
        "ID": "b8785396-aac0-4572-a2ae-aa0a7f15fb06",
        "Name": "Humboldt Lumber Mart - RONA",
        "Address1": "Box 1690 Highway 20 South",
        "Address2": "",
        "City": "Humboldt",
        "Province": "SK",
        "Postal_Code": "S0K 2A0",
        "Country": "Canada",
        "Phone": "(306) 682-2527",
        "Fax": "(306) 682-5552",
        "Web_Site": "",
        "Dealer_Website_Enabled": "true",
        "Dealer_Website_Ranking": "0",
        "Customer_No": "43600",
        "ShipTo_No": "69",
        "SK__N_E_": "true"
      }
    },
    {
      "type": "Feature",
      "dealerLocatorProfiles": [],
      "geometry": {
        "type": "Point",
        "coordinates": [
          -119.38973680,
          49.92102010
        ]
      },
      "properties": {
        "ID": "b8f309a5-9fa8-4f26-99a8-f714bfa5cc28",
        "Name": "Pro-Line Construction-Kelowna",
        "Address1": "929 McCurdy Rd",
        "Address2": "",
        "City": "Kelowna",
        "Province": "BC",
        "Postal_Code": "V1X 2P9",
        "Country": "Canada",
        "Phone": "(250) 765-3787",
        "Fax": "(250) 765-2271",
        "Web_Site": "",
        "Dealer_Website_Enabled": "true",
        "Dealer_Website_Ranking": "0",
        "Customer_No": "2062",
        "ShipTo_No": "266",
        "Primary_Contact": "Anthony Scott"
      }
    },
    {
      "type": "Feature",
      "dealerLocatorProfiles": [],
      "geometry": {
        "type": "Point",
        "coordinates": [
          -77.80862780,
          44.28620110
        ]
      },
      "properties": {
        "ID": "b8f7b602-9cb6-4f77-9f4a-ac451fd03c95",
        "Name": "Campbellford Home Hardware Building Centre",
        "Address1": "545 Grand Road",
        "Address2": "HOURS 7AM-6PM/7AM-8PM",
        "City": "Campbellford",
        "Province": "ON",
        "Postal_Code": "K0L 1L0",
        "Country": "Canada",
        "Phone": "(705) 653-3330",
        "Fax": "(705) 653-5009",
        "Web_Site": "",
        "Dealer_Website_Enabled": "true",
        "Dealer_Website_Ranking": "0",
        "Customer_No": "2063",
        "ShipTo_No": "334",
        "Primary_Contact": "Bobby Laundry"
      }
    },
    {
      "type": "Feature",
      "dealerLocatorProfiles": [],
      "geometry": {
        "type": "Point",
        "coordinates": [
          -89.24925660,
          48.37613220
        ]
      },
      "properties": {
        "ID": "b8f98e3f-5b01-49f5-84cc-33248c552e95",
        "Name": "Chimo Building Centre",
        "Address1": "540 South Syndicate Avenue",
        "Address2": "Hours 8am-5pm",
        "City": "Thunder Bay",
        "Province": "ON",
        "Postal_Code": "P7E 1E7",
        "Country": "Canada",
        "Phone": "(807) 623-5114",
        "Fax": "(807) 623-6819",
        "Web_Site": "",
        "Dealer_Website_Enabled": "true",
        "Dealer_Website_Ranking": "0",
        "Customer_No": "2062",
        "ShipTo_No": "304"
      }
    },
    {
      "type": "Feature",
      "dealerLocatorProfiles": [],
      "geometry": {
        "type": "Point",
        "coordinates": [
          -66.10802474645085,
          43.833037442305766
        ]
      },
      "properties": {
        "ID": "b8fcfb7b-0ea1-4424-b45f-fb600eca86dd",
        "Name": "E. &amp; J. Millworks Inc.",
        "Address1": "92 Forest Street",
        "Address2": "",
        "City": "Yarmouth",
        "Province": "NS",
        "Postal_Code": "B5A 4G6",
        "Country": "Canada",
        "Phone": "",
        "Fax": "",
        "Web_Site": "",
        "Dealer_Website_Enabled": "true",
        "Dealer_Website_Ranking": "0",
        "Customer_No": "1500",
        "ShipTo_No": "225"
      }
    },
    {
      "type": "Feature",
      "dealerLocatorProfiles": [],
      "geometry": {
        "type": "Point",
        "coordinates": [
          -113.30136000,
          49.19814310
        ]
      },
      "properties": {
        "ID": "b9255b7f-2148-49e9-82af-2b1e68bb3faa",
        "Name": "Cardston Home Building Centre",
        "Address1": "336 Main Street, P.O. Box 1558",
        "Address2": "",
        "City": "Cardston",
        "Province": "AB",
        "Postal_Code": "T0K 0K0",
        "Country": "Canada",
        "Phone": "(403) 653-3062",
        "Fax": "(403) 653-3096",
        "Web_Site": "",
        "Dealer_Website_Enabled": "true",
        "Dealer_Website_Ranking": "0",
        "Customer_No": "2063",
        "ShipTo_No": "18"
      }
    },
    {
      "type": "Feature",
      "dealerLocatorProfiles": [],
      "geometry": {
        "type": "Point",
        "coordinates": [
          -104.41996290,
          50.44696590
        ]
      },
      "properties": {
        "ID": "b9661688-3280-4565-ae43-d7c18c5d83a5",
        "Name": "Emerald Park Home Hardware Building Centre",
        "Address1": "6 South Plains Rd West",
        "Address2": "",
        "City": "Emerald Park",
        "Province": "SK",
        "Postal_Code": "S4L 1C6",
        "Country": "Canada",
        "Phone": "(306) 347-0055",
        "Fax": "(306) 347-0058",
        "Web_Site": "",
        "Dealer_Website_Enabled": "true",
        "Dealer_Website_Ranking": "0",
        "Customer_No": "2063",
        "ShipTo_No": "552",
        "SK__S_E_": "true"
      }
    },
    {
      "type": "Feature",
      "dealerLocatorProfiles": [],
      "geometry": {
        "type": "Point",
        "coordinates": [
          -121.97844570,
          49.14111850
        ]
      },
      "properties": {
        "ID": "b9883da3-ef58-4c16-ad03-5f5b0ffff185",
        "Name": "Country West Supply Ltd.",
        "Address1": "7669 Evans Road",
        "Address2": "",
        "City": "Chilliwack",
        "Province": "BC",
        "Postal_Code": "V2R 3P6",
        "Country": "Canada",
        "Phone": "(604) 847-3737",
        "Fax": "(604) 847-3733",
        "Web_Site": "",
        "Dealer_Website_Enabled": "true",
        "Dealer_Website_Ranking": "0",
        "Customer_No": "2070",
        "ShipTo_No": "289"
      }
    },
    {
      "type": "Feature",
      "dealerLocatorProfiles": [],
      "geometry": {
        "type": "Point",
        "coordinates": [
          -110.70586920933096,
          50.02453262033038
        ]
      },
      "properties": {
        "ID": "b9b10636-60f1-4a55-9b10-964fb24f00e8",
        "Name": "Hat Metal Mart Ltd. (Medicine Hat)",
        "Address1": "838A 16 Street S.W.",
        "Address2": "",
        "City": "Medicine Hat",
        "Province": "AB",
        "Postal_Code": "T1A 0B5",
        "Country": "Canada",
        "Phone": "(403) 526-3342",
        "Fax": "(403) 526-6326",
        "Web_Site": "",
        "Dealer_Website_Enabled": "true",
        "Dealer_Website_Ranking": "0",
        "Customer_No": "49215",
        "ShipTo_No": "1"
      }
    },
    {
      "type": "Feature",
      "dealerLocatorProfiles": [],
      "geometry": {
        "type": "Point",
        "coordinates": [
          -124.93686910,
          49.74178520
        ]
      },
      "properties": {
        "ID": "b9d3fc21-d1b7-45ee-b0c2-1c14dae06ef3",
        "Name": "C.V.W. Metal Roofing",
        "Address1": "1886 Waveland Road",
        "Address2": "",
        "City": "Comox",
        "Province": "BC",
        "Postal_Code": "V9M 4E5",
        "Country": "Canada",
        "Phone": "(250) 338-2775",
        "Fax": "(250) 871-0993",
        "Web_Site": "",
        "Dealer_Website_Enabled": "true",
        "Dealer_Website_Ranking": "0",
        "Customer_No": "4912",
        "ShipTo_No": "1"
      }
    },
    {
      "type": "Feature",
      "dealerLocatorProfiles": [],
      "geometry": {
        "type": "Point",
        "coordinates": [
          -122.803,
          54.005
        ]
      },
      "properties": {
        "ID": "ba501f1e-fa6c-4b11-aab6-d63f4950cac6",
        "Name": "KG Timber Mart Ltd.",
        "Address1": "8191 Hart Hwy",
        "Address2": "",
        "City": "Prince George",
        "Province": "BC",
        "Postal_Code": "V2K 3B8",
        "Country": "Canada",
        "Phone": "(250) 962-2862",
        "Fax": "(250) 962-2856",
        "Web_Site": "",
        "Dealer_Website_Enabled": "true",
        "Dealer_Website_Ranking": "0",
        "Customer_No": "2062",
        "ShipTo_No": "430",
        "Primary_Contact": "Stacy Gunderson"
      }
    },
    {
      "type": "Feature",
      "dealerLocatorProfiles": [],
      "geometry": {
        "type": "Point",
        "coordinates": [
          -117.34370550,
          56.24707050
        ]
      },
      "properties": {
        "ID": "baa1a366-a276-4553-89c4-4f52a4415bf1",
        "Name": "Fehr Building Materials",
        "Address1": "8603 - 75th Street",
        "Address2": "",
        "City": "Peace River",
        "Province": "AB",
        "Postal_Code": "T8S 0A5",
        "Country": "Canada",
        "Phone": "(780) 624-0031",
        "Fax": "(780) 624-0002",
        "Web_Site": "",
        "Dealer_Website_Enabled": "true",
        "Dealer_Website_Ranking": "0",
        "Customer_No": "2070",
        "ShipTo_No": "308"
      }
    },
    {
      "type": "Feature",
      "dealerLocatorProfiles": [],
      "geometry": {
        "type": "Point",
        "coordinates": [
          -78.26377990,
          44.42473530
        ]
      },
      "properties": {
        "ID": "bb3edb1f-7c77-4137-b9e9-1dcf2a7d9db7",
        "Name": "Kingdon Timber Mart",
        "Address1": "1873-8th Line",
        "Address2": "HOURS 7AM-5PM",
        "City": "Lakefield",
        "Province": "ON",
        "Postal_Code": "K0L 2H0",
        "Country": "Canada",
        "Phone": "(705) 652-3361",
        "Fax": "(705) 652-8188",
        "Web_Site": "",
        "Dealer_Website_Enabled": "true",
        "Dealer_Website_Ranking": "0",
        "Customer_No": "2062",
        "ShipTo_No": "309",
        "Primary_Contact": "Grant Holland"
      }
    },
    {
      "type": "Feature",
      "dealerLocatorProfiles": [],
      "geometry": {
        "type": "Point",
        "coordinates": [
          -115.36235460,
          51.09804350
        ]
      },
      "properties": {
        "ID": "bb5e002b-97e2-44bf-8f90-9940afc95b69",
        "Name": "Valley Home Building Centre",
        "Address1": "11 Industrial Place",
        "Address2": "",
        "City": "Canmore",
        "Province": "AB",
        "Postal_Code": "T1W 1Y1",
        "Country": "Canada",
        "Phone": "(403) 678-4455",
        "Fax": "(403) 678-4462",
        "Web_Site": "",
        "Dealer_Website_Enabled": "true",
        "Dealer_Website_Ranking": "0",
        "Customer_No": "2063",
        "ShipTo_No": "288",
        "Primary_Contact": "Brent Wilmot"
      }
    },
    {
      "type": "Feature",
      "dealerLocatorProfiles": [],
      "geometry": {
        "type": "Point",
        "coordinates": [
          -81.18895990,
          42.92890580
        ]
      },
      "properties": {
        "ID": "bc7994ba-073f-44b1-a3b0-3fef44a06a06",
        "Name": "Convoy Supply Ltd - London",
        "Address1": "1070 Wilton Grove Rd",
        "Address2": "",
        "City": "London",
        "Province": "ON",
        "Postal_Code": "N6N 1C6",
        "Country": "Canada",
        "Phone": "(519) 686-5402",
        "Fax": "",
        "Web_Site": "",
        "Dealer_Website_Enabled": "true",
        "Dealer_Website_Ranking": "0",
        "Customer_No": "400",
        "ShipTo_No": "30"
      }
    },
    {
      "type": "Feature",
      "dealerLocatorProfiles": [],
      "geometry": {
        "type": "Point",
        "coordinates": [
          -114.47882650,
          53.59928070
        ]
      },
      "properties": {
        "ID": "bc836089-9bd4-4921-9e75-800bc81835fa",
        "Name": "Pinnacle Renewable Energy",
        "Address1": "7317 Township Road 534",
        "Address2": "",
        "City": "Parkland County,",
        "Province": "AB",
        "Postal_Code": "T0E 2K0",
        "Country": "Canada",
        "Phone": "",
        "Fax": "",
        "Web_Site": "",
        "Dealer_Website_Enabled": "true",
        "Customer_No": "199391",
        "ShipTo_No": "14"
      }
    },
    {
      "type": "Feature",
      "dealerLocatorProfiles": [],
      "geometry": {
        "type": "Point",
        "coordinates": [
          -76.07085200,
          45.45993570
        ]
      },
      "properties": {
        "ID": "bc83f819-7443-46a6-aef7-4bd73177d49f",
        "Name": "DEKA HBC",
        "Address1": "3730 Dunrobin Road",
        "Address2": "HOURS 7AM-6PM",
        "City": "Woodlawn",
        "Province": "ON",
        "Postal_Code": "K0A 3M0",
        "Country": "Canada",
        "Phone": "(613) 832-3800",
        "Fax": "(613) 832-0880",
        "Web_Site": "",
        "Dealer_Website_Enabled": "true",
        "Dealer_Website_Ranking": "0",
        "Customer_No": "2063",
        "ShipTo_No": "498",
        "Primary_Contact": "Michael Burrill"
      }
    },
    {
      "type": "Feature",
      "dealerLocatorProfiles": [],
      "geometry": {
        "type": "Point",
        "coordinates": [
          -113.95740080,
          51.03565940
        ]
      },
      "properties": {
        "ID": "bcbf75a9-a065-4cc7-953e-5ac8d86dcd10",
        "Name": "Rona - Forest Lawn # 611",
        "Address1": "1832 52 Street SE",
        "Address2": "",
        "City": "Calgary",
        "Province": "AB",
        "Postal_Code": "T2B 1N1",
        "Country": "Canada",
        "Phone": "",
        "Fax": "",
        "Web_Site": "",
        "Dealer_Website_Enabled": "true",
        "Customer_No": "43600",
        "ShipTo_No": "141"
      }
    },
    {
      "type": "Feature",
      "dealerLocatorProfiles": [],
      "geometry": {
        "type": "Point",
        "coordinates": [
          -97.03586660,
          49.88672060
        ]
      },
      "properties": {
        "ID": "bdb3e515-1c9b-41ab-b86c-c4221547af93",
        "Name": "Olympic Building Systems",
        "Address1": "1783 Dugald Rd",
        "Address2": "",
        "City": "Winnipeg",
        "Province": "MB",
        "Postal_Code": "R2J 0H3",
        "Country": "Canada",
        "Phone": "(204) 661-8600",
        "Fax": "",
        "Web_Site": "",
        "Dealer_Website_Enabled": "true",
        "Dealer_Website_Ranking": "0",
        "Customer_No": "2070",
        "ShipTo_No": "98",
        "Primary_Contact": "Doug Gaudry",
        "Route_#1": "true",
        "Route_#7": "true"
      }
    },
    {
      "type": "Feature",
      "dealerLocatorProfiles": [],
      "geometry": {
        "type": "Point",
        "coordinates": [
          -112.79873430,
          49.70129210
        ]
      },
      "properties": {
        "ID": "bdbcbaa5-98e2-40ff-8a54-73797239d899",
        "Name": "UFA Lethbridge",
        "Address1": "2905 2nd. Ave. North",
        "Address2": "",
        "City": "Lethbridge",
        "Province": "AB",
        "Postal_Code": "T1H 6M1",
        "Country": "Canada",
        "Phone": "",
        "Fax": "",
        "Web_Site": "",
        "Dealer_Website_Enabled": "true",
        "Customer_No": "51000",
        "ShipTo_No": "19"
      }
    },
    {
      "type": "Feature",
      "dealerLocatorProfiles": [],
      "geometry": {
        "type": "Point",
        "coordinates": [
          -79.55845620,
          44.11808750
        ]
      },
      "properties": {
        "ID": "be03993d-886d-418c-b37f-a32920e26f4f",
        "Name": "Bradford Rona",
        "Address1": "90 Dissette Street",
        "Address2": "",
        "City": "Bradford",
        "Province": "ON",
        "Postal_Code": "L3Z 2A7",
        "Country": "Canada",
        "Phone": "(905) 775-3362",
        "Fax": "(905) 775-0946",
        "Web_Site": "",
        "Dealer_Website_Enabled": "true",
        "Customer_No": "43600",
        "ShipTo_No": "191"
      }
    },
    {
      "type": "Feature",
      "dealerLocatorProfiles": [],
      "geometry": {
        "type": "Point",
        "coordinates": [
          -114.36888930,
          54.32012700
        ]
      },
      "properties": {
        "ID": "be03d1df-379d-475a-abdf-876c09084c02",
        "Name": "Neerlandia Co-op",
        "Address1": "3224 TWP Rd 615A",
        "Address2": "",
        "City": "County of Barrhead",
        "Province": "AB",
        "Postal_Code": "T0G 1R2",
        "Country": "Canada",
        "Phone": "(780) 674-3020",
        "Fax": "(780) 674-7636",
        "Web_Site": "",
        "Dealer_Website_Enabled": "true",
        "Dealer_Website_Ranking": "0",
        "Customer_No": "62156",
        "ShipTo_No": "142"
      }
    },
    {
      "type": "Feature",
      "dealerLocatorProfiles": [],
      "geometry": {
        "type": "Point",
        "coordinates": [
          -117.29943,
          49.48857
        ]
      },
      "properties": {
        "ID": "be3f4962-54ae-44df-bc7f-b730c1775f82",
        "Name": "Fraser Valley - Nelson Maglio Bldg Centre",
        "Address1": "29 Government St",
        "Address2": "",
        "City": "Nelson",
        "Province": "BC",
        "Postal_Code": "V1L 5P7",
        "Country": "Canada",
        "Phone": "(250) 352-6661",
        "Fax": "(250) 352-3566",
        "Web_Site": "",
        "Dealer_Website_Enabled": "true",
        "Dealer_Website_Ranking": "0",
        "Customer_No": "43600",
        "ShipTo_No": "205"
      }
    },
    {
      "type": "Feature",
      "dealerLocatorProfiles": [],
      "geometry": {
        "type": "Point",
        "coordinates": [
          -98.69798040,
          49.63026510
        ]
      },
      "properties": {
        "ID": "be8c3d4e-0567-409a-a449-9fb4bda63469",
        "Name": "Knots Lumber &amp; Hardware Ltd",
        "Address1": "Box 35, 235 Railway Ave",
        "Address2": "",
        "City": "Treherne",
        "Province": "MB",
        "Postal_Code": "R0G 2V0",
        "Country": "Canada",
        "Phone": "(204) 723-2000",
        "Fax": "(204) 723-2205",
        "Web_Site": "",
        "Dealer_Website_Enabled": "true",
        "Dealer_Website_Ranking": "0",
        "Customer_No": "2070",
        "ShipTo_No": "270",
        "Route_#1": "true",
        "Route_#7": "true"
      }
    },
    {
      "type": "Feature",
      "dealerLocatorProfiles": [],
      "geometry": {
        "type": "Point",
        "coordinates": [
          -116.01525020,
          58.39176930
        ]
      },
      "properties": {
        "ID": "bedfe6c1-48d8-4610-9655-bbccdd5a4229",
        "Name": "Hydway Hardware",
        "Address1": "4901 49th Ave",
        "Address2": "Box 549",
        "City": "Frt. Vermillion",
        "Province": "AB",
        "Postal_Code": "T0H 1N0",
        "Country": "Canada",
        "Phone": "(780) 927-3505",
        "Fax": "(780) 927-3128",
        "Web_Site": "",
        "Dealer_Website_Enabled": "true",
        "Dealer_Website_Ranking": "0",
        "Customer_No": "62156",
        "ShipTo_No": "320"
      }
    },
    {
      "type": "Feature",
      "dealerLocatorProfiles": [],
      "geometry": {
        "type": "Point",
        "coordinates": [
          -113.31789670,
          53.55856980
        ]
      },
      "properties": {
        "ID": "beec9645-0f83-48a2-9507-d1015ec61534",
        "Name": "Vertex Resource Services Ltd.",
        "Address1": "#121, 2055 Premier Way",
        "Address2": "",
        "City": "Sherwood Park",
        "Province": "AB",
        "Postal_Code": "T8H 0G2",
        "Country": "Canada",
        "Phone": "",
        "Fax": "",
        "Web_Site": "",
        "Dealer_Website_Enabled": "true",
        "Customer_No": "4495",
        "ShipTo_No": "7"
      }
    },
    {
      "type": "Feature",
      "dealerLocatorProfiles": [],
      "geometry": {
        "type": "Point",
        "coordinates": [
          -107.80991640,
          50.59644470
        ]
      },
      "properties": {
        "ID": "bef88d36-55bd-47a6-baeb-88580b6c4874",
        "Name": "Pioneer Co-op (Stewart Valley)",
        "Address1": "220 Charles Street",
        "Address2": "",
        "City": "Stewart Valley",
        "Province": "SK",
        "Postal_Code": "S0N 2P0",
        "Country": "Canada",
        "Phone": "(306) 778-5336",
        "Fax": "(306) 773-9752",
        "Web_Site": "",
        "Dealer_Website_Enabled": "true",
        "Dealer_Website_Ranking": "0",
        "Customer_No": "62156",
        "ShipTo_No": "386"
      }
    },
    {
      "type": "Feature",
      "dealerLocatorProfiles": [],
      "geometry": {
        "type": "Point",
        "coordinates": [
          -101.89687360,
          50.89845330
        ]
      },
      "properties": {
        "ID": "bf358175-6e21-415d-a065-867b75c9a6f8",
        "Name": "Legacy Co-op",
        "Address1": "119 Vincent Ave",
        "Address2": "",
        "City": "Churchbridge",
        "Province": "SK",
        "Postal_Code": "S0A 0M0",
        "Country": "Canada",
        "Phone": "(306) 896-6266",
        "Fax": "(306) 896-2654",
        "Web_Site": "",
        "Dealer_Website_Enabled": "true",
        "Dealer_Website_Ranking": "0",
        "Customer_No": "62156",
        "ShipTo_No": "37"
      }
    },
    {
      "type": "Feature",
      "dealerLocatorProfiles": [],
      "geometry": {
        "type": "Point",
        "coordinates": [
          -96.67996890,
          49.52402500
        ]
      },
      "properties": {
        "ID": "bf7069c7-9ea0-4a04-b96d-b2af0ea5f9ee",
        "Name": "McMunn &amp; Yates - Steinbach",
        "Address1": "Unit 1, 107 PTH12 N  Box 1239",
        "Address2": "",
        "City": "Steinbach",
        "Province": "MB",
        "Postal_Code": "R5G 1T5",
        "Country": "Canada",
        "Phone": "(204) 326-3481",
        "Fax": "(204) 326-6845",
        "Web_Site": "",
        "Dealer_Website_Enabled": "true",
        "Dealer_Website_Ranking": "0",
        "Customer_No": "3453",
        "ShipTo_No": "14",
        "Route_#1": "true",
        "Route_#7": "true"
      }
    },
    {
      "type": "Feature",
      "dealerLocatorProfiles": [],
      "geometry": {
        "type": "Point",
        "coordinates": [
          -97.84377650,
          55.74127660
        ]
      },
      "properties": {
        "ID": "bf71955e-63b5-447a-a333-e8008f6f7bfe",
        "Name": "McMunn &amp; Yates - Thompson",
        "Address1": "44 Station Road",
        "Address2": "",
        "City": "Thompson",
        "Province": "MB",
        "Postal_Code": "R8N 0N7",
        "Country": "Canada",
        "Phone": "(204) 778-8363",
        "Fax": "(204) 778-8640",
        "Web_Site": "",
        "Dealer_Website_Enabled": "true",
        "Dealer_Website_Ranking": "0",
        "Customer_No": "3453",
        "ShipTo_No": "13",
        "Primary_Contact": "Dave Krobel"
      }
    },
    {
      "type": "Feature",
      "dealerLocatorProfiles": [],
      "geometry": {
        "type": "Point",
        "coordinates": [
          -101.90361460,
          51.56342700
        ]
      },
      "properties": {
        "ID": "bfc327c2-4ce4-49d0-a4dd-0a00a13917ef",
        "Name": "McMunn &amp; Yates - Kamsack",
        "Address1": "546-1st Street, Box 1179",
        "Address2": "",
        "City": "Kamsack",
        "Province": "SK",
        "Postal_Code": "S0A 1S0",
        "Country": "Canada",
        "Phone": "(306) 542-3633",
        "Fax": "(306) 542-3672",
        "Web_Site": "",
        "Dealer_Website_Enabled": "true",
        "Dealer_Website_Ranking": "0",
        "Customer_No": "3453",
        "ShipTo_No": "16"
      }
    },
    {
      "type": "Feature",
      "dealerLocatorProfiles": [],
      "geometry": {
        "type": "Point",
        "coordinates": [
          -116.80890690,
          54.40217000
        ]
      },
      "properties": {
        "ID": "c043f0fb-ddf1-4d43-bfa7-56ab8b035bde",
        "Name": "Fox Creek Home Hardware Building Ctr",
        "Address1": "53 - 1 Ave",
        "Address2": "P.O. Box 840",
        "City": "Fox Creek",
        "Province": "AB",
        "Postal_Code": "T0H 1P0",
        "Country": "Canada",
        "Phone": "(780) 622-3101",
        "Fax": "(780) 622-3138",
        "Web_Site": "",
        "Dealer_Website_Enabled": "true",
        "Dealer_Website_Ranking": "0",
        "Customer_No": "2063",
        "ShipTo_No": "48"
      }
    },
    {
      "type": "Feature",
      "dealerLocatorProfiles": [],
      "geometry": {
        "type": "Point",
        "coordinates": [
          -96.85299760,
          49.40628380
        ]
      },
      "properties": {
        "ID": "c05649b0-89c5-4d00-a081-2e48eb225d8a",
        "Name": "Grunthal Lumber &amp; Supply",
        "Address1": "Po Box 340",
        "Address2": "77 Main Street",
        "City": "Grunthal",
        "Province": "MB",
        "Postal_Code": "R0A 0R0",
        "Country": "Canada",
        "Phone": "(204) 434-6340",
        "Fax": "(204) 434-6807",
        "Web_Site": "",
        "Dealer_Website_Enabled": "true",
        "Dealer_Website_Ranking": "0",
        "Customer_No": "1500",
        "ShipTo_No": "11",
        "Primary_Contact": "Murray Remple"
      }
    },
    {
      "type": "Feature",
      "dealerLocatorProfiles": [],
      "geometry": {
        "type": "Point",
        "coordinates": [
          -82.72323080,
          42.03735890
        ]
      },
      "properties": {
        "ID": "c0b7ec8d-20d6-455f-8b70-e981d5dd196e",
        "Name": "Truax Lumber and Building",
        "Address1": "353 Main Street East",
        "Address2": "HOURS 6AM-6PM",
        "City": "Kingsville",
        "Province": "ON",
        "Postal_Code": "N9Y 1A7",
        "Country": "Canada",
        "Phone": "(519) 733-2341",
        "Fax": "(519) 733-8142",
        "Web_Site": "",
        "Dealer_Website_Enabled": "true",
        "Dealer_Website_Ranking": "0",
        "Customer_No": "2062",
        "ShipTo_No": "314"
      }
    },
    {
      "type": "Feature",
      "dealerLocatorProfiles": [],
      "geometry": {
        "type": "Point",
        "coordinates": [
          -99.52433930,
          51.06189420
        ]
      },
      "properties": {
        "ID": "c0f865ad-08f2-4dd9-80dd-19f39f0e9e25",
        "Name": "Dauphin Co-op (Ste Rose)",
        "Address1": "Box 119",
        "Address2": "705 Central Avenue",
        "City": "Ste. Rose",
        "Province": "MB",
        "Postal_Code": "R0L 1S0",
        "Country": "Canada",
        "Phone": "(204) 447-2545",
        "Fax": "(204) 447-2470",
        "Web_Site": "",
        "Dealer_Website_Enabled": "true",
        "Dealer_Website_Ranking": "0",
        "Customer_No": "62156",
        "ShipTo_No": "48",
        "Route_#3": "true"
      }
    },
    {
      "type": "Feature",
      "dealerLocatorProfiles": [],
      "geometry": {
        "type": "Point",
        "coordinates": [
          -102.80543460,
          50.92993110
        ]
      },
      "properties": {
        "ID": "c12c2c73-e895-44c3-bb53-007f9d8ccd57",
        "Name": "Melville Home Hardware Building Centre",
        "Address1": "421 Main Street",
        "Address2": "PO  Box 2500",
        "City": "Melville",
        "Province": "SK",
        "Postal_Code": "S0A 2P0",
        "Country": "Canada",
        "Phone": "(306) 728-5406",
        "Fax": "(306) 728-4167",
        "Web_Site": "",
        "Dealer_Website_Enabled": "true",
        "Customer_No": "2063",
        "ShipTo_No": "538"
      }
    },
    {
      "type": "Feature",
      "dealerLocatorProfiles": [],
      "geometry": {
        "type": "Point",
        "coordinates": [
          -104.05151440,
          52.84918740
        ]
      },
      "properties": {
        "ID": "c142f7bd-fc2d-4b2c-a533-44408f166117",
        "Name": "Riverside Co-op (Tisdale)",
        "Address1": "713 - 93 Avenue (HWY 3)",
        "Address2": "PO Box 1300",
        "City": "Tisdale",
        "Province": "SK",
        "Postal_Code": "S0E 1T0",
        "Country": "Canada",
        "Phone": "(306) 873-5111",
        "Fax": "(306) 873-4421",
        "Web_Site": "",
        "Dealer_Website_Enabled": "true",
        "Dealer_Website_Ranking": "0",
        "Customer_No": "62156",
        "ShipTo_No": "16"
      }
    },
    {
      "type": "Feature",
      "dealerLocatorProfiles": [],
      "geometry": {
        "type": "Point",
        "coordinates": [
          -114.41261200,
          52.96351500
        ]
      },
      "properties": {
        "ID": "c18fa39f-ef0c-4545-b58a-45ca3905af25",
        "Name": "Smith Hardware",
        "Address1": "14 Main Street",
        "Address2": "P.O. Box 210",
        "City": "Winfield",
        "Province": "AB",
        "Postal_Code": "T0C 2X0",
        "Country": "Canada",
        "Phone": "(780) 682-3759",
        "Fax": "(780) 682-3745",
        "Web_Site": "",
        "Dealer_Website_Enabled": "true",
        "Dealer_Website_Ranking": "0",
        "Customer_No": "62156",
        "ShipTo_No": "205"
      }
    },
    {
      "type": "Feature",
      "dealerLocatorProfiles": [],
      "geometry": {
        "type": "Point",
        "coordinates": [
          -113.32084240,
          53.51071960
        ]
      },
      "properties": {
        "ID": "c191d4aa-79a6-416e-8548-b693c88efd01",
        "Name": "Sherwood Park Home Bldg.Centre",
        "Address1": "197 Ordze Ave",
        "Address2": "",
        "City": "Sherwood Park",
        "Province": "AB",
        "Postal_Code": "T8B 1M6",
        "Country": "Canada",
        "Phone": "(780) 417-0696",
        "Fax": "(780) 417-0474",
        "Web_Site": "",
        "Dealer_Website_Enabled": "true",
        "Dealer_Website_Ranking": "0",
        "Customer_No": "2063",
        "ShipTo_No": "124"
      }
    },
    {
      "type": "Feature",
      "dealerLocatorProfiles": [],
      "geometry": {
        "type": "Point",
        "coordinates": [
          -80.57656630,
          44.59176720
        ]
      },
      "properties": {
        "ID": "c19f86c4-760f-41fd-b2a1-77963c2d1bc9",
        "Name": "Knights Home Building Centre",
        "Address1": "206532 Highway 26",
        "Address2": "HOURS 7AM-5PM",
        "City": "Meaford",
        "Province": "ON",
        "Postal_Code": "N4L 1W7",
        "Country": "Canada",
        "Phone": "(519) 538-2000",
        "Fax": "(519) 538-5094",
        "Web_Site": "",
        "Dealer_Website_Enabled": "true",
        "Dealer_Website_Ranking": "0",
        "Customer_No": "2063",
        "ShipTo_No": "448"
      }
    },
    {
      "type": "Feature",
      "dealerLocatorProfiles": [],
      "geometry": {
        "type": "Point",
        "coordinates": [
          -83.76546920,
          46.31690580
        ]
      },
      "properties": {
        "ID": "c1a10a86-8ef8-460e-9d66-9af4279fe9bb",
        "Name": "Heritage Home Hardware",
        "Address1": "68 Main Street",
        "Address2": "",
        "City": "Bruce Mines",
        "Province": "ON",
        "Postal_Code": "P0R 1C0",
        "Country": "Canada",
        "Phone": "",
        "Fax": "",
        "Web_Site": "",
        "Dealer_Website_Enabled": "true",
        "Customer_No": "2063",
        "ShipTo_No": "450"
      }
    },
    {
      "type": "Feature",
      "dealerLocatorProfiles": [],
      "geometry": {
        "type": "Point",
        "coordinates": [
          -121.92522190,
          50.70472680
        ]
      },
      "properties": {
        "ID": "c1d172f9-1eba-406d-9578-7f2f4644fa91",
        "Name": "Lillooet Builders World",
        "Address1": "129 Moran Place",
        "Address2": "Po Box 1447l",
        "City": "Lillooet",
        "Province": "BC",
        "Postal_Code": "V0K 1V0",
        "Country": "Canada",
        "Phone": "(250) 256-4141",
        "Fax": "(250) 256-4914",
        "Web_Site": "",
        "Dealer_Website_Enabled": "true",
        "Dealer_Website_Ranking": "0",
        "Customer_No": "2062",
        "ShipTo_No": "61"
      }
    },
    {
      "type": "Feature",
      "dealerLocatorProfiles": [],
      "geometry": {
        "type": "Point",
        "coordinates": [
          -108.45264460,
          54.14042070
        ]
      },
      "properties": {
        "ID": "c1dda5c3-2190-4a7e-b426-4e37ce4480ce",
        "Name": "Ace Lumber And Building Supply",
        "Address1": "701 - 9th Street West",
        "Address2": "Box 638",
        "City": "Meadow Lake",
        "Province": "SK",
        "Postal_Code": "S9X 1Y5",
        "Country": "Canada",
        "Phone": "(306) 236-4457",
        "Fax": "(306) 236-4950",
        "Web_Site": "",
        "Dealer_Website_Enabled": "true",
        "Dealer_Website_Ranking": "0",
        "Customer_No": "1500",
        "ShipTo_No": "2",
        "Primary_Contact": "Darwin Assman"
      }
    },
    {
      "type": "Feature",
      "dealerLocatorProfiles": [],
      "geometry": {
        "type": "Point",
        "coordinates": [
          -117.63428610,
          49.08912720
        ]
      },
      "properties": {
        "ID": "c26ce25b-7875-4862-8c69-a079254d248c",
        "Name": "Home Hardware Bldg Ctr-Trail",
        "Address1": "8130 Old Waneta Road",
        "Address2": "",
        "City": "Trail",
        "Province": "BC",
        "Postal_Code": "V1R 4X1",
        "Country": "Canada",
        "Phone": "(250) 364-1311",
        "Fax": "(250) 364-2517",
        "Web_Site": "",
        "Dealer_Website_Enabled": "true",
        "Dealer_Website_Ranking": "0",
        "Customer_No": "2063",
        "ShipTo_No": "141",
        "Primary_Contact": "Rick Maniago"
      }
    },
    {
      "type": "Feature",
      "dealerLocatorProfiles": [],
      "geometry": {
        "type": "Point",
        "coordinates": [
          -84.32038490,
          46.54358280
        ]
      },
      "properties": {
        "ID": "c2f38c4e-3594-4d2d-b81d-dae2b3706e39",
        "Name": "Soo Mill &amp; Lumber Company Ltd.",
        "Address1": "539 Great Northern Road",
        "Address2": "HOURS 7AM-4PM",
        "City": "Sault Ste. Marie",
        "Province": "ON",
        "Postal_Code": "P6B 5A1",
        "Country": "Canada",
        "Phone": "(705) 759-0533",
        "Fax": "(705) 759-3901",
        "Web_Site": "",
        "Dealer_Website_Enabled": "true",
        "Dealer_Website_Ranking": "0",
        "Customer_No": "5500",
        "ShipTo_No": "1"
      }
    },
    {
      "type": "Feature",
      "dealerLocatorProfiles": [],
      "geometry": {
        "type": "Point",
        "coordinates": [
          -118.776,
          49.006
        ]
      },
      "properties": {
        "ID": "c3027dc7-194f-4b95-8f21-3fdeb2a60e85",
        "Name": "McMynn Ltd. (C.G. McMynn)",
        "Address1": "591 - 5th Ave",
        "Address2": "",
        "City": "Midway",
        "Province": "BC",
        "Postal_Code": "V0H 1M0",
        "Country": "Canada",
        "Phone": "(250) 449-2466",
        "Fax": "",
        "Web_Site": "",
        "Dealer_Website_Enabled": "true",
        "Dealer_Website_Ranking": "0",
        "Customer_No": "2070",
        "ShipTo_No": "377"
      }
    },
    {
      "type": "Feature",
      "dealerLocatorProfiles": [],
      "geometry": {
        "type": "Point",
        "coordinates": [
          -80.75469800,
          43.48358750
        ]
      },
      "properties": {
        "ID": "c373c5b1-e871-4a8a-8df4-4f77d5fa86e8",
        "Name": "Wellesley Home Centre",
        "Address1": "2196 Gerber Road",
        "Address2": "Box 10 HOURS 7AM-5:30/7AM-6:30",
        "City": "Wellesley",
        "Province": "ON",
        "Postal_Code": "N0B 2T0",
        "Country": "Canada",
        "Phone": "(519) 656-2010",
        "Fax": "(519) 656-3121",
        "Web_Site": "",
        "Dealer_Website_Enabled": "true",
        "Dealer_Website_Ranking": "0",
        "Customer_No": "2063",
        "ShipTo_No": "356",
        "Primary_Contact": "Steve Toman"
      }
    },
    {
      "type": "Feature",
      "dealerLocatorProfiles": [],
      "geometry": {
        "type": "Point",
        "coordinates": [
          -122.78860540,
          53.90830710
        ]
      },
      "properties": {
        "ID": "c38c483e-f101-42ff-84e8-ecaf5fc3af70",
        "Name": "White Cap - Pr. George",
        "Address1": "1706 Ogilvie Street",
        "Address2": "",
        "City": "Prince George",
        "Province": "BC",
        "Postal_Code": "V2N 1W9",
        "Country": "Canada",
        "Phone": "(250) 596-8728",
        "Fax": "(250) 563-7333",
        "Web_Site": "",
        "Dealer_Website_Enabled": "true",
        "Dealer_Website_Ranking": "0",
        "Customer_No": "2070",
        "ShipTo_No": "198",
        "Primary_Contact": "Denise Raby"
      }
    },
    {
      "type": "Feature",
      "dealerLocatorProfiles": [],
      "geometry": {
        "type": "Point",
        "coordinates": [
          -123.03271490,
          50.09010880
        ]
      },
      "properties": {
        "ID": "c423c1b7-99c8-46b9-aff8-491b3f842903",
        "Name": "RONA Building Centre -Whistler",
        "Address1": "1350 Alpha Lake Road",
        "Address2": "",
        "City": "Whistler",
        "Province": "BC",
        "Postal_Code": "V0N 1B1",
        "Country": "Canada",
        "Phone": "(604) 932-3620",
        "Fax": "(604) 932-2245",
        "Web_Site": "",
        "Dealer_Website_Enabled": "true",
        "Dealer_Website_Ranking": "0",
        "Customer_No": "43600",
        "ShipTo_No": "56"
      }
    },
    {
      "type": "Feature",
      "dealerLocatorProfiles": [],
      "geometry": {
        "type": "Point",
        "coordinates": [
          -99.56074500,
          50.88856680
        ]
      },
      "properties": {
        "ID": "c4455107-2d05-4bb9-a0a2-4ec12c61a505",
        "Name": "Laurier Home Hardware",
        "Address1": "129 Burrows Road",
        "Address2": "",
        "City": "Laurier",
        "Province": "MB",
        "Postal_Code": "R0J 1A0",
        "Country": "Canada",
        "Phone": "(204) 447-2016",
        "Fax": "(204) 447-3420",
        "Web_Site": "",
        "Dealer_Website_Enabled": "true",
        "Dealer_Website_Ranking": "0",
        "Customer_No": "2063",
        "ShipTo_No": "82",
        "Route_#3": "true"
      }
    },
    {
      "type": "Feature",
      "dealerLocatorProfiles": [],
      "geometry": {
        "type": "Point",
        "coordinates": [
          -102.28252520,
          49.26461590
        ]
      },
      "properties": {
        "ID": "c4843907-6d16-4781-ad67-85d9d8f0302d",
        "Name": "Southern Plains Co-op- Alameda",
        "Address1": "318 Railroad Ave., PO Box 280",
        "Address2": "",
        "City": "Alameda",
        "Province": "SK",
        "Postal_Code": "S0C 0A0",
        "Country": "Canada",
        "Phone": "(306) 489-2000",
        "Fax": "(306) 489-2015",
        "Web_Site": "",
        "Dealer_Website_Enabled": "true",
        "Dealer_Website_Ranking": "0",
        "Customer_No": "62156",
        "ShipTo_No": "3",
        "Primary_Contact": "Kendall Annetts",
        "Route_#4": "true"
      }
    },
    {
      "type": "Feature",
      "dealerLocatorProfiles": [],
      "geometry": {
        "type": "Point",
        "coordinates": [
          -76.97894460,
          44.96761600
        ]
      },
      "properties": {
        "ID": "c5554b16-3792-4bc2-85b5-77f0d61ad147",
        "Name": "Lookout HHBC",
        "Address1": "7617 Road 509",
        "Address2": "HOURS 7:30AM-5PM",
        "City": "Plevna",
        "Province": "ON",
        "Postal_Code": "K0H 2M0",
        "Country": "Canada",
        "Phone": "(613) 479-5579",
        "Fax": "(613) 479-2699",
        "Web_Site": "",
        "Dealer_Website_Enabled": "true",
        "Dealer_Website_Ranking": "0",
        "Customer_No": "2063",
        "ShipTo_No": "440"
      }
    },
    {
      "type": "Feature",
      "dealerLocatorProfiles": [],
      "geometry": {
        "type": "Point",
        "coordinates": [
          -111.36610170,
          49.86628680
        ]
      },
      "properties": {
        "ID": "c561426d-a048-4c90-9fb1-76f3d016f464",
        "Name": "Jayco-(Richardson Engineering)",
        "Address1": "517-8th Ave.",
        "Address2": "",
        "City": "Bow Island",
        "Province": "AB",
        "Postal_Code": "T0K 0G0",
        "Country": "Canada",
        "Phone": "",
        "Fax": "",
        "Web_Site": "",
        "Dealer_Website_Enabled": "true",
        "Dealer_Website_Ranking": "0",
        "Customer_No": "7141",
        "ShipTo_No": "31"
      }
    },
    {
      "type": "Feature",
      "dealerLocatorProfiles": [],
      "geometry": {
        "type": "Point",
        "coordinates": [
          -101.35734700,
          51.22959090
        ]
      },
      "properties": {
        "ID": "c57e715c-f501-43be-b880-22ec33a2cda5",
        "Name": "McMunn &amp; Yates - Roblin",
        "Address1": "Box 1328",
        "Address2": "269 Main Street",
        "City": "Roblin",
        "Province": "MB",
        "Postal_Code": "R0L 1P0",
        "Country": "Canada",
        "Phone": "(204) 937-8371",
        "Fax": "(204) 937-4368",
        "Web_Site": "",
        "Dealer_Website_Enabled": "true",
        "Dealer_Website_Ranking": "0",
        "Customer_No": "3453",
        "ShipTo_No": "12",
        "Primary_Contact": "Brad Wilson",
        "Route_#3": "true"
      }
    },
    {
      "type": "Feature",
      "dealerLocatorProfiles": [],
      "geometry": {
        "type": "Point",
        "coordinates": [
          -113.64079070,
          53.53897900
        ]
      },
      "properties": {
        "ID": "c6f01dda-4370-4dcf-842c-d63ba286d27b",
        "Name": "Rona Stony Plain #238",
        "Address1": "18445 Stony Plain Rd.",
        "Address2": "",
        "City": "Edmonton",
        "Province": "AB",
        "Postal_Code": "T5S 2X6",
        "Country": "Canada",
        "Phone": "",
        "Fax": "",
        "Web_Site": "",
        "Dealer_Website_Enabled": "true",
        "Customer_No": "43600",
        "ShipTo_No": "157"
      }
    },
    {
      "type": "Feature",
      "dealerLocatorProfiles": [],
      "geometry": {
        "type": "Point",
        "coordinates": [
          -123.49984790,
          48.46195870
        ]
      },
      "properties": {
        "ID": "c7012e55-eaa0-4289-9a84-db39aaec1bb7",
        "Name": "Home Depot Canada - Victoria",
        "Address1": "2400 Millstream Road",
        "Address2": "Store #7074",
        "City": "Victoria",
        "Province": "BC",
        "Postal_Code": "V9B 3R3",
        "Country": "Canada",
        "Phone": "(250) 391-6000",
        "Fax": "(250) 391-6007",
        "Web_Site": "",
        "Dealer_Website_Enabled": "true",
        "Dealer_Website_Ranking": "0",
        "Customer_No": "199909",
        "ShipTo_No": "2"
      }
    },
    {
      "type": "Feature",
      "dealerLocatorProfiles": [],
      "geometry": {
        "type": "Point",
        "coordinates": [
          -111.31227050,
          52.66919010
        ]
      },
      "properties": {
        "ID": "c7a5a167-6cf4-42d7-a21c-7d1659f0fd05",
        "Name": "Hardisty Home Hardware Bldg.Ce",
        "Address1": "Box 220",
        "Address2": "4612 47th Street",
        "City": "Hardisty",
        "Province": "AB",
        "Postal_Code": "T0B 1V0",
        "Country": "Canada",
        "Phone": "(780) 888-3537",
        "Fax": "(780) 888-2103",
        "Web_Site": "",
        "Dealer_Website_Enabled": "true",
        "Dealer_Website_Ranking": "0",
        "Customer_No": "2063",
        "ShipTo_No": "499"
      }
    },
    {
      "type": "Feature",
      "dealerLocatorProfiles": [],
      "geometry": {
        "type": "Point",
        "coordinates": [
          -101.90184310,
          51.56285640
        ]
      },
      "properties": {
        "ID": "c7f587be-7899-41c3-998e-432dd84a87a2",
        "Name": "Kamsack Home Hardware",
        "Address1": "456 Third Ave. South",
        "Address2": "",
        "City": "Kamsack",
        "Province": "SK",
        "Postal_Code": "S0A 1S0",
        "Country": "Canada",
        "Phone": "(306) 542-2528",
        "Fax": "(306) 542-2382",
        "Web_Site": "",
        "Dealer_Website_Enabled": "true",
        "Dealer_Website_Ranking": "0",
        "Customer_No": "2063",
        "ShipTo_No": "72"
      }
    },
    {
      "type": "Feature",
      "dealerLocatorProfiles": [],
      "geometry": {
        "type": "Point",
        "coordinates": [
          -98.10200950,
          50.86304440
        ]
      },
      "properties": {
        "ID": "c8627bdc-eff6-4936-b345-5aa6b317e09c",
        "Name": "McMunn &amp; Yates - Eriksdale",
        "Address1": "Box 8",
        "Address2": "16 Main Street",
        "City": "Eriksdale",
        "Province": "MB",
        "Postal_Code": "R0C 0W0",
        "Country": "Canada",
        "Phone": "(204) 739-2110",
        "Fax": "(204) 739-2018",
        "Web_Site": "",
        "Dealer_Website_Enabled": "true",
        "Dealer_Website_Ranking": "0",
        "Customer_No": "3453",
        "ShipTo_No": "5"
      }
    },
    {
      "type": "Feature",
      "dealerLocatorProfiles": [],
      "geometry": {
        "type": "Point",
        "coordinates": [
          -98.34560220,
          49.97335780
        ]
      },
      "properties": {
        "ID": "c8b3c4ef-72fc-4818-a417-d184d79520e6",
        "Name": "McMunn &amp; Yates - Portage",
        "Address1": "2712 Saskatchewan Ave W.",
        "Address2": "",
        "City": "Portage La Prairie",
        "Province": "MB",
        "Postal_Code": "R1N 4A7",
        "Country": "Canada",
        "Phone": "(204) 239-8750",
        "Fax": "(204) 239-8752",
        "Web_Site": "",
        "Dealer_Website_Enabled": "true",
        "Dealer_Website_Ranking": "0",
        "Customer_No": "3453",
        "ShipTo_No": "8",
        "Route_#9": "true"
      }
    },
    {
      "type": "Feature",
      "dealerLocatorProfiles": [],
      "geometry": {
        "type": "Point",
        "coordinates": [
          -80.69462270,
          48.75263590
        ]
      },
      "properties": {
        "ID": "c961bcad-7b3f-4f2c-a082-f6bcc88fe444",
        "Name": "Iroquois Falls HHBC",
        "Address1": "Hwy 67",
        "Address2": "745 Ambridge Drive",
        "City": "Iroquois Falls",
        "Province": "ON",
        "Postal_Code": "P0K 1G0",
        "Country": "Canada",
        "Phone": "",
        "Fax": "",
        "Web_Site": "",
        "Dealer_Website_Enabled": "true",
        "Dealer_Website_Ranking": "0",
        "Customer_No": "2063",
        "ShipTo_No": "496"
      }
    },
    {
      "type": "Feature",
      "dealerLocatorProfiles": [],
      "geometry": {
        "type": "Point",
        "coordinates": [
          -113.80303,
          53.26524
        ]
      },
      "properties": {
        "ID": "c9762ac8-abc7-4d89-be4f-a79ef0b7bb6b",
        "Name": "Hayduk Lumber &amp; Hardware Ltd.",
        "Address1": "O/A Hayduk Lumber &amp; Hardware",
        "Address2": "4736-50 Ave",
        "City": "Calmar",
        "Province": "AB",
        "Postal_Code": "T0C 0V0",
        "Country": "Canada",
        "Phone": "(780) 985-2202",
        "Fax": "",
        "Web_Site": "",
        "Dealer_Website_Enabled": "true",
        "Dealer_Website_Ranking": "0",
        "Customer_No": "1500",
        "ShipTo_No": "206"
      }
    },
    {
      "type": "Feature",
      "dealerLocatorProfiles": [],
      "geometry": {
        "type": "Point",
        "coordinates": [
          -114.04255780,
          51.09322380
        ]
      },
      "properties": {
        "ID": "c976f4bf-4529-4a5d-80fd-803386c63972",
        "Name": "Lumber King Ltd",
        "Address1": "4544 8a St N.E.",
        "Address2": "",
        "City": "Calgary",
        "Province": "AB",
        "Postal_Code": "T2E 4J7",
        "Country": "Canada",
        "Phone": "(403) 277-2080",
        "Fax": "(403) 276-8006",
        "Web_Site": "",
        "Dealer_Website_Enabled": "true",
        "Dealer_Website_Ranking": "0",
        "Customer_No": "2070",
        "ShipTo_No": "64",
        "Primary_Contact": "Fred Pysh/Dan"
      }
    },
    {
      "type": "Feature",
      "dealerLocatorProfiles": [],
      "geometry": {
        "type": "Point",
        "coordinates": [
          -82.66959290,
          46.40140670
        ]
      },
      "properties": {
        "ID": "c9c0bf51-872a-4ad4-9701-4d32289b27f3",
        "Name": "Algoma Builders Supply",
        "Address1": "125 Hwy 108",
        "Address2": "",
        "City": "Elliot Lake",
        "Province": "ON",
        "Postal_Code": "P5A 2T1",
        "Country": "Canada",
        "Phone": "(705) 848-3684",
        "Fax": "",
        "Web_Site": "",
        "Dealer_Website_Enabled": "true",
        "Customer_No": "43600",
        "ShipTo_No": "184"
      }
    },
    {
      "type": "Feature",
      "dealerLocatorProfiles": [],
      "geometry": {
        "type": "Point",
        "coordinates": [
          -107.83181000,
          50.28743200
        ]
      },
      "properties": {
        "ID": "c9ed7298-6ffb-4338-b3b4-7e663789e728",
        "Name": "Swift Current Bldg Supplies Ltd",
        "Address1": "PO Box 243",
        "Address2": "2015 North Service Road West",
        "City": "Swift Current",
        "Province": "SK",
        "Postal_Code": "S9H 3V6",
        "Country": "Canada",
        "Phone": "(306) 773-5307",
        "Fax": "(306) 773-8892",
        "Web_Site": "",
        "Dealer_Website_Enabled": "true",
        "Dealer_Website_Ranking": "0",
        "Customer_No": "2070",
        "ShipTo_No": "126",
        "SK__S_W_": "true"
      }
    },
    {
      "type": "Feature",
      "dealerLocatorProfiles": [],
      "geometry": {
        "type": "Point",
        "coordinates": [
          -103.52933450,
          52.16652330
        ]
      },
      "properties": {
        "ID": "ca08207d-1e60-43cf-a2c7-f860c0a08dd7",
        "Name": "Prairie North Co-op Kelvington",
        "Address1": "HWY 38 South",
        "Address2": "Box 190",
        "City": "Kelvington",
        "Province": "SK",
        "Postal_Code": "S0A 1W0",
        "Country": "Canada",
        "Phone": "(306) 327-9092",
        "Fax": "(306) 327-4263",
        "Web_Site": "",
        "Dealer_Website_Enabled": "true",
        "Dealer_Website_Ranking": "0",
        "Customer_No": "62156",
        "ShipTo_No": "61",
        "Primary_Contact": "Elliott Laduke"
      }
    },
    {
      "type": "Feature",
      "dealerLocatorProfiles": [],
      "geometry": {
        "type": "Point",
        "coordinates": [
          -113.87070470,
          52.31376680
        ]
      },
      "properties": {
        "ID": "cabc6afe-2c7f-473d-84fc-01b6d2e90a7f",
        "Name": "Scott Builders",
        "Address1": "170 Queens Drive",
        "Address2": "",
        "City": "Red Deer",
        "Province": "AB",
        "Postal_Code": "T4P 2V5",
        "Country": "Canada",
        "Phone": "",
        "Fax": "",
        "Web_Site": "",
        "Dealer_Website_Enabled": "true",
        "Customer_No": "21632",
        "ShipTo_No": "13"
      }
    },
    {
      "type": "Feature",
      "dealerLocatorProfiles": [],
      "geometry": {
        "type": "Point",
        "coordinates": [
          -132.09902000,
          54.02277600
        ]
      },
      "properties": {
        "ID": "cb4cc2ed-bb37-4efe-8576-b43b1ffd8f59",
        "Name": "Haida Gwaii Co-op Assoc.ltd (Masset)",
        "Address1": "P.O. Box 190",
        "Address2": "",
        "City": "Masset",
        "Province": "BC",
        "Postal_Code": "V0T 1M0",
        "Country": "Canada",
        "Phone": "(250) 626-3933",
        "Fax": "(250) 626-3279",
        "Web_Site": "",
        "Dealer_Website_Enabled": "true",
        "Dealer_Website_Ranking": "0",
        "Customer_No": "62156",
        "ShipTo_No": "52"
      }
    },
    {
      "type": "Feature",
      "dealerLocatorProfiles": [],
      "geometry": {
        "type": "Point",
        "coordinates": [
          -112.08691220,
          49.15012590
        ]
      },
      "properties": {
        "ID": "cb7824e4-5540-4e00-9577-dd3d933dbb10",
        "Name": "Milk River Home Hardware Building Centre",
        "Address1": "P.O. Box 240, 109 Central Ave",
        "Address2": "",
        "City": "Milk River",
        "Province": "AB",
        "Postal_Code": "T0K 1M0",
        "Country": "Canada",
        "Phone": "(403) 647-3515",
        "Fax": "(403) 647-3533",
        "Web_Site": "",
        "Dealer_Website_Enabled": "true",
        "Dealer_Website_Ranking": "0",
        "Customer_No": "2063",
        "ShipTo_No": "90",
        "Primary_Contact": "Terry Russell"
      }
    },
    {
      "type": "Feature",
      "dealerLocatorProfiles": [],
      "geometry": {
        "type": "Point",
        "coordinates": [
          -121.28050110,
          50.72178470
        ]
      },
      "properties": {
        "ID": "cbbb0bba-655c-46b4-8f56-e73402d1c50b",
        "Name": "Ashcroft Home Building Centre",
        "Address1": "501 Railway Ave",
        "Address2": "",
        "City": "Ashcroft",
        "Province": "BC",
        "Postal_Code": "V0K 1A0",
        "Country": "Canada",
        "Phone": "(250) 453-2281",
        "Fax": "(250) 453-2277",
        "Web_Site": "",
        "Dealer_Website_Enabled": "true",
        "Dealer_Website_Ranking": "0",
        "Customer_No": "2063",
        "ShipTo_No": "521",
        "Primary_Contact": "Lewis Kinvig"
      }
    },
    {
      "type": "Feature",
      "dealerLocatorProfiles": [],
      "geometry": {
        "type": "Point",
        "coordinates": [
          -111.86591370,
          52.79209290
        ]
      },
      "properties": {
        "ID": "cc92833c-0903-497a-a8bd-daf20e2d70d7",
        "Name": "Killam Building Center",
        "Address1": "5029 - 57th Street",
        "Address2": "P.O. Box 126",
        "City": "Killam",
        "Province": "AB",
        "Postal_Code": "T0B 2L0",
        "Country": "Canada",
        "Phone": "(403) 385-2364",
        "Fax": "(403) 385-2377",
        "Web_Site": "",
        "Dealer_Website_Enabled": "true",
        "Dealer_Website_Ranking": "0",
        "Customer_No": "2063",
        "ShipTo_No": "175"
      }
    },
    {
      "type": "Feature",
      "dealerLocatorProfiles": [],
      "geometry": {
        "type": "Point",
        "coordinates": [
          -101.04562740,
          50.42184500
        ]
      },
      "properties": {
        "ID": "cccf1b5d-fe75-4ae0-9bea-3f3544c09fba",
        "Name": "Twin Valley Co-op - Birtle",
        "Address1": "P.O. Box 160",
        "Address2": "#66 Hwy 83 South",
        "City": "Birtle",
        "Province": "MB",
        "Postal_Code": "R0M 0C0",
        "Country": "Canada",
        "Phone": "(204) 842-3388",
        "Fax": "(204) 859-3204",
        "Web_Site": "",
        "Dealer_Website_Enabled": "true",
        "Dealer_Website_Ranking": "0",
        "Customer_No": "62156",
        "ShipTo_No": "227",
        "Primary_Contact": "Dwayne Hohmann",
        "Route_#3": "true"
      }
    },
    {
      "type": "Feature",
      "dealerLocatorProfiles": [],
      "geometry": {
        "type": "Point",
        "coordinates": [
          -113.30179800,
          49.19506630
        ]
      },
      "properties": {
        "ID": "cd446822-d273-4b33-8f14-0c675ffa5eb0",
        "Name": "Wheel&#39;s Recycling Centre",
        "Address1": "Brent to provide map",
        "Address2": "",
        "City": "Cardston",
        "Province": "AB",
        "Postal_Code": "T1H 6E7",
        "Country": "Canada",
        "Phone": "",
        "Fax": "",
        "Web_Site": "",
        "Dealer_Website_Enabled": "true",
        "Customer_No": "68016",
        "ShipTo_No": "3"
      }
    },
    {
      "type": "Feature",
      "dealerLocatorProfiles": [],
      "geometry": {
        "type": "Point",
        "coordinates": [
          -117.65550,
          49.29961
        ]
      },
      "properties": {
        "ID": "cd99d1bf-5857-4688-b49a-55dca00ffcea",
        "Name": "Home Hardware Castlegar",
        "Address1": "652 18 Street",
        "Address2": "",
        "City": "Castlegar",
        "Province": "BC",
        "Postal_Code": "V1N 2M9",
        "Country": "Canada",
        "Phone": "(250) 365-2203",
        "Fax": "",
        "Web_Site": "",
        "Dealer_Website_Enabled": "true",
        "Dealer_Website_Ranking": "0",
        "Customer_No": "2063",
        "ShipTo_No": "599"
      }
    },
    {
      "type": "Feature",
      "dealerLocatorProfiles": [],
      "geometry": {
        "type": "Point",
        "coordinates": [
          -75.18137010,
          44.90270790
        ]
      },
      "properties": {
        "ID": "ce078932-46cc-4377-9441-9b2beb88db00",
        "Name": "Morrisburg Home Hardware",
        "Address1": "12415 County Road 2",
        "Address2": "HOURS 7:30AM-5PM",
        "City": "Morrisburg",
        "Province": "ON",
        "Postal_Code": "K0C 1X0",
        "Country": "Canada",
        "Phone": "(613) 543-2021",
        "Fax": "(613) 543-3140",
        "Web_Site": "",
        "Dealer_Website_Enabled": "true",
        "Dealer_Website_Ranking": "0",
        "Customer_No": "2063",
        "ShipTo_No": "372",
        "Primary_Contact": "Dwayne Sprague"
      }
    },
    {
      "type": "Feature",
      "dealerLocatorProfiles": [],
      "geometry": {
        "type": "Point",
        "coordinates": [
          -109.38668020,
          51.22112380
        ]
      },
      "properties": {
        "ID": "ce200d26-d0e7-42e2-8ecb-703eaa687869",
        "Name": "Kindersley Co-op (Eatonia)",
        "Address1": "Box 339     217 Railway Ave E.",
        "Address2": "",
        "City": "Eatonia",
        "Province": "SK",
        "Postal_Code": "S0L 0Y0",
        "Country": "Canada",
        "Phone": "(306) 967-2422",
        "Fax": "(306) 967-2477",
        "Web_Site": "",
        "Dealer_Website_Enabled": "true",
        "Dealer_Website_Ranking": "0",
        "Customer_No": "62156",
        "ShipTo_No": "102"
      }
    },
    {
      "type": "Feature",
      "dealerLocatorProfiles": [],
      "geometry": {
        "type": "Point",
        "coordinates": [
          -104.86459080,
          50.98656950
        ]
      },
      "properties": {
        "ID": "ce38f876-c86b-4cdd-85ec-02b6c017df7d",
        "Name": "Bulyea Co-op (Agro)",
        "Address1": "1 Ashley St",
        "Address2": "",
        "City": "Bulyea",
        "Province": "SK",
        "Postal_Code": "S0G 0L0",
        "Country": "Canada",
        "Phone": "",
        "Fax": "",
        "Web_Site": "",
        "Dealer_Website_Enabled": "true",
        "Customer_No": "62156",
        "ShipTo_No": "367"
      }
    },
    {
      "type": "Feature",
      "dealerLocatorProfiles": [],
      "geometry": {
        "type": "Point",
        "coordinates": [
          -122.76049430,
          49.15171140
        ]
      },
      "properties": {
        "ID": "ce6430e6-44d2-4ea9-b7c9-d42a5792f0f4",
        "Name": "Rona Fleetwood (Surrey)",
        "Address1": "16659 Fraser Highway",
        "Address2": "",
        "City": "Surrey",
        "Province": "BC",
        "Postal_Code": "V3S 2X6",
        "Country": "Canada",
        "Phone": "(604) 576-2955",
        "Fax": "(604) 576-8742",
        "Web_Site": "",
        "Dealer_Website_Enabled": "true",
        "Dealer_Website_Ranking": "0",
        "Customer_No": "43600",
        "ShipTo_No": "78"
      }
    },
    {
      "type": "Feature",
      "dealerLocatorProfiles": [],
      "geometry": {
        "type": "Point",
        "coordinates": [
          -79.89087680,
          43.52584820
        ]
      },
      "properties": {
        "ID": "ce94a6dc-8584-46a9-8e1f-2b902845470b",
        "Name": "Milton Home Hardware Building Centre",
        "Address1": "385 Steeles Avenue East",
        "Address2": "HOURS 8AM-5PM",
        "City": "Milton",
        "Province": "ON",
        "Postal_Code": "L9T 3G6",
        "Country": "Canada",
        "Phone": "(905) 878-9222",
        "Fax": "(905) 878-4049",
        "Web_Site": "",
        "Dealer_Website_Enabled": "true",
        "Dealer_Website_Ranking": "0",
        "Customer_No": "2063",
        "ShipTo_No": "316"
      }
    },
    {
      "type": "Feature",
      "dealerLocatorProfiles": [],
      "geometry": {
        "type": "Point",
        "coordinates": [
          -118.60403000,
          56.24624000
        ]
      },
      "properties": {
        "ID": "ceace080-69dd-43a5-bafc-e9042a4aec3f",
        "Name": "B &amp; E Home Hardware",
        "Address1": "P.O. Box 600, 113 - 10 Street",
        "Address2": "",
        "City": "Hines Creek",
        "Province": "AB",
        "Postal_Code": "T0H 2A0",
        "Country": "Canada",
        "Phone": "(780) 494-3920",
        "Fax": "(780) 494-3561",
        "Web_Site": "",
        "Dealer_Website_Enabled": "true",
        "Dealer_Website_Ranking": "0",
        "Customer_No": "2063",
        "ShipTo_No": "65"
      }
    },
    {
      "type": "Feature",
      "dealerLocatorProfiles": [],
      "geometry": {
        "type": "Point",
        "coordinates": [
          -80.26711870,
          43.52528800
        ]
      },
      "properties": {
        "ID": "ced1fdc6-54a9-4fff-9c38-d22a8780b897",
        "Name": "JL&#39;s Home Hardware Building Centre",
        "Address1": "575 Wellington Road West",
        "Address2": "8:00am-4:30pm",
        "City": "Guelph",
        "Province": "ON",
        "Postal_Code": "N1H 8L8",
        "Country": "Canada",
        "Phone": "(519) 822-8230",
        "Fax": "(519) 822-5363",
        "Web_Site": "",
        "Dealer_Website_Enabled": "true",
        "Dealer_Website_Ranking": "0",
        "Customer_No": "2063",
        "ShipTo_No": "348"
      }
    },
    {
      "type": "Feature",
      "dealerLocatorProfiles": [],
      "geometry": {
        "type": "Point",
        "coordinates": [
          -117.66779300,
          49.32440100
        ]
      },
      "properties": {
        "ID": "cedefb92-4a36-4b82-8d0a-da9b09eb16f5",
        "Name": "Mitchell Supply Ltd.",
        "Address1": "490 - 13th Ave",
        "Address2": "",
        "City": "Castlegar",
        "Province": "BC",
        "Postal_Code": "V1N 1G2",
        "Country": "Canada",
        "Phone": "(250) 365-7252",
        "Fax": "(250) 365-8199",
        "Web_Site": "",
        "Dealer_Website_Enabled": "true",
        "Dealer_Website_Ranking": "0",
        "Customer_No": "2062",
        "ShipTo_No": "73",
        "Primary_Contact": "Allie"
      }
    },
    {
      "type": "Feature",
      "dealerLocatorProfiles": [],
      "geometry": {
        "type": "Point",
        "coordinates": [
          -133.72958,
          68.35746
        ]
      },
      "properties": {
        "ID": "cf743c08-197e-44f1-8357-a5439478bdde",
        "Name": "Arctic Rim Distibutors P.O. Box 2280",
        "Address1": "73 Franklin Ave.",
        "Address2": "",
        "City": "Inuvik",
        "Province": "NT",
        "Postal_Code": "X0E 0T0",
        "Country": "Canada",
        "Phone": "(867) 777-2566",
        "Fax": "(867) 777-3076",
        "Web_Site": "",
        "Dealer_Website_Enabled": "true",
        "Dealer_Website_Ranking": "0",
        "Customer_No": "2063",
        "ShipTo_No": "69"
      }
    },
    {
      "type": "Feature",
      "dealerLocatorProfiles": [],
      "geometry": {
        "type": "Point",
        "coordinates": [
          -97.93977810,
          49.18488810
        ]
      },
      "properties": {
        "ID": "cfd48da6-43af-44a3-bf14-4e8422d18b04",
        "Name": "Superior Seamless Exterior Ltd",
        "Address1": "935 Eastview Drive",
        "Address2": "PO Box 990",
        "City": "Winkler",
        "Province": "MB",
        "Postal_Code": "R6W 0K3",
        "Country": "Canada",
        "Phone": "(204) 325-5138",
        "Fax": "(204) 325-4107",
        "Web_Site": "",
        "Dealer_Website_Enabled": "true",
        "Dealer_Website_Ranking": "0",
        "Customer_No": "1500",
        "ShipTo_No": "76"
      }
    },
    {
      "type": "Feature",
      "dealerLocatorProfiles": [],
      "geometry": {
        "type": "Point",
        "coordinates": [
          -79.95973860,
          46.37057060
        ]
      },
      "properties": {
        "ID": "cfdd01cb-6d07-4296-ac1b-c12baef0174f",
        "Name": "Simcoe Building Centre Sturgeon Falls",
        "Address1": "14 Toulouse Cresent",
        "Address2": "",
        "City": "West Nipissing/Sturgeon Falls",
        "Province": "ON",
        "Postal_Code": "P2B 0A5",
        "Country": "Canada",
        "Phone": "(705) 491-5385",
        "Fax": "(705) 885-2500",
        "Web_Site": "",
        "Dealer_Website_Enabled": "true",
        "Dealer_Website_Ranking": "0",
        "Customer_No": "21643",
        "ShipTo_No": "4"
      }
    },
    {
      "type": "Feature",
      "dealerLocatorProfiles": [],
      "geometry": {
        "type": "Point",
        "coordinates": [
          -113.19925320,
          53.70478500
        ]
      },
      "properties": {
        "ID": "d0a772be-794c-4b90-ae23-7bbad52b02dc",
        "Name": "Ft.Saskatchewan Home Bldg.Ctr.",
        "Address1": "8817 - 111 Street",
        "Address2": "",
        "City": "Fort Saskatchewan",
        "Province": "AB",
        "Postal_Code": "T8L 3S6",
        "Country": "Canada",
        "Phone": "(780) 992-1190",
        "Fax": "(780) 998-2201",
        "Web_Site": "",
        "Dealer_Website_Enabled": "true",
        "Dealer_Website_Ranking": "0",
        "Customer_No": "2063",
        "ShipTo_No": "51"
      }
    },
    {
      "type": "Feature",
      "dealerLocatorProfiles": [],
      "geometry": {
        "type": "Point",
        "coordinates": [
          -82.43123950,
          42.26172790
        ]
      },
      "properties": {
        "ID": "d0aa37c1-eae8-4656-89c7-d8dd7b109d9e",
        "Name": "Home Building Centre - Tilbury",
        "Address1": "76 Queen Street N, Box 188",
        "Address2": "",
        "City": "Tilbury",
        "Province": "ON",
        "Postal_Code": "N0P 2L0",
        "Country": "Canada",
        "Phone": "(519) 682-1180",
        "Fax": "(519) 682-1189",
        "Web_Site": "",
        "Dealer_Website_Enabled": "true",
        "Dealer_Website_Ranking": "0",
        "Customer_No": "2063",
        "ShipTo_No": "515"
      }
    },
    {
      "type": "Feature",
      "dealerLocatorProfiles": [],
      "geometry": {
        "type": "Point",
        "coordinates": [
          -128.51979890,
          54.53184790
        ]
      },
      "properties": {
        "ID": "d0ab0dc9-a7b1-4adb-9b8c-0a9243e09cad",
        "Name": "Skeena Truss",
        "Address1": "3875 Hwy  16 E",
        "Address2": "",
        "City": "Terrace",
        "Province": "BC",
        "Postal_Code": "V8G 4L3",
        "Country": "Canada",
        "Phone": "(778) 634-3001",
        "Fax": "",
        "Web_Site": "",
        "Dealer_Website_Enabled": "true",
        "Dealer_Website_Ranking": "0",
        "Customer_No": "2070",
        "ShipTo_No": "311"
      }
    },
    {
      "type": "Feature",
      "dealerLocatorProfiles": [],
      "geometry": {
        "type": "Point",
        "coordinates": [
          -114.34176090,
          51.08738600
        ]
      },
      "properties": {
        "ID": "d0acd8f5-8a6d-40b9-a324-ace53ac82355",
        "Name": "Mountain View Bldg Materials Ltd.",
        "Address1": "125 Commercial Court",
        "Address2": "",
        "City": "Calgary",
        "Province": "BC",
        "Postal_Code": "T3Z 2A7",
        "Country": "Canada",
        "Phone": "(250) 765-0357",
        "Fax": "(403) 242-4090",
        "Web_Site": "",
        "Dealer_Website_Enabled": "true",
        "Dealer_Website_Ranking": "0",
        "Customer_No": "5095",
        "ShipTo_No": "1"
      }
    },
    {
      "type": "Feature",
      "dealerLocatorProfiles": [],
      "geometry": {
        "type": "Point",
        "coordinates": [
          -113.83439500,
          50.57652100
        ]
      },
      "properties": {
        "ID": "d0c6c9d6-0aa1-4da9-9155-bfdd3c1467a1",
        "Name": "Lutes Bldg Centre(High River)",
        "Address1": "Po Box 5250",
        "Address2": "610 20th Ave S.E.",
        "City": "High River",
        "Province": "AB",
        "Postal_Code": "T1V 1M4",
        "Country": "Canada",
        "Phone": "(403) 652-3422",
        "Fax": "(403) 652-2478",
        "Web_Site": "",
        "Dealer_Website_Enabled": "true",
        "Dealer_Website_Ranking": "0",
        "Customer_No": "2062",
        "ShipTo_No": "64"
      }
    },
    {
      "type": "Feature",
      "dealerLocatorProfiles": [],
      "geometry": {
        "type": "Point",
        "coordinates": [
          -97.31340110,
          49.88110440
        ]
      },
      "properties": {
        "ID": "d1be63c8-2856-4b56-8ea5-986e6b8dd82d",
        "Name": "McMunn &amp; Yates - Portage Ave Unicity",
        "Address1": "3660 Portage Ave",
        "Address2": "",
        "City": "Winnipeg",
        "Province": "MB",
        "Postal_Code": "R3K 0Z8",
        "Country": "Canada",
        "Phone": "(204) 940-4041",
        "Fax": "",
        "Web_Site": "",
        "Dealer_Website_Enabled": "true",
        "Dealer_Website_Ranking": "0",
        "Customer_No": "3453",
        "ShipTo_No": "24",
        "Route_#1": "true",
        "Route_#7": "true"
      }
    },
    {
      "type": "Feature",
      "dealerLocatorProfiles": [],
      "geometry": {
        "type": "Point",
        "coordinates": [
          -81.90982600,
          42.92756170
        ]
      },
      "properties": {
        "ID": "d227789b-75e9-4e02-a763-ebc36fde988b",
        "Name": "Watford Home Hardware Bldg. Centre",
        "Address1": "7885 Industrial Drive",
        "Address2": "Box 160 HOURS 8AM-5PM",
        "City": "Watford",
        "Province": "ON",
        "Postal_Code": "N0M 2S0",
        "Country": "Canada",
        "Phone": "(519) 849-2219",
        "Fax": "(519) 849-2220",
        "Web_Site": "",
        "Dealer_Website_Enabled": "true",
        "Dealer_Website_Ranking": "0",
        "Customer_No": "2063",
        "ShipTo_No": "309"
      }
    },
    {
      "type": "Feature",
      "dealerLocatorProfiles": [],
      "geometry": {
        "type": "Point",
        "coordinates": [
          -123.52044710,
          49.40601770
        ]
      },
      "properties": {
        "ID": "d38a87f0-f798-48e2-ab46-599029f2233d",
        "Name": "Gibsons Home Hardware",
        "Address1": "921 Gibsons Way",
        "Address2": "",
        "City": "Gibsons",
        "Province": "BC",
        "Postal_Code": "V0N 1V0",
        "Country": "Canada",
        "Phone": "(604) 885-9975",
        "Fax": "",
        "Web_Site": "",
        "Dealer_Website_Enabled": "true",
        "Dealer_Website_Ranking": "0",
        "Customer_No": "2063",
        "ShipTo_No": "533"
      }
    },
    {
      "type": "Feature",
      "dealerLocatorProfiles": [],
      "geometry": {
        "type": "Point",
        "coordinates": [
          -118.83067490,
          55.16915440
        ]
      },
      "properties": {
        "ID": "d3ba35e1-397c-482b-8602-63f272723650",
        "Name": "Woodland Grande Prairie Home Building Centre",
        "Address1": "11105 100 Avenue",
        "Address2": "",
        "City": "Grande Prairie",
        "Province": "AB",
        "Postal_Code": "T8V 3J9",
        "Country": "Canada",
        "Phone": "(780) 538-1340",
        "Fax": "(780) 538-0896",
        "Web_Site": "",
        "Dealer_Website_Enabled": "true",
        "Dealer_Website_Ranking": "0",
        "Customer_No": "2063",
        "ShipTo_No": "307"
      }
    },
    {
      "type": "Feature",
      "dealerLocatorProfiles": [],
      "geometry": {
        "type": "Point",
        "coordinates": [
          -81.75599210,
          46.24758510
        ]
      },
      "properties": {
        "ID": "d3ecf5d0-cc2d-476f-8153-02e556ff00c9",
        "Name": "Espanola Home Hardware Building Centre",
        "Address1": "830 Centre Street",
        "Address2": "Box 5258 HOURS 8AM-5PM",
        "City": "Espanola",
        "Province": "ON",
        "Postal_Code": "P5E 1S3",
        "Country": "Canada",
        "Phone": "(705) 869-2130",
        "Fax": "(705) 869-5467",
        "Web_Site": "",
        "Dealer_Website_Enabled": "true",
        "Dealer_Website_Ranking": "0",
        "Customer_No": "2063",
        "ShipTo_No": "330"
      }
    },
    {
      "type": "Feature",
      "dealerLocatorProfiles": [],
      "geometry": {
        "type": "Point",
        "coordinates": [
          -108.03011820,
          51.20307650
        ]
      },
      "properties": {
        "ID": "d415ca2e-3420-4cff-901a-b009f3b652f1",
        "Name": "J &amp; K Building Supplies",
        "Address1": "Po Box 217",
        "Address2": "122 Railway Ave",
        "City": "Elrose",
        "Province": "SK",
        "Postal_Code": "S0L 0Z0",
        "Country": "Canada",
        "Phone": "(306) 378-2205",
        "Fax": "(306) 378-4001",
        "Web_Site": "",
        "Dealer_Website_Enabled": "true",
        "Dealer_Website_Ranking": "0",
        "Customer_No": "2070",
        "ShipTo_No": "70"
      }
    },
    {
      "type": "Feature",
      "dealerLocatorProfiles": [],
      "geometry": {
        "type": "Point",
        "coordinates": [
          -100.05679100,
          49.22877280
        ]
      },
      "properties": {
        "ID": "d44f3acc-e3a2-492b-a6b5-6621fed85351",
        "Name": "Boundary Co-op (Boissevain)",
        "Address1": "Box 280    518 Stephen Street",
        "Address2": "",
        "City": "Boissevain",
        "Province": "MB",
        "Postal_Code": "R0K 0E0",
        "Country": "Canada",
        "Phone": "(204) 534-2411",
        "Fax": "(204) 534-2581",
        "Web_Site": "",
        "Dealer_Website_Enabled": "true",
        "Dealer_Website_Ranking": "0",
        "Customer_No": "62156",
        "ShipTo_No": "20",
        "Route_#4": "true"
      }
    },
    {
      "type": "Feature",
      "dealerLocatorProfiles": [],
      "geometry": {
        "type": "Point",
        "coordinates": [
          -98.61622590,
          49.34958490
        ]
      },
      "properties": {
        "ID": "d4544587-5ee1-43c1-a8ff-defc69c81380",
        "Name": "Pembina Co-op (St. Leon)",
        "Address1": "Box 5007    60 Main St.",
        "Address2": "",
        "City": "St. Leon",
        "Province": "MB",
        "Postal_Code": "R0G 2E0",
        "Country": "Canada",
        "Phone": "(204) 744-2421",
        "Fax": "(204) 744-2071",
        "Web_Site": "",
        "Dealer_Website_Enabled": "true",
        "Dealer_Website_Ranking": "0",
        "Customer_No": "62156",
        "ShipTo_No": "155",
        "Route_#2": "true"
      }
    },
    {
      "type": "Feature",
      "dealerLocatorProfiles": [],
      "geometry": {
        "type": "Point",
        "coordinates": [
          -64.40803927304438,
          44.44915625401785
        ]
      },
      "properties": {
        "ID": "d4775157-01c1-4d5d-a47e-52a259b77999",
        "Name": "Nova Scotia Building Supplies",
        "Address1": "1982 Limited",
        "Address2": "PO Box 90",
        "City": "Blockhouse",
        "Province": "NS",
        "Postal_Code": "B0J 1E0",
        "Country": "Canada",
        "Phone": "",
        "Fax": "",
        "Web_Site": "",
        "Dealer_Website_Enabled": "true",
        "Dealer_Website_Ranking": "0",
        "Customer_No": "1500",
        "ShipTo_No": "242"
      }
    },
    {
      "type": "Feature",
      "dealerLocatorProfiles": [],
      "geometry": {
        "type": "Point",
        "coordinates": [
          -123.3828092,
          48.433356
        ]
      },
      "properties": {
        "ID": "d4eb1445-bad9-4465-8b1f-3ab07b042bbd",
        "Name": "Bay St Castle",
        "Address1": "220 Bay Street",
        "Address2": "STORE 1272",
        "City": "Victoria",
        "Province": "BC",
        "Postal_Code": "V9A 3K5",
        "Country": "Canada",
        "Phone": "(250) 595-1225",
        "Fax": "(250) 595-8822",
        "Web_Site": "",
        "Dealer_Website_Enabled": "true",
        "Dealer_Website_Ranking": "0",
        "Customer_No": "1500",
        "ShipTo_No": "176",
        "TC2__Island": "true"
      }
    },
    {
      "type": "Feature",
      "dealerLocatorProfiles": [],
      "geometry": {
        "type": "Point",
        "coordinates": [
          -114.97565010,
          53.21280560
        ]
      },
      "properties": {
        "ID": "d4fa1e98-c453-41de-8bba-5d16bcc1f873",
        "Name": "Drayton Valley Home Bldg.Ctr.",
        "Address1": "P.O. Box 6749,  4221-50 Street",
        "Address2": "",
        "City": "Drayton Valley",
        "Province": "AB",
        "Postal_Code": "T7A 1S1",
        "Country": "Canada",
        "Phone": "(780) 542-4044",
        "Fax": "(780) 542-6073",
        "Web_Site": "",
        "Dealer_Website_Enabled": "true",
        "Dealer_Website_Ranking": "0",
        "Customer_No": "2063",
        "ShipTo_No": "37"
      }
    },
    {
      "type": "Feature",
      "dealerLocatorProfiles": [],
      "geometry": {
        "type": "Point",
        "coordinates": [
          -114.31259510,
          52.08676850
        ]
      },
      "properties": {
        "ID": "d50aab78-a20e-4424-a72c-217795312ff0",
        "Name": "Central Alberta Co-op-Sprucevi",
        "Address1": "Box 120",
        "Address2": "",
        "City": "Spruceview",
        "Province": "AB",
        "Postal_Code": "T0M 1V0",
        "Country": "Canada",
        "Phone": "",
        "Fax": "",
        "Web_Site": "",
        "Dealer_Website_Enabled": "true",
        "Customer_No": "62156",
        "ShipTo_No": "210"
      }
    },
    {
      "type": "Feature",
      "dealerLocatorProfiles": [],
      "geometry": {
        "type": "Point",
        "coordinates": [
          -79.24062770,
          45.33323920
        ]
      },
      "properties": {
        "ID": "d512688b-f45c-4998-9401-d254fe877414",
        "Name": "Muskoka Lumber and Building",
        "Address1": "15 Marsh Road West",
        "Address2": "HOURS 7AM-5PM",
        "City": "Huntsville",
        "Province": "ON",
        "Postal_Code": "P1H 1L6",
        "Country": "Canada",
        "Phone": "(705) 789-4421",
        "Fax": "(705) 789-6692",
        "Web_Site": "",
        "Dealer_Website_Enabled": "true",
        "Dealer_Website_Ranking": "0",
        "Customer_No": "2062",
        "ShipTo_No": "315"
      }
    },
    {
      "type": "Feature",
      "dealerLocatorProfiles": [],
      "geometry": {
        "type": "Point",
        "coordinates": [
          -81.82321100,
          45.72518830
        ]
      },
      "properties": {
        "ID": "d53d4307-8f37-4a66-9828-4262e1f57823",
        "Name": "Manitowaning Mill Home Build",
        "Address1": "15874 Highway #6, RR #1",
        "Address2": "PO Box 244",
        "City": "Manitowaning,",
        "Province": "ON",
        "Postal_Code": "P0P 1N0",
        "Country": "Canada",
        "Phone": "(705) 859-3105",
        "Fax": "(705) 859-2006",
        "Web_Site": "",
        "Dealer_Website_Enabled": "true",
        "Dealer_Website_Ranking": "0",
        "Customer_No": "2063",
        "ShipTo_No": "501"
      }
    },
    {
      "type": "Feature",
      "dealerLocatorProfiles": [],
      "geometry": {
        "type": "Point",
        "coordinates": [
          -111.93451250,
          51.64209030
        ]
      },
      "properties": {
        "ID": "d5654a97-c726-4d96-9dde-bda1f6d14a4c",
        "Name": "Warwicks Home Building Centre",
        "Address1": "416 2nd Ave West, P.O. Box 340",
        "Address2": "",
        "City": "Hanna",
        "Province": "AB",
        "Postal_Code": "T0J 1P0",
        "Country": "Canada",
        "Phone": "(403) 854-3783",
        "Fax": "(403) 854-2434",
        "Web_Site": "",
        "Dealer_Website_Enabled": "true",
        "Dealer_Website_Ranking": "0",
        "Customer_No": "2063",
        "ShipTo_No": "58"
      }
    },
    {
      "type": "Feature",
      "dealerLocatorProfiles": [],
      "geometry": {
        "type": "Point",
        "coordinates": [
          -105.75692540,
          53.17633190
        ]
      },
      "properties": {
        "ID": "d5e80efa-711b-4457-8cbb-f6f1479492f8",
        "Name": "Pineland Metal Products Inc",
        "Address1": "R.R. # 5  Site 25  Comp 4",
        "Address2": "",
        "City": "Prince Albert",
        "Province": "SK",
        "Postal_Code": "S6V 5R3",
        "Country": "Canada",
        "Phone": "(306) 764-8000",
        "Fax": "(306) 764-8301",
        "Web_Site": "www.pinelandmetal.ca",
        "Dealer_Website_Enabled": "true",
        "Customer_No": "68267",
        "ShipTo_No": "1"
      }
    },
    {
      "type": "Feature",
      "dealerLocatorProfiles": [],
      "geometry": {
        "type": "Point",
        "coordinates": [
          -79.70887380,
          44.18775110
        ]
      },
      "properties": {
        "ID": "d63bb9fd-c749-4070-9e02-ab0e3795f4ac",
        "Name": "H.F. Smith Lumber Inc",
        "Address1": "61 Queen Street",
        "Address2": "",
        "City": "Cookstown",
        "Province": "ON",
        "Postal_Code": "L0L 1L0",
        "Country": "Canada",
        "Phone": "(705) 458-4462",
        "Fax": "(705) 458-4516",
        "Web_Site": "",
        "Dealer_Website_Enabled": "true",
        "Dealer_Website_Ranking": "0",
        "Customer_No": "2063",
        "ShipTo_No": "397",
        "Primary_Contact": "Neil Currie"
      }
    },
    {
      "type": "Feature",
      "dealerLocatorProfiles": [],
      "geometry": {
        "type": "Point",
        "coordinates": [
          -113.86334000,
          54.15558200
        ]
      },
      "properties": {
        "ID": "d647bd98-12ef-4c55-923b-3bacb62824e3",
        "Name": "True Value Hardware Ltd.",
        "Address1": "9948-107 St.",
        "Address2": "",
        "City": "Westlock",
        "Province": "AB",
        "Postal_Code": "T7P 2K6",
        "Country": "Canada",
        "Phone": "",
        "Fax": "",
        "Web_Site": "",
        "Dealer_Website_Enabled": "true",
        "Customer_No": "2070",
        "ShipTo_No": "290"
      }
    },
    {
      "type": "Feature",
      "dealerLocatorProfiles": [],
      "geometry": {
        "type": "Point",
        "coordinates": [
          -122.86891310,
          49.20387880
        ]
      },
      "properties": {
        "ID": "d6663258-4929-42bb-837f-ff3d41889bbd",
        "Name": "Home Depot Canada - N. Surrey",
        "Address1": "12701 110 Ave",
        "Address2": "",
        "City": "Surrey",
        "Province": "BC",
        "Postal_Code": "V3V 3K7",
        "Country": "Canada",
        "Phone": "(604) 580-1888",
        "Fax": "",
        "Web_Site": "",
        "Dealer_Website_Enabled": "true",
        "Dealer_Website_Ranking": "0",
        "Customer_No": "199909",
        "ShipTo_No": "30"
      }
    },
    {
      "type": "Feature",
      "dealerLocatorProfiles": [],
      "geometry": {
        "type": "Point",
        "coordinates": [
          -102.93008980,
          50.41139840
        ]
      },
      "properties": {
        "ID": "d6dd764e-566f-4a5d-bac6-f6d9f0a398aa",
        "Name": "Grenfell Bldg Supply 2004 Ltd",
        "Address1": "PO Box 610",
        "Address2": "1003 Hwy 47",
        "City": "Grenfell",
        "Province": "SK",
        "Postal_Code": "S0G 2B0",
        "Country": "Canada",
        "Phone": "(306) 697-2221",
        "Fax": "(306) 697-2250",
        "Web_Site": "",
        "Dealer_Website_Enabled": "true",
        "Dealer_Website_Ranking": "0",
        "Customer_No": "2070",
        "ShipTo_No": "48"
      }
    },
    {
      "type": "Feature",
      "dealerLocatorProfiles": [],
      "geometry": {
        "type": "Point",
        "coordinates": [
          -105.05946800,
          50.01496200
        ]
      },
      "properties": {
        "ID": "d6f2c3b4-0747-45fe-9d0f-9280500cfee6",
        "Name": "Moose Jaw Co-op (Avonlea)",
        "Address1": "300 McRorie Ave",
        "Address2": "Box 89",
        "City": "Avonlea",
        "Province": "SK",
        "Postal_Code": "S0H 0C0",
        "Country": "Canada",
        "Phone": "(306) 868-2133",
        "Fax": "(306) 868-2243",
        "Web_Site": "",
        "Dealer_Website_Enabled": "true",
        "Dealer_Website_Ranking": "0",
        "Customer_No": "62156",
        "ShipTo_No": "10"
      }
    },
    {
      "type": "Feature",
      "dealerLocatorProfiles": [],
      "geometry": {
        "type": "Point",
        "coordinates": [
          -99.91369200,
          50.49856400
        ]
      },
      "properties": {
        "ID": "d77631f7-7d9e-4a52-8bc9-fe3c2f9b9531",
        "Name": "Heritage Co-op - Erickson",
        "Address1": "Box 220, 51 Main Street NE",
        "Address2": "",
        "City": "Erickson",
        "Province": "MB",
        "Postal_Code": "R0J 0P0",
        "Country": "Canada",
        "Phone": "(204) 636-2551",
        "Fax": "(204) 636-2952",
        "Web_Site": "",
        "Dealer_Website_Enabled": "true",
        "Dealer_Website_Ranking": "0",
        "Customer_No": "62156",
        "ShipTo_No": "404",
        "Route_#3": "true"
      }
    },
    {
      "type": "Feature",
      "dealerLocatorProfiles": [],
      "geometry": {
        "type": "Point",
        "coordinates": [
          -77.67641750,
          45.48225060
        ]
      },
      "properties": {
        "ID": "d796ff0f-10c1-4118-92d1-c50eafcb0c57",
        "Name": "Barry&#39;s Bay HHBC",
        "Address1": "306 John Street",
        "Address2": "HOURS 7:30AM-5:30PM",
        "City": "Barry&#39;s Bay",
        "Province": "ON",
        "Postal_Code": "K0J 1B0",
        "Country": "Canada",
        "Phone": "(613) 756-2794",
        "Fax": "(613) 756-2722",
        "Web_Site": "",
        "Dealer_Website_Enabled": "true",
        "Dealer_Website_Ranking": "0",
        "Customer_No": "2063",
        "ShipTo_No": "401",
        "Primary_Contact": "Frank Green"
      }
    },
    {
      "type": "Feature",
      "dealerLocatorProfiles": [],
      "geometry": {
        "type": "Point",
        "coordinates": [
          -114.03169420,
          51.08417870
        ]
      },
      "properties": {
        "ID": "d81602e6-f754-4cdc-9ea8-5a7cb4901371",
        "Name": "Scott Builders",
        "Address1": "1224 - 34th Ave NE",
        "Address2": "",
        "City": "Calgary",
        "Province": "AB",
        "Postal_Code": "T2E 6L9",
        "Country": "Canada",
        "Phone": "(587) 943-6891",
        "Fax": "(403) 274-9395",
        "Web_Site": "",
        "Dealer_Website_Enabled": "true",
        "Customer_No": "21632",
        "ShipTo_No": "6"
      }
    },
    {
      "type": "Feature",
      "dealerLocatorProfiles": [],
      "geometry": {
        "type": "Point",
        "coordinates": [
          -100.81417070,
          50.67113460
        ]
      },
      "properties": {
        "ID": "d8233fd9-365d-4608-8af0-32aeffc38ac3",
        "Name": "Wheatland Building Centre",
        "Address1": "Po Box 580",
        "Address2": "94 Centennial Road",
        "City": "Rossburn",
        "Province": "MB",
        "Postal_Code": "R0J 1V0",
        "Country": "Canada",
        "Phone": "(204) 859-2409",
        "Fax": "(204) 859-2491",
        "Web_Site": "",
        "Dealer_Website_Enabled": "true",
        "Dealer_Website_Ranking": "0",
        "Customer_No": "1500",
        "ShipTo_No": "26",
        "Route_#3": "true"
      }
    },
    {
      "type": "Feature",
      "dealerLocatorProfiles": [],
      "geometry": {
        "type": "Point",
        "coordinates": [
          -124.51845050,
          49.84453910
        ]
      },
      "properties": {
        "ID": "d83b87fe-2f8d-419b-8c0f-2053186cd8c0",
        "Name": "Powell River Building Supply",
        "Address1": "4750 Joyce Avenue.",
        "Address2": "",
        "City": "Powell River",
        "Province": "BC",
        "Postal_Code": "V8A 3B6",
        "Country": "Canada",
        "Phone": "(604) 485-2791",
        "Fax": "(604) 485-4418",
        "Web_Site": "",
        "Dealer_Website_Enabled": "true",
        "Dealer_Website_Ranking": "0",
        "Customer_No": "43600",
        "ShipTo_No": "64",
        "Primary_Contact": "Trevor Spreeuw"
      }
    },
    {
      "type": "Feature",
      "dealerLocatorProfiles": [],
      "geometry": {
        "type": "Point",
        "coordinates": [
          -116.43363700,
          53.58351460
        ]
      },
      "properties": {
        "ID": "d8643e71-c4d2-496d-aa38-e275d9e541e0",
        "Name": "Timberjack Home Bldg.Centre",
        "Address1": "4840 - 2nd Ave",
        "Address2": "P.O. Box 6087",
        "City": "Edson",
        "Province": "AB",
        "Postal_Code": "T7E 1T6",
        "Country": "Canada",
        "Phone": "(780) 723-3980",
        "Fax": "(780) 723-5596",
        "Web_Site": "",
        "Dealer_Website_Enabled": "true",
        "Dealer_Website_Ranking": "0",
        "Customer_No": "2063",
        "ShipTo_No": "43"
      }
    },
    {
      "type": "Feature",
      "dealerLocatorProfiles": [],
      "geometry": {
        "type": "Point",
        "coordinates": [
          -80.65202720,
          44.31848840
        ]
      },
      "properties": {
        "ID": "d890a259-e78e-4a0b-b7c5-f8b9b0306926",
        "Name": "Centre Grey Builders &amp;Supplies",
        "Address1": "74 Lorne Street",
        "Address2": "HOURS 7:30AM-4PM",
        "City": "Markdale",
        "Province": "ON",
        "Postal_Code": "N0C 1H0",
        "Country": "Canada",
        "Phone": "(519) 986-2641",
        "Fax": "(519) 986-4655",
        "Web_Site": "",
        "Dealer_Website_Enabled": "true",
        "Dealer_Website_Ranking": "0",
        "Customer_No": "2063",
        "ShipTo_No": "467"
      }
    },
    {
      "type": "Feature",
      "dealerLocatorProfiles": [],
      "geometry": {
        "type": "Point",
        "coordinates": [
          -84.32073760,
          46.53921720
        ]
      },
      "properties": {
        "ID": "d8e59704-e943-43ee-bdd5-0533cab6727e",
        "Name": "Heritage HHBC",
        "Address1": "594 Second Line East",
        "Address2": "",
        "City": "Sault St Marie",
        "Province": "ON",
        "Postal_Code": "P6B 4K1",
        "Country": "Canada",
        "Phone": "(705) 759-5101",
        "Fax": "",
        "Web_Site": "",
        "Dealer_Website_Enabled": "true",
        "Dealer_Website_Ranking": "0",
        "Customer_No": "2063",
        "ShipTo_No": "523"
      }
    },
    {
      "type": "Feature",
      "dealerLocatorProfiles": [],
      "geometry": {
        "type": "Point",
        "coordinates": [
          -117.63528860,
          56.93012380
        ]
      },
      "properties": {
        "ID": "d8eeaefe-34f0-425d-9702-12891b78c91d",
        "Name": "Empire Home Building Centre",
        "Address1": "Box 900",
        "Address2": "",
        "City": "Manning",
        "Province": "AB",
        "Postal_Code": "T0H 2M0",
        "Country": "Canada",
        "Phone": "(780) 836-3345",
        "Fax": "(780) 836-2888",
        "Web_Site": "",
        "Dealer_Website_Enabled": "true",
        "Dealer_Website_Ranking": "0",
        "Customer_No": "2063",
        "ShipTo_No": "230"
      }
    },
    {
      "type": "Feature",
      "dealerLocatorProfiles": [],
      "geometry": {
        "type": "Point",
        "coordinates": [
          -110.4749134,
          51.3535654
        ]
      },
      "properties": {
        "ID": "d8f6338a-0333-4130-ad60-2010f1c2eb14",
        "Name": "U.F.A. Oyen",
        "Address1": "132 4th Street East",
        "Address2": "P.O. Box 386",
        "City": "Oyen",
        "Province": "AB",
        "Postal_Code": "T0J 2J0",
        "Country": "Canada",
        "Phone": "(403) 664-3611",
        "Fax": "(403) 664-2889",
        "Web_Site": "",
        "Dealer_Website_Enabled": "true",
        "Dealer_Website_Ranking": "0",
        "Customer_No": "2070",
        "ShipTo_No": "177"
      }
    },
    {
      "type": "Feature",
      "dealerLocatorProfiles": [],
      "geometry": {
        "type": "Point",
        "coordinates": [
          -110.20358990,
          54.39947230
        ]
      },
      "properties": {
        "ID": "d90a5abb-b8fa-40c1-879d-032a5f69b323",
        "Name": "RONA Cold Lake",
        "Address1": "3401, 50 Street",
        "Address2": "",
        "City": "Cold Lake",
        "Province": "AB",
        "Postal_Code": "T9M 1K6",
        "Country": "Canada",
        "Phone": "",
        "Fax": "",
        "Web_Site": "",
        "Dealer_Website_Enabled": "true",
        "Customer_No": "43600",
        "ShipTo_No": "163"
      }
    },
    {
      "type": "Feature",
      "dealerLocatorProfiles": [],
      "geometry": {
        "type": "Point",
        "coordinates": [
          -117.62637260,
          56.92733110
        ]
      },
      "properties": {
        "ID": "d92338ea-9a49-412f-ba0e-4ac421b1d8c3",
        "Name": "Homesteader Building Supplies",
        "Address1": "Box 519, 200 4th Ave. N.W.",
        "Address2": "",
        "City": "Manning",
        "Province": "AB",
        "Postal_Code": "T0H 2M0",
        "Country": "Canada",
        "Phone": "(780) 836-4036",
        "Fax": "(780) 836-4033",
        "Web_Site": "",
        "Dealer_Website_Enabled": "true",
        "Dealer_Website_Ranking": "0",
        "Customer_No": "2070",
        "ShipTo_No": "214"
      }
    },
    {
      "type": "Feature",
      "dealerLocatorProfiles": [],
      "geometry": {
        "type": "Point",
        "coordinates": [
          -114.02876290,
          51.08379640
        ]
      },
      "properties": {
        "ID": "d97c05e2-db15-4528-a66e-55e92a7aa7a0",
        "Name": "TimberTown Bldg. Centre Ltd.",
        "Address1": "4215 12 Street NE",
        "Address2": "",
        "City": "Calgary",
        "Province": "AB",
        "Postal_Code": "T2E 4P9",
        "Country": "Canada",
        "Phone": "(403) 291-1317",
        "Fax": "(403) 291-1327",
        "Web_Site": "",
        "Dealer_Website_Enabled": "true",
        "Dealer_Website_Ranking": "0",
        "Customer_No": "2062",
        "ShipTo_No": "148"
      }
    },
    {
      "type": "Feature",
      "dealerLocatorProfiles": [],
      "geometry": {
        "type": "Point",
        "coordinates": [
          -118.43998860,
          49.04849030
        ]
      },
      "properties": {
        "ID": "d984ddb5-d893-4230-8ddf-2f2ba5fe35d2",
        "Name": "Boundary Truss",
        "Address1": "Box 219, 8626 Grandby Road",
        "Address2": "",
        "City": "Grand Forks",
        "Province": "BC",
        "Postal_Code": "V0H 1H0",
        "Country": "Canada",
        "Phone": "(250) 442-5507",
        "Fax": "(250) 442-5030",
        "Web_Site": "",
        "Dealer_Website_Enabled": "true",
        "Dealer_Website_Ranking": "0",
        "Customer_No": "2070",
        "ShipTo_No": "247",
        "Primary_Contact": "Dan"
      }
    },
    {
      "type": "Feature",
      "dealerLocatorProfiles": [],
      "geometry": {
        "type": "Point",
        "coordinates": [
          -122.27044050,
          49.03725970
        ]
      },
      "properties": {
        "ID": "d9c5f223-f2ce-4a5c-8c66-734faccaaf4b",
        "Name": "Home Depot Canada - Abbotsford",
        "Address1": "1956 Vedder Way",
        "Address2": "Store #7141",
        "City": "Abbotsford",
        "Province": "BC",
        "Postal_Code": "V2S 1K8",
        "Country": "Canada",
        "Phone": "(604) 851-4400",
        "Fax": "(604) 851-4409",
        "Web_Site": "",
        "Dealer_Website_Enabled": "true",
        "Dealer_Website_Ranking": "0",
        "Customer_No": "199909",
        "ShipTo_No": "24"
      }
    },
    {
      "type": "Feature",
      "dealerLocatorProfiles": [],
      "geometry": {
        "type": "Point",
        "coordinates": [
          -109.16683250,
          51.47584200
        ]
      },
      "properties": {
        "ID": "da21315f-0b6d-4eb6-b576-bca35b106e7e",
        "Name": "Kindersley Co-op  Kindersley",
        "Address1": "Box 1120   100-12th Ave. West",
        "Address2": "",
        "City": "Kindersley",
        "Province": "SK",
        "Postal_Code": "S0L 1S0",
        "Country": "Canada",
        "Phone": "(306) 463-3812",
        "Fax": "(306) 463-3960",
        "Web_Site": "",
        "Dealer_Website_Enabled": "true",
        "Dealer_Website_Ranking": "0",
        "Customer_No": "62156",
        "ShipTo_No": "103",
        "Primary_Contact": "Bruce Falk",
        "SK__S_W_": "true"
      }
    },
    {
      "type": "Feature",
      "dealerLocatorProfiles": [],
      "geometry": {
        "type": "Point",
        "coordinates": [
          -113.81554860,
          52.30781410
        ]
      },
      "properties": {
        "ID": "da2684ed-2bc8-4802-9621-bf43ab5d98dd",
        "Name": "Rona-Red Deer North #622",
        "Address1": "7730 Gaetz Avenue N",
        "Address2": "",
        "City": "Red Deer",
        "Province": "AB",
        "Postal_Code": "T4P 2A5",
        "Country": "Canada",
        "Phone": "",
        "Fax": "",
        "Web_Site": "",
        "Dealer_Website_Enabled": "true",
        "Customer_No": "43600",
        "ShipTo_No": "144"
      }
    },
    {
      "type": "Feature",
      "dealerLocatorProfiles": [],
      "geometry": {
        "type": "Point",
        "coordinates": [
          -108.45916120979413,
          52.20178138817784
        ]
      },
      "properties": {
        "ID": "da344cc8-6ce9-4857-a3dd-b346c63f3fa2",
        "Name": "Central Plains Co-op (Landis)",
        "Address1": "P.O. Box 40    Main Street",
        "Address2": "",
        "City": "Landis",
        "Province": "SK",
        "Postal_Code": "S0K 2K0",
        "Country": "Canada",
        "Phone": "(306) 658-2234",
        "Fax": "(306) 658-2200",
        "Web_Site": "",
        "Dealer_Website_Enabled": "true",
        "Dealer_Website_Ranking": "0",
        "Customer_No": "62156",
        "ShipTo_No": "109",
        "SK__S_W_": "true"
      }
    },
    {
      "type": "Feature",
      "dealerLocatorProfiles": [],
      "geometry": {
        "type": "Point",
        "coordinates": [
          -119.43194600,
          55.20792200
        ]
      },
      "properties": {
        "ID": "da47715c-b543-4216-8399-97cb32a3269a",
        "Name": "Beaverlodge Home Bldg Centre",
        "Address1": "301, 7th Street West",
        "Address2": "Box 179",
        "City": "Beaverlodge",
        "Province": "AB",
        "Postal_Code": "T0H 0C0",
        "Country": "Canada",
        "Phone": "(780) 354-2233",
        "Fax": "(780) 354-2234",
        "Web_Site": "",
        "Dealer_Website_Enabled": "true",
        "Dealer_Website_Ranking": "0",
        "Customer_No": "2063",
        "ShipTo_No": "497"
      }
    },
    {
      "type": "Feature",
      "dealerLocatorProfiles": [],
      "geometry": {
        "type": "Point",
        "coordinates": [
          -112.13602720,
          49.78544870
        ]
      },
      "properties": {
        "ID": "da512f92-2202-4cde-92a9-439968f761fd",
        "Name": "Taber Home Hardware Bldg.Centr",
        "Address1": "5800 - 50th Avenue",
        "Address2": "",
        "City": "Taber",
        "Province": "AB",
        "Postal_Code": "T1G 0A2",
        "Country": "Canada",
        "Phone": "(403) 223-1122",
        "Fax": "(403) 223-9688",
        "Web_Site": "",
        "Dealer_Website_Enabled": "true",
        "Dealer_Website_Ranking": "0",
        "Customer_No": "2063",
        "ShipTo_No": "137",
        "Primary_Contact": "Rick Kiers"
      }
    },
    {
      "type": "Feature",
      "dealerLocatorProfiles": [],
      "geometry": {
        "type": "Point",
        "coordinates": [
          -111.27191940,
          53.99235790
        ]
      },
      "properties": {
        "ID": "da8566be-f7da-42f3-b26a-0650a9b599c6",
        "Name": "Cornerstone Co-op St Paul Home &amp; Agro",
        "Address1": "#3, 5017 - 42nd St",
        "Address2": "",
        "City": "St Paul",
        "Province": "AB",
        "Postal_Code": "T0A 3A2",
        "Country": "Canada",
        "Phone": "(780) 645-3351",
        "Fax": "(780) 645-4624",
        "Web_Site": "",
        "Dealer_Website_Enabled": "true",
        "Dealer_Website_Ranking": "0",
        "Customer_No": "62156",
        "ShipTo_No": "213"
      }
    },
    {
      "type": "Feature",
      "dealerLocatorProfiles": [],
      "geometry": {
        "type": "Point",
        "coordinates": [
          -111.35365120,
          56.71887280
        ]
      },
      "properties": {
        "ID": "da979e06-b962-413f-8108-1669c8e78a10",
        "Name": "Rona Fort Mcmurray.",
        "Address1": "8408 Manning Avenue",
        "Address2": "",
        "City": "Fort Mcmurray",
        "Province": "AB",
        "Postal_Code": "T9H 5G2",
        "Country": "Canada",
        "Phone": "(780) 743-4666",
        "Fax": "(780) 743-2500",
        "Web_Site": "",
        "Dealer_Website_Enabled": "true",
        "Dealer_Website_Ranking": "0",
        "Customer_No": "43600",
        "ShipTo_No": "9"
      }
    },
    {
      "type": "Feature",
      "dealerLocatorProfiles": [],
      "geometry": {
        "type": "Point",
        "coordinates": [
          -123.74855230,
          48.79187340
        ]
      },
      "properties": {
        "ID": "dac9ad71-5d48-486f-aeff-573e64f9f654",
        "Name": "ABC Supply - Duncan Cedar Grove (Formerly)",
        "Address1": "3527 Cowichan Lake Rd.",
        "Address2": "",
        "City": "Duncan",
        "Province": "BC",
        "Postal_Code": "V9L 6K5",
        "Country": "Canada",
        "Phone": "(250) 709-2361",
        "Fax": "(250) 709-2163",
        "Web_Site": "",
        "Dealer_Website_Enabled": "true",
        "Dealer_Website_Ranking": "0",
        "Customer_No": "3900",
        "ShipTo_No": "7",
        "Primary_Contact": "Cam Hamilton"
      }
    },
    {
      "type": "Feature",
      "dealerLocatorProfiles": [],
      "geometry": {
        "type": "Point",
        "coordinates": [
          -103.98201600,
          51.31229800
        ]
      },
      "properties": {
        "ID": "db02504f-51a9-4364-9b97-b67a21f84243",
        "Name": "Lestock Co-op",
        "Address1": "Box 250",
        "Address2": "",
        "City": "Lestock",
        "Province": "SK",
        "Postal_Code": "S0A 2G0",
        "Country": "Canada",
        "Phone": "(306) 274-2055",
        "Fax": "(306) 274-2105",
        "Web_Site": "",
        "Dealer_Website_Enabled": "true",
        "Dealer_Website_Ranking": "0",
        "Customer_No": "62156",
        "ShipTo_No": "118"
      }
    },
    {
      "type": "Feature",
      "dealerLocatorProfiles": [],
      "geometry": {
        "type": "Point",
        "coordinates": [
          -120.33183970,
          50.71085090
        ]
      },
      "properties": {
        "ID": "db0a6333-509b-48bb-9c03-b3d1fee2ca96",
        "Name": "Kamloops Home Hardware Building Centre",
        "Address1": "1325 Josep Way",
        "Address2": "",
        "City": "Kamloops",
        "Province": "BC",
        "Postal_Code": "V2H 1N6",
        "Country": "Canada",
        "Phone": "(250) 377-7234",
        "Fax": "(250) 377-7256",
        "Web_Site": "",
        "Dealer_Website_Enabled": "true",
        "Dealer_Website_Ranking": "0",
        "Customer_No": "2063",
        "ShipTo_No": "242",
        "Primary_Contact": "Brad Eliasa"
      }
    },
    {
      "type": "Feature",
      "dealerLocatorProfiles": [],
      "geometry": {
        "type": "Point",
        "coordinates": [
          -123.15114540,
          49.71949140
        ]
      },
      "properties": {
        "ID": "db254d39-f1b1-4bd2-9e6e-75b6dec7d09d",
        "Name": "RONA Home Centre - Squamish",
        "Address1": "39009 Discovery Way",
        "Address2": "",
        "City": "Squamish",
        "Province": "BC",
        "Postal_Code": "V0N 3G0",
        "Country": "Canada",
        "Phone": "(604) 892-3551",
        "Fax": "(604) 892-5799",
        "Web_Site": "",
        "Dealer_Website_Enabled": "true",
        "Dealer_Website_Ranking": "0",
        "Customer_No": "43600",
        "ShipTo_No": "58"
      }
    },
    {
      "type": "Feature",
      "dealerLocatorProfiles": [],
      "geometry": {
        "type": "Point",
        "coordinates": [
          -110.66424910,
          51.67438890
        ]
      },
      "properties": {
        "ID": "db2c41f1-70f4-4a38-b65c-f996067acd3f",
        "Name": "Sedalia Co-op",
        "Address1": "Box 31",
        "Address2": "Railway Ave &amp; Main Street",
        "City": "Sedalia",
        "Province": "AB",
        "Postal_Code": "T0J 3C0",
        "Country": "Canada",
        "Phone": "(403) 326-2152",
        "Fax": "(403) 326-2152",
        "Web_Site": "",
        "Dealer_Website_Enabled": "true",
        "Customer_No": "62156",
        "ShipTo_No": "406"
      }
    },
    {
      "type": "Feature",
      "dealerLocatorProfiles": [],
      "geometry": {
        "type": "Point",
        "coordinates": [
          -125.25155140,
          50.02732870
        ]
      },
      "properties": {
        "ID": "db928b6f-577b-4ba8-a5d1-58f6aaea8abd",
        "Name": "Pioneer Home Hardware Bldg Ctr",
        "Address1": "1270 Dogwood Street",
        "Address2": "",
        "City": "Campbell River",
        "Province": "BC",
        "Postal_Code": "V9W 3A4",
        "Country": "Canada",
        "Phone": "(250) 287-7147",
        "Fax": "(250) 287-8638",
        "Web_Site": "",
        "Dealer_Website_Enabled": "true",
        "Dealer_Website_Ranking": "0",
        "Customer_No": "2063",
        "ShipTo_No": "259",
        "Primary_Contact": "Allison Kilby"
      }
    },
    {
      "type": "Feature",
      "dealerLocatorProfiles": [],
      "geometry": {
        "type": "Point",
        "coordinates": [
          -81.31179030,
          45.02156300
        ]
      },
      "properties": {
        "ID": "dbaf2cba-5460-4688-a965-7c5ddb3b4efa",
        "Name": "Wilson Home Building Centre",
        "Address1": "#3458 Hwy 6",
        "Address2": "",
        "City": "Lions Head",
        "Province": "ON",
        "Postal_Code": "N0H 1W0",
        "Country": "Canada",
        "Phone": "(519) 793-3610",
        "Fax": "(519) 793-3640",
        "Web_Site": "",
        "Dealer_Website_Enabled": "true",
        "Dealer_Website_Ranking": "0",
        "Customer_No": "2063",
        "ShipTo_No": "527"
      }
    },
    {
      "type": "Feature",
      "dealerLocatorProfiles": [],
      "geometry": {
        "type": "Point",
        "coordinates": [
          -101.24326970,
          52.10680870
        ]
      },
      "properties": {
        "ID": "dc36a160-3ee1-4932-b8d5-fd2db5a16586",
        "Name": "Valley Door Systems",
        "Address1": "Box 1696, 1663 Main Street E.",
        "Address2": "",
        "City": "Swan River",
        "Province": "MB",
        "Postal_Code": "R0L 1Z0",
        "Country": "Canada",
        "Phone": "(204) 734-3671",
        "Fax": "(204) 734-3660",
        "Web_Site": "",
        "Dealer_Website_Enabled": "true",
        "Dealer_Website_Ranking": "0",
        "Customer_No": "62156",
        "ShipTo_No": "233",
        "Primary_Contact": "John Machan",
        "Route_#6": "true"
      }
    },
    {
      "type": "Feature",
      "dealerLocatorProfiles": [],
      "geometry": {
        "type": "Point",
        "coordinates": [
          -112.11862570,
          53.82767570
        ]
      },
      "properties": {
        "ID": "dc38d52d-21d7-4f30-97a5-26c4ff2407db",
        "Name": "Bid&#39;s General Sup. Ltd.(1991)",
        "Address1": "5012-50 Street",
        "Address2": "P.O. Box 330",
        "City": "Willingdon",
        "Province": "AB",
        "Postal_Code": "T0B 4R0",
        "Country": "Canada",
        "Phone": "(780) 367-2221",
        "Fax": "(780) 367-2299",
        "Web_Site": "",
        "Dealer_Website_Enabled": "true",
        "Dealer_Website_Ranking": "0",
        "Customer_No": "2070",
        "ShipTo_No": "143"
      }
    },
    {
      "type": "Feature",
      "dealerLocatorProfiles": [],
      "geometry": {
        "type": "Point",
        "coordinates": [
          -112.83493020,
          49.70239000
        ]
      },
      "properties": {
        "ID": "dc49ff7d-675c-458c-ac11-7eec0af4f5a8",
        "Name": "Lealta Building Supplies Ltd",
        "Address1": "240 Stafford Dr N",
        "Address2": "",
        "City": "Lethbridge",
        "Province": "AB",
        "Postal_Code": "T1H 6N6",
        "Country": "Canada",
        "Phone": "(403) 328-3031",
        "Fax": "(403) 329-8098",
        "Web_Site": "",
        "Dealer_Website_Enabled": "true",
        "Dealer_Website_Ranking": "0",
        "Customer_No": "2070",
        "ShipTo_No": "63"
      }
    },
    {
      "type": "Feature",
      "dealerLocatorProfiles": [],
      "geometry": {
        "type": "Point",
        "coordinates": [
          -120.79475680,
          56.23971310
        ]
      },
      "properties": {
        "ID": "dcef6d00-3ff3-4d85-81c1-984fcf5eeab0",
        "Name": "Convoy Supply Ltd - Ft St John",
        "Address1": "9219 72 Street",
        "Address2": "",
        "City": "Fort St John",
        "Province": "BC",
        "Postal_Code": "V1J 4J2",
        "Country": "Canada",
        "Phone": "(250) 785-1318",
        "Fax": "(250) 785-1393",
        "Web_Site": "",
        "Dealer_Website_Enabled": "true",
        "Dealer_Website_Ranking": "0",
        "Customer_No": "400",
        "ShipTo_No": "27"
      }
    },
    {
      "type": "Feature",
      "dealerLocatorProfiles": [],
      "geometry": {
        "type": "Point",
        "coordinates": [
          -122.80653310,
          50.32444080
        ]
      },
      "properties": {
        "ID": "dd04ce51-8af2-4a13-a689-cef4788b3dcf",
        "Name": "RONA Building Centre-Pemberton",
        "Address1": "7456 Prospect Street",
        "Address2": "",
        "City": "Pemberton",
        "Province": "BC",
        "Postal_Code": "V0N 2L0",
        "Country": "Canada",
        "Phone": "(604) 894-5812",
        "Fax": "(604) 894-5792",
        "Web_Site": "",
        "Dealer_Website_Enabled": "true",
        "Dealer_Website_Ranking": "0",
        "Customer_No": "43600",
        "ShipTo_No": "57",
        "Primary_Contact": "Ernesto Cruz"
      }
    },
    {
      "type": "Feature",
      "dealerLocatorProfiles": [],
      "geometry": {
        "type": "Point",
        "coordinates": [
          -79.92388440,
          46.36579540
        ]
      },
      "properties": {
        "ID": "dd6171ac-5e3b-47f5-8545-a43536471052",
        "Name": "Sturgeon Falls HHBC",
        "Address1": "118 Front Street",
        "Address2": "",
        "City": "Sturgeon Falls",
        "Province": "ON",
        "Postal_Code": "P2B 2H8",
        "Country": "Canada",
        "Phone": "(705) 753-0810",
        "Fax": "(705) 753-0181",
        "Web_Site": "",
        "Dealer_Website_Enabled": "true",
        "Dealer_Website_Ranking": "0",
        "Customer_No": "2063",
        "ShipTo_No": "432"
      }
    },
    {
      "type": "Feature",
      "dealerLocatorProfiles": [],
      "geometry": {
        "type": "Point",
        "coordinates": [
          -117.15011620,
          58.50742540
        ]
      },
      "properties": {
        "ID": "de0f3df5-14af-4173-be8a-6fd3a0ad4bf8",
        "Name": "High Level Home Hardware Building Centre",
        "Address1": "6 Gateway Blvd",
        "Address2": "",
        "City": "High Level",
        "Province": "AB",
        "Postal_Code": "T0H 1Z0",
        "Country": "Canada",
        "Phone": "(780) 926-3575",
        "Fax": "(780) 926-3505",
        "Web_Site": "",
        "Dealer_Website_Enabled": "true",
        "Dealer_Website_Ranking": "0",
        "Customer_No": "2063",
        "ShipTo_No": "268"
      }
    },
    {
      "type": "Feature",
      "dealerLocatorProfiles": [],
      "geometry": {
        "type": "Point",
        "coordinates": [
          -81.43415350,
          45.08912630
        ]
      },
      "properties": {
        "ID": "dea2beeb-3ad2-4e8e-a6ab-5720d05f4299",
        "Name": "Miller Lake Rona 7:30am-5:00pm",
        "Address1": "4707 Highway #6",
        "Address2": "",
        "City": "Miller Lake",
        "Province": "ON",
        "Postal_Code": "N0H 1Z0",
        "Country": "Canada",
        "Phone": "(519) 795-7729",
        "Fax": "(519) 795-7733",
        "Web_Site": "jeremy.mcmillan%40doidgegroup.ca",
        "Dealer_Website_Enabled": "true",
        "Customer_No": "43600",
        "ShipTo_No": "196"
      }
    },
    {
      "type": "Feature",
      "dealerLocatorProfiles": [],
      "geometry": {
        "type": "Point",
        "coordinates": [
          -103.86177420,
          49.66325430
        ]
      },
      "properties": {
        "ID": "deb8e51e-43f1-48bd-a00e-66036595589a",
        "Name": "Prairie Sky Co-op - Weyburn",
        "Address1": "15 Courtlin Road",
        "Address2": "",
        "City": "Weyburn",
        "Province": "SK",
        "Postal_Code": "S4H 1M5",
        "Country": "Canada",
        "Phone": "(306) 848-3691",
        "Fax": "(306) 848-3674",
        "Web_Site": "",
        "Dealer_Website_Enabled": "true",
        "Dealer_Website_Ranking": "0",
        "Customer_No": "62156",
        "ShipTo_No": "246",
        "SK__S_E_": "true"
      }
    },
    {
      "type": "Feature",
      "dealerLocatorProfiles": [],
      "geometry": {
        "type": "Point",
        "coordinates": [
          -76.67889880,
          44.78723290
        ]
      },
      "properties": {
        "ID": "dee40dfc-c10b-4524-8d81-db17ba204742",
        "Name": "Sharbot Lake Home Hardware",
        "Address1": "14593 Road 38",
        "Address2": "HOURS 8AM-5PM",
        "City": "Sharbot Lake",
        "Province": "ON",
        "Postal_Code": "K0H 2P0",
        "Country": "Canada",
        "Phone": "(613) 279-2947",
        "Fax": "(613) 279-3347",
        "Web_Site": "",
        "Dealer_Website_Enabled": "true",
        "Dealer_Website_Ranking": "0",
        "Customer_No": "2063",
        "ShipTo_No": "473"
      }
    },
    {
      "type": "Feature",
      "dealerLocatorProfiles": [],
      "geometry": {
        "type": "Point",
        "coordinates": [
          -112.70571350,
          52.32780560
        ]
      },
      "properties": {
        "ID": "df7bec91-63c9-470c-b5e7-940c4bed3f64",
        "Name": "Schwartz Home Building Centre",
        "Address1": "5002 - 51st Avenue",
        "Address2": "",
        "City": "Stettler",
        "Province": "AB",
        "Postal_Code": "T0C 2L0",
        "Country": "Canada",
        "Phone": "(403) 742-3385",
        "Fax": "(403) 742-2246",
        "Web_Site": "",
        "Dealer_Website_Enabled": "true",
        "Dealer_Website_Ranking": "0",
        "Customer_No": "2063",
        "ShipTo_No": "132",
        "Primary_Contact": "Les Schwartz"
      }
    },
    {
      "type": "Feature",
      "dealerLocatorProfiles": [],
      "geometry": {
        "type": "Point",
        "coordinates": [
          -98.34647090,
          49.65772900
        ]
      },
      "properties": {
        "ID": "dfd861d9-be6d-4831-9940-af165139558d",
        "Name": "Pembina Co-op (St. Claude)",
        "Address1": "P.O. Box 361  39 Aspen St. N",
        "Address2": "",
        "City": "St. Claude",
        "Province": "MB",
        "Postal_Code": "R0G 1Z0",
        "Country": "Canada",
        "Phone": "(204) 379-2078",
        "Fax": "(204) 379-2501",
        "Web_Site": "",
        "Dealer_Website_Enabled": "true",
        "Dealer_Website_Ranking": "0",
        "Customer_No": "62156",
        "ShipTo_No": "154",
        "Primary_Contact": "Matt Almey",
        "Route_#1": "true",
        "Route_#7": "true"
      }
    },
    {
      "type": "Feature",
      "dealerLocatorProfiles": [],
      "geometry": {
        "type": "Point",
        "coordinates": [
          -99.46677140,
          50.22770440
        ]
      },
      "properties": {
        "ID": "e0bf47fc-fe66-4922-845d-e0352a626823",
        "Name": "Neepawa Co-op  (Neepawa)",
        "Address1": "P.O. Box 879",
        "Address2": "85116 PTH16",
        "City": "Neepawa",
        "Province": "MB",
        "Postal_Code": "R0J 1H0",
        "Country": "Canada",
        "Phone": "(204) 476-3456",
        "Fax": "",
        "Web_Site": "",
        "Dealer_Website_Enabled": "true",
        "Dealer_Website_Ranking": "0",
        "Customer_No": "62156",
        "ShipTo_No": "141",
        "Route_#3": "true"
      }
    },
    {
      "type": "Feature",
      "dealerLocatorProfiles": [],
      "geometry": {
        "type": "Point",
        "coordinates": [
          -108.41379840,
          49.64822400
        ]
      },
      "properties": {
        "ID": "e100749c-1fb5-40be-bd2c-c4eaa4e370d8",
        "Name": "Pioneer Co-op (Shaunavon)",
        "Address1": "P.O. Box 880",
        "Address2": "525 3rd Ave West",
        "City": "Shaunavon",
        "Province": "SK",
        "Postal_Code": "S0N 2M0",
        "Country": "Canada",
        "Phone": "(306) 297-2662",
        "Fax": "(306) 297-3199",
        "Web_Site": "",
        "Dealer_Website_Enabled": "true",
        "Dealer_Website_Ranking": "0",
        "Customer_No": "62156",
        "ShipTo_No": "200"
      }
    },
    {
      "type": "Feature",
      "dealerLocatorProfiles": [],
      "geometry": {
        "type": "Point",
        "coordinates": [
          -123.70300630,
          48.78552650
        ]
      },
      "properties": {
        "ID": "e1284ee2-536a-4478-8787-d370c2718955",
        "Name": "Duncan Home Hardware Building Centre",
        "Address1": "2656 Beverly Street",
        "Address2": "",
        "City": "Duncan",
        "Province": "BC",
        "Postal_Code": "V9L 5C7",
        "Country": "Canada",
        "Phone": "(250) 737-2200",
        "Fax": "(778) 455-1563",
        "Web_Site": "",
        "Dealer_Website_Enabled": "true",
        "Dealer_Website_Ranking": "0",
        "Customer_No": "2063",
        "ShipTo_No": "41"
      }
    },
    {
      "type": "Feature",
      "dealerLocatorProfiles": [],
      "geometry": {
        "type": "Point",
        "coordinates": [
          -120.86248280,
          56.24452990
        ]
      },
      "properties": {
        "ID": "e15ef9b3-15e5-441a-950a-05cac51e3439",
        "Name": "Fort St. John Home Bldg Centre",
        "Address1": "9820-108 St.",
        "Address2": "",
        "City": "Fort St John",
        "Province": "BC",
        "Postal_Code": "V1J 0A7",
        "Country": "Canada",
        "Phone": "(250) 787-0371",
        "Fax": "(250) 787-7036",
        "Web_Site": "",
        "Dealer_Website_Enabled": "true",
        "Dealer_Website_Ranking": "0",
        "Customer_No": "2063",
        "ShipTo_No": "50",
        "Primary_Contact": "Bert Rothwell"
      }
    },
    {
      "type": "Feature",
      "dealerLocatorProfiles": [],
      "geometry": {
        "type": "Point",
        "coordinates": [
          -113.64539650,
          53.80047780
        ]
      },
      "properties": {
        "ID": "e15fd5fc-3d59-4c13-899e-9eb877e0d7f0",
        "Name": "Morinville Home Hardware",
        "Address1": "9910 - 100 Street",
        "Address2": "",
        "City": "Morinville",
        "Province": "AB",
        "Postal_Code": "T8R 1R4",
        "Country": "Canada",
        "Phone": "",
        "Fax": "",
        "Web_Site": "",
        "Dealer_Website_Enabled": "true",
        "Customer_No": "2063",
        "ShipTo_No": "556"
      }
    },
    {
      "type": "Feature",
      "dealerLocatorProfiles": [],
      "geometry": {
        "type": "Point",
        "coordinates": [
          -112.80811930,
          53.02016080
        ]
      },
      "properties": {
        "ID": "e1d3a8b0-046b-4ab7-aa58-22e1f4fb3948",
        "Name": "U.F.A. Camrose",
        "Address1": "3909 - 51st Ave.",
        "Address2": "",
        "City": "Camrose",
        "Province": "AB",
        "Postal_Code": "T4V 2N4",
        "Country": "Canada",
        "Phone": "(780) 672-1117",
        "Fax": "(670) 672-6584",
        "Web_Site": "",
        "Dealer_Website_Enabled": "true",
        "Dealer_Website_Ranking": "0",
        "Customer_No": "2070",
        "ShipTo_No": "162"
      }
    },
    {
      "type": "Feature",
      "dealerLocatorProfiles": [],
      "geometry": {
        "type": "Point",
        "coordinates": [
          -105.73967820,
          52.64918450
        ]
      },
      "properties": {
        "ID": "e2a16336-0e7d-446d-8840-9454652d0216",
        "Name": "Lake Country Co-op(Wakaw)",
        "Address1": "204-1st Street S",
        "Address2": "",
        "City": "Wakaw",
        "Province": "SK",
        "Postal_Code": "S0K 4P0",
        "Country": "Canada",
        "Phone": "(306) 233-4202",
        "Fax": "(306) 233-5539",
        "Web_Site": "",
        "Dealer_Website_Enabled": "true",
        "Dealer_Website_Ranking": "0",
        "Customer_No": "62156",
        "ShipTo_No": "179"
      }
    },
    {
      "type": "Feature",
      "dealerLocatorProfiles": [],
      "geometry": {
        "type": "Point",
        "coordinates": [
          -81.264831,
          44.2867587
        ]
      },
      "properties": {
        "ID": "e2c58ab5-da30-4129-87fa-e6bbdc2e1b53",
        "Name": "Allen&#39;s Home Hdwe Bldg. Ctr",
        "Address1": "3098 Bruce Road 3, Box 599",
        "Address2": "8:00am-5:30pm",
        "City": "Paisley",
        "Province": "ON",
        "Postal_Code": "N0G 2N0",
        "Country": "Canada",
        "Phone": "(519) 353-5150",
        "Fax": "(519) 353-5045",
        "Web_Site": "",
        "Dealer_Website_Enabled": "true",
        "Dealer_Website_Ranking": "0",
        "Customer_No": "2063",
        "ShipTo_No": "391",
        "Primary_Contact": "Quinn Allen"
      }
    },
    {
      "type": "Feature",
      "dealerLocatorProfiles": [],
      "geometry": {
        "type": "Point",
        "coordinates": [
          -110.76305720,
          50.07663460
        ]
      },
      "properties": {
        "ID": "e2f162a1-c65f-41af-a85b-93e7a699bb25",
        "Name": "Kenroc Building Materials Co.",
        "Address1": "1650 Broadway Ave SE",
        "Address2": "",
        "City": "Redcliff",
        "Province": "AB",
        "Postal_Code": "T0J 2P0",
        "Country": "Canada",
        "Phone": "",
        "Fax": "",
        "Web_Site": "",
        "Dealer_Website_Enabled": "true",
        "Customer_No": "2070",
        "ShipTo_No": "295"
      }
    },
    {
      "type": "Feature",
      "dealerLocatorProfiles": [],
      "geometry": {
        "type": "Point",
        "coordinates": [
          -116.52263720,
          49.11561310
        ]
      },
      "properties": {
        "ID": "e356dc76-74ca-413d-942f-1f293437defa",
        "Name": "Creston Home Hardware Building Centre",
        "Address1": "1608 Northwest Blvd",
        "Address2": "Box 818",
        "City": "Creston",
        "Province": "BC",
        "Postal_Code": "V0B 1G0",
        "Country": "Canada",
        "Phone": "(250) 428-9388",
        "Fax": "(250) 428-7718",
        "Web_Site": "",
        "Dealer_Website_Enabled": "true",
        "Dealer_Website_Ranking": "0",
        "Customer_No": "2063",
        "ShipTo_No": "30",
        "Primary_Contact": "Kelly Mehrer"
      }
    },
    {
      "type": "Feature",
      "dealerLocatorProfiles": [],
      "geometry": {
        "type": "Point",
        "coordinates": [
          -114.20413450,
          51.12641750
        ]
      },
      "properties": {
        "ID": "e390db7a-9938-486f-9168-550c10cf2eb9",
        "Name": "Rona Home Centres Inc.Crowfoot",
        "Address1": "90 Crowfoot Way N.W. -",
        "Address2": "",
        "City": "Calgary",
        "Province": "AB",
        "Postal_Code": "T3G 4C8",
        "Country": "Canada",
        "Phone": "(403) 239-5850",
        "Fax": "(403) 239-5771",
        "Web_Site": "",
        "Dealer_Website_Enabled": "true",
        "Dealer_Website_Ranking": "0",
        "Customer_No": "43600",
        "ShipTo_No": "15"
      }
    },
    {
      "type": "Feature",
      "dealerLocatorProfiles": [],
      "geometry": {
        "type": "Point",
        "coordinates": [
          -108.28049860,
          52.76542570
        ]
      },
      "properties": {
        "ID": "e393d1df-25da-43fe-b088-f2b7eeb9b0ae",
        "Name": "Home Hardware Bldg Centre North Battleford",
        "Address1": "11301-6th Ave.",
        "Address2": "",
        "City": "North Battleford",
        "Province": "SK",
        "Postal_Code": "S9A 3W2",
        "Country": "Canada",
        "Phone": "(306) 445-3350",
        "Fax": "(306) 446-2366",
        "Web_Site": "",
        "Dealer_Website_Enabled": "true",
        "Dealer_Website_Ranking": "0",
        "Customer_No": "2063",
        "ShipTo_No": "187",
        "Primary_Contact": "Gabe Daigneau"
      }
    },
    {
      "type": "Feature",
      "dealerLocatorProfiles": [],
      "geometry": {
        "type": "Point",
        "coordinates": [
          -79.41399400,
          44.92916100
        ]
      },
      "properties": {
        "ID": "e3b599a0-e91c-4445-b3f1-1f66c4f7644d",
        "Name": "Gravenhurst HBC",
        "Address1": "1111 Muskoka Road 169",
        "Address2": "HOURS 7AM-6PM",
        "City": "Gravenhurst",
        "Province": "ON",
        "Postal_Code": "P1P 1T7",
        "Country": "Canada",
        "Phone": "(705) 687-2289",
        "Fax": "(705) 687-2961",
        "Web_Site": "",
        "Dealer_Website_Enabled": "true",
        "Dealer_Website_Ranking": "0",
        "Customer_No": "2063",
        "ShipTo_No": "394",
        "Primary_Contact": "Bob Collins"
      }
    },
    {
      "type": "Feature",
      "dealerLocatorProfiles": [],
      "geometry": {
        "type": "Point",
        "coordinates": [
          -112.81249600,
          54.58729790
        ]
      },
      "properties": {
        "ID": "e3bb423c-7324-491a-bcef-8274a697c007",
        "Name": "North Corridor Co-op - Boyle",
        "Address1": "P.O. Box 8, 4208 Taylor Road",
        "Address2": "",
        "City": "Boyle",
        "Province": "AB",
        "Postal_Code": "T0A 0M0",
        "Country": "Canada",
        "Phone": "(780) 689-3751",
        "Fax": "(780) 689-3991",
        "Web_Site": "",
        "Dealer_Website_Enabled": "true",
        "Dealer_Website_Ranking": "0",
        "Customer_No": "62156",
        "ShipTo_No": "25"
      }
    },
    {
      "type": "Feature",
      "dealerLocatorProfiles": [],
      "geometry": {
        "type": "Point",
        "coordinates": [
          -106.28634910,
          50.87469840
        ]
      },
      "properties": {
        "ID": "e3cd98a8-577d-4842-b762-15d0ec12d713",
        "Name": "Pioneer Co-op (Tugaske)",
        "Address1": "Box 100",
        "Address2": "110 Ogema St",
        "City": "Tugaske",
        "Province": "SK",
        "Postal_Code": "S0H 4B0",
        "Country": "Canada",
        "Phone": "(306) 759-2222",
        "Fax": "(306) 759-2227",
        "Web_Site": "",
        "Dealer_Website_Enabled": "true",
        "Dealer_Website_Ranking": "0",
        "Customer_No": "62156",
        "ShipTo_No": "225"
      }
    },
    {
      "type": "Feature",
      "dealerLocatorProfiles": [],
      "geometry": {
        "type": "Point",
        "coordinates": [
          -79.29934860,
          45.01958700
        ]
      },
      "properties": {
        "ID": "e42d0acc-1f6a-4190-a806-00b17dad25cd",
        "Name": "Simcoe Building Centre",
        "Address1": "261 Cedar Lane",
        "Address2": "HOURS 7AM-5PM",
        "City": "Bracebridge",
        "Province": "ON",
        "Country": "Canada",
        "Phone": "(705) 645-5296",
        "Fax": "(705) 645-7240",
        "Web_Site": "",
        "Dealer_Website_Enabled": "true",
        "Dealer_Website_Ranking": "0",
        "Customer_No": "21643",
        "ShipTo_No": "2"
      }
    },
    {
      "type": "Feature",
      "dealerLocatorProfiles": [],
      "geometry": {
        "type": "Point",
        "coordinates": [
          -79.33305860,
          44.74928190
        ]
      },
      "properties": {
        "ID": "e461f386-d472-41ce-9807-10bb2607c24f",
        "Name": "Washago TimberMart",
        "Address1": "8253 County Road #169",
        "Address2": "PO Box 11",
        "City": "Washago",
        "Province": "ON",
        "Postal_Code": "L0K 2B0",
        "Country": "Canada",
        "Phone": "(705) 689-2626",
        "Fax": "(705) 689-2251",
        "Web_Site": "",
        "Dealer_Website_Enabled": "true",
        "Dealer_Website_Ranking": "0",
        "Customer_No": "2062",
        "ShipTo_No": "360"
      }
    },
    {
      "type": "Feature",
      "dealerLocatorProfiles": [],
      "geometry": {
        "type": "Point",
        "coordinates": [
          -82.15066710,
          45.73207660
        ]
      },
      "properties": {
        "ID": "e4640149-e523-4479-b538-0166b019752d",
        "Name": "Mindemoya Home Hardware",
        "Address1": "5855 Hwy 542, Box 390",
        "Address2": "HOURS 7:30AM-5:30PM",
        "City": "Mindemoya",
        "Province": "ON",
        "Postal_Code": "P0P 1S0",
        "Country": "Canada",
        "Phone": "(705) 377-5341",
        "Fax": "(705) 377-5555",
        "Web_Site": "",
        "Dealer_Website_Enabled": "true",
        "Dealer_Website_Ranking": "0",
        "Customer_No": "2063",
        "ShipTo_No": "390",
        "Primary_Contact": "Michael McKechnie"
      }
    },
    {
      "type": "Feature",
      "dealerLocatorProfiles": [],
      "geometry": {
        "type": "Point",
        "coordinates": [
          -106.62822780,
          52.19538610
        ]
      },
      "properties": {
        "ID": "e4a215be-2cda-49b1-be38-ae58176ef31a",
        "Name": "Security Building Supplies Saskatoon",
        "Address1": "3710 Arthur Rose Avenue",
        "Address2": "",
        "City": "Saskatoon",
        "Province": "SK",
        "Postal_Code": "S7P 0C7",
        "Country": "Canada",
        "Phone": "(306) 934-1100",
        "Fax": "(306) 934-8084",
        "Web_Site": "",
        "Dealer_Website_Enabled": "true",
        "Dealer_Website_Ranking": "0",
        "Customer_No": "2062",
        "ShipTo_No": "359",
        "SK__S_W_": "true"
      }
    },
    {
      "type": "Feature",
      "dealerLocatorProfiles": [],
      "geometry": {
        "type": "Point",
        "coordinates": [
          -110.71671910,
          54.27290000
        ]
      },
      "properties": {
        "ID": "e59a72a9-3cce-472d-bcaf-e8e7a767603f",
        "Name": "Lakeland Co-op Home Center Bonnyville",
        "Address1": "5411 Eastpointe Way",
        "Address2": "",
        "City": "Bonnyville",
        "Province": "AB",
        "Postal_Code": "T9N 0E7",
        "Country": "Canada",
        "Phone": "(780) 826-2125",
        "Fax": "(780) 826-3184",
        "Web_Site": "",
        "Dealer_Website_Enabled": "true",
        "Customer_No": "62156",
        "ShipTo_No": "456"
      }
    },
    {
      "type": "Feature",
      "dealerLocatorProfiles": [],
      "geometry": {
        "type": "Point",
        "coordinates": [
          -98.61622590,
          49.34958490
        ]
      },
      "properties": {
        "ID": "e5cb1ed5-c408-41e7-96d0-9c82701ce6e7",
        "Name": "Rondeau Enterprises Ltd",
        "Address1": "6 Bale du Lac  Box 5026",
        "Address2": "",
        "City": "St. Leon",
        "Province": "MB",
        "Postal_Code": "R0G 2E0",
        "Country": "Canada",
        "Phone": "(204) 744-2795",
        "Fax": "(204) 744-2036",
        "Web_Site": "",
        "Dealer_Website_Enabled": "true",
        "Dealer_Website_Ranking": "0",
        "Customer_No": "2070",
        "ShipTo_No": "112",
        "Primary_Contact": "Fern Rondeau"
      }
    },
    {
      "type": "Feature",
      "dealerLocatorProfiles": [],
      "geometry": {
        "type": "Point",
        "coordinates": [
          -123.08136220,
          49.19435710
        ]
      },
      "properties": {
        "ID": "e60e9e7c-1a58-4747-8350-c6824e8d36d5",
        "Name": "Home Depot Canada - Richmond",
        "Address1": "2700 Sweden Way",
        "Address2": "Store 7043",
        "City": "Richmond",
        "Province": "BC",
        "Postal_Code": "V6V 2W8",
        "Country": "Canada",
        "Phone": "(604) 303-9882",
        "Fax": "(604) 303-9508",
        "Web_Site": "",
        "Dealer_Website_Enabled": "true",
        "Dealer_Website_Ranking": "0",
        "Customer_No": "199909",
        "ShipTo_No": "32"
      }
    },
    {
      "type": "Feature",
      "dealerLocatorProfiles": [],
      "geometry": {
        "type": "Point",
        "coordinates": [
          -98.77990000,
          49.96587000
        ]
      },
      "properties": {
        "ID": "e622eda4-0a2d-4a01-8d85-4c3a90be0df1",
        "Name": "Homestead Consumers Co-op (MacGregor)",
        "Address1": "P.O. Box 280",
        "Address2": "66 Hampton Street",
        "City": "Macgregor",
        "Province": "MB",
        "Postal_Code": "R0H 0R0",
        "Country": "Canada",
        "Phone": "(204) 685-2033",
        "Fax": "(204) 685-3047",
        "Web_Site": "",
        "Dealer_Website_Enabled": "true",
        "Dealer_Website_Ranking": "0",
        "Customer_No": "62156",
        "ShipTo_No": "175",
        "Primary_Contact": "Mark Foidart",
        "Route_#9": "true"
      }
    },
    {
      "type": "Feature",
      "dealerLocatorProfiles": [],
      "geometry": {
        "type": "Point",
        "coordinates": [
          -116.46574590,
          55.43388020
        ]
      },
      "properties": {
        "ID": "e67a4d43-65c8-4ba7-ba43-fa56b8d54f71",
        "Name": "POPS Home Hardware Bldg. Ctr.",
        "Address1": "4024 53rd. Ave.",
        "Address2": "P.O. Box 1560",
        "City": "High Prairie",
        "Province": "AB",
        "Postal_Code": "T0G 1E0",
        "Country": "Canada",
        "Phone": "(780) 523-3995",
        "Fax": "(780) 523-5878",
        "Web_Site": "",
        "Dealer_Website_Enabled": "true",
        "Dealer_Website_Ranking": "0",
        "Customer_No": "2063",
        "ShipTo_No": "63"
      }
    },
    {
      "type": "Feature",
      "dealerLocatorProfiles": [],
      "geometry": {
        "type": "Point",
        "coordinates": [
          -113.93869390,
          52.02909
        ]
      },
      "properties": {
        "ID": "e68b99af-95ab-40e2-89f5-44accfb9ebd0",
        "Name": "Central Alberta Co-op-Innisfai",
        "Address1": "5008 44th Ave.",
        "Address2": "",
        "City": "Innisfail",
        "Province": "AB",
        "Postal_Code": "T4G 1P7",
        "Country": "Canada",
        "Phone": "(403) 227-4999",
        "Fax": "(403) 227-5154",
        "Web_Site": "",
        "Dealer_Website_Enabled": "true",
        "Dealer_Website_Ranking": "0",
        "Customer_No": "62156",
        "ShipTo_No": "402"
      }
    },
    {
      "type": "Feature",
      "dealerLocatorProfiles": [],
      "geometry": {
        "type": "Point",
        "coordinates": [
          -122.79249190,
          53.90186200
        ]
      },
      "properties": {
        "ID": "e7a44cc9-76a4-4292-b5ed-ab469e0903b6",
        "Name": "Convoy Supply Ltd - Pr George",
        "Address1": "2261 South Quinn Street",
        "Address2": "",
        "City": "Prince George",
        "Province": "BC",
        "Postal_Code": "V2N 2X4",
        "Country": "Canada",
        "Phone": "(250) 563-4704",
        "Fax": "(250) 563-3205",
        "Web_Site": "",
        "Dealer_Website_Enabled": "true",
        "Dealer_Website_Ranking": "0",
        "Customer_No": "400",
        "ShipTo_No": "10",
        "Primary_Contact": "Brandi Lank"
      }
    },
    {
      "type": "Feature",
      "dealerLocatorProfiles": [],
      "geometry": {
        "type": "Point",
        "coordinates": [
          -123.15114540,
          49.71949140
        ]
      },
      "properties": {
        "ID": "e814354e-676f-4762-8f13-7aabb0c4291f",
        "Name": "Rona Mountain Building Centre",
        "Address1": "39009 Discovery Way",
        "Address2": "",
        "City": "Squamish",
        "Province": "BC",
        "Country": "Canada",
        "Phone": "(604) 892-3551",
        "Fax": "",
        "Web_Site": "",
        "Dealer_Website_Enabled": "true",
        "Dealer_Website_Ranking": "0",
        "Customer_No": "48025",
        "ShipTo_No": "4"
      }
    },
    {
      "type": "Feature",
      "dealerLocatorProfiles": [],
      "geometry": {
        "type": "Point",
        "coordinates": [
          -110.89936380,
          53.89544610
        ]
      },
      "properties": {
        "ID": "e99fddbd-914e-43cb-837d-23073f652e76",
        "Name": "Cal&#39;s Hardware Rona Building Center",
        "Address1": "4819, 50th Street",
        "Address2": "PO Box 99",
        "City": "Elk Point",
        "Province": "AB",
        "Postal_Code": "T0A 1A0",
        "Country": "Canada",
        "Phone": "(780) 724-3763",
        "Fax": "(780) 724-3376",
        "Web_Site": "",
        "Dealer_Website_Enabled": "true",
        "Dealer_Website_Ranking": "0",
        "Customer_No": "43600",
        "ShipTo_No": "59"
      }
    },
    {
      "type": "Feature",
      "dealerLocatorProfiles": [],
      "geometry": {
        "type": "Point",
        "coordinates": [
          -89.24439200,
          48.41061680
        ]
      },
      "properties": {
        "ID": "e9a07ccf-2e2c-4ca1-8ce0-8557805d09c7",
        "Name": "Memorial Home Building Centre",
        "Address1": "901 Memorial Avenue",
        "Address2": "HOURS 8AM-5PM",
        "City": "Thunder Bay",
        "Province": "ON",
        "Postal_Code": "P7B 4A1",
        "Country": "Canada",
        "Phone": "(807) 345-0501",
        "Fax": "(807) 344-7193",
        "Web_Site": "",
        "Dealer_Website_Enabled": "true",
        "Dealer_Website_Ranking": "0",
        "Customer_No": "2063",
        "ShipTo_No": "261",
        "Primary_Contact": "Jerry Rybak"
      }
    },
    {
      "type": "Feature",
      "dealerLocatorProfiles": [],
      "geometry": {
        "type": "Point",
        "coordinates": [
          -107.79956660,
          50.29997180
        ]
      },
      "properties": {
        "ID": "ea0a046c-a42a-4876-942c-893b8206dd1b",
        "Name": "Pioneer Co-op (Swift Current)",
        "Address1": "1150 Central Ave North",
        "Address2": "",
        "City": "Swift Current",
        "Province": "SK",
        "Postal_Code": "S9H 4C8",
        "Country": "Canada",
        "Phone": "(306) 778-8836",
        "Fax": "(306) 778-3424",
        "Web_Site": "",
        "Dealer_Website_Enabled": "true",
        "Dealer_Website_Ranking": "0",
        "Customer_No": "62156",
        "ShipTo_No": "169",
        "SK__S_W_": "true"
      }
    },
    {
      "type": "Feature",
      "dealerLocatorProfiles": [],
      "geometry": {
        "type": "Point",
        "coordinates": [
          -105.99915810,
          49.63435490
        ]
      },
      "properties": {
        "ID": "ea21cc4c-38a5-4546-9b4c-4d206e413379",
        "Name": "Southland Co-op Home Centre (Assiniboia)",
        "Address1": "Box 490, 403 - 1st Ave W",
        "Address2": "",
        "City": "Assiniboia",
        "Province": "SK",
        "Postal_Code": "S0H 0B0",
        "Country": "Canada",
        "Phone": "(306) 642-5944",
        "Fax": "(306) 642-3464",
        "Web_Site": "",
        "Dealer_Website_Enabled": "true",
        "Dealer_Website_Ranking": "0",
        "Customer_No": "62156",
        "ShipTo_No": "9",
        "SK__S_W_": "true"
      }
    },
    {
      "type": "Feature",
      "dealerLocatorProfiles": [],
      "geometry": {
        "type": "Point",
        "coordinates": [
          -123.15190570,
          49.72175080
        ]
      },
      "properties": {
        "ID": "ea67f8b4-268f-4d99-8ee4-77e8f6345546",
        "Name": "Home Depot Canada - Squamish",
        "Address1": "39251 Discovery Way",
        "Address2": "Store #7053",
        "City": "Squamish",
        "Province": "BC",
        "Postal_Code": "V8B 0M9",
        "Country": "Canada",
        "Phone": "",
        "Fax": "",
        "Web_Site": "",
        "Dealer_Website_Enabled": "true",
        "Customer_No": "199909",
        "ShipTo_No": "19"
      }
    },
    {
      "type": "Feature",
      "dealerLocatorProfiles": [],
      "geometry": {
        "type": "Point",
        "coordinates": [
          -122.13752520,
          52.12346290
        ]
      },
      "properties": {
        "ID": "eab048a3-57d2-477d-b15d-09f3eaf091f1",
        "Name": "Central Builders-Williams Lake",
        "Address1": "250 South 6th Avenue",
        "Address2": "",
        "City": "Williams Lake",
        "Province": "BC",
        "Postal_Code": "V2G 1K9",
        "Country": "Canada",
        "Phone": "(250) 392-4232",
        "Fax": "(250) 392-4297",
        "Web_Site": "",
        "Dealer_Website_Enabled": "true",
        "Dealer_Website_Ranking": "0",
        "Customer_No": "2063",
        "ShipTo_No": "159",
        "Primary_Contact": "Scott Tucker"
      }
    },
    {
      "type": "Feature",
      "dealerLocatorProfiles": [],
      "geometry": {
        "type": "Point",
        "coordinates": [
          -80.43195690,
          46.12858930
        ]
      },
      "properties": {
        "ID": "eb1a1559-2b1c-4ba5-a36a-bed00ed55ee5",
        "Name": "Nadon Lumber 2016 Inc 6:00am-6:00pm",
        "Address1": "131 St David Street South",
        "Address2": "",
        "City": "Noelville",
        "Province": "ON",
        "Postal_Code": "P0M 2N0",
        "Country": "Canada",
        "Phone": "(705) 898-2248",
        "Fax": "(705) 898-2156",
        "Web_Site": "",
        "Dealer_Website_Enabled": "true",
        "Dealer_Website_Ranking": "0",
        "Customer_No": "2070",
        "ShipTo_No": "326"
      }
    },
    {
      "type": "Feature",
      "dealerLocatorProfiles": [],
      "geometry": {
        "type": "Point",
        "coordinates": [
          -79.98449490,
          45.91591560
        ]
      },
      "properties": {
        "ID": "eb926c81-0e74-421c-afa7-1fbd88fe8224",
        "Name": "Port Loring HBC",
        "Address1": "11 Wilson Lake Crescent",
        "Address2": "HOURS 8AM-5PM",
        "City": "Port Loring",
        "Province": "ON",
        "Postal_Code": "P0H 1Y0",
        "Country": "Canada",
        "Phone": "(705) 757-2588",
        "Fax": "(705) 757-3034",
        "Web_Site": "",
        "Dealer_Website_Enabled": "true",
        "Dealer_Website_Ranking": "0",
        "Customer_No": "2063",
        "ShipTo_No": "382"
      }
    },
    {
      "type": "Feature",
      "dealerLocatorProfiles": [],
      "geometry": {
        "type": "Point",
        "coordinates": [
          -79.41486720,
          44.60493370
        ]
      },
      "properties": {
        "ID": "ebcf7842-4047-447c-a0b5-a578e7906ca3",
        "Name": "Orillia HHBC",
        "Address1": "5 King Street at West Street",
        "Address2": "",
        "City": "Orillia",
        "Province": "ON",
        "Postal_Code": "L3V 1R2",
        "Country": "Canada",
        "Phone": "(705) 326-7371",
        "Fax": "(705) 326-2303",
        "Web_Site": "",
        "Dealer_Website_Enabled": "true",
        "Dealer_Website_Ranking": "0",
        "Customer_No": "2063",
        "ShipTo_No": "407"
      }
    },
    {
      "type": "Feature",
      "dealerLocatorProfiles": [],
      "geometry": {
        "type": "Point",
        "coordinates": [
          -109.47381600,
          49.90445630
        ]
      },
      "properties": {
        "ID": "ec2b3847-1e81-4f3c-8f9b-ee331461f5ce",
        "Name": "Pioneer Co-op (Maple Creek)",
        "Address1": "P.O. Box 1418, 101 Sydney St.",
        "Address2": "",
        "City": "Maple Creek",
        "Province": "SK",
        "Postal_Code": "S0N 1N0",
        "Country": "Canada",
        "Phone": "(306) 662-2471",
        "Fax": "(306) 662-3070",
        "Web_Site": "",
        "Dealer_Website_Enabled": "true",
        "Dealer_Website_Ranking": "0",
        "Customer_No": "62156",
        "ShipTo_No": "207",
        "Primary_Contact": "Geoff Lucas",
        "SK__S_W_": "true"
      }
    },
    {
      "type": "Feature",
      "dealerLocatorProfiles": [],
      "geometry": {
        "type": "Point",
        "coordinates": [
          -114.23879560,
          52.64047400
        ]
      },
      "properties": {
        "ID": "ec5a51a6-a8d8-4706-b0cd-f3bc938c4d1c",
        "Name": "Rimbey Builders Supp.centre",
        "Address1": "Po Box 1040",
        "Address2": "5024  50th St",
        "City": "Rimbey",
        "Province": "AB",
        "Postal_Code": "T0C 2J0",
        "Country": "Canada",
        "Phone": "(403) 843-2282",
        "Fax": "(403) 843-2910",
        "Web_Site": "",
        "Dealer_Website_Enabled": "true",
        "Customer_No": "1500",
        "ShipTo_No": "17"
      }
    },
    {
      "type": "Feature",
      "dealerLocatorProfiles": [],
      "geometry": {
        "type": "Point",
        "coordinates": [
          -104.17920040,
          51.76523020
        ]
      },
      "properties": {
        "ID": "ecabda45-c3bc-4895-8979-bcf9b81db94e",
        "Name": "Wynyard Co-op",
        "Address1": "P.O. Box 1090",
        "Address2": "571 South Service Road",
        "City": "Wynyard",
        "Province": "SK",
        "Postal_Code": "S0A 4T0",
        "Country": "Canada",
        "Phone": "(306) 554-3644",
        "Fax": "(306) 554-3323",
        "Web_Site": "",
        "Dealer_Website_Enabled": "true",
        "Dealer_Website_Ranking": "0",
        "Customer_No": "62156",
        "ShipTo_No": "249",
        "Primary_Contact": "Darren Wheeler"
      }
    },
    {
      "type": "Feature",
      "dealerLocatorProfiles": [],
      "geometry": {
        "type": "Point",
        "coordinates": [
          -105.8212,
          51.04886
        ]
      },
      "properties": {
        "ID": "ecae49dc-7968-4a43-9489-439fc4b1f8fd",
        "Name": "Pioneer Co-op (Craik)",
        "Address1": "Box 150",
        "Address2": "150 Railway Street",
        "City": "Craik",
        "Province": "SK",
        "Postal_Code": "S0G 0V0",
        "Country": "Canada",
        "Phone": "(306) 734-2616",
        "Fax": "(306) 734-2617",
        "Web_Site": "",
        "Dealer_Website_Enabled": "true",
        "Dealer_Website_Ranking": "0",
        "Customer_No": "62156",
        "ShipTo_No": "44",
        "SK__S_W_": "true"
      }
    },
    {
      "type": "Feature",
      "dealerLocatorProfiles": [],
      "geometry": {
        "type": "Point",
        "coordinates": [
          -113.36657080,
          52.95924390
        ]
      },
      "properties": {
        "ID": "ecba82ab-a8b3-4b2c-b2e8-e0a623b8dd7c",
        "Name": "Wetaskiwin Co-op (Home)",
        "Address1": "3702 - 47th Street",
        "Address2": "",
        "City": "Wetaskiwin",
        "Province": "AB",
        "Postal_Code": "T9A 2J1",
        "Country": "Canada",
        "Phone": "(780) 360-9037",
        "Fax": "",
        "Web_Site": "",
        "Dealer_Website_Enabled": "true",
        "Dealer_Website_Ranking": "0",
        "Customer_No": "62156",
        "ShipTo_No": "245"
      }
    },
    {
      "type": "Feature",
      "dealerLocatorProfiles": [],
      "geometry": {
        "type": "Point",
        "coordinates": [
          -106.64547130,
          52.61398070
        ]
      },
      "properties": {
        "ID": "ece8f9af-ff60-420c-8f25-7deb50999f30",
        "Name": "M &amp; R Building Products Ltd.",
        "Address1": "Box 369 Hwy #312",
        "Address2": "",
        "City": "Waldheim",
        "Province": "SK",
        "Postal_Code": "S0K 4R0",
        "Country": "Canada",
        "Phone": "(306) 945-2207",
        "Fax": "(306) 945-2257",
        "Web_Site": "",
        "Dealer_Website_Enabled": "true",
        "Dealer_Website_Ranking": "0",
        "Customer_No": "2070",
        "ShipTo_No": "222",
        "SK__N_W_": "true"
      }
    },
    {
      "type": "Feature",
      "dealerLocatorProfiles": [],
      "geometry": {
        "type": "Point",
        "coordinates": [
          -97.33654950,
          49.83808880
        ]
      },
      "properties": {
        "ID": "ed390c75-6312-4ea0-b702-1c433d91106c",
        "Name": "Norcen Distributors",
        "Address1": "7727 Wilkes Avenue",
        "Address2": "",
        "City": "Headingly",
        "Province": "MB",
        "Postal_Code": "R4H 1B8",
        "Country": "Canada",
        "Phone": "(204) 831-7707",
        "Fax": "(204) 885-4862",
        "Web_Site": "",
        "Dealer_Website_Enabled": "true",
        "Dealer_Website_Ranking": "0",
        "Customer_No": "1500",
        "ShipTo_No": "46",
        "Primary_Contact": "Brett Nicholson",
        "Route_#1": "true",
        "Route_#7": "true"
      }
    },
    {
      "type": "Feature",
      "dealerLocatorProfiles": [],
      "geometry": {
        "type": "Point",
        "coordinates": [
          -113.24563,
          51.70416
        ]
      },
      "properties": {
        "ID": "ee0dcbbd-fa00-437a-a3c2-2d424f5fe0bf",
        "Name": "Three Hills HH Building Centre",
        "Address1": "110 - 17th Avenue N.E.",
        "Address2": "",
        "City": "Three Hills",
        "Province": "AB",
        "Postal_Code": "T0M 2A0",
        "Country": "Canada",
        "Phone": "(403) 443-5060",
        "Fax": "(403) 443-5136",
        "Web_Site": "",
        "Dealer_Website_Enabled": "true",
        "Dealer_Website_Ranking": "0",
        "Customer_No": "2063",
        "ShipTo_No": "580",
        "Primary_Contact": "Shawn Evans"
      }
    },
    {
      "type": "Feature",
      "dealerLocatorProfiles": [],
      "geometry": {
        "type": "Point",
        "coordinates": [
          -111.88676390,
          50.56349920
        ]
      },
      "properties": {
        "ID": "ee7512e2-d586-446e-9305-1edec9bbcbe0",
        "Name": "Lutes Building Centre (86)ltd",
        "Address1": "Po Box 1358",
        "Address2": "#20 - 6th Street East",
        "City": "Brooks",
        "Province": "AB",
        "Postal_Code": "T1R 1B7",
        "Country": "Canada",
        "Phone": "(403) 362-4000",
        "Fax": "(403) 362-6173",
        "Web_Site": "",
        "Dealer_Website_Enabled": "true",
        "Dealer_Website_Ranking": "0",
        "Customer_No": "2062",
        "ShipTo_No": "65"
      }
    },
    {
      "type": "Feature",
      "dealerLocatorProfiles": [],
      "geometry": {
        "type": "Point",
        "coordinates": [
          -78.02536450,
          45.49768430
        ]
      },
      "properties": {
        "ID": "ee9ead95-f292-41af-a5d5-b4e83597e4f0",
        "Name": "Dwight Lumber",
        "Address1": "25864 Hwy 35",
        "Address2": "",
        "City": "Dwight",
        "Province": "ON",
        "Postal_Code": "P0A 1H0",
        "Country": "Canada",
        "Phone": "(705) 635-1936",
        "Fax": "(705) 635-3794",
        "Web_Site": "",
        "Dealer_Website_Enabled": "true",
        "Dealer_Website_Ranking": "0",
        "Customer_No": "2070",
        "ShipTo_No": "322"
      }
    },
    {
      "type": "Feature",
      "dealerLocatorProfiles": [],
      "geometry": {
        "type": "Point",
        "coordinates": [
          -102.45318080,
          51.21080380
        ]
      },
      "properties": {
        "ID": "ef00e7fa-f4c5-43fc-9a9c-cbf6a445f95a",
        "Name": "Yorkton Home Bldg Centre",
        "Address1": "145 Broadway Street East",
        "Address2": "",
        "City": "Yorkton",
        "Province": "SK",
        "Postal_Code": "S3N 3K5",
        "Country": "Canada",
        "Phone": "(306) 783-3608",
        "Fax": "(306) 786-6616",
        "Web_Site": "",
        "Dealer_Website_Enabled": "true",
        "Dealer_Website_Ranking": "0",
        "Customer_No": "2063",
        "ShipTo_No": "163",
        "Route_#6": "true"
      }
    },
    {
      "type": "Feature",
      "dealerLocatorProfiles": [],
      "geometry": {
        "type": "Point",
        "coordinates": [
          -120.79741530,
          56.24599690
        ]
      },
      "properties": {
        "ID": "f011d258-29c8-402c-9c7a-fa5b4b904b58",
        "Name": "Fort St John Co-op",
        "Address1": "7315 100th Avenue",
        "Address2": "",
        "City": "Fort St John",
        "Province": "BC",
        "Postal_Code": "V1J 5T8",
        "Country": "Canada",
        "Phone": "",
        "Fax": "",
        "Web_Site": "",
        "Dealer_Website_Enabled": "true",
        "Customer_No": "62156",
        "ShipTo_No": "431"
      }
    },
    {
      "type": "Feature",
      "dealerLocatorProfiles": [],
      "geometry": {
        "type": "Point",
        "coordinates": [
          -101.03532500,
          50.14281700
        ]
      },
      "properties": {
        "ID": "f0b4e7f1-89f1-4323-8eea-ba655a3fe0a8",
        "Name": "Twin Valley Co-op - Miniota",
        "Address1": "P.O. Box 10",
        "Address2": "129 Rowan Avenue",
        "City": "Miniota",
        "Province": "MB",
        "Postal_Code": "R0M 1M0",
        "Country": "Canada",
        "Phone": "(204) 567-3592",
        "Fax": "(204) 567-3659",
        "Web_Site": "",
        "Dealer_Website_Enabled": "true",
        "Dealer_Website_Ranking": "0",
        "Customer_No": "62156",
        "ShipTo_No": "251",
        "Primary_Contact": "Dave Wright",
        "Route_#3": "true"
      }
    },
    {
      "type": "Feature",
      "dealerLocatorProfiles": [],
      "geometry": {
        "type": "Point",
        "coordinates": [
          -120.80503500,
          56.23962800
        ]
      },
      "properties": {
        "ID": "f111d725-712c-4180-83de-a960fcc83f03",
        "Name": "Northern Truss Ltd.",
        "Address1": "9379 Northern Lights Drive",
        "Address2": "",
        "City": "Fort St. John",
        "Province": "BC",
        "Postal_Code": "V1J 6X5",
        "Country": "Canada",
        "Phone": "(250) 787-3033",
        "Fax": "",
        "Web_Site": "",
        "Dealer_Website_Enabled": "true",
        "Dealer_Website_Ranking": "0",
        "Customer_No": "2070",
        "ShipTo_No": "343"
      }
    },
    {
      "type": "Feature",
      "dealerLocatorProfiles": [],
      "geometry": {
        "type": "Point",
        "coordinates": [
          -96.49811360,
          50.05495110
        ]
      },
      "properties": {
        "ID": "f1352d76-18c2-4c1e-bfd0-20b3776d0209",
        "Name": "McMunn &amp; Yates - Beausejour",
        "Address1": "Provincial Road 302 S",
        "Address2": "Box 1420",
        "City": "Beausejour",
        "Province": "MB",
        "Postal_Code": "R0E 0C0",
        "Country": "Canada",
        "Phone": "(204) 268-1603",
        "Fax": "(204) 268-1507",
        "Web_Site": "",
        "Dealer_Website_Enabled": "true",
        "Dealer_Website_Ranking": "0",
        "Customer_No": "3453",
        "ShipTo_No": "2",
        "Route_#1": "true",
        "Route_#7": "true"
      }
    },
    {
      "type": "Feature",
      "dealerLocatorProfiles": [],
      "geometry": {
        "type": "Point",
        "coordinates": [
          -76.57093990,
          45.38286500
        ]
      },
      "properties": {
        "ID": "f15c113d-7f44-4b9a-aee4-9603cc551c0a",
        "Name": "Burnstown Building Supply",
        "Address1": "30 Building Supply Road",
        "Address2": "",
        "City": "Burnstown",
        "Province": "ON",
        "Postal_Code": "K0J 1G0",
        "Country": "Canada",
        "Phone": "(613) 432-2449",
        "Fax": "(613) 433-9810",
        "Web_Site": "",
        "Dealer_Website_Enabled": "true",
        "Dealer_Website_Ranking": "0",
        "Customer_No": "1500",
        "ShipTo_No": "163"
      }
    },
    {
      "type": "Feature",
      "dealerLocatorProfiles": [],
      "geometry": {
        "type": "Point",
        "coordinates": [
          -122.78300820,
          53.90971460
        ]
      },
      "properties": {
        "ID": "f22d8170-ca9e-4945-a7a6-655e4c3aba75",
        "Name": "Central Builders - Pr. George",
        "Address1": "1501 Central Street West",
        "Address2": "",
        "City": "Prince George",
        "Province": "BC",
        "Postal_Code": "V2N 1P6",
        "Country": "Canada",
        "Phone": "(250) 563-1538",
        "Fax": "(250) 561-0951",
        "Web_Site": "",
        "Dealer_Website_Enabled": "true",
        "Dealer_Website_Ranking": "0",
        "Customer_No": "2063",
        "ShipTo_No": "111",
        "Primary_Contact": "Helge Rushelski"
      }
    },
    {
      "type": "Feature",
      "dealerLocatorProfiles": [],
      "geometry": {
        "type": "Point",
        "coordinates": [
          -110.71810390,
          50.00937400
        ]
      },
      "properties": {
        "ID": "f335fd26-bbcc-464c-9c50-8e7bd56231ee",
        "Name": "M &amp; R Contractor Ltd.",
        "Address1": "7 Turner Green SE",
        "Address2": "",
        "City": "Medicine Hat",
        "Province": "AB",
        "Postal_Code": "T1B 4K1",
        "Country": "Canada",
        "Phone": "(403) 504-8668",
        "Fax": "(403) 528-2370",
        "Web_Site": "www.mandrcontractor.com",
        "Dealer_Website_Enabled": "true",
        "Dealer_Website_Ranking": "0",
        "Customer_No": "5642",
        "ShipTo_No": "1"
      }
    },
    {
      "type": "Feature",
      "dealerLocatorProfiles": [],
      "geometry": {
        "type": "Point",
        "coordinates": [
          -119.46611200,
          50.87690660
        ]
      },
      "properties": {
        "ID": "f3542c87-c46f-4910-93d5-40a2af2e88bb",
        "Name": "Sorrento Building Centre 0966711 BC Ltd.",
        "Address1": "Box 547, 1280 Trans Canada HWY",
        "Address2": "",
        "City": "Sorrento",
        "Province": "BC",
        "Postal_Code": "V0E 2W0",
        "Country": "Canada",
        "Phone": "(250) 675-4112",
        "Fax": "(250) 675-4344",
        "Web_Site": "",
        "Dealer_Website_Enabled": "true",
        "Dealer_Website_Ranking": "0",
        "Customer_No": "2062",
        "ShipTo_No": "211"
      }
    },
    {
      "type": "Feature",
      "dealerLocatorProfiles": [],
      "geometry": {
        "type": "Point",
        "coordinates": [
          -118.43973520,
          49.03343720
        ]
      },
      "properties": {
        "ID": "f37d8298-a341-4cfa-a001-e177e1ee173d",
        "Name": "Grand Forks Renovation Centre",
        "Address1": "P.O. Box 9",
        "Address2": "377 Central Ave.",
        "City": "Grand Forks",
        "Province": "BC",
        "Postal_Code": "V0H 1H0",
        "Country": "Canada",
        "Phone": "(250) 442-2270",
        "Fax": "",
        "Web_Site": "",
        "Dealer_Website_Enabled": "true",
        "Dealer_Website_Ranking": "0",
        "Customer_No": "1500",
        "ShipTo_No": "59",
        "Primary_Contact": "Baun A. Mark"
      }
    },
    {
      "type": "Feature",
      "dealerLocatorProfiles": [],
      "geometry": {
        "type": "Point",
        "coordinates": [
          -122.57429611708268,
          49.19592609149457
        ]
      },
      "properties": {
        "ID": "f3afe29f-b6ab-44c2-a00b-341511b6e19d",
        "Name": "SNU Building Matls Maple Ridge",
        "Address1": "23332 River Road",
        "Address2": "",
        "City": "Maple Ridge",
        "Province": "BC",
        "Postal_Code": "V2W 1B6",
        "Country": "Canada",
        "Phone": "(604) 380-2111",
        "Fax": "",
        "Web_Site": "",
        "Dealer_Website_Enabled": "true",
        "Dealer_Website_Ranking": "0",
        "Customer_No": "2070",
        "ShipTo_No": "386",
        "TC1__Main_Land": "true"
      }
    },
    {
      "type": "Feature",
      "dealerLocatorProfiles": [],
      "geometry": {
        "type": "Point",
        "coordinates": [
          -106.44010870,
          51.62794900
        ]
      },
      "properties": {
        "ID": "f3b8ca37-d9ca-4f4f-966a-0dfe2854bea5",
        "Name": "Hanley Hardware Ltd.",
        "Address1": "Box 265   112 Lincoln Street",
        "Address2": "",
        "City": "Hanley",
        "Province": "SK",
        "Postal_Code": "S0G 2E0",
        "Country": "Canada",
        "Phone": "(306) 544-2554",
        "Fax": "(306) 544-2602",
        "Web_Site": "",
        "Dealer_Website_Enabled": "true",
        "Dealer_Website_Ranking": "0",
        "Customer_No": "62156",
        "ShipTo_No": "361",
        "Primary_Contact": "Vicki McCormick"
      }
    },
    {
      "type": "Feature",
      "dealerLocatorProfiles": [],
      "geometry": {
        "type": "Point",
        "coordinates": [
          -81.88060810,
          42.94592390
        ]
      },
      "properties": {
        "ID": "f40e42a6-4a43-408d-aede-dfe51d5d7f49",
        "Name": "Moffatt &amp; Powell Watford",
        "Address1": "494 Front Street",
        "Address2": "",
        "City": "Watford",
        "Province": "ON",
        "Postal_Code": "N0M 2S0",
        "Country": "Canada",
        "Phone": "(519) 876-2810",
        "Fax": "(519) 876-3002",
        "Web_Site": "",
        "Dealer_Website_Enabled": "true",
        "Dealer_Website_Ranking": "0",
        "Customer_No": "3341",
        "ShipTo_No": "5"
      }
    },
    {
      "type": "Feature",
      "dealerLocatorProfiles": [],
      "geometry": {
        "type": "Point",
        "coordinates": [
          -74.89055900,
          45.03039800
        ]
      },
      "properties": {
        "ID": "f41b1dce-dfd2-4cdd-8d35-e659c0868cf3",
        "Name": "Igloo Building Supplies Group",
        "Address1": "16255 County Road #2",
        "Address2": "8:00am-4:00pm",
        "City": "Long Sault",
        "Province": "ON",
        "Postal_Code": "K0C 1P0",
        "Country": "Canada",
        "Phone": "(613) 703-6220",
        "Fax": "",
        "Web_Site": "",
        "Dealer_Website_Enabled": "true",
        "Dealer_Website_Ranking": "0",
        "Customer_No": "28125",
        "ShipTo_No": "8"
      }
    },
    {
      "type": "Feature",
      "dealerLocatorProfiles": [],
      "geometry": {
        "type": "Point",
        "coordinates": [
          -112.79148300,
          49.73527350
        ]
      },
      "properties": {
        "ID": "f4a27b07-572a-4298-9c1f-5161ead20ad7",
        "Name": "Triple M Housing Ltd.",
        "Address1": "3501 Giffen Road N.",
        "Address2": "",
        "City": "Lethbridge",
        "Province": "AB",
        "Postal_Code": "T1H 0E8",
        "Country": "Canada",
        "Phone": "(403) 320-8588",
        "Fax": "(403) 320-6925",
        "Web_Site": "",
        "Dealer_Website_Enabled": "true",
        "Dealer_Website_Ranking": "0",
        "Customer_No": "2070",
        "ShipTo_No": "313"
      }
    },
    {
      "type": "Feature",
      "dealerLocatorProfiles": [],
      "geometry": {
        "type": "Point",
        "coordinates": [
          -87.09198960,
          48.79197240
        ]
      },
      "properties": {
        "ID": "f4d94caa-2a10-4a64-aeaa-643202a2b1af",
        "Name": "Terrace Bay Home Hardware",
        "Address1": "3 Mill Road",
        "Address2": "HOURS 8AM-5:30PM",
        "City": "Terrace Bay",
        "Province": "ON",
        "Postal_Code": "P0T 2W0",
        "Country": "Canada",
        "Phone": "(807) 825-3635",
        "Fax": "(807) 825-9053",
        "Web_Site": "",
        "Dealer_Website_Enabled": "true",
        "Dealer_Website_Ranking": "0",
        "Customer_No": "2063",
        "ShipTo_No": "493"
      }
    },
    {
      "type": "Feature",
      "dealerLocatorProfiles": [],
      "geometry": {
        "type": "Point",
        "coordinates": [
          -113.63443810,
          53.78674800
        ]
      },
      "properties": {
        "ID": "f5600521-8a94-4d18-a28e-3e85d7b0868f",
        "Name": "Flynn Bros. Projects Inc.",
        "Address1": "8902 - 95th Street",
        "Address2": "",
        "City": "Morinville",
        "Province": "AB",
        "Postal_Code": "T8R 1K7",
        "Country": "Canada",
        "Phone": "(780) 939-3000",
        "Fax": "(780) 939-3241",
        "Web_Site": "flynnbros.com",
        "Dealer_Website_Enabled": "true",
        "Dealer_Website_Ranking": "0",
        "Viewable_Without_Admin": "true",
        "Customer_No": "25150",
        "ShipTo_No": "1"
      }
    },
    {
      "type": "Feature",
      "dealerLocatorProfiles": [],
      "geometry": {
        "type": "Point",
        "coordinates": [
          -109.16167470,
          52.43692360
        ]
      },
      "properties": {
        "ID": "f59cdddc-8af2-44a2-83f4-18f39e6b16d3",
        "Name": "Delta Co-op (Unity) Ag",
        "Address1": "205 2nd Avenue South",
        "Address2": "",
        "City": "Unity",
        "Province": "SK",
        "Postal_Code": "S0K 4L0",
        "Country": "Canada",
        "Phone": "(306) 228-2624",
        "Fax": "(306) 228-4038",
        "Web_Site": "",
        "Dealer_Website_Enabled": "true",
        "Dealer_Website_Ranking": "0",
        "Customer_No": "62156",
        "ShipTo_No": "55"
      }
    },
    {
      "type": "Feature",
      "dealerLocatorProfiles": [],
      "geometry": {
        "type": "Point",
        "coordinates": [
          -123.36127580,
          48.46732060
        ]
      },
      "properties": {
        "ID": "f5ca1995-8cd4-4395-a47d-2f6ade02a2d7",
        "Name": "Lumberworld",
        "Address1": "3955 Quadra Street",
        "Address2": "",
        "City": "Victoria",
        "Province": "BC",
        "Postal_Code": "V8X 1J7",
        "Country": "Canada",
        "Phone": "(250) 479-7151",
        "Fax": "(250) 479-3743",
        "Web_Site": "",
        "Dealer_Website_Enabled": "true",
        "Dealer_Website_Ranking": "0",
        "Customer_No": "1500",
        "ShipTo_No": "57",
        "Primary_Contact": "Tyson Dennis",
        "TC2__Island": "true"
      }
    },
    {
      "type": "Feature",
      "dealerLocatorProfiles": [],
      "geometry": {
        "type": "Point",
        "coordinates": [
          -102.67026000,
          51.95742000
        ]
      },
      "properties": {
        "ID": "f5f6302f-55b7-4ae6-9c50-422faa24531e",
        "Name": "Gateway Co-op",
        "Address1": "P.O. Box 288, 49 - 1st Ave NE",
        "Address2": "",
        "City": "Preeceville",
        "Province": "SK",
        "Postal_Code": "S0A 3B0",
        "Country": "Canada",
        "Phone": "(306) 547-2812",
        "Fax": "(306) 547-2001",
        "Web_Site": "",
        "Dealer_Website_Enabled": "true",
        "Dealer_Website_Ranking": "0",
        "Customer_No": "62156",
        "ShipTo_No": "76",
        "Route_#6": "true",
        "SK__N_E_": "true"
      }
    },
    {
      "type": "Feature",
      "dealerLocatorProfiles": [],
      "geometry": {
        "type": "Point",
        "coordinates": [
          -105.51671190,
          50.41100920
        ]
      },
      "properties": {
        "ID": "f5ffcb5c-6498-4050-99c5-aaec53ac8c88",
        "Name": "Rona - Moose Jaw",
        "Address1": "769 Thatcher Drive East",
        "Address2": "",
        "City": "Moose Jaw",
        "Province": "SK",
        "Postal_Code": "S6L 1L8",
        "Country": "Canada",
        "Phone": "(306) 624-2200",
        "Fax": "(306) 693-3464",
        "Web_Site": "",
        "Dealer_Website_Enabled": "true",
        "Dealer_Website_Ranking": "0",
        "Customer_No": "43600",
        "ShipTo_No": "202"
      }
    },
    {
      "type": "Feature",
      "dealerLocatorProfiles": [],
      "geometry": {
        "type": "Point",
        "coordinates": [
          -102.02915680,
          49.90311850
        ]
      },
      "properties": {
        "ID": "f644d87a-d131-43d8-a7c2-b53b6e6bb95a",
        "Name": "D &amp; D Lumbermart Ltd.",
        "Address1": "Box 480",
        "Address2": "Hwy #48",
        "City": "Wawota",
        "Province": "SK",
        "Postal_Code": "S0G 5A0",
        "Country": "Canada",
        "Phone": "(306) 739-2566",
        "Fax": "(306) 739-2798",
        "Web_Site": "",
        "Dealer_Website_Enabled": "true",
        "Dealer_Website_Ranking": "0",
        "Customer_No": "2070",
        "ShipTo_No": "316"
      }
    },
    {
      "type": "Feature",
      "dealerLocatorProfiles": [],
      "geometry": {
        "type": "Point",
        "coordinates": [
          -79.89909810,
          44.14325580
        ]
      },
      "properties": {
        "ID": "f659c91c-7215-41f6-83f8-2e52886cc908",
        "Name": "Alliston Home Hardware Building Centre",
        "Address1": "4840 Concession Road 7",
        "Address2": "HOURS 9AM-5PM",
        "City": "Alliston",
        "Province": "ON",
        "Postal_Code": "L9R 1V1",
        "Country": "Canada",
        "Phone": "(705) 435-5511",
        "Fax": "(705) 435-2199",
        "Web_Site": "",
        "Dealer_Website_Enabled": "true",
        "Dealer_Website_Ranking": "0",
        "Customer_No": "2063",
        "ShipTo_No": "377"
      }
    },
    {
      "type": "Feature",
      "dealerLocatorProfiles": [],
      "geometry": {
        "type": "Point",
        "coordinates": [
          -79.45236920,
          44.00217650
        ]
      },
      "properties": {
        "ID": "f670615c-9485-452a-9000-78728f15bc8f",
        "Name": "Aurora HHBC",
        "Address1": "289 wellington Street East",
        "Address2": "HOURS 7AM-8PM",
        "City": "Aurora",
        "Province": "ON",
        "Postal_Code": "L4G 6H6",
        "Country": "Canada",
        "Phone": "(905) 727-4751",
        "Fax": "(905) 727-4813",
        "Web_Site": "",
        "Dealer_Website_Enabled": "true",
        "Dealer_Website_Ranking": "0",
        "Customer_No": "2063",
        "ShipTo_No": "444"
      }
    },
    {
      "type": "Feature",
      "dealerLocatorProfiles": [],
      "geometry": {
        "type": "Point",
        "coordinates": [
          -122.63375220,
          49.21789120
        ]
      },
      "properties": {
        "ID": "f748e79c-9404-4c49-b29e-1f87399f6adf",
        "Name": "Rona Home Centre - Maple Ridge",
        "Address1": "21213 Lougheed Hwy",
        "Address2": "",
        "City": "Maple Ridge",
        "Province": "BC",
        "Postal_Code": "V2X 2R4",
        "Country": "Canada",
        "Phone": "",
        "Fax": "",
        "Web_Site": "",
        "Dealer_Website_Enabled": "true",
        "Customer_No": "43600",
        "ShipTo_No": "138"
      }
    },
    {
      "type": "Feature",
      "dealerLocatorProfiles": [],
      "geometry": {
        "type": "Point",
        "coordinates": [
          -104.37246270,
          49.91859520
        ]
      },
      "properties": {
        "ID": "f7bdbb05-9b9d-4496-9ba5-e5bd4ea4cbcf",
        "Name": "Prairie Sky Co-op - Lang",
        "Address1": "306 Main St",
        "Address2": "P.O. Box 158",
        "City": "Lang",
        "Province": "SK",
        "Postal_Code": "S0G 2W0",
        "Country": "Canada",
        "Phone": "(306) 464-2008",
        "Fax": "(306) 464-2017",
        "Web_Site": "",
        "Dealer_Website_Enabled": "true",
        "Dealer_Website_Ranking": "0",
        "Customer_No": "62156",
        "ShipTo_No": "394",
        "Primary_Contact": "Mike Saip",
        "SK__S_E_": "true"
      }
    },
    {
      "type": "Feature",
      "dealerLocatorProfiles": [],
      "geometry": {
        "type": "Point",
        "coordinates": [
          -107.03874780,
          50.41489480
        ]
      },
      "properties": {
        "ID": "f7dbb475-d4f3-4780-9ef1-4aeceadef74a",
        "Name": "Pioneer Co-op (Morse)",
        "Address1": "129 South Railway, P.O.box 173",
        "Address2": "",
        "City": "Morse",
        "Province": "SK",
        "Postal_Code": "S0H 3C0",
        "Country": "Canada",
        "Phone": "(306) 629-3340",
        "Fax": "(306) 629-3384",
        "Web_Site": "",
        "Dealer_Website_Enabled": "true",
        "Dealer_Website_Ranking": "0",
        "Customer_No": "62156",
        "ShipTo_No": "167"
      }
    },
    {
      "type": "Feature",
      "dealerLocatorProfiles": [],
      "geometry": {
        "type": "Point",
        "coordinates": [
          -80.85989990,
          43.90754460
        ]
      },
      "properties": {
        "ID": "f7f52830-068b-4a61-aea3-631bf7982b86",
        "Name": "Murphy&#39;s Tim-Br Mart",
        "Address1": "295 Elora St. South",
        "Address2": "Box 310 HOURS 8AM-5PM",
        "City": "Harriston",
        "Province": "ON",
        "Postal_Code": "N0G 1Z0",
        "Country": "Canada",
        "Phone": "(519) 338-2926",
        "Fax": "(519) 338-2927",
        "Web_Site": "",
        "Dealer_Website_Enabled": "true",
        "Dealer_Website_Ranking": "0",
        "Customer_No": "2062",
        "ShipTo_No": "236",
        "Primary_Contact": "Paul Murphy"
      }
    },
    {
      "type": "Feature",
      "dealerLocatorProfiles": [],
      "geometry": {
        "type": "Point",
        "coordinates": [
          -123.26720130,
          48.84433040
        ]
      },
      "properties": {
        "ID": "f8669208-7107-46c8-9ce6-42c74ca93056",
        "Name": "Mayne Island Home Hardware Building Centre",
        "Address1": "652 Fernhill Road, R.R. #1",
        "Address2": "",
        "City": "Mayne Island",
        "Province": "BC",
        "Postal_Code": "V0N 2J1",
        "Country": "Canada",
        "Phone": "(250) 539-2929",
        "Fax": "(250) 539-2928",
        "Web_Site": "",
        "Dealer_Website_Enabled": "true",
        "Dealer_Website_Ranking": "0",
        "Customer_No": "2063",
        "ShipTo_No": "85",
        "TC2__Island": "true"
      }
    },
    {
      "type": "Feature",
      "dealerLocatorProfiles": [],
      "geometry": {
        "type": "Point",
        "coordinates": [
          -97.26216400,
          50.38888180
        ]
      },
      "properties": {
        "ID": "f8e1f676-684c-463d-8e93-d8284478ce56",
        "Name": "Countryside Home Bldg Centre",
        "Address1": "Box 310 Lot 1 Highway 17 South",
        "Address2": "",
        "City": "Fisher Branch",
        "Province": "MB",
        "Postal_Code": "R0C 0Z0",
        "Country": "Canada",
        "Phone": "(204) 372-8501",
        "Fax": "(204) 372-6011",
        "Web_Site": "",
        "Dealer_Website_Enabled": "true",
        "Dealer_Website_Ranking": "0",
        "Customer_No": "2063",
        "ShipTo_No": "255",
        "Primary_Contact": "Clinton Plett",
        "Route_#9": "true"
      }
    },
    {
      "type": "Feature",
      "dealerLocatorProfiles": [],
      "geometry": {
        "type": "Point",
        "coordinates": [
          -76.52927430,
          44.27060010
        ]
      },
      "properties": {
        "ID": "f9372cde-80c7-4c0b-862a-22899a37dae3",
        "Name": "Buchner Manufacturing",
        "Address1": "180 Binnington Court",
        "Address2": "",
        "City": "Kingston",
        "Province": "ON",
        "Postal_Code": "K7M 8R6",
        "Country": "Canada",
        "Phone": "",
        "Fax": "",
        "Web_Site": "",
        "Dealer_Website_Enabled": "true",
        "Customer_No": "4847",
        "ShipTo_No": "3"
      }
    },
    {
      "type": "Feature",
      "dealerLocatorProfiles": [],
      "geometry": {
        "type": "Point",
        "coordinates": [
          -114.07147970,
          50.96568370
        ]
      },
      "properties": {
        "ID": "fa833dae-1a3f-4015-93b3-06c8af33808e",
        "Name": "Rona Home &amp; Garden Calgary Mac",
        "Address1": "9630 Macleod Trail S.E.",
        "Address2": "",
        "City": "Calgary",
        "Province": "AB",
        "Postal_Code": "T2J 0P7",
        "Country": "Canada",
        "Phone": "(403) 253-5533",
        "Fax": "(403) 640-4848",
        "Web_Site": "",
        "Dealer_Website_Enabled": "true",
        "Dealer_Website_Ranking": "0",
        "Customer_No": "43600",
        "ShipTo_No": "10"
      }
    },
    {
      "type": "Feature",
      "dealerLocatorProfiles": [],
      "geometry": {
        "type": "Point",
        "coordinates": [
          -81.18319000,
          42.92461020
        ]
      },
      "properties": {
        "ID": "fabd07e1-b2bf-46e1-8cb3-ecace47ad38b",
        "Name": "Beacon Roofing Supply Canada Company",
        "Address1": "1285 Hubrey Road,",
        "Address2": "",
        "City": "London",
        "Province": "ON",
        "Postal_Code": "N6N 1C3",
        "Country": "Canada",
        "Phone": "(519) 685-0666",
        "Fax": "(519) 685-1355",
        "Web_Site": "",
        "Dealer_Website_Enabled": "true",
        "Dealer_Website_Ranking": "0",
        "Customer_No": "4553",
        "ShipTo_No": "2",
        "Primary_Contact": "Greg Richardson"
      }
    },
    {
      "type": "Feature",
      "dealerLocatorProfiles": [],
      "geometry": {
        "type": "Point",
        "coordinates": [
          -113.50707200,
          51.49638000
        ]
      },
      "properties": {
        "ID": "fbe6f030-0f95-40d7-94a2-5891eafa9fa8",
        "Name": "Acme Farm &amp; Building Centre",
        "Address1": "504 Wheeler Ave",
        "Address2": "Po Box 150",
        "City": "Acme",
        "Province": "AB",
        "Postal_Code": "T0M 0A0",
        "Country": "Canada",
        "Phone": "(403) 546-2157",
        "Fax": "(866) 281-7501",
        "Web_Site": "",
        "Dealer_Website_Enabled": "true",
        "Dealer_Website_Ranking": "0",
        "Customer_No": "2070",
        "ShipTo_No": "2"
      }
    },
    {
      "type": "Feature",
      "dealerLocatorProfiles": [],
      "geometry": {
        "type": "Point",
        "coordinates": [
          -111.34422,
          56.66787
        ]
      },
      "properties": {
        "ID": "fc287bc7-3724-4f3b-b087-cd2f9fe11aec",
        "Name": "Marvel Contracting Inc.",
        "Address1": "PO Box 6189",
        "Address2": "#1 - 390 MacAlpine Cres.",
        "City": "Fort McMurray",
        "Province": "AB",
        "Postal_Code": "T9H 4W1",
        "Country": "Canada",
        "Phone": "(780) 791-7100",
        "Fax": "(780) 791-5705",
        "Web_Site": "marvelcontracting.ca",
        "Dealer_Website_Enabled": "true",
        "Dealer_Website_Ranking": "0",
        "Customer_No": "68085",
        "ShipTo_No": "1"
      }
    },
    {
      "type": "Feature",
      "dealerLocatorProfiles": [],
      "geometry": {
        "type": "Point",
        "coordinates": [
          -81.6599357,
          43.9182767
        ]
      },
      "properties": {
        "ID": "fcc828cc-78b5-4ab0-9235-b9e6790ece0e",
        "Name": "Miller&#39;s Home Building Centre",
        "Address1": "900 Main Street",
        "Address2": "",
        "City": "Sauble Beach",
        "Province": "ON",
        "Postal_Code": "N0H 2G0",
        "Country": "Canada",
        "Phone": "(519) 422-2424",
        "Fax": "(519) 422-3202",
        "Web_Site": "",
        "Dealer_Website_Enabled": "true",
        "Dealer_Website_Ranking": "0",
        "Customer_No": "2063",
        "ShipTo_No": "338",
        "Primary_Contact": "James Beaton"
      }
    },
    {
      "type": "Feature",
      "dealerLocatorProfiles": [],
      "geometry": {
        "type": "Point",
        "coordinates": [
          -103.86152040,
          52.44006700
        ]
      },
      "properties": {
        "ID": "fce907ac-90c9-4260-b7d3-919491d311ec",
        "Name": "Prairie North Co-op (Archerwill)",
        "Address1": "107-1st Ave N., Box 40",
        "Address2": "",
        "City": "Archerwill",
        "Province": "SK",
        "Postal_Code": "S0E 0B0",
        "Country": "Canada",
        "Phone": "(306) 323-2139",
        "Fax": "(306) 323-4308",
        "Web_Site": "",
        "Dealer_Website_Enabled": "true",
        "Dealer_Website_Ranking": "0",
        "Customer_No": "62156",
        "ShipTo_No": "6"
      }
    },
    {
      "type": "Feature",
      "dealerLocatorProfiles": [],
      "geometry": {
        "type": "Point",
        "coordinates": [
          -103.58547710,
          53.28282080
        ]
      },
      "properties": {
        "ID": "fd3fbf7e-8f70-4af2-ab09-d82e15382b08",
        "Name": "Riverside Co-op - Carrot River",
        "Address1": "1002 Main Street",
        "Address2": "",
        "City": "Carrot River",
        "Province": "SK",
        "Postal_Code": "S0E 0L0",
        "Country": "Canada",
        "Phone": "(306) 768-3888",
        "Fax": "",
        "Web_Site": "",
        "Dealer_Website_Enabled": "true",
        "Dealer_Website_Ranking": "0",
        "Customer_No": "62156",
        "ShipTo_No": "363",
        "Primary_Contact": "Terry Tremblay"
      }
    },
    {
      "type": "Feature",
      "dealerLocatorProfiles": [],
      "geometry": {
        "type": "Point",
        "coordinates": [
          -114.46059520,
          49.61714140
        ]
      },
      "properties": {
        "ID": "fd44797e-eeff-4a1e-92b2-95a92914fd09",
        "Name": "Summit Home Centre",
        "Address1": "10701 - 20th Ave., Box 1290",
        "Address2": "",
        "City": "Blairmore",
        "Province": "AB",
        "Postal_Code": "T0K 0E0",
        "Country": "Canada",
        "Phone": "(403) 562-8282",
        "Fax": "(403) 562-8696",
        "Web_Site": "",
        "Dealer_Website_Enabled": "true",
        "Dealer_Website_Ranking": "0",
        "Customer_No": "2063",
        "ShipTo_No": "9"
      }
    },
    {
      "type": "Feature",
      "dealerLocatorProfiles": [],
      "geometry": {
        "type": "Point",
        "coordinates": [
          -122.78424220,
          53.90971760
        ]
      },
      "properties": {
        "ID": "fd641f33-c2f2-4b8b-8eb2-4014f982c7bb",
        "Name": "Central Door &amp; Window",
        "Address1": "#130-1552 Lyon Street",
        "Address2": "",
        "City": "Prince George",
        "Province": "BC",
        "Postal_Code": "V2N 1T2",
        "Country": "Canada",
        "Phone": "",
        "Fax": "",
        "Web_Site": "",
        "Dealer_Website_Enabled": "true",
        "Customer_No": "2063",
        "ShipTo_No": "295"
      }
    },
    {
      "type": "Feature",
      "dealerLocatorProfiles": [],
      "geometry": {
        "type": "Point",
        "coordinates": [
          -106.59140000,
          52.31614600
        ]
      },
      "properties": {
        "ID": "fd780542-c7a6-4861-8745-630cdc2ce1b4",
        "Name": "Warman Home Centre LP",
        "Address1": "PO Box 1000",
        "Address2": "601 South Railway Ave W.",
        "City": "Warman",
        "Province": "SK",
        "Postal_Code": "S0K 4S0",
        "Country": "Canada",
        "Phone": "(306) 933-4950",
        "Fax": "(306) 933-4628",
        "Web_Site": "",
        "Dealer_Website_Enabled": "true",
        "Dealer_Website_Ranking": "0",
        "Customer_No": "1500",
        "ShipTo_No": "25",
        "Saskatoon": "true"
      }
    },
    {
      "type": "Feature",
      "dealerLocatorProfiles": [],
      "geometry": {
        "type": "Point",
        "coordinates": [
          -122.33746730,
          49.13112660
        ]
      },
      "properties": {
        "ID": "fe1928eb-0bc5-4e6c-9c42-66f19d0856fe",
        "Name": "Fraser Valley - Mission",
        "Address1": "7072 Wren Street",
        "Address2": "",
        "City": "Mission",
        "Province": "BC",
        "Postal_Code": "V2V 2V9",
        "Country": "Canada",
        "Phone": "(604) 820-1134",
        "Fax": "(604) 820-9494",
        "Web_Site": "",
        "Dealer_Website_Enabled": "true",
        "Dealer_Website_Ranking": "0",
        "Customer_No": "43600",
        "ShipTo_No": "136",
        "Primary_Contact": "Kadden Abbey",
        "TC1__Main_Land": "true"
      }
    },
    {
      "type": "Feature",
      "dealerLocatorProfiles": [],
      "geometry": {
        "type": "Point",
        "coordinates": [
          -62.74581688669763,
          45.67848808496199
        ]
      },
      "properties": {
        "ID": "fe49ed37-76fc-4393-aa1b-041a98e0aa97",
        "Name": "HECTOR BUILDING SUPPLIES LTD",
        "Address1": "11 Harris Road RR#2",
        "Address2": "",
        "City": "Pictou",
        "Province": "NS",
        "Postal_Code": "B0K 1H0",
        "Country": "Canada",
        "Phone": "(902) 485-4362",
        "Fax": "(902) 485-5002",
        "Web_Site": "",
        "Dealer_Website_Enabled": "true",
        "Dealer_Website_Ranking": "0",
        "Customer_No": "2062",
        "ShipTo_No": "442"
      }
    },
    {
      "type": "Feature",
      "dealerLocatorProfiles": [],
      "geometry": {
        "type": "Point",
        "coordinates": [
          -105.99179200,
          49.63356720
        ]
      },
      "properties": {
        "ID": "fea8311e-5540-43df-b888-45c2f8a492ce",
        "Name": "Westrum Lumber",
        "Address1": "406 Railway Ave W",
        "Address2": "P.O. Box 449",
        "City": "Assiniboia",
        "Province": "SK",
        "Postal_Code": "S0H 0B0",
        "Country": "Canada",
        "Phone": "",
        "Fax": "",
        "Web_Site": "",
        "Dealer_Website_Enabled": "true",
        "Customer_No": "2062",
        "ShipTo_No": "343"
      }
    },
    {
      "type": "Feature",
      "dealerLocatorProfiles": [],
      "geometry": {
        "type": "Point",
        "coordinates": [
          -112.04561320,
          53.49054270
        ]
      },
      "properties": {
        "ID": "feb2df71-6005-4910-a15b-2f6256c3c769",
        "Name": "Vantage Builders Ltd.",
        "Address1": "4723 - 45th Avenue",
        "Address2": "",
        "City": "Vegreville",
        "Province": "AB",
        "Postal_Code": "T9C 1L1",
        "Country": "Canada",
        "Phone": "(780) 632-3422",
        "Fax": "(780) 632-6710",
        "Web_Site": "",
        "Dealer_Website_Enabled": "true",
        "Dealer_Website_Ranking": "0",
        "Customer_No": "54201",
        "ShipTo_No": "1"
      }
    },
    {
      "type": "Feature",
      "dealerLocatorProfiles": [],
      "geometry": {
        "type": "Point",
        "coordinates": [
          -114.21621140,
          52.63968780
        ]
      },
      "properties": {
        "ID": "ff5143ce-408a-4e49-8c8c-1ef6d09de03a",
        "Name": "Premier Portable Bldg - Rimbey",
        "Address1": "15076 Township Road 424",
        "Address2": "",
        "City": "Rimbey",
        "Province": "AB",
        "Country": "Canada",
        "Phone": "(403) 704-3377",
        "Fax": "",
        "Web_Site": "",
        "Dealer_Website_Enabled": "true",
        "Dealer_Website_Ranking": "0",
        "Customer_No": "5266",
        "ShipTo_No": "3"
      }
    },
    {
      "type": "Feature",
      "dealerLocatorProfiles": [],
      "geometry": {
        "type": "Point",
        "coordinates": [
          -124.67549000,
          49.43575700
        ]
      },
      "properties": {
        "ID": "ff5dd243-9938-4a9a-ae75-a15e80785862",
        "Name": "Bowser Builders&#39; Supply Ltd.",
        "Address1": "7021 West Island Highway",
        "Address2": "P.O. Box 113",
        "City": "Bowser",
        "Province": "BC",
        "Postal_Code": "V0R 1G0",
        "Country": "Canada",
        "Phone": "(250) 757-8442",
        "Fax": "(250) 757-8821",
        "Web_Site": "",
        "Dealer_Website_Enabled": "true",
        "Dealer_Website_Ranking": "0",
        "Customer_No": "2062",
        "ShipTo_No": "181",
        "Primary_Contact": "Betsy Poel",
        "TC2__Island": "true"
      }
    },
    {
      "type": "Feature",
      "dealerLocatorProfiles": [],
      "geometry": {
        "type": "Point",
        "coordinates": [
          -77.72944220,
          44.03406210
        ]
      },
      "properties": {
        "ID": "ffc676f6-bded-4134-895c-8ded209cae1f",
        "Name": "Vanderlaan Building Products",
        "Address1": "13 Loyalist Drive",
        "Address2": "HOURS 7:30AM-5:30PM",
        "City": "Brighton",
        "Province": "ON",
        "Postal_Code": "K0K 1H0",
        "Country": "Canada",
        "Phone": "(613) 475-3684",
        "Fax": "(613) 475-4685",
        "Web_Site": "",
        "Dealer_Website_Enabled": "true",
        "Dealer_Website_Ranking": "0",
        "Customer_No": "1500",
        "ShipTo_No": "74",
        "Primary_Contact": "Gerald Draaistra"
      }
    }
  ]
}