mtllib 1 half corrugated updated.mtl
# Vertex Positions: 
g groupNumber_0
v 13.9706 -0.200355 -16.9263
v 13.9871 -0.169191 -16.9263
v 13.4705 0.104935 -16.9263
v 13.3733 0.149065 -16.9263
v 13.2729 0.180511 -16.9263
v 13.1704 0.199334 -16.9263
v 13.067 0.205594 -16.9263
v 12.9407 0.196244 -16.9263
v 12.8168 0.168266 -16.9263
v 12.6972 0.121775 -16.9263
v 12.5842 0.0568804 -16.9263
v 12.4604 -0.027095 -16.9263
v 12.3514 -0.0897125 -16.9263
v 12.2365 -0.134444 -16.9263
v 12.1178 -0.161286 -16.9263
v 11.9971 -0.170235 -16.9263
v 11.8769 -0.161353 -16.9263
v 11.7586 -0.134705 -16.9263
v 11.6441 -0.090287 -16.9263
v 11.5354 -0.0280947 -16.9263
v 11.4752 0.0125141 -16.9263
v 11.3626 0.076642 -16.9263
v 11.2434 0.122416 -16.9263
v 11.1197 0.149863 -16.9263
v 10.9938 0.159006 -16.9263
v 10.8633 0.14917 -16.9263
v 10.7352 0.119682 -16.9263
v 10.6122 0.0705702 -16.9263
v 10.4967 0.00186201 -16.9263
v 10.3734 -0.0729485 -16.9263
v 10.2554 -0.120144 -16.9263
v 10.1328 -0.148468 -16.9263
v 10.0077 -0.157913 -16.9263
v 9.88481 -0.148785 -16.9263
v 9.76409 -0.121395 -16.9263
v 9.6478 -0.0757335 -16.9263
v 9.53816 -0.0117892 -16.9263
v 9.51214 0.00620557 -16.9263
v 9.39784 0.0728604 -16.9263
v 9.27659 0.120457 -16.9263
v 9.15071 0.149006 -16.9263
v 9.02252 0.15852 -16.9263
v 8.89226 0.148695 -16.9263
v 8.76444 0.119228 -16.9263
v 8.64151 0.0701299 -16.9263
v 8.52591 0.00141386 -16.9263
v 8.50867 -0.0107895 -16.9263
v 8.3981 -0.0764541 -16.9263
v 8.28024 -0.1234 -16.9263
v 8.15751 -0.151594 -16.9263
v 8.03232 -0.160999 -16.9263
v 7.91287 -0.152436 -16.9263
v 7.79548 -0.126727 -16.9263
v 7.68225 -0.0838422 -16.9263
v 7.57525 -0.0237512 -16.9263
v 7.499 0.0270615 -16.9263
v 7.38654 0.0905001 -16.9263
v 7.26828 0.135796 -16.9263
v 7.14616 0.162963 -16.9263
v 7.02213 0.172016 -16.9263
v 6.89572 0.162612 -16.9263
v 6.77141 0.134413 -16.9263
v 6.65124 0.0874315 -16.9263
v 6.53728 0.0216838 -16.9263
v 6.47461 -0.0211312 -16.9263
v 6.36519 -0.0843105 -16.9263
v 6.24993 -0.129442 -16.9263
v 6.13078 -0.156523 -16.9263
v 6.00968 -0.165551 -16.9263
v 5.88902 -0.156588 -16.9263
v 5.77028 -0.129699 -16.9263
v 5.65538 -0.0848813 -16.9263
v 5.54623 -0.022131 -16.9263
v 5.49821 0.0104802 -16.9263
v 5.38508 0.0752359 -16.9263
v 5.26538 0.12145 -16.9263
v 5.14131 0.149156 -16.9263
v 5.01508 0.158384 -16.9263
v 4.88274 0.148238 -16.9263
v 4.75301 0.117825 -16.9263
v 4.62843 0.0671824 -16.9263
v 4.51157 -0.00365361 -16.9263
v 4.39967 -0.0714296 -16.9263
v 4.2802 -0.119906 -16.9263
v 4.15568 -0.149031 -16.9263
v 4.02859 -0.158751 -16.9263
v 3.90975 -0.150253 -16.9263
v 3.79291 -0.124731 -16.9263
v 3.68008 -0.0821411 -16.9263
v 3.57332 -0.0224412 -16.9263
v 3.48783 0.0341629 -16.9263
v 3.376 0.0968454 -16.9263
v 3.25823 0.14162 -16.9263
v 3.1365 0.168485 -16.9263
v 3.01279 0.17744 -16.9263
v 2.88933 0.16852 -16.9263
v 2.76783 0.14176 -16.9263
v 2.65028 0.0971581 -16.9263
v 2.53863 0.0347145 -16.9263
v 2.46265 -0.0154777 -16.9263
v 2.35567 -0.0752713 -16.9263
v 2.24295 -0.11799 -16.9263
v 2.1264 -0.143627 -16.9263
v 2.00792 -0.152174 -16.9263
v 1.89067 -0.143802 -16.9263
v 1.77526 -0.118682 -16.9263
v 1.66354 -0.0768056 -16.9263
v 1.55736 -0.0181666 -16.9263
v 1.48011 0.0321979 -16.9263
v 1.36916 0.0935141 -16.9263
v 1.2526 0.137291 -16.9263
v 1.13231 0.163546 -16.9263
v 1.01018 0.172294 -16.9263
v 0.883881 0.162934 -16.9263
v 0.75971 0.134867 -16.9263
v 0.639758 0.0881113 -16.9263
v 0.526113 0.0226835 -16.9263
v 0.493433 0.000448639 -16.9263
v 0.384461 -0.0622759 -16.9263
v 0.269429 -0.107106 -16.9263
v 0.150342 -0.13402 -16.9263
v 0.029203 -0.142996 -16.9263
v -0.0878202 -0.134622 -16.9263
v -0.203083 -0.109488 -16.9263
v -0.31478 -0.0675733 -16.9263
v -0.421109 -0.00885898 -16.9263
v -0.490417 0.0363002 -16.9263
v -0.601263 0.0974922 -16.9263
v -0.717735 0.14118 -16.9263
v -0.837943 0.167381 -16.9263
v -0.959999 0.176111 -16.9263
v -1.08596 0.16681 -16.9263
v -1.2098 0.138919 -16.9263
v -1.32945 0.0924566 -16.9263
v -1.44281 0.0274407 -16.9263
v -1.5065 -0.015719 -16.9263
v -1.61565 -0.0784188 -16.9263
v -1.73049 -0.123198 -16.9263
v -1.84911 -0.150062 -16.9263
v -1.96961 -0.159015 -16.9263
v -2.09167 -0.149826 -16.9263
v -2.21173 -0.122262 -16.9263
v -2.32781 -0.0763282 -16.9263
v -2.43795 -0.0120305 -16.9263
v -2.47546 0.0137895 -16.9263
v -2.58924 0.0798497 -16.9263
v -2.71018 0.127045 -16.9263
v -2.83588 0.155367 -16.9263
v -2.96398 0.16481 -16.9263
v -3.09079 0.155555 -16.9263
v -3.2153 0.127788 -16.9263
v -3.3352 0.0815004 -16.9263
v -3.44819 0.0166853 -16.9263
v -3.50238 -0.020235 -16.9263
v -3.61145 -0.0830432 -16.9263
v -3.72654 -0.127926 -16.9263
v -3.84564 -0.154868 -16.9263
v -3.96677 -0.163852 -16.9263
v -4.08447 -0.15537 -16.9263
v -4.20039 -0.129915 -16.9263
v -4.31268 -0.0874717 -16.9263
v -4.41952 -0.0280258 -16.9263
v -4.50464 0.0278544 -16.9263
v -4.61616 0.0899066 -16.9263
v -4.73329 0.134202 -16.9263
v -4.85414 0.160762 -16.9263
v -4.97683 0.169611 -16.9263
v -5.10416 0.160077 -16.9263
v -5.22932 0.131492 -16.9263
v -5.3502 0.083882 -16.9263
v -5.46468 0.0172713 -16.9263
v -5.50789 -0.0125131 -16.9263
v -5.61709 -0.0758475 -16.9263
v -5.73294 -0.121077 -16.9263
v -5.85323 -0.14821 -16.9263
v -5.97574 -0.157253 -16.9263
v -6.09985 -0.14797 -16.9263
v -6.22164 -0.120127 -16.9263
v -6.3388 -0.0737314 -16.9263
v -6.449 -0.00879004 -16.9263
v -6.46606 0.00310302 -16.9263
v -6.58111 0.0709258 -16.9263
v -6.70329 0.119371 -16.9263
v -6.83022 0.148438 -16.9263
v -6.95953 0.158127 -16.9263
v -7.08888 0.148431 -16.9263
v -7.21585 0.119345 -16.9263
v -7.33806 0.0708677 -16.9263
v -7.45314 0.00299961 -16.9263
v -7.4692 -0.00827294 -16.9263
v -7.57931 -0.0730989 -16.9263
v -7.69649 -0.119429 -16.9263
v -7.81841 -0.147243 -16.9263
v -7.9427 -0.156519 -16.9263
v -8.06345 -0.147763 -16.9263
v -8.18207 -0.121483 -16.9263
v -8.29639 -0.0776582 -16.9263
v -8.40427 -0.0162706 -16.9263
v -8.44631 0.0121004 -16.9263
v -8.55884 0.0761681 -16.9263
v -8.67806 0.121901 -16.9263
v -8.80173 0.149324 -16.9263
v -8.92761 0.158459 -16.9263
v -9.05759 0.148721 -16.9263
v -9.18506 0.119525 -16.9263
v -9.30758 0.0708962 -16.9263
v -9.42266 0.00286172 -16.9263
v -9.44757 -0.0146504 -16.9263
v -9.55876 -0.0807092 -16.9263
v -9.67629 -0.127937 -16.9263
v -9.79808 -0.156299 -16.9263
v -9.92204 -0.16576 -16.9263
v -10.0398 -0.157227 -16.9263
v -10.1558 -0.131607 -16.9263
v -10.2684 -0.0888718 -16.9263
v -10.3757 -0.028991 -16.9263
v -10.4612 0.0272684 -16.9263
v -10.573 0.0896846 -16.9263
v -10.6903 0.134232 -16.9263
v -10.8114 0.16094 -16.9263
v -10.9342 0.169837 -16.9263
v -11.0631 0.16002 -16.9263
v -11.1898 0.130591 -16.9263
v -11.3122 0.0815839 -16.9263
v -11.4279 0.0130312 -16.9263
v -11.4653 -0.0131336 -16.9263
v -11.5753 -0.0779876 -16.9263
v -11.6926 -0.124348 -16.9263
v -11.8146 -0.152186 -16.9263
v -11.939 -0.161472 -16.9263
v -12.0589 -0.152848 -16.9263
v -12.1768 -0.126956 -16.9263
v -12.2903 -0.0837722 -16.9263
v -12.3976 -0.0232686 -16.9263
v -12.5158 0.0557772 -16.9263
v -12.6281 0.119465 -16.9263
v -12.7466 0.165057 -16.9263
v -12.8692 0.192473 -16.9263
v -12.9939 0.20163 -16.9263
v -13.1012 0.194865 -16.9263
v -13.2074 0.174535 -16.9263
v -13.3113 0.140588 -16.9263
v -13.4116 0.0929733 -16.9263
v -13.8641 -0.15816 -16.9263
v -13.9871 -0.170329 -16.9263
v -13.9836 -0.205491 -16.9263
v -13.857 -0.192943 -16.9263
v -13.3945 0.0620857 -16.9263
v -13.2983 0.107745 -16.9263
v -13.1987 0.140295 -16.9263
v -13.0968 0.159789 -16.9263
v -12.9939 0.166275 -16.9263
v -12.8743 0.157493 -16.9263
v -12.7568 0.131201 -16.9263
v -12.6432 0.0874789 -16.9263
v -12.5354 0.0264065 -16.9263
v -12.4172 -0.0526393 -16.9263
v -12.3054 -0.115718 -16.9263
v -12.1869 -0.160747 -16.9263
v -12.0641 -0.187748 -16.9263
v -11.939 -0.196744 -16.9263
v -11.8093 -0.187061 -16.9263
v -11.682 -0.15803 -16.9263
v -11.5598 -0.109675 -16.9263
v -11.445 -0.0420217 -16.9263
v -11.4076 -0.0158569 -16.9263
v -11.2967 0.0498812 -16.9263
v -11.1794 0.0968748 -16.9263
v -11.0579 0.125093 -16.9263
v -10.9342 0.134506 -16.9263
v -10.8164 0.125973 -16.9263
v -10.7004 0.100354 -16.9263
v -10.5878 0.0576256 -16.9263
v -10.4806 -0.00224023 -16.9263
v -10.3951 -0.0584996 -16.9263
v -10.2832 -0.120927 -16.9263
v -10.1658 -0.165482 -16.9263
v -10.0448 -0.192193 -16.9263
v -9.92203 -0.20109 -16.9263
v -9.79277 -0.191226 -16.9263
v -9.66577 -0.161656 -16.9263
v -9.54321 -0.112416 -16.9263
v -9.42726 -0.0435385 -16.9263
v -9.40236 -0.0260264 -16.9263
v -9.29201 0.0392259 -16.9263
v -9.17453 0.0858599 -16.9263
v -9.05229 0.113855 -16.9263
v -8.92766 0.123191 -16.9263
v -8.80693 0.11443 -16.9263
v -8.68831 0.0881351 -16.9263
v -8.57398 0.044287 -16.9263
v -8.46606 -0.0171324 -16.9263
v -8.42402 -0.0455034 -16.9263
v -8.31152 -0.109528 -16.9263
v -8.1923 -0.155239 -16.9263
v -8.06859 -0.182652 -16.9263
v -7.94266 -0.191785 -16.9263
v -7.81307 -0.182112 -16.9263
v -7.68594 -0.153103 -16.9263
v -7.56375 -0.10478 -16.9263
v -7.44895 -0.037161 -16.9263
v -7.43288 -0.0258885 -16.9263
v -7.32251 0.0391682 -16.9263
v -7.2053 0.0856408 -16.9263
v -7.08353 0.113526 -16.9263
v -6.95948 0.122822 -16.9263
v -6.83549 0.113534 -16.9263
v -6.71377 0.0856656 -16.9263
v -6.59662 0.0392155 -16.9263
v -6.4863 -0.0258195 -16.9263
v -6.46923 -0.0377126 -16.9263
v -6.35431 -0.105427 -16.9263
v -6.23214 -0.153805 -16.9263
v -6.10513 -0.182839 -16.9263
v -5.9757 -0.192519 -16.9263
v -5.84796 -0.183091 -16.9263
v -5.72253 -0.154803 -16.9263
v -5.60173 -0.107645 -16.9263
v -5.48787 -0.041608 -16.9263
v -5.44465 -0.0118236 -16.9263
v -5.33487 0.0520714 -16.9263
v -5.21895 0.0977372 -16.9263
v -5.09894 0.125152 -16.9263
v -4.97684 0.134295 -16.9263
v -4.85918 0.125808 -16.9263
v -4.74328 0.100333 -16.9263
v -4.63095 0.0578524 -16.9263
v -4.52401 -0.0016542 -16.9263
v -4.4389 -0.0575344 -16.9263
v -4.32748 -0.119516 -16.9263
v -4.21039 -0.163767 -16.9263
v -4.08952 -0.190306 -16.9263
v -3.96679 -0.199149 -16.9263
v -3.84047 -0.18978 -16.9263
v -3.71627 -0.161687 -16.9263
v -3.59626 -0.114887 -16.9263
v -3.48252 -0.0493988 -16.9263
v -3.42831 -0.0124786 -16.9263
v -3.31996 0.0496633 -16.9263
v -3.20497 0.0940445 -16.9263
v -3.08556 0.12067 -16.9263
v -2.96395 0.129544 -16.9263
v -2.84112 0.12049 -16.9263
v -2.72058 0.0933335 -16.9263
v -2.6046 0.0480781 -16.9263
v -2.49548 -0.0152709 -16.9263
v -2.45798 -0.0410909 -16.9263
v -2.34313 -0.108139 -16.9263
v -2.22207 -0.156039 -16.9263
v -2.09687 -0.184784 -16.9263
v -1.96958 -0.194367 -16.9263
v -1.84394 -0.185032 -16.9263
v -1.72025 -0.157022 -16.9263
v -1.60051 -0.110331 -16.9263
v -1.48669 -0.0449519 -16.9263
v -1.42301 -0.00179209 -16.9263
v -1.31429 0.0605662 -16.9263
v -1.19955 0.105128 -16.9263
v -1.08079 0.131876 -16.9263
v -0.960003 0.140796 -16.9263
v -0.842954 0.132424 -16.9263
v -0.727678 0.107297 -16.9263
v -0.615986 0.0654018 -16.9263
v -0.509687 0.00672266 -16.9263
v -0.44038 -0.0384365 -16.9263
v -0.329523 -0.0996551 -16.9263
v -0.213065 -0.143356 -16.9263
v -0.0928855 -0.16956 -16.9263
v 0.0291333 -0.17829 -16.9263
v 0.155468 -0.168929 -16.9263
v 0.279667 -0.140864 -16.9263
v 0.399638 -0.0941177 -16.9263
v 0.513289 -0.0287152 -16.9263
v 0.545969 -0.00648037 -16.9263
v 0.654964 0.0562434 -16.9263
v 0.770012 0.101073 -16.9263
v 0.889109 0.127987 -16.9263
v 1.01025 0.136963 -16.9263
v 1.12736 0.128576 -16.9263
v 1.24269 0.103403 -16.9263
v 1.35444 0.0614244 -16.9263
v 1.4608 0.00262042 -16.9263
v 1.53806 -0.0477441 -16.9263
v 1.64878 -0.108884 -16.9263
v 1.76529 -0.152549 -16.9263
v 1.88566 -0.178744 -16.9263
v 2.00794 -0.187474 -16.9263
v 2.13149 -0.178562 -16.9263
v 2.25302 -0.151827 -16.9263
v 2.37056 -0.107277 -16.9263
v 2.48209 -0.0449174 -16.9263
v 2.55807 0.0052748 -16.9263
v 2.66516 0.0651469 -16.9263
v 2.7779 0.10791 -16.9263
v 2.89441 0.133567 -16.9263
v 3.01281 0.142118 -16.9263
v 3.13145 0.13353 -16.9263
v 3.24818 0.107767 -16.9263
v 3.36111 0.0648306 -16.9263
v 3.46832 0.00472325 -16.9263
v 3.55381 -0.0518809 -16.9263
v 3.66515 -0.114118 -16.9263
v 3.7828 -0.158519 -16.9263
v 3.90465 -0.185128 -16.9263
v 4.02856 -0.193989 -16.9263
v 4.16108 -0.183855 -16.9263
v 4.29094 -0.153488 -16.9263
v 4.41553 -0.102941 -16.9263
v 4.53225 -0.0322659 -16.9263
v 4.64431 0.0356653 -16.9263
v 4.76377 0.0842349 -16.9263
v 4.88819 0.113405 -16.9263
v 5.0151 0.123136 -16.9263
v 5.13615 0.114285 -16.9263
v 5.25512 0.0877081 -16.9263
v 5.36989 0.0433734 -16.9263
v 5.47835 -0.0187526 -16.9263
v 5.52637 -0.0513638 -16.9263
v 5.6402 -0.116797 -16.9263
v 5.76003 -0.163532 -16.9263
v 5.88385 -0.19157 -16.9263
v 6.00966 -0.200915 -16.9263
v 6.13594 -0.1915 -16.9263
v 6.26019 -0.163256 -16.9263
v 6.38039 -0.116187 -16.9263
v 6.4945 -0.0502951 -16.9263
v 6.55721 -0.00748007 -16.9263
v 6.66646 0.0555901 -16.9263
v 6.78167 0.100651 -16.9263
v 6.90086 0.127694 -16.9263
v 7.02205 0.13671 -16.9263
v 7.14101 0.128026 -16.9263
v 7.25814 0.101966 -16.9263
v 7.37156 0.0585241 -16.9263
v 7.47942 -0.00230918 -16.9263
v 7.55567 -0.0531219 -16.9263
v 7.66726 -0.115779 -16.9263
v 7.78536 -0.160498 -16.9263
v 7.90778 -0.187307 -16.9263
v 8.03235 -0.196237 -16.9263
v 8.16288 -0.186431 -16.9263
v 8.29086 -0.157034 -16.9263
v 8.41376 -0.108082 -16.9263
v 8.52908 -0.0396086 -16.9263
v 8.54628 -0.0274053 -16.9263
v 8.65715 0.0384903 -16.9263
v 8.77504 0.0855718 -16.9263
v 8.8976 0.113829 -16.9263
v 9.02251 0.12325 -16.9263
v 9.14543 0.114126 -16.9263
v 9.26615 0.086746 -16.9263
v 9.38244 0.0411008 -16.9263
v 9.49207 -0.0228204 -16.9263
v 9.5181 -0.0408151 -16.9263
v 9.63242 -0.107497 -16.9263
v 9.75367 -0.155114 -16.9263
v 9.87955 -0.183677 -16.9263
v 10.0077 -0.193196 -16.9263
v 10.1381 -0.183348 -16.9263
v 10.266 -0.153811 -16.9263
v 10.389 -0.104596 -16.9263
v 10.5047 -0.0357132 -16.9263
v 10.6279 0.0389336 -16.9263
v 10.7458 0.0860284 -16.9263
v 10.8686 0.114303 -16.9263
v 10.9938 0.123734 -16.9263
v 11.1145 0.114966 -16.9263
v 11.2331 0.0886495 -16.9263
v 11.3475 0.0447618 -16.9263
v 11.4555 -0.0167188 -16.9263
v 11.5156 -0.0573275 -16.9263
v 11.629 -0.122204 -16.9263
v 11.7484 -0.168536 -16.9263
v 11.8718 -0.196331 -16.9263
v 11.9972 -0.205594 -16.9263
v 12.123 -0.196248 -16.9263
v 12.2468 -0.168256 -16.9263
v 12.3665 -0.121617 -16.9263
v 12.4802 -0.0563278 -16.9263
v 12.604 0.0276476 -16.9263
v 12.7124 0.0898999 -16.9263
v 12.827 0.134492 -16.9263
v 12.9459 0.161322 -16.9263
v 13.067 0.170288 -16.9263
v 13.1662 0.164283 -16.9263
v 13.2645 0.146233 -16.9263
v 13.3607 0.116081 -16.9263
v 13.4539 0.073772 -16.9263
v 13.9706 -0.200355 16.9263
v 13.9871 -0.169191 16.9263
v 13.4705 0.104935 16.9263
v 13.3733 0.149065 16.9263
v 13.2729 0.180511 16.9263
v 13.1704 0.199334 16.9263
v 13.067 0.205594 16.9263
v 12.9407 0.196244 16.9263
v 12.8168 0.168266 16.9263
v 12.6972 0.121775 16.9263
v 12.5842 0.0568804 16.9263
v 12.4604 -0.027095 16.9263
v 12.3514 -0.0897125 16.9263
v 12.2365 -0.134444 16.9263
v 12.1178 -0.161286 16.9263
v 11.9971 -0.170235 16.9263
v 11.8769 -0.161353 16.9263
v 11.7586 -0.134705 16.9263
v 11.6441 -0.090287 16.9263
v 11.5354 -0.0280947 16.9263
v 11.4752 0.0125141 16.9263
v 11.3626 0.076642 16.9263
v 11.2434 0.122416 16.9263
v 11.1197 0.149863 16.9263
v 10.9938 0.159006 16.9263
v 10.8633 0.14917 16.9263
v 10.7352 0.119682 16.9263
v 10.6122 0.0705702 16.9263
v 10.4967 0.00186201 16.9263
v 10.3734 -0.0729485 16.9263
v 10.2554 -0.120144 16.9263
v 10.1328 -0.148468 16.9263
v 10.0077 -0.157913 16.9263
v 9.88481 -0.148785 16.9263
v 9.76409 -0.121395 16.9263
v 9.6478 -0.0757335 16.9263
v 9.53816 -0.0117892 16.9263
v 9.51214 0.00620557 16.9263
v 9.39784 0.0728604 16.9263
v 9.27659 0.120457 16.9263
v 9.15071 0.149006 16.9263
v 9.02252 0.15852 16.9263
v 8.89226 0.148695 16.9263
v 8.76444 0.119228 16.9263
v 8.64151 0.0701299 16.9263
v 8.52591 0.00141386 16.9263
v 8.50867 -0.0107895 16.9263
v 8.3981 -0.0764541 16.9263
v 8.28024 -0.1234 16.9263
v 8.15751 -0.151594 16.9263
v 8.03232 -0.160999 16.9263
v 7.91287 -0.152436 16.9263
v 7.79548 -0.126727 16.9263
v 7.68225 -0.0838422 16.9263
v 7.57525 -0.0237512 16.9263
v 7.499 0.0270615 16.9263
v 7.38654 0.0905001 16.9263
v 7.26828 0.135796 16.9263
v 7.14616 0.162963 16.9263
v 7.02213 0.172016 16.9263
v 6.89572 0.162612 16.9263
v 6.77141 0.134413 16.9263
v 6.65124 0.0874315 16.9263
v 6.53728 0.0216838 16.9263
v 6.47461 -0.0211312 16.9263
v 6.36519 -0.0843105 16.9263
v 6.24993 -0.129442 16.9263
v 6.13078 -0.156523 16.9263
v 6.00968 -0.165551 16.9263
v 5.88902 -0.156588 16.9263
v 5.77028 -0.129699 16.9263
v 5.65538 -0.0848813 16.9263
v 5.54623 -0.022131 16.9263
v 5.49821 0.0104802 16.9263
v 5.38508 0.0752359 16.9263
v 5.26538 0.12145 16.9263
v 5.14131 0.149156 16.9263
v 5.01508 0.158384 16.9263
v 4.88274 0.148238 16.9263
v 4.75301 0.117825 16.9263
v 4.62843 0.0671824 16.9263
v 4.51157 -0.00365361 16.9263
v 4.39967 -0.0714296 16.9263
v 4.2802 -0.119906 16.9263
v 4.15568 -0.149031 16.9263
v 4.02859 -0.158751 16.9263
v 3.90975 -0.150253 16.9263
v 3.79291 -0.124731 16.9263
v 3.68008 -0.0821411 16.9263
v 3.57332 -0.0224412 16.9263
v 3.48783 0.0341629 16.9263
v 3.376 0.0968454 16.9263
v 3.25823 0.14162 16.9263
v 3.1365 0.168485 16.9263
v 3.01279 0.17744 16.9263
v 2.88933 0.16852 16.9263
v 2.76783 0.14176 16.9263
v 2.65028 0.0971581 16.9263
v 2.53863 0.0347145 16.9263
v 2.46265 -0.0154777 16.9263
v 2.35567 -0.0752713 16.9263
v 2.24295 -0.11799 16.9263
v 2.1264 -0.143627 16.9263
v 2.00792 -0.152174 16.9263
v 1.89067 -0.143802 16.9263
v 1.77526 -0.118682 16.9263
v 1.66354 -0.0768056 16.9263
v 1.55736 -0.0181666 16.9263
v 1.48011 0.0321979 16.9263
v 1.36916 0.0935141 16.9263
v 1.2526 0.137291 16.9263
v 1.13231 0.163546 16.9263
v 1.01018 0.172294 16.9263
v 0.883881 0.162934 16.9263
v 0.75971 0.134867 16.9263
v 0.639758 0.0881113 16.9263
v 0.526113 0.0226835 16.9263
v 0.493433 0.000448639 16.9263
v 0.384461 -0.0622759 16.9263
v 0.269429 -0.107106 16.9263
v 0.150342 -0.13402 16.9263
v 0.029203 -0.142996 16.9263
v -0.0878202 -0.134622 16.9263
v -0.203083 -0.109488 16.9263
v -0.31478 -0.0675733 16.9263
v -0.421109 -0.00885898 16.9263
v -0.490417 0.0363002 16.9263
v -0.601263 0.0974922 16.9263
v -0.717735 0.14118 16.9263
v -0.837943 0.167381 16.9263
v -0.959999 0.176111 16.9263
v -1.08596 0.16681 16.9263
v -1.2098 0.138919 16.9263
v -1.32945 0.0924566 16.9263
v -1.44281 0.0274407 16.9263
v -1.5065 -0.015719 16.9263
v -1.61565 -0.0784188 16.9263
v -1.73049 -0.123198 16.9263
v -1.84911 -0.150062 16.9263
v -1.96961 -0.159015 16.9263
v -2.09167 -0.149826 16.9263
v -2.21173 -0.122262 16.9263
v -2.32781 -0.0763282 16.9263
v -2.43795 -0.0120305 16.9263
v -2.47546 0.0137895 16.9263
v -2.58924 0.0798497 16.9263
v -2.71018 0.127045 16.9263
v -2.83588 0.155367 16.9263
v -2.96398 0.16481 16.9263
v -3.09079 0.155555 16.9263
v -3.2153 0.127788 16.9263
v -3.3352 0.0815004 16.9263
v -3.44819 0.0166853 16.9263
v -3.50238 -0.020235 16.9263
v -3.61145 -0.0830432 16.9263
v -3.72654 -0.127926 16.9263
v -3.84564 -0.154868 16.9263
v -3.96677 -0.163852 16.9263
v -4.08447 -0.15537 16.9263
v -4.20039 -0.129915 16.9263
v -4.31268 -0.0874717 16.9263
v -4.41952 -0.0280258 16.9263
v -4.50464 0.0278544 16.9263
v -4.61616 0.0899066 16.9263
v -4.73329 0.134202 16.9263
v -4.85414 0.160762 16.9263
v -4.97683 0.169611 16.9263
v -5.10416 0.160077 16.9263
v -5.22932 0.131492 16.9263
v -5.3502 0.083882 16.9263
v -5.46468 0.0172713 16.9263
v -5.50789 -0.0125131 16.9263
v -5.61709 -0.0758475 16.9263
v -5.73294 -0.121077 16.9263
v -5.85323 -0.14821 16.9263
v -5.97574 -0.157253 16.9263
v -6.09985 -0.14797 16.9263
v -6.22164 -0.120127 16.9263
v -6.3388 -0.0737314 16.9263
v -6.449 -0.00879004 16.9263
v -6.46606 0.00310302 16.9263
v -6.58111 0.0709258 16.9263
v -6.70329 0.119371 16.9263
v -6.83022 0.148438 16.9263
v -6.95953 0.158127 16.9263
v -7.08888 0.148431 16.9263
v -7.21585 0.119345 16.9263
v -7.33806 0.0708677 16.9263
v -7.45314 0.00299961 16.9263
v -7.4692 -0.00827294 16.9263
v -7.57931 -0.0730989 16.9263
v -7.69649 -0.119429 16.9263
v -7.81841 -0.147243 16.9263
v -7.9427 -0.156519 16.9263
v -8.06345 -0.147763 16.9263
v -8.18207 -0.121483 16.9263
v -8.29639 -0.0776582 16.9263
v -8.40427 -0.0162706 16.9263
v -8.44631 0.0121004 16.9263
v -8.55884 0.0761681 16.9263
v -8.67806 0.121901 16.9263
v -8.80173 0.149324 16.9263
v -8.92761 0.158459 16.9263
v -9.05759 0.148721 16.9263
v -9.18506 0.119525 16.9263
v -9.30758 0.0708962 16.9263
v -9.42266 0.00286172 16.9263
v -9.44757 -0.0146504 16.9263
v -9.55876 -0.0807092 16.9263
v -9.67629 -0.127937 16.9263
v -9.79808 -0.156299 16.9263
v -9.92204 -0.16576 16.9263
v -10.0398 -0.157227 16.9263
v -10.1558 -0.131607 16.9263
v -10.2684 -0.0888718 16.9263
v -10.3757 -0.028991 16.9263
v -10.4612 0.0272684 16.9263
v -10.573 0.0896846 16.9263
v -10.6903 0.134232 16.9263
v -10.8114 0.16094 16.9263
v -10.9342 0.169837 16.9263
v -11.0631 0.16002 16.9263
v -11.1898 0.130591 16.9263
v -11.3122 0.0815839 16.9263
v -11.4279 0.0130312 16.9263
v -11.4653 -0.0131336 16.9263
v -11.5753 -0.0779876 16.9263
v -11.6926 -0.124348 16.9263
v -11.8146 -0.152186 16.9263
v -11.939 -0.161472 16.9263
v -12.0589 -0.152848 16.9263
v -12.1768 -0.126956 16.9263
v -12.2903 -0.0837722 16.9263
v -12.3976 -0.0232686 16.9263
v -12.5158 0.0557772 16.9263
v -12.6281 0.119465 16.9263
v -12.7466 0.165057 16.9263
v -12.8692 0.192473 16.9263
v -12.9939 0.20163 16.9263
v -13.1012 0.194865 16.9263
v -13.2074 0.174535 16.9263
v -13.3113 0.140588 16.9263
v -13.4116 0.0929733 16.9263
v -13.8641 -0.15816 16.9263
v -13.9871 -0.170329 16.9263
v -13.9836 -0.205491 16.9263
v -13.857 -0.192943 16.9263
v -13.3945 0.0620857 16.9263
v -13.2983 0.107745 16.9263
v -13.1987 0.140295 16.9263
v -13.0968 0.159789 16.9263
v -12.9939 0.166275 16.9263
v -12.8743 0.157493 16.9263
v -12.7568 0.131201 16.9263
v -12.6432 0.0874789 16.9263
v -12.5354 0.0264065 16.9263
v -12.4172 -0.0526393 16.9263
v -12.3054 -0.115718 16.9263
v -12.1869 -0.160747 16.9263
v -12.0641 -0.187748 16.9263
v -11.939 -0.196744 16.9263
v -11.8093 -0.187061 16.9263
v -11.682 -0.15803 16.9263
v -11.5598 -0.109675 16.9263
v -11.445 -0.0420217 16.9263
v -11.4076 -0.0158569 16.9263
v -11.2967 0.0498812 16.9263
v -11.1794 0.0968748 16.9263
v -11.0579 0.125093 16.9263
v -10.9342 0.134506 16.9263
v -10.8164 0.125973 16.9263
v -10.7004 0.100354 16.9263
v -10.5878 0.0576256 16.9263
v -10.4806 -0.00224023 16.9263
v -10.3951 -0.0584996 16.9263
v -10.2832 -0.120927 16.9263
v -10.1658 -0.165482 16.9263
v -10.0448 -0.192193 16.9263
v -9.92203 -0.20109 16.9263
v -9.79277 -0.191226 16.9263
v -9.66577 -0.161656 16.9263
v -9.54321 -0.112416 16.9263
v -9.42726 -0.0435385 16.9263
v -9.40236 -0.0260264 16.9263
v -9.29201 0.0392259 16.9263
v -9.17453 0.0858599 16.9263
v -9.05229 0.113855 16.9263
v -8.92766 0.123191 16.9263
v -8.80693 0.11443 16.9263
v -8.68831 0.0881351 16.9263
v -8.57398 0.044287 16.9263
v -8.46606 -0.0171324 16.9263
v -8.42402 -0.0455034 16.9263
v -8.31152 -0.109528 16.9263
v -8.1923 -0.155239 16.9263
v -8.06859 -0.182652 16.9263
v -7.94266 -0.191785 16.9263
v -7.81307 -0.182112 16.9263
v -7.68594 -0.153103 16.9263
v -7.56375 -0.10478 16.9263
v -7.44895 -0.037161 16.9263
v -7.43288 -0.0258885 16.9263
v -7.32251 0.0391682 16.9263
v -7.2053 0.0856408 16.9263
v -7.08353 0.113526 16.9263
v -6.95948 0.122822 16.9263
v -6.83549 0.113534 16.9263
v -6.71377 0.0856656 16.9263
v -6.59662 0.0392155 16.9263
v -6.4863 -0.0258195 16.9263
v -6.46923 -0.0377126 16.9263
v -6.35431 -0.105427 16.9263
v -6.23214 -0.153805 16.9263
v -6.10513 -0.182839 16.9263
v -5.9757 -0.192519 16.9263
v -5.84796 -0.183091 16.9263
v -5.72253 -0.154803 16.9263
v -5.60173 -0.107645 16.9263
v -5.48787 -0.041608 16.9263
v -5.44465 -0.0118236 16.9263
v -5.33487 0.0520714 16.9263
v -5.21895 0.0977372 16.9263
v -5.09894 0.125152 16.9263
v -4.97684 0.134295 16.9263
v -4.85918 0.125808 16.9263
v -4.74328 0.100333 16.9263
v -4.63095 0.0578524 16.9263
v -4.52401 -0.0016542 16.9263
v -4.4389 -0.0575344 16.9263
v -4.32748 -0.119516 16.9263
v -4.21039 -0.163767 16.9263
v -4.08952 -0.190306 16.9263
v -3.96679 -0.199149 16.9263
v -3.84047 -0.18978 16.9263
v -3.71627 -0.161687 16.9263
v -3.59626 -0.114887 16.9263
v -3.48252 -0.0493988 16.9263
v -3.42831 -0.0124786 16.9263
v -3.31996 0.0496633 16.9263
v -3.20497 0.0940445 16.9263
v -3.08556 0.12067 16.9263
v -2.96395 0.129544 16.9263
v -2.84112 0.12049 16.9263
v -2.72058 0.0933335 16.9263
v -2.6046 0.0480781 16.9263
v -2.49548 -0.0152709 16.9263
v -2.45798 -0.0410909 16.9263
v -2.34313 -0.108139 16.9263
v -2.22207 -0.156039 16.9263
v -2.09687 -0.184784 16.9263
v -1.96958 -0.194367 16.9263
v -1.84394 -0.185032 16.9263
v -1.72025 -0.157022 16.9263
v -1.60051 -0.110331 16.9263
v -1.48669 -0.0449519 16.9263
v -1.42301 -0.00179209 16.9263
v -1.31429 0.0605662 16.9263
v -1.19955 0.105128 16.9263
v -1.08079 0.131876 16.9263
v -0.960003 0.140796 16.9263
v -0.842954 0.132424 16.9263
v -0.727678 0.107297 16.9263
v -0.615986 0.0654018 16.9263
v -0.509687 0.00672266 16.9263
v -0.44038 -0.0384365 16.9263
v -0.329523 -0.0996551 16.9263
v -0.213065 -0.143356 16.9263
v -0.0928855 -0.16956 16.9263
v 0.0291333 -0.17829 16.9263
v 0.155468 -0.168929 16.9263
v 0.279667 -0.140864 16.9263
v 0.399638 -0.0941177 16.9263
v 0.513289 -0.0287152 16.9263
v 0.545969 -0.00648037 16.9263
v 0.654964 0.0562434 16.9263
v 0.770012 0.101073 16.9263
v 0.889109 0.127987 16.9263
v 1.01025 0.136963 16.9263
v 1.12736 0.128576 16.9263
v 1.24269 0.103403 16.9263
v 1.35444 0.0614244 16.9263
v 1.4608 0.00262042 16.9263
v 1.53806 -0.0477441 16.9263
v 1.64878 -0.108884 16.9263
v 1.76529 -0.152549 16.9263
v 1.88566 -0.178744 16.9263
v 2.00794 -0.187474 16.9263
v 2.13149 -0.178562 16.9263
v 2.25302 -0.151827 16.9263
v 2.37056 -0.107277 16.9263
v 2.48209 -0.0449174 16.9263
v 2.55807 0.0052748 16.9263
v 2.66516 0.0651469 16.9263
v 2.7779 0.10791 16.9263
v 2.89441 0.133567 16.9263
v 3.01281 0.142118 16.9263
v 3.13145 0.13353 16.9263
v 3.24818 0.107767 16.9263
v 3.36111 0.0648306 16.9263
v 3.46832 0.00472325 16.9263
v 3.55381 -0.0518809 16.9263
v 3.66515 -0.114118 16.9263
v 3.7828 -0.158519 16.9263
v 3.90465 -0.185128 16.9263
v 4.02856 -0.193989 16.9263
v 4.16108 -0.183855 16.9263
v 4.29094 -0.153488 16.9263
v 4.41553 -0.102941 16.9263
v 4.53225 -0.0322659 16.9263
v 4.64431 0.0356653 16.9263
v 4.76377 0.0842349 16.9263
v 4.88819 0.113405 16.9263
v 5.0151 0.123136 16.9263
v 5.13615 0.114285 16.9263
v 5.25512 0.0877081 16.9263
v 5.36989 0.0433734 16.9263
v 5.47835 -0.0187526 16.9263
v 5.52637 -0.0513638 16.9263
v 5.6402 -0.116797 16.9263
v 5.76003 -0.163532 16.9263
v 5.88385 -0.19157 16.9263
v 6.00966 -0.200915 16.9263
v 6.13594 -0.1915 16.9263
v 6.26019 -0.163256 16.9263
v 6.38039 -0.116187 16.9263
v 6.4945 -0.0502951 16.9263
v 6.55721 -0.00748007 16.9263
v 6.66646 0.0555901 16.9263
v 6.78167 0.100651 16.9263
v 6.90086 0.127694 16.9263
v 7.02205 0.13671 16.9263
v 7.14101 0.128026 16.9263
v 7.25814 0.101966 16.9263
v 7.37156 0.0585241 16.9263
v 7.47942 -0.00230918 16.9263
v 7.55567 -0.0531219 16.9263
v 7.66726 -0.115779 16.9263
v 7.78536 -0.160498 16.9263
v 7.90778 -0.187307 16.9263
v 8.03235 -0.196237 16.9263
v 8.16288 -0.186431 16.9263
v 8.29086 -0.157034 16.9263
v 8.41376 -0.108082 16.9263
v 8.52908 -0.0396086 16.9263
v 8.54628 -0.0274053 16.9263
v 8.65715 0.0384903 16.9263
v 8.77504 0.0855718 16.9263
v 8.8976 0.113829 16.9263
v 9.02251 0.12325 16.9263
v 9.14543 0.114126 16.9263
v 9.26615 0.086746 16.9263
v 9.38244 0.0411008 16.9263
v 9.49207 -0.0228204 16.9263
v 9.5181 -0.0408151 16.9263
v 9.63242 -0.107497 16.9263
v 9.75367 -0.155114 16.9263
v 9.87955 -0.183677 16.9263
v 10.0077 -0.193196 16.9263
v 10.1381 -0.183348 16.9263
v 10.266 -0.153811 16.9263
v 10.389 -0.104596 16.9263
v 10.5047 -0.0357132 16.9263
v 10.6279 0.0389336 16.9263
v 10.7458 0.0860284 16.9263
v 10.8686 0.114303 16.9263
v 10.9938 0.123734 16.9263
v 11.1145 0.114966 16.9263
v 11.2331 0.0886495 16.9263
v 11.3475 0.0447618 16.9263
v 11.4555 -0.0167188 16.9263
v 11.5156 -0.0573275 16.9263
v 11.629 -0.122204 16.9263
v 11.7484 -0.168536 16.9263
v 11.8718 -0.196331 16.9263
v 11.9972 -0.205594 16.9263
v 12.123 -0.196248 16.9263
v 12.2468 -0.168256 16.9263
v 12.3665 -0.121617 16.9263
v 12.4802 -0.0563278 16.9263
v 12.604 0.0276476 16.9263
v 12.7124 0.0898999 16.9263
v 12.827 0.134492 16.9263
v 12.9459 0.161322 16.9263
v 13.067 0.170288 16.9263
v 13.1662 0.164283 16.9263
v 13.2645 0.146233 16.9263
v 13.3607 0.116081 16.9263
v 13.4539 0.073772 16.9263
v 13.9788 -0.184773 0
v 13.7288 -0.032128 0
v 13.4219 0.127 0
v 13.3231 0.164788 0
v 13.2217 0.189922 0
v 13.1187 0.202464 0
v 13.0039 0.200919 0
v 12.8788 0.182255 0
v 12.757 0.145021 0
v 12.6407 0.0893275 0
v 12.5223 0.0148927 0
v 12.4059 -0.0584038 0
v 12.294 -0.112078 0
v 12.1772 -0.147865 0
v 12.0575 -0.165761 0
v 11.937 -0.165794 0
v 11.8178 -0.148029 0
v 11.7014 -0.112496 0
v 11.5897 -0.0591908 0
v 11.5053 -0.00779032 0
v 11.4189 0.044578 0
v 11.303 0.0995292 0
v 11.1815 0.13614 0
v 11.0568 0.154434 0
v 10.9286 0.154088 0
v 10.7993 0.134426 0
v 10.6737 0.0951262 0
v 10.5545 0.0362161 0
v 10.4351 -0.0355432 0
v 10.3144 -0.096546 0
v 10.1941 -0.134306 0
v 10.0702 -0.153191 0
v 9.94627 -0.153349 0
v 9.82445 -0.13509 0
v 9.70595 -0.0985644 0
v 9.59298 -0.0437613 0
v 9.52515 -0.00279179 0
v 9.45499 0.039533 0
v 9.33721 0.0966587 0
v 9.21365 0.134732 0
v 9.08661 0.153763 0
v 8.95739 0.153608 0
v 8.82835 0.133961 0
v 8.70297 0.0946788 0
v 8.58371 0.0357719 0
v 8.51729 -0.0046878 0
v 8.45338 -0.0436218 0
v 8.33917 -0.0999272 0
v 8.21887 -0.137497 0
v 8.09491 -0.156296 0
v 7.9726 -0.156717 0
v 7.85418 -0.139582 0
v 7.73886 -0.105285 0
v 7.62875 -0.0537967 0
v 7.53713 0.00165517 0
v 7.44277 0.0587808 0
v 7.32741 0.113148 0
v 7.20722 0.149379 0
v 7.08414 0.167489 0
v 6.95892 0.167314 0
v 6.83357 0.148512 0
v 6.71133 0.110922 0
v 6.59426 0.0545576 0
v 6.50595 0.000276273 0
v 6.4199 -0.0527209 0
v 6.30756 -0.106876 0
v 6.19035 -0.142982 0
v 6.07023 -0.161037 0
v 5.94935 -0.161069 0
v 5.82965 -0.143144 0
v 5.71283 -0.10729 0
v 5.6008 -0.0535061 0
v 5.52222 -0.00582539 0
v 5.44165 0.042858 0
v 5.32523 0.0983432 0
v 5.20335 0.135303 0
v 5.0782 0.15377 0
v 4.94891 0.153311 0
v 4.81788 0.133032 0
v 4.69072 0.0925039 0
v 4.57 0.0317644 0
v 4.45562 -0.0375416 0
v 4.33993 -0.0956679 0
v 4.21794 -0.134469 0
v 4.09213 -0.153891 0
v 3.96917 -0.154502 0
v 3.85133 -0.137492 0
v 3.73649 -0.103436 0
v 3.6267 -0.0522911 0
v 3.53058 0.00586084 0
v 3.43191 0.0655042 0
v 3.31711 0.119233 0
v 3.19736 0.155052 0
v 3.07464 0.172962 0
v 2.95106 0.17298 0
v 2.82858 0.15514 0
v 2.70906 0.119459 0
v 2.59445 0.0659363 0
v 2.50064 0.00961837 0
v 2.40916 -0.0453745 0
v 2.29931 -0.0966308 0
v 2.18468 -0.130809 0
v 2.06716 -0.147901 0
v 1.9493 -0.147988 0
v 1.83296 -0.131242 0
v 1.7194 -0.0977437 0
v 1.61045 -0.0474861 0
v 1.51874 0.00701568 0
v 1.42464 0.062856 0
v 1.31088 0.115403 0
v 1.19246 0.150419 0
v 1.07125 0.16792 0
v 0.947032 0.167614 0
v 0.821796 0.148901 0
v 0.699734 0.111489 0
v 0.582936 0.0553974 0
v 0.509773 0.0115661 0
v 0.438947 -0.0309136 0
v 0.326945 -0.0846909 0
v 0.209885 -0.120563 0
v 0.0897723 -0.138508 0
v -0.0293086 -0.138809 0
v -0.145451 -0.122055 0
v -0.258932 -0.0885306 0
v -0.367945 -0.0382161 0
v -0.455763 0.0137206 0
v -0.54584 0.0668962 0
v -0.659499 0.119336 0
v -0.777839 0.154281 0
v -0.898971 0.171746 0
v -1.02298 0.17146 0
v -1.14788 0.152864 0
v -1.26963 0.115688 0
v -1.38613 0.0599486 0
v -1.47465 0.00586084 0
v -1.56108 -0.0470689 0
v -1.67307 -0.100808 0
v -1.7898 -0.13663 0
v -1.90936 -0.154538 0
v -2.03064 -0.154421 0
v -2.1517 -0.136044 0
v -2.26977 -0.0992951 0
v -2.38288 -0.0441794 0
v -2.4567 0.000879543 0
v -2.53235 0.0468196 0
v -2.64971 0.103447 0
v -2.77303 0.141206 0
v -2.89993 0.160088 0
v -3.02738 0.160182 0
v -3.15305 0.141672 0
v -3.27525 0.104644 0
v -3.3917 0.0490928 0
v -3.47528 -0.00177485 0
v -3.55692 -0.0516391 0
v -3.669 -0.105485 0
v -3.78609 -0.141397 0
v -3.9062 -0.15936 0
v -4.02562 -0.159611 0
v -4.14243 -0.142642 0
v -4.25653 -0.108693 0
v -4.3661 -0.0577487 0
v -4.46208 -8.56948e-05 0
v -4.5604 0.0588805 0
v -4.67472 0.112054 0
v -4.79372 0.147482 0
v -4.91549 0.165187 0
v -5.0405 0.164844 0
v -5.16674 0.145785 0
v -5.28976 0.107687 0
v -5.40744 0.0505767 0
v -5.48629 0.00237911 0
v -5.56249 -0.0441803 0
v -5.67502 -0.0984625 0
v -5.79309 -0.134644 0
v -5.91448 -0.152732 0
v -6.03779 -0.152612 0
v -6.16075 -0.134049 0
v -6.28022 -0.0969294 0
v -6.3939 -0.0412607 0
v -6.45753 -0.00284351 0
v -6.52359 0.0370144 0
v -6.6422 0.0951483 0
v -6.76675 0.133904 0
v -6.89487 0.153282 0
v -7.0242 0.153279 0
v -7.15236 0.133888 0
v -7.27695 0.0951062 0
v -7.3956 0.0369336 0
v -7.46117 -0.00263667 0
v -7.52425 -0.0406859 0
v -7.6379 -0.0962641 0
v -7.75745 -0.133336 0
v -7.88056 -0.151881 0
v -8.00308 -0.152141 0
v -8.12276 -0.134623 0
v -8.23923 -0.0995704 0
v -8.35033 -0.0469644 0
v -8.42529 -0.00208511 0
v -8.50257 0.0441343 0
v -8.61845 0.0990347 0
v -8.73989 0.135612 0
v -8.86467 0.153891 0
v -8.9926 0.15359 0
v -9.12133 0.134123 0
v -9.24632 0.0952105 0
v -9.36512 0.0368789 0
v -9.43511 -0.00589434 0
v -9.50316 -0.0476798 0
v -9.61753 -0.104323 0
v -9.73719 -0.142118 0
v -9.86006 -0.161029 0
v -9.98091 -0.161494 0
v -10.0978 -0.144417 0
v -10.2121 -0.110239 0
v -10.322 -0.0589314 0
v -10.4184 -0.000861332 0
v -10.5171 0.0584765 0
v -10.6317 0.111959 0
v -10.7508 0.147586 0
v -10.8728 0.165388 0
v -10.9986 0.164928 0
v -11.1265 0.145305 0
v -11.251 0.106088 0
v -11.37 0.0473075 0
v -11.4466 -5.12137e-05 0
v -11.5203 -0.0455606 0
v -11.634 -0.101168 0
v -11.7536 -0.138267 0
v -11.8768 -0.156829 0
v -11.999 -0.15716 0
v -12.1178 -0.139902 0
v -12.2336 -0.105364 0
v -12.344 -0.0535204 0
v -12.4567 0.0162543 0
v -12.5719 0.087621 0
v -12.6874 0.142261 0
v -12.8079 0.178765 0
v -12.9315 0.197052 0
v -13.0475 0.198247 0
v -13.1543 0.1847 0
v -13.2593 0.157562 0
v -13.3615 0.116781 0
v -13.6379 -0.0325934 0
v -13.9256 -0.164244 0
v -13.9854 -0.18791 0
v -13.9203 -0.199217 0
v -13.6257 -0.0654286 0
v -13.3464 0.0849152 0
v -13.2485 0.12402 0
v -13.1477 0.150042 0
v -13.0454 0.163032 0
v -12.9341 0.161884 0
v -12.8155 0.144347 0
v -12.7 0.10934 0
v -12.5893 0.0569427 0
v -12.4763 -0.0131164 0
v -12.3613 -0.0841787 0
v -12.2461 -0.138233 0
v -12.1255 -0.174248 0
v -12.0015 -0.192246 0
v -11.8741 -0.191902 0
v -11.7457 -0.172546 0
v -11.6209 -0.133853 0
v -11.5024 -0.0758485 0
v -11.4263 -0.0289393 0
v -11.3522 0.0170122 0
v -11.238 0.073378 0
v -11.1186 0.110984 0
v -10.996 0.1298 0
v -10.8753 0.130239 0
v -10.7584 0.113164 0
v -10.6441 0.0789901 0
v -10.5342 0.0276927 0
v -10.4378 -0.0303699 0
v -10.3391 -0.0897134 0
v -10.2245 -0.143204 0
v -10.1053 -0.178837 0
v -9.98343 -0.196641 0
v -9.8574 -0.196158 0
v -9.72927 -0.176441 0
v -9.60449 -0.137036 0
v -9.48524 -0.077977 0
v -9.41481 -0.0347824 0
v -9.34718 0.00659977 0
v -9.23327 0.0625429 0
v -9.11341 0.0998575 0
v -8.98998 0.118523 0
v -8.86729 0.118811 0
v -8.74762 0.101283 0
v -8.63115 0.0662111 0
v -8.52002 0.0135773 0
v -8.44504 -0.0313179 0
v -8.36777 -0.0775159 0
v -8.25191 -0.132384 0
v -8.13045 -0.168945 0
v -8.00563 -0.187219 0
v -7.87786 -0.186949 0
v -7.74951 -0.167608 0
v -7.62485 -0.128942 0
v -7.50635 -0.0709706 0
v -7.44091 -0.0315248 0
v -7.3777 0.00663988 0
v -7.26391 0.0624045 0
v -7.14442 0.0995836 0
v -7.02151 0.118174 0
v -6.89748 0.118178 0
v -6.77463 0.0995996 0
v -6.6552 0.0624405 0
v -6.54146 0.00669798 0
v -6.47777 -0.0317661 0
v -6.41177 -0.0715697 0
v -6.29323 -0.129616 0
v -6.16864 -0.168322 0
v -6.04041 -0.187679 0
v -5.91183 -0.187805 0
v -5.78525 -0.168947 0
v -5.66213 -0.131224 0
v -5.5448 -0.0746263 0
v -5.46626 -0.0267158 0
v -5.38976 0.0201239 0
v -5.27691 0.0749043 0
v -5.15894 0.111445 0
v -5.03789 0.129724 0
v -4.91801 0.130052 0
v -4.80123 0.113071 0
v -4.68712 0.0790929 0
v -4.57748 0.0280991 0
v -4.48145 -0.0295943 0
v -4.38319 -0.088525 0
v -4.26893 -0.141642 0
v -4.14995 -0.177037 0
v -4.02815 -0.194728 0
v -3.90363 -0.194465 0
v -3.77837 -0.175734 0
v -3.65627 -0.138287 0
v -3.53939 -0.0821431 0
v -3.45542 -0.0309387 0
v -3.37414 0.0185924 0
v -3.26246 0.0718539 0
v -3.14526 0.107357 0
v -3.02475 0.125107 0
v -2.90253 0.125017 0
v -2.78085 0.106912 0
v -2.66259 0.0707058 0
v -2.55004 0.0164036 0
v -2.47673 -0.0281809 0
v -2.40055 -0.0746149 0
v -2.2826 -0.132089 0
v -2.15947 -0.170411 0
v -2.03322 -0.189576 0
v -1.90676 -0.1897 0
v -1.78209 -0.171027 0
v -1.66038 -0.133677 0
v -1.5436 -0.0776415 0
v -1.45485 -0.023372 0
v -1.36865 0.029387 0
v -1.25692 0.082847 0
v -1.14017 0.118502 0
v -1.0204 0.136336 0
v -0.901478 0.13661 0
v -0.785316 0.119861 0
v -0.671832 0.0863496 0
v -0.562836 0.0360622 0
v -0.475033 -0.0158569 0
v -0.384951 -0.0690458 0
v -0.271294 -0.121505 0
v -0.152975 -0.156458 0
v -0.0318761 -0.173925 0
v 0.0923008 -0.173609 0
v 0.217568 -0.154896 0
v 0.339652 -0.117491 0
v 0.456463 -0.0614165 0
v 0.529629 -0.0175978 0
v 0.600467 0.0248815 0
v 0.712488 0.0786581 0
v 0.82956 0.11453 0
v 0.949679 0.132475 0
v 1.0688 0.132769 0
v 1.18502 0.11599 0
v 1.29857 0.0824138 0
v 1.40762 0.0320224 0
v 1.49943 -0.0225619 0
v 1.59342 -0.0783143 0
v 1.70704 -0.130717 0
v 1.82547 -0.165647 0
v 1.9468 -0.183109 0
v 2.06971 -0.183018 0
v 2.19226 -0.165195 0
v 2.31179 -0.129552 0
v 2.42632 -0.0760974 0
v 2.52008 -0.0198213 0
v 2.61161 0.0352109 0
v 2.72153 0.0865286 0
v 2.83616 0.120739 0
v 2.95361 0.137843 0
v 3.07213 0.137824 0
v 3.18982 0.120649 0
v 3.30465 0.0862988 0
v 3.41471 0.0347769 0
v 3.51107 -0.0235788 0
v 3.60948 -0.0829992 0
v 3.72397 -0.136318 0
v 3.84372 -0.171824 0
v 3.9666 -0.189559 0
v 4.09482 -0.188922 0
v 4.22601 -0.168671 0
v 4.35323 -0.128214 0
v 4.47389 -0.0676033 0
v 4.58828 0.00169969 0
v 4.70404 0.0599501 0
v 4.82598 0.0988197 0
v 4.95164 0.11827 0
v 5.07562 0.118711 0
v 5.19563 0.100996 0
v 5.31251 0.0655408 0
v 5.42412 0.0123104 0
v 5.50236 -0.0350582 0
v 5.58329 -0.0840806 0
v 5.70011 -0.140165 0
v 5.82194 -0.177551 0
v 5.94675 -0.196243 0
v 6.0728 -0.196208 0
v 6.19807 -0.177378 0
v 6.32029 -0.139721 0
v 6.43744 -0.0832409 0
v 6.52586 -0.0288876 0
v 6.61184 0.024055 0
v 6.72407 0.0781205 0
v 6.84127 0.114172 0
v 6.96146 0.132202 0
v 7.08153 0.132368 0
v 7.19958 0.114996 0
v 7.31485 0.0802452 0
v 7.42549 0.0281075 0
v 7.51755 -0.0277155 0
v 7.61147 -0.0844506 0
v 7.72631 -0.138139 0
v 7.84657 -0.173903 0
v 7.97006 -0.191772 0
v 8.09761 -0.191334 0
v 8.22687 -0.171733 0
v 8.35231 -0.132558 0
v 8.47142 -0.0738454 0
v 8.53768 -0.0335069 0
v 8.60172 0.00554249 0
v 8.71609 0.062031 0
v 8.83632 0.0997002 0
v 8.96005 0.118539 0
v 9.08397 0.118688 0
v 9.20579 0.100436 0
v 9.32429 0.0639234 0
v 9.43725 0.00914018 0
v 9.50509 -0.0318178 0
v 9.57526 -0.0741561 0
v 9.69304 -0.131306 0
v 9.81661 -0.169396 0
v 9.94364 -0.188436 0
v 10.0729 -0.188272 0
v 10.2021 -0.168579 0
v 10.3275 -0.129203 0
v 10.4469 -0.0701544 0
v 10.5663 0.00161019 0
v 10.6869 0.062481 0
v 10.8072 0.100166 0
v 10.9312 0.119018 0
v 11.0542 0.11935 0
v 11.1738 0.101808 0
v 11.2903 0.0667056 0
v 11.4015 0.0140215 0
v 11.4855 -0.0370231 0
v 11.5723 -0.0897658 0
v 11.6887 -0.14537 0
v 11.8101 -0.182434 0
v 11.9345 -0.200963 0
v 12.0601 -0.200921 0
v 12.1849 -0.182252 0
v 12.3066 -0.144937 0
v 12.4234 -0.0889726 0
v 12.5421 -0.0143401 0
v 12.6582 0.0587737 0
v 12.7697 0.112196 0
v 12.8865 0.147907 0
v 13.0064 0.165805 0
v 13.1166 0.167285 0
v 13.2153 0.155258 0
v 13.3126 0.131157 0
v 13.4073 0.0949264 0
v 13.7122 -0.0632913 0


# Vertex Texture Coordinates :
vt 0.450756 8.4481e-05
vt 0.451023 0.000586921
vt 0.442693 0.00500661
vt 0.441126 0.00571811
vt 0.439508 0.0062251
vt 0.437856 0.00652858
vt 0.436188 0.00662952
vt 0.434152 0.00647876
vt 0.432154 0.00602769
vt 0.430226 0.00527811
vt 0.428403 0.00423183
vt 0.426408 0.00287791
vt 0.42465 0.00186834
vt 0.422798 0.00114714
vt 0.420884 0.00071437
vt 0.418939 0.000570099
vt 0.417 0.000713298
vt 0.415093 0.00114294
vt 0.413247 0.00185908
vt 0.411494 0.00286179
vt 0.410525 0.00351652
vt 0.408709 0.00455044
vt 0.406786 0.00528846
vt 0.404792 0.00573097
vt 0.402763 0.00587838
vt 0.400658 0.0057198
vt 0.398594 0.00524437
vt 0.39661 0.00445255
vt 0.394748 0.00334478
vt 0.39276 0.00213863
vt 0.390857 0.00137771
vt 0.38888 0.000921031
vt 0.386864 0.000768766
vt 0.384882 0.000915929
vt 0.382936 0.00135753
vt 0.381061 0.00209372
vt 0.379293 0.00312469
vt 0.378874 0.00341481
vt 0.377031 0.00448947
vt 0.375076 0.00525686
vt 0.373046 0.00571716
vt 0.37098 0.00587055
vt 0.368879 0.00571214
vt 0.366819 0.00523704
vt 0.364837 0.00444545
vt 0.362973 0.00333755
vt 0.362695 0.0031408
vt 0.360912 0.0020821
vt 0.359012 0.0013252
vt 0.357033 0.000870647
vt 0.355015 0.000719005
vt 0.353089 0.000857063
vt 0.351196 0.00127156
vt 0.349371 0.00196299
vt 0.347646 0.00293182
vt 0.346416 0.00375107
vt 0.344603 0.00477387
vt 0.342696 0.00550417
vt 0.340727 0.00594218
vt 0.338728 0.00608813
vt 0.33669 0.00593653
vt 0.334685 0.00548187
vt 0.332748 0.0047244
vt 0.330911 0.00366436
vt 0.3299 0.00297406
vt 0.328136 0.00195544
vt 0.326278 0.00122779
vt 0.324357 0.00079117
vt 0.322404 0.000645619
vt 0.320459 0.000790117
vt 0.318544 0.00122364
vt 0.316692 0.00194623
vt 0.314932 0.00295795
vt 0.314158 0.00348373
vt 0.312334 0.00452777
vt 0.310404 0.00527288
vt 0.308404 0.00571957
vt 0.306369 0.00586835
vt 0.304235 0.00570477
vt 0.302143 0.00521443
vt 0.300135 0.00439793
vt 0.29825 0.00325585
vt 0.296446 0.00216311
vt 0.29452 0.00138153
vt 0.292512 0.000911964
vt 0.290463 0.000755252
vt 0.288547 0.000892261
vt 0.286664 0.00130375
vt 0.284845 0.00199041
vt 0.283123 0.00295294
vt 0.281745 0.00386556
vt 0.279942 0.00487618
vt 0.278043 0.00559807
vt 0.27608 0.00603121
vt 0.274086 0.00617559
vt 0.272095 0.00603178
vt 0.270137 0.00560032
vt 0.268241 0.00488122
vt 0.266441 0.00387445
vt 0.265216 0.00306521
vt 0.263491 0.00210117
vt 0.261674 0.00141243
vt 0.259795 0.00099909
vt 0.257885 0.000861285
vt 0.255994 0.000996263
vt 0.254133 0.00140128
vt 0.252332 0.00207644
vt 0.25062 0.00302186
vt 0.249375 0.00383388
vt 0.247586 0.00482247
vt 0.245707 0.00552828
vt 0.243767 0.00595158
vt 0.241798 0.00609262
vt 0.239762 0.00594172
vt 0.23776 0.0054892
vt 0.235826 0.00473536
vt 0.233994 0.00368048
vt 0.233467 0.00332199
vt 0.23171 0.0023107
vt 0.229855 0.00158791
vt 0.227935 0.00115398
vt 0.225982 0.00100926
vt 0.224095 0.00114427
vt 0.222237 0.00154951
vt 0.220436 0.00222529
vt 0.218722 0.00317193
vt 0.217604 0.00390002
vt 0.215817 0.00488661
vt 0.213939 0.00559098
vt 0.212001 0.00601341
vt 0.210033 0.00615416
vt 0.208003 0.0060042
vt 0.206006 0.00555452
vt 0.204077 0.00480542
vt 0.202249 0.00375718
vt 0.201222 0.00306132
vt 0.199462 0.00205043
vt 0.197611 0.00132846
vt 0.195698 0.000895343
vt 0.193756 0.000750988
vt 0.191788 0.000899144
vt 0.189852 0.00134356
vt 0.18798 0.00208413
vt 0.186205 0.00312079
vt 0.1856 0.00353709
vt 0.183765 0.00460216
vt 0.181816 0.00536308
vt 0.179789 0.00581971
vt 0.177724 0.00597195
vt 0.175679 0.00582275
vt 0.173672 0.00537506
vt 0.171738 0.00462877
vt 0.169917 0.00358377
vt 0.169043 0.00298852
vt 0.167285 0.00197587
vt 0.165429 0.00125223
vt 0.163509 0.000817859
vt 0.161556 0.00067301
vt 0.159658 0.00080976
vt 0.157789 0.00122017
vt 0.155979 0.00190447
vt 0.154256 0.00286291
vt 0.152884 0.00376385
vt 0.151086 0.00476431
vt 0.149197 0.00547847
vt 0.147249 0.0059067
vt 0.145271 0.00604936
vt 0.143218 0.00589565
vt 0.1412 0.00543479
vt 0.139251 0.00466717
vt 0.137405 0.00359322
vt 0.136709 0.00311301
vt 0.134948 0.00209189
vt 0.13308 0.00136265
vt 0.131141 0.000925194
vt 0.129166 0.0007794
vt 0.127165 0.000929063
vt 0.125201 0.00137797
vt 0.123312 0.002126
vt 0.121535 0.00317304
vt 0.12126 0.00336479
vt 0.119405 0.00445828
vt 0.117435 0.00523935
vt 0.115389 0.00570799
vt 0.113304 0.0058642
vt 0.111219 0.00570789
vt 0.109172 0.00523893
vt 0.107201 0.00445734
vt 0.105346 0.00336312
vt 0.105087 0.00318138
vt 0.103312 0.0021362
vt 0.101422 0.00138922
vt 0.0994566 0.000940789
vt 0.0974527 0.000791235
vt 0.0955058 0.000932404
vt 0.0935934 0.00135612
vt 0.0917501 0.00206269
vt 0.0900109 0.00305243
vt 0.0893331 0.00350985
vt 0.0875188 0.0045428
vt 0.0855967 0.00528015
vt 0.0836028 0.00572228
vt 0.0815731 0.00586957
vt 0.0794776 0.00571256
vt 0.0774223 0.00524183
vt 0.075447 0.0044578
vt 0.0735916 0.0033609
vt 0.07319 0.00307855
vt 0.0713973 0.0020135
vt 0.0695023 0.00125206
vt 0.0675388 0.000794787
vt 0.0655402 0.00064224
vt 0.0636417 0.000779821
vt 0.0617707 0.00119288
vt 0.0599561 0.0018819
vt 0.0582266 0.00284734
vt 0.0568479 0.0037544
vt 0.055045 0.00476073
vt 0.053153 0.00547896
vt 0.051202 0.00590957
vt 0.049222 0.006053
vt 0.0471427 0.00589473
vt 0.0450995 0.00542025
vt 0.0431274 0.00463012
vt 0.0412612 0.00352486
vt 0.0406593 0.00310301
vt 0.0388842 0.00205738
vt 0.0369939 0.00130992
vt 0.0350265 0.000861088
vt 0.0330204 0.000711373
vt 0.0310873 0.000850425
vt 0.0291879 0.00126786
vt 0.0273564 0.00196412
vt 0.0256272 0.0029396
vt 0.0237222 0.00421405
vt 0.0219104 0.00524087
vt 0.0200006 0.00597595
vt 0.0180244 0.00641797
vt 0.0160133 0.0065656
vt 0.0142833 0.00645653
vt 0.0125709 0.00612875
vt 0.0108959 0.00558144
vt 0.00927846 0.00481375
vt 0.00198308 0.000764775
vt 0 0.000568579
vt 5.61356e-05 1.66759e-06
vt 0.00209785 0.000203977
vt 0.00955469 0.00431576
vt 0.0111058 0.0050519
vt 0.012712 0.00557671
vt 0.014354 0.005891
vt 0.0160128 0.00599558
vt 0.0179414 0.00585399
vt 0.0198366 0.00543009
vt 0.0216682 0.00472517
vt 0.023406 0.00374051
vt 0.0253109 0.00246607
vt 0.0271141 0.00144906
vt 0.029024 0.000723066
vt 0.0310048 0.000287733
vt 0.033021 0.000142701
vt 0.0351127 0.00029881
vt 0.0371641 0.000766871
vt 0.0391352 0.00154648
vt 0.0409861 0.00263725
vt 0.041588 0.0030591
vt 0.0433774 0.00411898
vt 0.0452685 0.00487665
vt 0.0472276 0.00533161
vt 0.0492214 0.00548337
vt 0.0511203 0.00534579
vt 0.0529914 0.00493276
vt 0.054806 0.00424385
vt 0.056535 0.00327864
vt 0.0579137 0.00237158
vt 0.0597171 0.00136507
vt 0.0616094 0.00064673
vt 0.0635605 0.000216072
vt 0.0655403 7.26245e-05
vt 0.0676243 0.000231663
vt 0.0696719 0.000708409
vt 0.0716479 0.00150231
vt 0.0735174 0.0026128
vt 0.0739189 0.00289514
vt 0.0756981 0.00394719
vt 0.0775922 0.00469906
vt 0.079563 0.00515042
vt 0.0815724 0.00530095
vt 0.0835189 0.0051597
vt 0.0854313 0.00473574
vt 0.0872747 0.00402879
vt 0.0890146 0.00303854
vt 0.0896924 0.00258112
vt 0.0915062 0.00154885
vt 0.0934285 0.000811877
vt 0.0954229 0.000369902
vt 0.0974533 0.000222641
vt 0.0995428 0.000378608
vt 0.101592 0.000846302
vt 0.103562 0.00162541
vt 0.105413 0.00271562
vt 0.105672 0.00289736
vt 0.107452 0.00394626
vt 0.109342 0.00469553
vt 0.111305 0.00514512
vt 0.113305 0.005295
vt 0.115304 0.00514524
vt 0.117266 0.00469593
vt 0.119155 0.00394702
vt 0.120934 0.00289848
vt 0.121209 0.00270673
vt 0.123062 0.00161498
vt 0.125032 0.000834987
vt 0.127079 0.000366882
vt 0.129166 0.000210815
vt 0.131226 0.000362814
vt 0.133248 0.000818904
vt 0.135196 0.00157923
vt 0.137031 0.00264392
vt 0.137728 0.00312413
vt 0.139498 0.0041543
vt 0.141367 0.00489056
vt 0.143302 0.00533257
vt 0.145271 0.00547998
vt 0.147168 0.00534314
vt 0.149036 0.00493242
vt 0.150847 0.0042475
vt 0.152572 0.00328809
vt 0.153944 0.00238714
vt 0.15574 0.00138783
vt 0.157628 0.000674368
vt 0.159577 0.000246487
vt 0.161556 0.00010392
vt 0.163592 0.000254965
vt 0.165595 0.000707908
vt 0.167529 0.00146245
vt 0.169363 0.00251831
vt 0.170237 0.00311357
vt 0.171984 0.00411547
vt 0.173838 0.00483102
vt 0.175763 0.00526029
vt 0.177724 0.00540337
vt 0.179705 0.0052574
vt 0.181648 0.00481956
vt 0.183518 0.00408991
vt 0.185277 0.00306855
vt 0.185882 0.00265226
vt 0.187733 0.00157126
vt 0.189685 0.000798975
vt 0.191704 0.000335522
vt 0.193756 0.000181013
vt 0.195782 0.000331521
vt 0.197776 0.000783117
vt 0.199707 0.00153591
vt 0.201542 0.00259001
vt 0.202568 0.00328587
vt 0.204321 0.00429126
vt 0.206171 0.00500971
vt 0.208086 0.00544098
vt 0.210033 0.00558479
vt 0.211921 0.00544981
vt 0.213779 0.00504469
vt 0.21558 0.00436922
vt 0.217294 0.00342315
vt 0.218411 0.00269505
vt 0.220198 0.00170804
vt 0.222076 0.00100347
vt 0.224014 0.000580979
vt 0.225981 0.000440228
vt 0.228018 0.000591147
vt 0.23002 0.00104364
vt 0.231955 0.00179732
vt 0.233787 0.00285179
vt 0.234314 0.00321028
vt 0.236071 0.00422156
vt 0.237926 0.00494434
vt 0.239846 0.00537826
vt 0.241799 0.00552298
vt 0.243687 0.00538776
vt 0.245547 0.00498191
vt 0.247349 0.00430509
vt 0.249064 0.00335701
vt 0.250309 0.00254499
vt 0.252094 0.00155924
vt 0.253973 0.000855239
vt 0.255913 0.000432906
vt 0.257885 0.000292148
vt 0.259877 0.000435845
vt 0.261836 0.000866876
vt 0.263731 0.00158515
vt 0.26553 0.00259057
vt 0.266755 0.0033998
vt 0.268481 0.00436511
vt 0.270299 0.00505458
vt 0.272177 0.00546823
vt 0.274086 0.00560611
vt 0.275999 0.00546764
vt 0.277881 0.00505227
vt 0.279702 0.00436001
vt 0.28143 0.00339091
vt 0.282809 0.00247829
vt 0.284604 0.00147486
vt 0.286501 0.000758987
vt 0.288465 0.000329969
vt 0.290463 0.000187117
vt 0.2926 0.000350506
vt 0.294693 0.000840106
vt 0.296702 0.00165507
vt 0.298584 0.00279454
vt 0.300391 0.00388978
vt 0.302317 0.00467286
vt 0.304323 0.00514316
vt 0.306369 0.00530006
vt 0.30832 0.00515735
vt 0.310239 0.00472886
vt 0.312089 0.00401406
vt 0.313838 0.00301241
vt 0.314612 0.00248663
vt 0.316447 0.00143166
vt 0.318379 0.000678169
vt 0.320375 0.000226114
vt 0.322404 7.54407e-05
vt 0.32444 0.000227243
vt 0.326443 0.000682616
vt 0.328381 0.00144151
vt 0.330221 0.00250386
vt 0.331232 0.00319416
vt 0.332993 0.00421103
vt 0.334851 0.00493754
vt 0.336773 0.00537354
vt 0.338726 0.00551891
vt 0.340644 0.00537889
vt 0.342533 0.00495874
vt 0.344362 0.00425833
vt 0.346101 0.00327753
vt 0.34733 0.00245829
vt 0.349129 0.00144807
vt 0.351033 0.00072708
vt 0.353007 0.000294838
vt 0.355015 0.000150863
vt 0.35712 0.00030897
vt 0.359183 0.000782923
vt 0.361165 0.00157217
vt 0.363024 0.00267616
vt 0.363301 0.00287291
vt 0.365089 0.00393533
vt 0.366989 0.00469442
vt 0.368966 0.00515
vt 0.370979 0.00530189
vt 0.372961 0.00515479
vt 0.374908 0.00471335
vt 0.376783 0.00397742
vt 0.37855 0.00294683
vt 0.37897 0.0026567
vt 0.380813 0.00158161
vt 0.382768 0.000813883
vt 0.384797 0.00035337
vt 0.386864 0.000199902
vt 0.388966 0.00035868
vt 0.391028 0.000834899
vt 0.393012 0.00162838
vt 0.394877 0.00273896
vt 0.396863 0.00394248
vt 0.398765 0.00470178
vt 0.400744 0.00515765
vt 0.402762 0.00530969
vt 0.404709 0.00516834
vt 0.406621 0.00474404
vt 0.408465 0.00403644
vt 0.410205 0.00304521
vt 0.411175 0.00239048
vt 0.413004 0.00134449
vt 0.414929 0.000597481
vt 0.416918 0.000149353
vt 0.418939 0
vt 0.420968 0.000150699
vt 0.422964 0.000601997
vt 0.424894 0.00135395
vt 0.426727 0.0024066
vt 0.428722 0.00376052
vt 0.430471 0.0047642
vt 0.432319 0.00548315
vt 0.434235 0.00591572
vt 0.436188 0.00606028
vt 0.437787 0.00596347
vt 0.439372 0.00567244
vt 0.440924 0.00518631
vt 0.442426 0.00450417
vt 0.457986 8.4481e-05
vt 0.457719 0.000586921
vt 0.466049 0.00500661
vt 0.467616 0.00571811
vt 0.469234 0.0062251
vt 0.470886 0.00652858
vt 0.472554 0.00662952
vt 0.47459 0.00647876
vt 0.476588 0.00602769
vt 0.478516 0.00527811
vt 0.480339 0.00423183
vt 0.482334 0.00287791
vt 0.484092 0.00186834
vt 0.485944 0.00114714
vt 0.487858 0.00071437
vt 0.489803 0.000570099
vt 0.491742 0.000713298
vt 0.493649 0.00114294
vt 0.495495 0.00185908
vt 0.497248 0.00286179
vt 0.498217 0.00351652
vt 0.500033 0.00455044
vt 0.501956 0.00528846
vt 0.50395 0.00573097
vt 0.505979 0.00587838
vt 0.508084 0.0057198
vt 0.510148 0.00524437
vt 0.512132 0.00445255
vt 0.513994 0.00334478
vt 0.515982 0.00213863
vt 0.517885 0.00137771
vt 0.519862 0.000921031
vt 0.521878 0.000768766
vt 0.52386 0.000915929
vt 0.525806 0.00135753
vt 0.527681 0.00209372
vt 0.529449 0.00312469
vt 0.529868 0.00341481
vt 0.531711 0.00448947
vt 0.533666 0.00525686
vt 0.535696 0.00571716
vt 0.537762 0.00587055
vt 0.539863 0.00571214
vt 0.541923 0.00523704
vt 0.543905 0.00444545
vt 0.545769 0.00333755
vt 0.546047 0.0031408
vt 0.54783 0.0020821
vt 0.54973 0.0013252
vt 0.551709 0.000870647
vt 0.553727 0.000719005
vt 0.555653 0.000857063
vt 0.557546 0.00127156
vt 0.559371 0.00196299
vt 0.561096 0.00293182
vt 0.562326 0.00375107
vt 0.564139 0.00477387
vt 0.566046 0.00550417
vt 0.568015 0.00594218
vt 0.570014 0.00608813
vt 0.572052 0.00593653
vt 0.574057 0.00548187
vt 0.575994 0.0047244
vt 0.577831 0.00366436
vt 0.578842 0.00297406
vt 0.580606 0.00195544
vt 0.582464 0.00122779
vt 0.584385 0.00079117
vt 0.586338 0.000645619
vt 0.588283 0.000790117
vt 0.590198 0.00122364
vt 0.59205 0.00194623
vt 0.59381 0.00295795
vt 0.594584 0.00348373
vt 0.596408 0.00452777
vt 0.598338 0.00527288
vt 0.600338 0.00571957
vt 0.602373 0.00586835
vt 0.604507 0.00570477
vt 0.606599 0.00521443
vt 0.608607 0.00439793
vt 0.610492 0.00325585
vt 0.612296 0.00216311
vt 0.614222 0.00138153
vt 0.61623 0.000911964
vt 0.618279 0.000755252
vt 0.620194 0.000892261
vt 0.622078 0.00130375
vt 0.623897 0.00199041
vt 0.625619 0.00295294
vt 0.626997 0.00386556
vt 0.6288 0.00487618
vt 0.630699 0.00559807
vt 0.632662 0.00603121
vt 0.634656 0.00617559
vt 0.636647 0.00603178
vt 0.638605 0.00560032
vt 0.640501 0.00488122
vt 0.642301 0.00387445
vt 0.643526 0.00306521
vt 0.645251 0.00210117
vt 0.647068 0.00141243
vt 0.648947 0.00099909
vt 0.650857 0.000861285
vt 0.652748 0.000996263
vt 0.654609 0.00140128
vt 0.65641 0.00207644
vt 0.658122 0.00302186
vt 0.659367 0.00383388
vt 0.661156 0.00482247
vt 0.663035 0.00552828
vt 0.664975 0.00595158
vt 0.666944 0.00609262
vt 0.66898 0.00594172
vt 0.670982 0.0054892
vt 0.672916 0.00473536
vt 0.674748 0.00368048
vt 0.675275 0.00332199
vt 0.677032 0.0023107
vt 0.678887 0.00158791
vt 0.680807 0.00115398
vt 0.68276 0.00100926
vt 0.684647 0.00114427
vt 0.686505 0.00154951
vt 0.688306 0.00222529
vt 0.69002 0.00317193
vt 0.691138 0.00390002
vt 0.692925 0.00488661
vt 0.694803 0.00559098
vt 0.696741 0.00601341
vt 0.698709 0.00615416
vt 0.700739 0.0060042
vt 0.702736 0.00555452
vt 0.704665 0.00480542
vt 0.706493 0.00375718
vt 0.70752 0.00306132
vt 0.70928 0.00205043
vt 0.711131 0.00132846
vt 0.713044 0.000895343
vt 0.714986 0.000750988
vt 0.716954 0.000899144
vt 0.71889 0.00134356
vt 0.720762 0.00208413
vt 0.722537 0.00312079
vt 0.723142 0.00353709
vt 0.724976 0.00460216
vt 0.726926 0.00536308
vt 0.728953 0.00581971
vt 0.731018 0.00597195
vt 0.733063 0.00582275
vt 0.73507 0.00537506
vt 0.737004 0.00462877
vt 0.738825 0.00358377
vt 0.739699 0.00298852
vt 0.741457 0.00197587
vt 0.743313 0.00125223
vt 0.745233 0.000817859
vt 0.747186 0.00067301
vt 0.749084 0.00080976
vt 0.750953 0.00122017
vt 0.752763 0.00190447
vt 0.754486 0.00286291
vt 0.755858 0.00376385
vt 0.757656 0.00476431
vt 0.759545 0.00547847
vt 0.761493 0.0059067
vt 0.763471 0.00604936
vt 0.765524 0.00589565
vt 0.767542 0.00543479
vt 0.769491 0.00466717
vt 0.771337 0.00359322
vt 0.772033 0.00311301
vt 0.773794 0.00209189
vt 0.775662 0.00136265
vt 0.777601 0.000925194
vt 0.779576 0.0007794
vt 0.781577 0.000929063
vt 0.783541 0.00137797
vt 0.78543 0.002126
vt 0.787207 0.00317304
vt 0.787482 0.00336479
vt 0.789337 0.00445828
vt 0.791306 0.00523935
vt 0.793353 0.00570799
vt 0.795438 0.0058642
vt 0.797523 0.00570789
vt 0.79957 0.00523893
vt 0.801541 0.00445734
vt 0.803396 0.00336312
vt 0.803655 0.00318138
vt 0.80543 0.0021362
vt 0.80732 0.00138922
vt 0.809285 0.000940789
vt 0.811289 0.000791235
vt 0.813236 0.000932404
vt 0.815149 0.00135612
vt 0.816992 0.00206269
vt 0.818731 0.00305243
vt 0.819409 0.00350985
vt 0.821223 0.0045428
vt 0.823145 0.00528015
vt 0.825139 0.00572228
vt 0.827169 0.00586957
vt 0.829264 0.00571256
vt 0.83132 0.00524183
vt 0.833295 0.0044578
vt 0.83515 0.0033609
vt 0.835552 0.00307855
vt 0.837345 0.0020135
vt 0.83924 0.00125206
vt 0.841203 0.000794787
vt 0.843202 0.00064224
vt 0.8451 0.000779821
vt 0.846971 0.00119288
vt 0.848786 0.0018819
vt 0.850515 0.00284734
vt 0.851894 0.0037544
vt 0.853697 0.00476073
vt 0.855589 0.00547896
vt 0.85754 0.00590957
vt 0.85952 0.006053
vt 0.861599 0.00589473
vt 0.863642 0.00542025
vt 0.865615 0.00463012
vt 0.867481 0.00352486
vt 0.868083 0.00310301
vt 0.869858 0.00205738
vt 0.871748 0.00130992
vt 0.873715 0.000861088
vt 0.875722 0.000711373
vt 0.877655 0.000850425
vt 0.879554 0.00126786
vt 0.881386 0.00196412
vt 0.883115 0.0029396
vt 0.88502 0.00421405
vt 0.886832 0.00524087
vt 0.888741 0.00597595
vt 0.890718 0.00641797
vt 0.892729 0.0065656
vt 0.894459 0.00645653
vt 0.896171 0.00612875
vt 0.897846 0.00558144
vt 0.899464 0.00481375
vt 0.906759 0.000764775
vt 0.908742 0.000568579
vt 0.908686 1.66759e-06
vt 0.906644 0.000203977
vt 0.899187 0.00431576
vt 0.897636 0.0050519
vt 0.89603 0.00557671
vt 0.894388 0.005891
vt 0.892729 0.00599558
vt 0.890801 0.00585399
vt 0.888905 0.00543009
vt 0.887074 0.00472517
vt 0.885336 0.00374051
vt 0.883431 0.00246607
vt 0.881628 0.00144906
vt 0.879718 0.000723066
vt 0.877737 0.000287733
vt 0.875721 0.000142701
vt 0.873629 0.00029881
vt 0.871578 0.000766871
vt 0.869607 0.00154648
vt 0.867756 0.00263725
vt 0.867154 0.0030591
vt 0.865365 0.00411898
vt 0.863474 0.00487665
vt 0.861514 0.00533161
vt 0.859521 0.00548337
vt 0.857622 0.00534579
vt 0.855751 0.00493276
vt 0.853936 0.00424385
vt 0.852207 0.00327864
vt 0.850828 0.00237158
vt 0.849025 0.00136507
vt 0.847133 0.00064673
vt 0.845181 0.000216072
vt 0.843202 7.26245e-05
vt 0.841118 0.000231663
vt 0.83907 0.000708409
vt 0.837094 0.00150231
vt 0.835225 0.0026128
vt 0.834823 0.00289514
vt 0.833044 0.00394719
vt 0.83115 0.00469906
vt 0.829179 0.00515042
vt 0.82717 0.00530095
vt 0.825223 0.0051597
vt 0.823311 0.00473574
vt 0.821467 0.00402879
vt 0.819727 0.00303854
vt 0.81905 0.00258112
vt 0.817236 0.00154885
vt 0.815313 0.000811877
vt 0.813319 0.000369902
vt 0.811289 0.000222641
vt 0.809199 0.000378608
vt 0.80715 0.000846302
vt 0.80518 0.00162541
vt 0.803329 0.00271562
vt 0.80307 0.00289736
vt 0.80129 0.00394626
vt 0.7994 0.00469553
vt 0.797437 0.00514512
vt 0.795437 0.005295
vt 0.793438 0.00514524
vt 0.791476 0.00469593
vt 0.789587 0.00394702
vt 0.787808 0.00289848
vt 0.787533 0.00270673
vt 0.78568 0.00161498
vt 0.78371 0.000834987
vt 0.781663 0.000366882
vt 0.779576 0.000210815
vt 0.777516 0.000362814
vt 0.775494 0.000818904
vt 0.773546 0.00157923
vt 0.77171 0.00264392
vt 0.771014 0.00312413
vt 0.769244 0.0041543
vt 0.767375 0.00489056
vt 0.76544 0.00533257
vt 0.763471 0.00547998
vt 0.761574 0.00534314
vt 0.759706 0.00493242
vt 0.757895 0.0042475
vt 0.75617 0.00328809
vt 0.754798 0.00238714
vt 0.753002 0.00138783
vt 0.751114 0.000674368
vt 0.749165 0.000246487
vt 0.747186 0.00010392
vt 0.74515 0.000254965
vt 0.743147 0.000707908
vt 0.741213 0.00146245
vt 0.739379 0.00251831
vt 0.738505 0.00311357
vt 0.736758 0.00411547
vt 0.734904 0.00483102
vt 0.732979 0.00526029
vt 0.731018 0.00540337
vt 0.729037 0.0052574
vt 0.727094 0.00481956
vt 0.725224 0.00408991
vt 0.723465 0.00306855
vt 0.72286 0.00265226
vt 0.721008 0.00157126
vt 0.719057 0.000798975
vt 0.717038 0.000335522
vt 0.714986 0.000181013
vt 0.71296 0.000331521
vt 0.710966 0.000783117
vt 0.709035 0.00153591
vt 0.7072 0.00259001
vt 0.706174 0.00328587
vt 0.704421 0.00429126
vt 0.702571 0.00500971
vt 0.700656 0.00544098
vt 0.698709 0.00558479
vt 0.696821 0.00544981
vt 0.694963 0.00504469
vt 0.693162 0.00436922
vt 0.691448 0.00342315
vt 0.690331 0.00269505
vt 0.688544 0.00170804
vt 0.686666 0.00100347
vt 0.684728 0.000580979
vt 0.682761 0.000440228
vt 0.680724 0.000591147
vt 0.678722 0.00104364
vt 0.676787 0.00179732
vt 0.674955 0.00285179
vt 0.674428 0.00321028
vt 0.672671 0.00422156
vt 0.670816 0.00494434
vt 0.668896 0.00537826
vt 0.666943 0.00552298
vt 0.665055 0.00538776
vt 0.663195 0.00498191
vt 0.661393 0.00430509
vt 0.659678 0.00335701
vt 0.658433 0.00254499
vt 0.656648 0.00155924
vt 0.654769 0.000855239
vt 0.652829 0.000432906
vt 0.650857 0.000292148
vt 0.648865 0.000435845
vt 0.646906 0.000866876
vt 0.645011 0.00158515
vt 0.643212 0.00259057
vt 0.641987 0.0033998
vt 0.640261 0.00436511
vt 0.638443 0.00505458
vt 0.636565 0.00546823
vt 0.634656 0.00560611
vt 0.632743 0.00546764
vt 0.630861 0.00505227
vt 0.62904 0.00436001
vt 0.627312 0.00339091
vt 0.625933 0.00247829
vt 0.624138 0.00147486
vt 0.622241 0.000758987
vt 0.620277 0.000329969
vt 0.618279 0.000187117
vt 0.616142 0.000350506
vt 0.614049 0.000840106
vt 0.61204 0.00165507
vt 0.610158 0.00279454
vt 0.608351 0.00388978
vt 0.606425 0.00467286
vt 0.604419 0.00514316
vt 0.602373 0.00530006
vt 0.600422 0.00515735
vt 0.598503 0.00472886
vt 0.596653 0.00401406
vt 0.594904 0.00301241
vt 0.59413 0.00248663
vt 0.592295 0.00143166
vt 0.590363 0.000678169
vt 0.588367 0.000226114
vt 0.586338 7.54407e-05
vt 0.584302 0.000227243
vt 0.582299 0.000682616
vt 0.580361 0.00144151
vt 0.578521 0.00250386
vt 0.57751 0.00319416
vt 0.575749 0.00421103
vt 0.573891 0.00493754
vt 0.571969 0.00537354
vt 0.570016 0.00551891
vt 0.568098 0.00537889
vt 0.566209 0.00495874
vt 0.56438 0.00425833
vt 0.562641 0.00327753
vt 0.561412 0.00245829
vt 0.559613 0.00144807
vt 0.557709 0.00072708
vt 0.555735 0.000294838
vt 0.553727 0.000150863
vt 0.551622 0.00030897
vt 0.549559 0.000782923
vt 0.547577 0.00157217
vt 0.545718 0.00267616
vt 0.545441 0.00287291
vt 0.543653 0.00393533
vt 0.541752 0.00469442
vt 0.539776 0.00515
vt 0.537763 0.00530189
vt 0.535781 0.00515479
vt 0.533834 0.00471335
vt 0.531959 0.00397742
vt 0.530192 0.00294683
vt 0.529772 0.0026567
vt 0.527929 0.00158161
vt 0.525974 0.000813883
vt 0.523945 0.00035337
vt 0.521878 0.000199902
vt 0.519776 0.00035868
vt 0.517714 0.000834899
vt 0.51573 0.00162838
vt 0.513865 0.00273896
vt 0.511879 0.00394248
vt 0.509977 0.00470178
vt 0.507998 0.00515765
vt 0.50598 0.00530969
vt 0.504033 0.00516834
vt 0.502121 0.00474404
vt 0.500277 0.00403644
vt 0.498536 0.00304521
vt 0.497567 0.00239048
vt 0.495738 0.00134449
vt 0.493813 0.000597481
vt 0.491824 0.000149353
vt 0.489803 0
vt 0.487774 0.000150699
vt 0.485778 0.000601997
vt 0.483848 0.00135395
vt 0.482015 0.0024066
vt 0.48002 0.00376052
vt 0.478271 0.0047642
vt 0.476423 0.00548315
vt 0.474507 0.00591572
vt 0.472554 0.00606028
vt 0.470955 0.00596347
vt 0.46937 0.00567244
vt 0.467818 0.00518631
vt 0.466316 0.00450417
vt 3.15895e-05 0.0133086
vt 0.000600464 0.0133086
vt 0.0073455 0.0133086
vt 0.0167751 0.0133086
vt 0.0184956 0.0133086
vt 0.0201916 0.0133086
vt 0.0218713 0.0133086
vt 0.0235419 0.0133086
vt 0.0255836 0.0133086
vt 0.0276323 0.0133086
vt 0.0297004 0.0133086
vt 0.0318023 0.0133086
vt 0.0342136 0.0133086
vt 0.0362408 0.0133086
vt 0.038228 0.0133086
vt 0.0401905 0.0133086
vt 0.0421414 0.0133086
vt 0.044085 0.0133086
vt 0.0460403 0.0133086
vt 0.0480201 0.0133086
vt 0.0500398 0.0133086
vt 0.0512095 0.0133086
vt 0.0532988 0.0133086
vt 0.0553583 0.0133086
vt 0.0574009 0.0133086
vt 0.0594357 0.0133086
vt 0.0615466 0.0133086
vt 0.0636649 0.0133086
vt 0.0658005 0.0133086
vt 0.0679675 0.0133086
vt 0.070293 0.0133086
vt 0.0723416 0.0133086
vt 0.0743714 0.0133086
vt 0.0763929 0.0133086
vt 0.0783802 0.0133086
vt 0.0803759 0.0133086
vt 0.0823901 0.0133086
vt 0.0844365 0.0133086
vt 0.0849467 0.0133086
vt 0.08708 0.0133086
vt 0.0891801 0.0133086
vt 0.0912611 0.0133086
vt 0.0933336 0.0133086
vt 0.0954398 0.0133086
vt 0.0975546 0.0133086
vt 0.0996888 0.0133086
vt 0.101857 0.0133086
vt 0.102198 0.0133086
vt 0.104271 0.0133086
vt 0.106316 0.0133086
vt 0.108347 0.0133086
vt 0.110371 0.0133086
vt 0.112302 0.0133086
vt 0.114239 0.0133086
vt 0.116191 0.0133086
vt 0.11817 0.0133086
vt 0.119647 0.0133086
vt 0.121729 0.0133086
vt 0.123771 0.0133086
vt 0.125788 0.0133086
vt 0.127793 0.0133086
vt 0.129836 0.0133086
vt 0.131892 0.0133086
vt 0.133972 0.0133086
vt 0.136093 0.0133086
vt 0.137317 0.0133086
vt 0.139354 0.0133086
vt 0.14135 0.0133086
vt 0.14332 0.0133086
vt 0.145277 0.0133086
vt 0.147228 0.0133086
vt 0.149191 0.0133086
vt 0.15118 0.0133086
vt 0.153209 0.0133086
vt 0.154145 0.0133086
vt 0.156247 0.0133086
vt 0.158316 0.0133086
vt 0.160365 0.0133086
vt 0.162406 0.0133086
vt 0.164546 0.0133086
vt 0.166694 0.0133086
vt 0.168862 0.0133086
vt 0.171066 0.0133086
vt 0.173175 0.0133086
vt 0.175254 0.0133086
vt 0.177315 0.0133086
vt 0.179371 0.0133086
vt 0.181291 0.0133086
vt 0.18322 0.0133086
vt 0.185164 0.0133086
vt 0.187136 0.0133086
vt 0.188789 0.0133086
vt 0.190856 0.0133086
vt 0.192888 0.0133086
vt 0.194897 0.0133086
vt 0.196897 0.0133086
vt 0.198893 0.0133086
vt 0.200899 0.0133086
vt 0.202926 0.0133086
vt 0.204988 0.0133086
vt 0.206457 0.0133086
vt 0.208432 0.0133086
vt 0.210376 0.0133086
vt 0.2123 0.0133086
vt 0.214215 0.0133086
vt 0.21611 0.0133086
vt 0.218015 0.0133086
vt 0.219938 0.0133086
vt 0.221894 0.0133086
vt 0.223381 0.0133086
vt 0.225425 0.0133086
vt 0.227432 0.0133086
vt 0.229417 0.0133086
vt 0.231391 0.0133086
vt 0.233433 0.0133086
vt 0.235486 0.0133086
vt 0.237561 0.0133086
vt 0.239676 0.0133086
vt 0.240313 0.0133086
vt 0.24234 0.0133086
vt 0.24433 0.0133086
vt 0.246299 0.0133086
vt 0.248257 0.0133086
vt 0.250149 0.0133086
vt 0.252051 0.0133086
vt 0.253974 0.0133086
vt 0.255933 0.0133086
vt 0.257267 0.0133086
vt 0.259308 0.0133086
vt 0.261314 0.0133086
vt 0.263297 0.0133086
vt 0.26527 0.0133086
vt 0.267306 0.0133086
vt 0.269353 0.0133086
vt 0.271422 0.0133086
vt 0.273529 0.0133086
vt 0.27477 0.0133086
vt 0.276799 0.0133086
vt 0.278787 0.0133086
vt 0.280748 0.0133086
vt 0.282696 0.0133086
vt 0.284669 0.0133086
vt 0.286655 0.0133086
vt 0.288668 0.0133086
vt 0.290724 0.0133086
vt 0.291458 0.0133086
vt 0.29358 0.0133086
vt 0.295673 0.0133086
vt 0.29775 0.0133086
vt 0.299821 0.0133086
vt 0.301871 0.0133086
vt 0.303928 0.0133086
vt 0.306 0.0133086
vt 0.3081 0.0133086
vt 0.309157 0.0133086
vt 0.311187 0.0133086
vt 0.313178 0.0133086
vt 0.315147 0.0133086
vt 0.317105 0.0133086
vt 0.319008 0.0133086
vt 0.320921 0.0133086
vt 0.322857 0.0133086
vt 0.324828 0.0133086
vt 0.32647 0.0133086
vt 0.328527 0.0133086
vt 0.330546 0.0133086
vt 0.337304 0.0133086
vt 0.339299 0.0133086
vt 0.341282 0.0133086
vt 0.343341 0.0133086
vt 0.345411 0.0133086
vt 0.347505 0.0133086
vt 0.349641 0.0133086
vt 0.350487 0.0133086
vt 0.352522 0.0133086
vt 0.354527 0.0133086
vt 0.356515 0.0133086
vt 0.358496 0.0133086
vt 0.360503 0.0133086
vt 0.362517 0.0133086
vt 0.364548 0.0133086
vt 0.366611 0.0133086
vt 0.366946 0.0133086
vt 0.369099 0.0133086
vt 0.371218 0.0133086
vt 0.373318 0.0133086
vt 0.375408 0.0133086
vt 0.3775 0.0133086
vt 0.3796 0.0133086
vt 0.38172 0.0133086
vt 0.383874 0.0133086
vt 0.38419 0.0133086
vt 0.38625 0.0133086
vt 0.388282 0.0133086
vt 0.390298 0.0133086
vt 0.392307 0.0133086
vt 0.394259 0.0133086
vt 0.396218 0.0133086
vt 0.398192 0.0133086
vt 0.400193 0.0133086
vt 0.401011 0.0133086
vt 0.403099 0.0133086
vt 0.405158 0.0133086
vt 0.4072 0.0133086
vt 0.409235 0.0133086
vt 0.411336 0.0133086
vt 0.413445 0.0133086
vt 0.41557 0.0133086
vt 0.417725 0.0133086
vt 0.418216 0.0133086
vt 0.420302 0.0133086
vt 0.422344 0.0133086
vt 0.42436 0.0133086
vt 0.426364 0.0133086
vt 0.428268 0.0133086
vt 0.430184 0.0133086
vt 0.432125 0.0133086
vt 0.434106 0.0133086
vt 0.435756 0.0133086
vt 0.437821 0.0133086
vt 0.439844 0.0133086
vt 0.441842 0.0133086
vt 0.443827 0.0133086
vt 0.445913 0.0133086
vt 0.44801 0.0133086
vt 0.450135 0.0133086
vt 0.452304 0.0133086
vt 0.453039 0.0133086
vt 0.455099 0.0133086
vt 0.457132 0.0133086
vt 0.45915 0.0133086
vt 0.461161 0.0133086
vt 0.463099 0.0133086
vt 0.465044 0.0133086
vt 0.467003 0.0133086
vt 0.468989 0.0133086
vt 0.471281 0.0133086
vt 0.473363 0.0133086
vt 0.47541 0.0133086
vt 0.477435 0.0133086
vt 0.479451 0.0133086
vt 0.481185 0.0133086
vt 0.482928 0.0133086
vt 0.48469 0.0133086
vt 0.486481 0.0133086
vt 0.494824 0.0133086
vt 0.496817 0.0133086
vt 0.503589 0.0133086
vt 0.504159 0.0133086
vt 0.510896 0.0133086
vt 0.512948 0.0133086
vt 0.521463 0.0133086
vt 0.52318 0.0133086
vt 0.52487 0.0133086
vt 0.526542 0.0133086
vt 0.528204 0.0133086
vt 0.530137 0.0133086
vt 0.53208 0.0133086
vt 0.534042 0.0133086
vt 0.536039 0.0133086
vt 0.538331 0.0133086
vt 0.540402 0.0133086
vt 0.542445 0.0133086
vt 0.544473 0.0133086
vt 0.546494 0.0133086
vt 0.548592 0.0133086
vt 0.550696 0.0133086
vt 0.552816 0.0133086
vt 0.554964 0.0133086
vt 0.555699 0.0133086
vt 0.557779 0.0133086
vt 0.559816 0.0133086
vt 0.561827 0.0133086
vt 0.563827 0.0133086
vt 0.565731 0.0133086
vt 0.567647 0.0133086
vt 0.569588 0.0133086
vt 0.571568 0.0133086
vt 0.573218 0.0133086
vt 0.575284 0.0133086
vt 0.577308 0.0133086
vt 0.579306 0.0133086
vt 0.581291 0.0133086
vt 0.583381 0.0133086
vt 0.585483 0.0133086
vt 0.587613 0.0133086
vt 0.589787 0.0133086
vt 0.590278 0.0133086
vt 0.592345 0.0133086
vt 0.594383 0.0133086
vt 0.596405 0.0133086
vt 0.59842 0.0133086
vt 0.600371 0.0133086
vt 0.60233 0.0133086
vt 0.604304 0.0133086
vt 0.606306 0.0133086
vt 0.607124 0.0133086
vt 0.609211 0.0133086
vt 0.61127 0.0133086
vt 0.613312 0.0133086
vt 0.615348 0.0133086
vt 0.617443 0.0133086
vt 0.619546 0.0133086
vt 0.621664 0.0133086
vt 0.623812 0.0133086
vt 0.624129 0.0133086
vt 0.626194 0.0133086
vt 0.628227 0.0133086
vt 0.630241 0.0133086
vt 0.632247 0.0133086
vt 0.634252 0.0133086
vt 0.636265 0.0133086
vt 0.638297 0.0133086
vt 0.640362 0.0133086
vt 0.640697 0.0133086
vt 0.642848 0.0133086
vt 0.644966 0.0133086
vt 0.647067 0.0133086
vt 0.649159 0.0133086
vt 0.651224 0.0133086
vt 0.653297 0.0133086
vt 0.655388 0.0133086
vt 0.65751 0.0133086
vt 0.658357 0.0133086
vt 0.660405 0.0133086
vt 0.662413 0.0133086
vt 0.664398 0.0133086
vt 0.666372 0.0133086
vt 0.668274 0.0133086
vt 0.670187 0.0133086
vt 0.672124 0.0133086
vt 0.674097 0.0133086
vt 0.675738 0.0133086
vt 0.677794 0.0133086
vt 0.679812 0.0133086
vt 0.681807 0.0133086
vt 0.683791 0.0133086
vt 0.685833 0.0133086
vt 0.687886 0.0133086
vt 0.689963 0.0133086
vt 0.692079 0.0133086
vt 0.693137 0.0133086
vt 0.695151 0.0133086
vt 0.697138 0.0133086
vt 0.69911 0.0133086
vt 0.701076 0.0133086
vt 0.703062 0.0133086
vt 0.705054 0.0133086
vt 0.707061 0.0133086
vt 0.709096 0.0133086
vt 0.70983 0.0133086
vt 0.711974 0.0133086
vt 0.714073 0.0133086
vt 0.716144 0.0133086
vt 0.718202 0.0133086
vt 0.720233 0.0133086
vt 0.722278 0.0133086
vt 0.72435 0.0133086
vt 0.726466 0.0133086
vt 0.727707 0.0133086
vt 0.729728 0.0133086
vt 0.731712 0.0133086
vt 0.733675 0.0133086
vt 0.735628 0.0133086
vt 0.73752 0.0133086
vt 0.739422 0.0133086
vt 0.741345 0.0133086
vt 0.743303 0.0133086
vt 0.744636 0.0133086
vt 0.746678 0.0133086
vt 0.748684 0.0133086
vt 0.750667 0.0133086
vt 0.752639 0.0133086
vt 0.754682 0.0133086
vt 0.756734 0.0133086
vt 0.75881 0.0133086
vt 0.760924 0.0133086
vt 0.761562 0.0133086
vt 0.763589 0.0133086
vt 0.76558 0.0133086
vt 0.767549 0.0133086
vt 0.769507 0.0133086
vt 0.7714 0.0133086
vt 0.773303 0.0133086
vt 0.775228 0.0133086
vt 0.777187 0.0133086
vt 0.778674 0.0133086
vt 0.780714 0.0133086
vt 0.78272 0.0133086
vt 0.784706 0.0133086
vt 0.786682 0.0133086
vt 0.788679 0.0133086
vt 0.790686 0.0133086
vt 0.792712 0.0133086
vt 0.794772 0.0133086
vt 0.796241 0.0133086
vt 0.798219 0.0133086
vt 0.800163 0.0133086
vt 0.802086 0.0133086
vt 0.804 0.0133086
vt 0.805918 0.0133086
vt 0.807845 0.0133086
vt 0.809793 0.0133086
vt 0.811775 0.0133086
vt 0.813428 0.0133086
vt 0.815484 0.0133086
vt 0.817512 0.0133086
vt 0.819523 0.0133086
vt 0.821526 0.0133086
vt 0.823669 0.0133086
vt 0.825819 0.0133086
vt 0.827986 0.0133086
vt 0.830186 0.0133086
vt 0.832299 0.0133086
vt 0.834378 0.0133086
vt 0.841104 0.0133086
vt 0.843164 0.0133086
vt 0.845216 0.0133086
vt 0.847173 0.0133086
vt 0.849138 0.0133086
vt 0.851122 0.0133086
vt 0.853137 0.0133086
vt 0.854073 0.0133086
vt 0.85619 0.0133086
vt 0.858264 0.0133086
vt 0.860311 0.0133086
vt 0.862345 0.0133086
vt 0.864386 0.0133086
vt 0.866441 0.0133086
vt 0.868522 0.0133086
vt 0.870646 0.0133086
vt 0.871871 0.0133086
vt 0.873905 0.0133086
vt 0.875899 0.0133086
vt 0.87787 0.0133086
vt 0.879829 0.0133086
vt 0.881752 0.0133086
vt 0.883687 0.0133086
vt 0.885645 0.0133086
vt 0.887641 0.0133086
vt 0.889119 0.0133086
vt 0.891182 0.0133086
vt 0.893218 0.0133086
vt 0.895239 0.0133086
vt 0.897252 0.0133086
vt 0.899363 0.0133086
vt 0.90148 0.0133086
vt 0.903613 0.0133086
vt 0.905775 0.0133086
vt 0.906115 0.0133086
vt 0.908194 0.0133086
vt 0.910241 0.0133086
vt 0.912269 0.0133086
vt 0.914289 0.0133086
vt 0.916276 0.0133086
vt 0.918272 0.0133086
vt 0.920286 0.0133086
vt 0.922332 0.0133086
vt 0.922842 0.0133086
vt 0.924976 0.0133086
vt 0.927076 0.0133086
vt 0.929157 0.0133086
vt 0.931229 0.0133086
vt 0.933337 0.0133086
vt 0.935454 0.0133086
vt 0.93759 0.0133086
vt 0.939761 0.0133086
vt 0.942083 0.0133086
vt 0.944131 0.0133086
vt 0.946162 0.0133086
vt 0.948186 0.0133086
vt 0.950138 0.0133086
vt 0.952096 0.0133086
vt 0.954071 0.0133086
vt 0.956075 0.0133086
vt 0.957244 0.0133086
vt 0.959351 0.0133086
vt 0.961416 0.0133086
vt 0.963455 0.0133086
vt 0.965482 0.0133086
vt 0.967516 0.0133086
vt 0.969562 0.0133086
vt 0.971634 0.0133086
vt 0.973748 0.0133086
vt 0.976159 0.0133086
vt 0.978175 0.0133086
vt 0.980158 0.0133086
vt 0.982123 0.0133086
vt 0.984081 0.0133086
vt 0.985683 0.0133086
vt 0.987294 0.0133086
vt 0.98892 0.0133086
vt 0.99057 0.0133086
vt 1 0.0133086
vt 3.15895e-05 0.559107
vt 0.000600464 0.559107
vt 0.0073455 0.559107
vt 0.0167751 0.559107
vt 0.0184956 0.559107
vt 0.0201916 0.559107
vt 0.0218713 0.559107
vt 0.0235419 0.559107
vt 0.0255836 0.559107
vt 0.0276323 0.559107
vt 0.0297004 0.559107
vt 0.0318023 0.559107
vt 0.0342136 0.559107
vt 0.0362408 0.559107
vt 0.038228 0.559107
vt 0.0401905 0.559107
vt 0.0421414 0.559107
vt 0.044085 0.559107
vt 0.0460403 0.559107
vt 0.0480201 0.559107
vt 0.0500398 0.559107
vt 0.0512095 0.559107
vt 0.0532988 0.559107
vt 0.0553583 0.559107
vt 0.0574009 0.559107
vt 0.0594357 0.559107
vt 0.0615466 0.559107
vt 0.0636649 0.559107
vt 0.0658005 0.559107
vt 0.0679675 0.559107
vt 0.070293 0.559107
vt 0.0723416 0.559107
vt 0.0743714 0.559107
vt 0.0763929 0.559107
vt 0.0783802 0.559107
vt 0.0803759 0.559107
vt 0.0823901 0.559107
vt 0.0844365 0.559107
vt 0.0849467 0.559107
vt 0.08708 0.559107
vt 0.0891801 0.559107
vt 0.0912611 0.559107
vt 0.0933336 0.559107
vt 0.0954398 0.559107
vt 0.0975546 0.559107
vt 0.0996888 0.559107
vt 0.101857 0.559107
vt 0.102198 0.559107
vt 0.104271 0.559107
vt 0.106316 0.559107
vt 0.108347 0.559107
vt 0.110371 0.559107
vt 0.112302 0.559107
vt 0.114239 0.559107
vt 0.116191 0.559107
vt 0.11817 0.559107
vt 0.119647 0.559107
vt 0.121729 0.559107
vt 0.123771 0.559107
vt 0.125788 0.559107
vt 0.127793 0.559107
vt 0.129836 0.559107
vt 0.131892 0.559107
vt 0.133972 0.559107
vt 0.136093 0.559107
vt 0.137317 0.559107
vt 0.139354 0.559107
vt 0.14135 0.559107
vt 0.14332 0.559107
vt 0.145277 0.559107
vt 0.147228 0.559107
vt 0.149191 0.559107
vt 0.15118 0.559107
vt 0.153209 0.559107
vt 0.154145 0.559107
vt 0.156247 0.559107
vt 0.158316 0.559107
vt 0.160365 0.559107
vt 0.162406 0.559107
vt 0.164546 0.559107
vt 0.166694 0.559107
vt 0.168862 0.559107
vt 0.171066 0.559107
vt 0.173175 0.559107
vt 0.175254 0.559107
vt 0.177315 0.559107
vt 0.179371 0.559107
vt 0.181291 0.559107
vt 0.18322 0.559107
vt 0.185164 0.559107
vt 0.187136 0.559107
vt 0.188789 0.559107
vt 0.190856 0.559107
vt 0.192888 0.559107
vt 0.194897 0.559107
vt 0.196897 0.559107
vt 0.198893 0.559107
vt 0.200899 0.559107
vt 0.202926 0.559107
vt 0.204988 0.559107
vt 0.206457 0.559107
vt 0.208432 0.559107
vt 0.210376 0.559107
vt 0.2123 0.559107
vt 0.214215 0.559107
vt 0.21611 0.559107
vt 0.218015 0.559107
vt 0.219938 0.559107
vt 0.221894 0.559107
vt 0.223381 0.559107
vt 0.225425 0.559107
vt 0.227432 0.559107
vt 0.229417 0.559107
vt 0.231391 0.559107
vt 0.233433 0.559107
vt 0.235486 0.559107
vt 0.237561 0.559107
vt 0.239676 0.559107
vt 0.240313 0.559107
vt 0.24234 0.559107
vt 0.24433 0.559107
vt 0.246299 0.559107
vt 0.248257 0.559107
vt 0.250149 0.559107
vt 0.252051 0.559107
vt 0.253974 0.559107
vt 0.255933 0.559107
vt 0.257267 0.559107
vt 0.259308 0.559107
vt 0.261314 0.559107
vt 0.263297 0.559107
vt 0.26527 0.559107
vt 0.267306 0.559107
vt 0.269353 0.559107
vt 0.271422 0.559107
vt 0.273529 0.559107
vt 0.27477 0.559107
vt 0.276799 0.559107
vt 0.278787 0.559107
vt 0.280748 0.559107
vt 0.282696 0.559107
vt 0.284669 0.559107
vt 0.286655 0.559107
vt 0.288668 0.559107
vt 0.290724 0.559107
vt 0.291458 0.559107
vt 0.29358 0.559107
vt 0.295673 0.559107
vt 0.29775 0.559107
vt 0.299821 0.559107
vt 0.301871 0.559107
vt 0.303928 0.559107
vt 0.306 0.559107
vt 0.3081 0.559107
vt 0.309157 0.559107
vt 0.311187 0.559107
vt 0.313178 0.559107
vt 0.315147 0.559107
vt 0.317105 0.559107
vt 0.319008 0.559107
vt 0.320921 0.559107
vt 0.322857 0.559107
vt 0.324828 0.559107
vt 0.32647 0.559107
vt 0.328527 0.559107
vt 0.330546 0.559107
vt 0.337304 0.559107
vt 0.339299 0.559107
vt 0.341282 0.559107
vt 0.343341 0.559107
vt 0.345411 0.559107
vt 0.347505 0.559107
vt 0.349641 0.559107
vt 0.350487 0.559107
vt 0.352522 0.559107
vt 0.354527 0.559107
vt 0.356515 0.559107
vt 0.358496 0.559107
vt 0.360503 0.559107
vt 0.362517 0.559107
vt 0.364548 0.559107
vt 0.366611 0.559107
vt 0.366946 0.559107
vt 0.369099 0.559107
vt 0.371218 0.559107
vt 0.373318 0.559107
vt 0.375408 0.559107
vt 0.3775 0.559107
vt 0.3796 0.559107
vt 0.38172 0.559107
vt 0.383874 0.559107
vt 0.38419 0.559107
vt 0.38625 0.559107
vt 0.388282 0.559107
vt 0.390298 0.559107
vt 0.392307 0.559107
vt 0.394259 0.559107
vt 0.396218 0.559107
vt 0.398192 0.559107
vt 0.400193 0.559107
vt 0.401011 0.559107
vt 0.403099 0.559107
vt 0.405158 0.559107
vt 0.4072 0.559107
vt 0.409235 0.559107
vt 0.411336 0.559107
vt 0.413445 0.559107
vt 0.41557 0.559107
vt 0.417725 0.559107
vt 0.418216 0.559107
vt 0.420302 0.559107
vt 0.422344 0.559107
vt 0.42436 0.559107
vt 0.426364 0.559107
vt 0.428268 0.559107
vt 0.430184 0.559107
vt 0.432125 0.559107
vt 0.434106 0.559107
vt 0.435756 0.559107
vt 0.437821 0.559107
vt 0.439844 0.559107
vt 0.441842 0.559107
vt 0.443827 0.559107
vt 0.445913 0.559107
vt 0.44801 0.559107
vt 0.450135 0.559107
vt 0.452304 0.559107
vt 0.453039 0.559107
vt 0.455099 0.559107
vt 0.457132 0.559107
vt 0.45915 0.559107
vt 0.461161 0.559107
vt 0.463099 0.559107
vt 0.465044 0.559107
vt 0.467003 0.559107
vt 0.468989 0.559107
vt 0.471281 0.559107
vt 0.473363 0.559107
vt 0.47541 0.559107
vt 0.477435 0.559107
vt 0.479451 0.559107
vt 0.481185 0.559107
vt 0.482928 0.559107
vt 0.48469 0.559107
vt 0.486481 0.559107
vt 0.494824 0.559107
vt 0.496817 0.559107
vt 0.503589 0.559107
vt 0.504159 0.559107
vt 0.510896 0.559107
vt 0.512948 0.559107
vt 0.521463 0.559107
vt 0.52318 0.559107
vt 0.52487 0.559107
vt 0.526542 0.559107
vt 0.528204 0.559107
vt 0.530137 0.559107
vt 0.53208 0.559107
vt 0.534042 0.559107
vt 0.536039 0.559107
vt 0.538331 0.559107
vt 0.540402 0.559107
vt 0.542445 0.559107
vt 0.544473 0.559107
vt 0.546494 0.559107
vt 0.548592 0.559107
vt 0.550696 0.559107
vt 0.552816 0.559107
vt 0.554964 0.559107
vt 0.555699 0.559107
vt 0.557779 0.559107
vt 0.559816 0.559107
vt 0.561827 0.559107
vt 0.563827 0.559107
vt 0.565731 0.559107
vt 0.567647 0.559107
vt 0.569588 0.559107
vt 0.571568 0.559107
vt 0.573218 0.559107
vt 0.575284 0.559107
vt 0.577308 0.559107
vt 0.579306 0.559107
vt 0.581291 0.559107
vt 0.583381 0.559107
vt 0.585483 0.559107
vt 0.587613 0.559107
vt 0.589787 0.559107
vt 0.590278 0.559107
vt 0.592345 0.559107
vt 0.594383 0.559107
vt 0.596405 0.559107
vt 0.59842 0.559107
vt 0.600371 0.559107
vt 0.60233 0.559107
vt 0.604304 0.559107
vt 0.606306 0.559107
vt 0.607124 0.559107
vt 0.609211 0.559107
vt 0.61127 0.559107
vt 0.613312 0.559107
vt 0.615348 0.559107
vt 0.617443 0.559107
vt 0.619546 0.559107
vt 0.621664 0.559107
vt 0.623812 0.559107
vt 0.624129 0.559107
vt 0.626194 0.559107
vt 0.628227 0.559107
vt 0.630241 0.559107
vt 0.632247 0.559107
vt 0.634252 0.559107
vt 0.636265 0.559107
vt 0.638297 0.559107
vt 0.640362 0.559107
vt 0.640697 0.559107
vt 0.642848 0.559107
vt 0.644966 0.559107
vt 0.647067 0.559107
vt 0.649159 0.559107
vt 0.651224 0.559107
vt 0.653297 0.559107
vt 0.655388 0.559107
vt 0.65751 0.559107
vt 0.658357 0.559107
vt 0.660405 0.559107
vt 0.662413 0.559107
vt 0.664398 0.559107
vt 0.666372 0.559107
vt 0.668274 0.559107
vt 0.670187 0.559107
vt 0.672124 0.559107
vt 0.674097 0.559107
vt 0.675738 0.559107
vt 0.677794 0.559107
vt 0.679812 0.559107
vt 0.681807 0.559107
vt 0.683791 0.559107
vt 0.685833 0.559107
vt 0.687886 0.559107
vt 0.689963 0.559107
vt 0.692079 0.559107
vt 0.693137 0.559107
vt 0.695151 0.559107
vt 0.697138 0.559107
vt 0.69911 0.559107
vt 0.701076 0.559107
vt 0.703062 0.559107
vt 0.705054 0.559107
vt 0.707061 0.559107
vt 0.709096 0.559107
vt 0.70983 0.559107
vt 0.711974 0.559107
vt 0.714073 0.559107
vt 0.716144 0.559107
vt 0.718202 0.559107
vt 0.720233 0.559107
vt 0.722278 0.559107
vt 0.72435 0.559107
vt 0.726466 0.559107
vt 0.727707 0.559107
vt 0.729728 0.559107
vt 0.731712 0.559107
vt 0.733675 0.559107
vt 0.735628 0.559107
vt 0.73752 0.559107
vt 0.739422 0.559107
vt 0.741345 0.559107
vt 0.743303 0.559107
vt 0.744636 0.559107
vt 0.746678 0.559107
vt 0.748684 0.559107
vt 0.750667 0.559107
vt 0.752639 0.559107
vt 0.754682 0.559107
vt 0.756734 0.559107
vt 0.75881 0.559107
vt 0.760924 0.559107
vt 0.761562 0.559107
vt 0.763589 0.559107
vt 0.76558 0.559107
vt 0.767549 0.559107
vt 0.769507 0.559107
vt 0.7714 0.559107
vt 0.773303 0.559107
vt 0.775228 0.559107
vt 0.777187 0.559107
vt 0.778674 0.559107
vt 0.780714 0.559107
vt 0.78272 0.559107
vt 0.784706 0.559107
vt 0.786682 0.559107
vt 0.788679 0.559107
vt 0.790686 0.559107
vt 0.792712 0.559107
vt 0.794772 0.559107
vt 0.796241 0.559107
vt 0.798219 0.559107
vt 0.800163 0.559107
vt 0.802086 0.559107
vt 0.804 0.559107
vt 0.805918 0.559107
vt 0.807845 0.559107
vt 0.809793 0.559107
vt 0.811775 0.559107
vt 0.813428 0.559107
vt 0.815484 0.559107
vt 0.817512 0.559107
vt 0.819523 0.559107
vt 0.821526 0.559107
vt 0.823669 0.559107
vt 0.825819 0.559107
vt 0.827986 0.559107
vt 0.830186 0.559107
vt 0.832299 0.559107
vt 0.834378 0.559107
vt 0.841104 0.559107
vt 0.843164 0.559107
vt 0.845216 0.559107
vt 0.847173 0.559107
vt 0.849138 0.559107
vt 0.851122 0.559107
vt 0.853137 0.559107
vt 0.854073 0.559107
vt 0.85619 0.559107
vt 0.858264 0.559107
vt 0.860311 0.559107
vt 0.862345 0.559107
vt 0.864386 0.559107
vt 0.866441 0.559107
vt 0.868522 0.559107
vt 0.870646 0.559107
vt 0.871871 0.559107
vt 0.873905 0.559107
vt 0.875899 0.559107
vt 0.87787 0.559107
vt 0.879829 0.559107
vt 0.881752 0.559107
vt 0.883687 0.559107
vt 0.885645 0.559107
vt 0.887641 0.559107
vt 0.889119 0.559107
vt 0.891182 0.559107
vt 0.893218 0.559107
vt 0.895239 0.559107
vt 0.897252 0.559107
vt 0.899363 0.559107
vt 0.90148 0.559107
vt 0.903613 0.559107
vt 0.905775 0.559107
vt 0.906115 0.559107
vt 0.908194 0.559107
vt 0.910241 0.559107
vt 0.912269 0.559107
vt 0.914289 0.559107
vt 0.916276 0.559107
vt 0.918272 0.559107
vt 0.920286 0.559107
vt 0.922332 0.559107
vt 0.922842 0.559107
vt 0.924976 0.559107
vt 0.927076 0.559107
vt 0.929157 0.559107
vt 0.931229 0.559107
vt 0.933337 0.559107
vt 0.935454 0.559107
vt 0.93759 0.559107
vt 0.939761 0.559107
vt 0.942083 0.559107
vt 0.944131 0.559107
vt 0.946162 0.559107
vt 0.948186 0.559107
vt 0.950138 0.559107
vt 0.952096 0.559107
vt 0.954071 0.559107
vt 0.956075 0.559107
vt 0.957244 0.559107
vt 0.959351 0.559107
vt 0.961416 0.559107
vt 0.963455 0.559107
vt 0.965482 0.559107
vt 0.967516 0.559107
vt 0.969562 0.559107
vt 0.971634 0.559107
vt 0.973748 0.559107
vt 0.976159 0.559107
vt 0.978175 0.559107
vt 0.980158 0.559107
vt 0.982123 0.559107
vt 0.984081 0.559107
vt 0.985683 0.559107
vt 0.987294 0.559107
vt 0.98892 0.559107
vt 0.99057 0.559107
vt 1 0.559107
vt 0.000316027 0.286208
vt 0.0120603 0.286208
vt 0.0176354 0.286208
vt 0.0193436 0.286208
vt 0.0210315 0.286208
vt 0.0227066 0.286208
vt 0.0245628 0.286208
vt 0.0266079 0.286208
vt 0.0286663 0.286208
vt 0.0307513 0.286208
vt 0.0330079 0.286208
vt 0.0352272 0.286208
vt 0.0372344 0.286208
vt 0.0392092 0.286208
vt 0.041166 0.286208
vt 0.0431132 0.286208
vt 0.0450626 0.286208
vt 0.0470302 0.286208
vt 0.04903 0.286208
vt 0.0506247 0.286208
vt 0.0522542 0.286208
vt 0.0543286 0.286208
vt 0.0563796 0.286208
vt 0.0584183 0.286208
vt 0.0604912 0.286208
vt 0.0626057 0.286208
vt 0.0647327 0.286208
vt 0.066884 0.286208
vt 0.0691302 0.286208
vt 0.0713173 0.286208
vt 0.0733565 0.286208
vt 0.0753822 0.286208
vt 0.0773865 0.286208
vt 0.079378 0.286208
vt 0.081383 0.286208
vt 0.0834133 0.286208
vt 0.0846916 0.286208
vt 0.0860133 0.286208
vt 0.08813 0.286208
vt 0.0902206 0.286208
vt 0.0922973 0.286208
vt 0.0943867 0.286208
vt 0.0964972 0.286208
vt 0.0986217 0.286208
vt 0.100773 0.286208
vt 0.102027 0.286208
vt 0.103234 0.286208
vt 0.105294 0.286208
vt 0.107332 0.286208
vt 0.109359 0.286208
vt 0.111336 0.286208
vt 0.11327 0.286208
vt 0.115215 0.286208
vt 0.11718 0.286208
vt 0.118908 0.286208
vt 0.120688 0.286208
vt 0.12275 0.286208
vt 0.124779 0.286208
vt 0.12679 0.286208
vt 0.128815 0.286208
vt 0.130864 0.286208
vt 0.132932 0.286208
vt 0.135032 0.286208
vt 0.136705 0.286208
vt 0.138335 0.286208
vt 0.140352 0.286208
vt 0.142335 0.286208
vt 0.144299 0.286208
vt 0.146253 0.286208
vt 0.14821 0.286208
vt 0.150185 0.286208
vt 0.152195 0.286208
vt 0.153677 0.286208
vt 0.155196 0.286208
vt 0.157281 0.286208
vt 0.159341 0.286208
vt 0.161386 0.286208
vt 0.163476 0.286208
vt 0.16562 0.286208
vt 0.167778 0.286208
vt 0.169964 0.286208
vt 0.17212 0.286208
vt 0.174214 0.286208
vt 0.176285 0.286208
vt 0.178343 0.286208
vt 0.180331 0.286208
vt 0.182256 0.286208
vt 0.184192 0.286208
vt 0.18615 0.286208
vt 0.187963 0.286208
vt 0.189823 0.286208
vt 0.191872 0.286208
vt 0.193893 0.286208
vt 0.195897 0.286208
vt 0.197895 0.286208
vt 0.199896 0.286208
vt 0.201912 0.286208
vt 0.203957 0.286208
vt 0.205722 0.286208
vt 0.207444 0.286208
vt 0.209404 0.286208
vt 0.211338 0.286208
vt 0.213258 0.286208
vt 0.215163 0.286208
vt 0.217063 0.286208
vt 0.218977 0.286208
vt 0.220916 0.286208
vt 0.222637 0.286208
vt 0.224403 0.286208
vt 0.226428 0.286208
vt 0.228424 0.286208
vt 0.230404 0.286208
vt 0.232412 0.286208
vt 0.234459 0.286208
vt 0.236523 0.286208
vt 0.238618 0.286208
vt 0.239994 0.286208
vt 0.241326 0.286208
vt 0.243335 0.286208
vt 0.245315 0.286208
vt 0.247278 0.286208
vt 0.249203 0.286208
vt 0.2511 0.286208
vt 0.253013 0.286208
vt 0.254954 0.286208
vt 0.2566 0.286208
vt 0.258287 0.286208
vt 0.260311 0.286208
vt 0.262305 0.286208
vt 0.264284 0.286208
vt 0.266288 0.286208
vt 0.26833 0.286208
vt 0.270388 0.286208
vt 0.272476 0.286208
vt 0.27415 0.286208
vt 0.275785 0.286208
vt 0.277793 0.286208
vt 0.279767 0.286208
vt 0.281722 0.286208
vt 0.283682 0.286208
vt 0.285662 0.286208
vt 0.287662 0.286208
vt 0.289696 0.286208
vt 0.291091 0.286208
vt 0.292519 0.286208
vt 0.294626 0.286208
vt 0.296711 0.286208
vt 0.298786 0.286208
vt 0.300846 0.286208
vt 0.3029 0.286208
vt 0.304964 0.286208
vt 0.30705 0.286208
vt 0.308629 0.286208
vt 0.310172 0.286208
vt 0.312183 0.286208
vt 0.314163 0.286208
vt 0.316126 0.286208
vt 0.318057 0.286208
vt 0.319965 0.286208
vt 0.321889 0.286208
vt 0.323843 0.286208
vt 0.325649 0.286208
vt 0.327499 0.286208
vt 0.329537 0.286208
vt 0.338301 0.286208
vt 0.34029 0.286208
vt 0.342311 0.286208
vt 0.344376 0.286208
vt 0.346458 0.286208
vt 0.348573 0.286208
vt 0.350064 0.286208
vt 0.351504 0.286208
vt 0.353525 0.286208
vt 0.355521 0.286208
vt 0.357506 0.286208
vt 0.359499 0.286208
vt 0.36151 0.286208
vt 0.363533 0.286208
vt 0.36558 0.286208
vt 0.366778 0.286208
vt 0.368023 0.286208
vt 0.370159 0.286208
vt 0.372268 0.286208
vt 0.374363 0.286208
vt 0.376454 0.286208
vt 0.37855 0.286208
vt 0.38066 0.286208
vt 0.382797 0.286208
vt 0.384032 0.286208
vt 0.38522 0.286208
vt 0.387266 0.286208
vt 0.38929 0.286208
vt 0.391303 0.286208
vt 0.393283 0.286208
vt 0.395239 0.286208
vt 0.397205 0.286208
vt 0.399193 0.286208
vt 0.400602 0.286208
vt 0.402055 0.286208
vt 0.404128 0.286208
vt 0.406179 0.286208
vt 0.408217 0.286208
vt 0.410286 0.286208
vt 0.412391 0.286208
vt 0.414507 0.286208
vt 0.416648 0.286208
vt 0.417971 0.286208
vt 0.419259 0.286208
vt 0.421323 0.286208
vt 0.423352 0.286208
vt 0.425362 0.286208
vt 0.427316 0.286208
vt 0.429226 0.286208
vt 0.431154 0.286208
vt 0.433115 0.286208
vt 0.434931 0.286208
vt 0.436788 0.286208
vt 0.438832 0.286208
vt 0.440843 0.286208
vt 0.442835 0.286208
vt 0.44487 0.286208
vt 0.446962 0.286208
vt 0.449073 0.286208
vt 0.451219 0.286208
vt 0.452671 0.286208
vt 0.454069 0.286208
vt 0.456115 0.286208
vt 0.458141 0.286208
vt 0.460155 0.286208
vt 0.46213 0.286208
vt 0.464072 0.286208
vt 0.466024 0.286208
vt 0.467996 0.286208
vt 0.470135 0.286208
vt 0.472322 0.286208
vt 0.474387 0.286208
vt 0.476422 0.286208
vt 0.478443 0.286208
vt 0.480318 0.286208
vt 0.482057 0.286208
vt 0.483809 0.286208
vt 0.485586 0.286208
vt 0.490653 0.286208
vt 0.495821 0.286208
vt 0.503874 0.286208
vt 0.511922 0.286208
vt 0.517205 0.286208
vt 0.522322 0.286208
vt 0.524025 0.286208
vt 0.525706 0.286208
vt 0.527373 0.286208
vt 0.529171 0.286208
vt 0.531108 0.286208
vt 0.533061 0.286208
vt 0.535041 0.286208
vt 0.537185 0.286208
vt 0.539366 0.286208
vt 0.541423 0.286208
vt 0.543459 0.286208
vt 0.545484 0.286208
vt 0.547543 0.286208
vt 0.549644 0.286208
vt 0.551756 0.286208
vt 0.55389 0.286208
vt 0.555331 0.286208
vt 0.556739 0.286208
vt 0.558797 0.286208
vt 0.560822 0.286208
vt 0.562827 0.286208
vt 0.564779 0.286208
vt 0.566689 0.286208
vt 0.568617 0.286208
vt 0.570578 0.286208
vt 0.572393 0.286208
vt 0.574251 0.286208
vt 0.576296 0.286208
vt 0.578307 0.286208
vt 0.580298 0.286208
vt 0.582336 0.286208
vt 0.584432 0.286208
vt 0.586548 0.286208
vt 0.5887 0.286208
vt 0.590032 0.286208
vt 0.591311 0.286208
vt 0.593364 0.286208
vt 0.595394 0.286208
vt 0.597412 0.286208
vt 0.599395 0.286208
vt 0.601351 0.286208
vt 0.603317 0.286208
vt 0.605305 0.286208
vt 0.606715 0.286208
vt 0.608167 0.286208
vt 0.61024 0.286208
vt 0.612291 0.286208
vt 0.61433 0.286208
vt 0.616396 0.286208
vt 0.618495 0.286208
vt 0.620605 0.286208
vt 0.622738 0.286208
vt 0.623971 0.286208
vt 0.625162 0.286208
vt 0.627211 0.286208
vt 0.629234 0.286208
vt 0.631244 0.286208
vt 0.633249 0.286208
vt 0.635258 0.286208
vt 0.637281 0.286208
vt 0.639329 0.286208
vt 0.640529 0.286208
vt 0.641772 0.286208
vt 0.643907 0.286208
vt 0.646016 0.286208
vt 0.648113 0.286208
vt 0.650192 0.286208
vt 0.652261 0.286208
vt 0.654343 0.286208
vt 0.656449 0.286208
vt 0.657934 0.286208
vt 0.659381 0.286208
vt 0.661409 0.286208
vt 0.663406 0.286208
vt 0.665385 0.286208
vt 0.667323 0.286208
vt 0.669231 0.286208
vt 0.671156 0.286208
vt 0.67311 0.286208
vt 0.674918 0.286208
vt 0.676766 0.286208
vt 0.678803 0.286208
vt 0.68081 0.286208
vt 0.682799 0.286208
vt 0.684812 0.286208
vt 0.68686 0.286208
vt 0.688925 0.286208
vt 0.691021 0.286208
vt 0.692608 0.286208
vt 0.694144 0.286208
vt 0.696144 0.286208
vt 0.698124 0.286208
vt 0.700093 0.286208
vt 0.702069 0.286208
vt 0.704058 0.286208
vt 0.706058 0.286208
vt 0.708079 0.286208
vt 0.709463 0.286208
vt 0.710902 0.286208
vt 0.713023 0.286208
vt 0.715109 0.286208
vt 0.717173 0.286208
vt 0.719218 0.286208
vt 0.721256 0.286208
vt 0.723314 0.286208
vt 0.725408 0.286208
vt 0.727087 0.286208
vt 0.728717 0.286208
vt 0.73072 0.286208
vt 0.732693 0.286208
vt 0.734651 0.286208
vt 0.736574 0.286208
vt 0.738471 0.286208
vt 0.740383 0.286208
vt 0.742324 0.286208
vt 0.74397 0.286208
vt 0.745657 0.286208
vt 0.747681 0.286208
vt 0.749675 0.286208
vt 0.751653 0.286208
vt 0.75366 0.286208
vt 0.755708 0.286208
vt 0.757772 0.286208
vt 0.759867 0.286208
vt 0.761243 0.286208
vt 0.762576 0.286208
vt 0.764585 0.286208
vt 0.766564 0.286208
vt 0.768528 0.286208
vt 0.770454 0.286208
vt 0.772352 0.286208
vt 0.774266 0.286208
vt 0.776208 0.286208
vt 0.777931 0.286208
vt 0.779694 0.286208
vt 0.781717 0.286208
vt 0.783713 0.286208
vt 0.785694 0.286208
vt 0.787681 0.286208
vt 0.789683 0.286208
vt 0.791699 0.286208
vt 0.793742 0.286208
vt 0.795507 0.286208
vt 0.79723 0.286208
vt 0.799191 0.286208
vt 0.801125 0.286208
vt 0.803043 0.286208
vt 0.804959 0.286208
vt 0.806882 0.286208
vt 0.808819 0.286208
vt 0.810784 0.286208
vt 0.812601 0.286208
vt 0.814456 0.286208
vt 0.816498 0.286208
vt 0.818517 0.286208
vt 0.820524 0.286208
vt 0.822597 0.286208
vt 0.824744 0.286208
vt 0.826903 0.286208
vt 0.829086 0.286208
vt 0.831243 0.286208
vt 0.833339 0.286208
vt 0.842134 0.286208
vt 0.84419 0.286208
vt 0.846195 0.286208
vt 0.848156 0.286208
vt 0.85013 0.286208
vt 0.85213 0.286208
vt 0.853605 0.286208
vt 0.855132 0.286208
vt 0.857227 0.286208
vt 0.859287 0.286208
vt 0.861328 0.286208
vt 0.863366 0.286208
vt 0.865414 0.286208
vt 0.867481 0.286208
vt 0.869584 0.286208
vt 0.871259 0.286208
vt 0.872888 0.286208
vt 0.874902 0.286208
vt 0.876884 0.286208
vt 0.878849 0.286208
vt 0.880791 0.286208
vt 0.882719 0.286208
vt 0.884666 0.286208
vt 0.886643 0.286208
vt 0.88838 0.286208
vt 0.89015 0.286208
vt 0.8922 0.286208
vt 0.894228 0.286208
vt 0.896245 0.286208
vt 0.898307 0.286208
vt 0.900421 0.286208
vt 0.902546 0.286208
vt 0.904694 0.286208
vt 0.905945 0.286208
vt 0.907155 0.286208
vt 0.909218 0.286208
vt 0.911255 0.286208
vt 0.913279 0.286208
vt 0.915282 0.286208
vt 0.917274 0.286208
vt 0.919279 0.286208
vt 0.921309 0.286208
vt 0.922587 0.286208
vt 0.923909 0.286208
vt 0.926026 0.286208
vt 0.928117 0.286208
vt 0.930193 0.286208
vt 0.932283 0.286208
vt 0.934396 0.286208
vt 0.936522 0.286208
vt 0.938676 0.286208
vt 0.940922 0.286208
vt 0.943107 0.286208
vt 0.945147 0.286208
vt 0.947174 0.286208
vt 0.949162 0.286208
vt 0.951117 0.286208
vt 0.953084 0.286208
vt 0.955073 0.286208
vt 0.95666 0.286208
vt 0.958298 0.286208
vt 0.960384 0.286208
vt 0.962436 0.286208
vt 0.964469 0.286208
vt 0.966499 0.286208
vt 0.968539 0.286208
vt 0.970598 0.286208
vt 0.972691 0.286208
vt 0.974954 0.286208
vt 0.977167 0.286208
vt 0.979167 0.286208
vt 0.981141 0.286208
vt 0.983102 0.286208
vt 0.984882 0.286208
vt 0.986488 0.286208
vt 0.988107 0.286208
vt 0.989745 0.286208
vt 0.995285 0.286208


# Vertex Surface Normals: 
vn 0 0 1
vn 0 0 -1
vn 0.883217 -0.468965 0
vn 0.883217 -0.468965 -3.54133e-19
vn 0.883217 -0.468965 -3.54133e-19
vn 0.883217 -0.468965 3.54133e-19
vn 0.883217 -0.468965 3.54133e-19
vn 0.468703 0.883356 0
vn 0.468703 0.883356 4.33016e-17
vn 0.441331 0.897344 2.13335e-17
vn 0.441331 0.897344 -2.13335e-17
vn 0.468703 0.883356 -4.33016e-17
vn 0.413542 0.910485 0
vn 0.356914 0.934137 4.75614e-21
vn 0.356914 0.934137 -4.75614e-21
vn 0.298942 0.954271 0
vn 0.240251 0.970711 6.92786e-19
vn 0.240251 0.970711 -6.92786e-19
vn 0.180668 0.983544 0
vn 0.120766 0.992681 -3.63934e-19
vn 0.120766 0.992681 3.63934e-19
vn 0.0604203 0.998173 0
vn -0.00672653 0.999977 2.33635e-18
vn -0.00672653 0.999977 -2.33635e-18
vn -0.073843 0.99727 0
vn -0.147411 0.989075 3.41642e-18
vn -0.147411 0.989075 -3.41642e-18
vn -0.22017 0.975461 0
vn -0.292121 0.956381 3.54366e-19
vn -0.292121 0.956381 -3.54366e-19
vn -0.362453 0.932002 0
vn -0.43133 0.902194 -1.53511e-19
vn -0.43133 0.902194 1.53511e-19
vn -0.497778 0.867305 0
vn -0.530008 0.847993 2.58092e-17
vn -0.530008 0.847993 -2.58092e-17
vn -0.56149 0.827483 0
vn -0.530122 0.847921 2.59622e-17
vn -0.530122 0.847921 -2.59622e-17
vn -0.498011 0.867171 0
vn -0.43168 0.902027 -1.62392e-19
vn -0.43168 0.902027 1.62392e-19
vn -0.362925 0.931818 0
vn -0.292531 0.956256 -1.62387e-19
vn -0.292531 0.956256 1.62387e-19
vn -0.220513 0.975384 0
vn -0.147638 0.989041 3.07043e-18
vn -0.147638 0.989041 -3.07043e-18
vn -0.0739511 0.997262 0
vn -0.000136697 1 3.07037e-18
vn -0.000136697 1 -3.07037e-18
vn 0.0736784 0.997282 0
vn 0.147108 0.98912 1.0191e-17
vn 0.147108 0.98912 -1.0191e-17
vn 0.219734 0.97556 0
vn 0.291529 0.956562 1.03543e-17
vn 0.291529 0.956562 -1.03543e-17
vn 0.361715 0.932289 0
vn 0.430288 0.902692 1.62992e-19
vn 0.430288 0.902692 -1.62992e-19
vn 0.496461 0.868059 0
vn 0.528464 0.848955 0
vn 0.528464 0.848955 0
vn 0.559734 0.828672 0
vn 0.527689 0.849438 2.27325e-17
vn 0.527689 0.849438 -2.27325e-17
vn 0.494874 0.868965 0
vn 0.42783 0.903859 2.2781e-17
vn 0.42783 0.903859 -2.2781e-17
vn 0.358343 0.93359 0
vn 0.288283 0.957545 -1.07813e-17
vn 0.288283 0.957545 1.07813e-17
vn 0.216642 0.976251 0
vn 0.144929 0.989442 -1.07804e-17
vn 0.144929 0.989442 1.07804e-17
vn 0.0724448 0.997372 0
vn -0.0013433 0.999999 -3.12372e-18
vn -0.0013433 0.999999 3.12372e-18
vn -0.0751241 0.997174 0
vn -0.150212 0.988654 -3.12413e-18
vn -0.150212 0.988654 3.12413e-18
vn -0.224442 0.974487 0
vn -0.298483 0.954415 -1.88873e-19
vn -0.298483 0.954415 1.88873e-19
vn -0.370768 0.928726 0
vn -0.442338 0.896848 -2.63359e-19
vn -0.442338 0.896848 2.63359e-19
vn -0.511194 0.859466 0
vn -0.51494 0.857226 -7.4234e-20
vn -0.51494 0.857226 7.4234e-20
vn -0.518677 0.854971 0
vn -0.446567 0.89475 0
vn -0.446567 0.89475 0
vn -0.371428 0.928462 0
vn -0.299089 0.954225 1.00566e-17
vn -0.299089 0.954225 -1.00566e-17
vn -0.224985 0.974362 0
vn -0.150586 0.988597 9.69657e-18
vn -0.150586 0.988597 -9.69657e-18
vn -0.0753225 0.997159 0
vn -0.00063655 1 6.20326e-21
vn -0.00063655 1 -6.20326e-21
vn 0.074053 0.997254 0
vn 0.148073 0.988976 7.29161e-19
vn 0.148073 0.988976 -7.29161e-19
vn 0.221272 0.975212 0
vn 0.294221 0.955737 1.63567e-19
vn 0.294221 0.955737 -1.63567e-19
vn 0.365494 0.930814 0
vn 0.435933 0.899979 -2.35409e-17
vn 0.435933 0.899979 2.35409e-17
vn 0.503794 0.863824 0
vn 0.536644 0.843809 -2.32888e-17
vn 0.536644 0.843809 2.32888e-17
vn 0.5687 0.822545 0
vn 0.536627 0.843819 0
vn 0.536627 0.843819 0
vn 0.50376 0.863844 0
vn 0.435872 0.900009 -1.9208e-19
vn 0.435872 0.900009 1.9208e-19
vn 0.365405 0.930849 0
vn 0.294133 0.955764 -1.92059e-19
vn 0.294133 0.955764 1.92059e-19
vn 0.221185 0.975232 0
vn 0.148011 0.988986 0
vn 0.148011 0.988986 0
vn 0.074016 0.997257 0
vn -0.000598643 1 3.63826e-19
vn -0.000598643 1 -3.63826e-19
vn -0.0752099 0.997168 0
vn -0.150361 0.988631 7.07153e-19
vn -0.150361 0.988631 -7.07153e-19
vn -0.224653 0.974439 0
vn -0.29866 0.95436 5.32329e-19
vn -0.29866 0.95436 -5.32329e-19
vn -0.370911 0.928668 0
vn -0.442285 0.896874 2.63441e-19
vn -0.442285 0.896874 -2.63441e-19
vn -0.510959 0.859605 0
vn -0.544831 0.838546 8.90567e-20
vn -0.544831 0.838546 -8.90567e-20
vn -0.577836 0.816153 0
vn -0.544657 0.838659 9.24624e-20
vn -0.544657 0.838659 -9.24624e-20
vn -0.510603 0.859816 0
vn -0.441682 0.897171 3.93431e-19
vn -0.441682 0.897171 -3.93431e-19
vn -0.370047 0.929013 0
vn -0.29784 0.954616 3.15555e-19
vn -0.29784 0.954616 -3.15555e-19
vn -0.223885 0.974616 0
vn -0.149829 0.988712 -3.58729e-19
vn -0.149829 0.988712 3.58729e-19
vn -0.0749208 0.997189 0
vn -0.00171281 0.999999 -7.13817e-19
vn -0.00171281 0.999999 7.13817e-19
vn 0.0715044 0.99744 0
vn 0.14309 0.98971 -1.23728e-21
vn 0.14309 0.98971 1.23728e-21
vn 0.213934 0.976848 0
vn 0.284814 0.958583 3.53906e-19
vn 0.284814 0.958583 -3.53906e-19
vn 0.354168 0.935182 0
vn 0.423117 0.906075 0
vn 0.423117 0.906075 0
vn 0.489695 0.871894 0
vn 0.522488 0.852646 -5.45263e-20
vn 0.522488 0.852646 5.45263e-20
vn 0.554527 0.832166 0
vn 0.523281 0.85216 -5.45244e-20
vn 0.523281 0.85216 5.45244e-20
vn 0.491316 0.870982 0
vn 0.425658 0.904884 1.58028e-19
vn 0.425658 0.904884 -1.58028e-19
vn 0.357675 0.933846 0
vn 0.288192 0.957573 -2.01901e-19
vn 0.288192 0.957573 2.01901e-19
vn 0.217155 0.976137 0
vn 0.145361 0.989379 -1.67742e-18
vn 0.145361 0.989379 1.67742e-18
vn 0.0727913 0.997347 0
vn -0.000699115 1 -2.67929e-18
vn -0.000699115 1 2.67929e-18
vn -0.0741857 0.997244 0
vn -0.148113 0.98897 -1.00858e-18
vn -0.148113 0.98897 1.00858e-18
vn -0.221222 0.975224 0
vn -0.293496 0.95596 3.53257e-19
vn -0.293496 0.95596 -3.53257e-19
vn -0.364128 0.931349 0
vn -0.433157 0.901318 7.60561e-20
vn -0.433157 0.901318 -7.60561e-20
vn -0.499733 0.86618 0
vn -0.5323 0.846556 6.66069e-18
vn -0.5323 0.846556 -6.66069e-18
vn -0.564098 0.825708 0
vn -0.532437 0.84647 6.66379e-18
vn -0.532437 0.84647 -6.66379e-18
vn -0.500013 0.866018 0
vn -0.433538 0.901135 7.91998e-20
vn -0.433538 0.901135 -7.91998e-20
vn -0.364612 0.931159 0
vn -0.293947 0.955822 2.58002e-18
vn -0.293947 0.955822 -2.58002e-18
vn -0.221635 0.97513 0
vn -0.148401 0.988927 3.43501e-18
vn -0.148401 0.988927 -3.43501e-18
vn -0.074343 0.997233 0
vn -0.000134724 1 4.93156e-19
vn -0.000134724 1 -4.93156e-19
vn 0.0740742 0.997253 0
vn 0.147872 0.989006 -2.5812e-18
vn 0.147872 0.989006 2.5812e-18
vn 0.220855 0.975307 0
vn 0.292932 0.956133 -1.89483e-18
vn 0.292932 0.956133 1.89483e-18
vn 0.363381 0.931641 0
vn 0.432111 0.90182 5.96803e-18
vn 0.432111 0.90182 -5.96803e-18
vn 0.498416 0.866938 0
vn 0.530482 0.847696 5.63156e-18
vn 0.530482 0.847696 -5.63156e-18
vn 0.561806 0.827269 0
vn 0.529689 0.848192 1.53215e-19
vn 0.529689 0.848192 -1.53215e-19
vn 0.496792 0.867869 0
vn 0.429713 0.902966 1.53542e-19
vn 0.429713 0.902966 -1.53542e-19
vn 0.36017 0.932887 0
vn 0.289855 0.957071 0
vn 0.289855 0.957071 0
vn 0.217937 0.975963 0
vn 0.145816 0.989312 -1.18586e-19
vn 0.145816 0.989312 1.18586e-19
vn 0.0729112 0.997338 0
vn -0.001769 0.999998 -1.18598e-19
vn -0.001769 0.999998 1.18598e-19
vn -0.0764393 0.997074 0
vn -0.152789 0.988259 -2.29057e-18
vn -0.152789 0.988259 2.29057e-18
vn -0.228236 0.973606 0
vn -0.303335 0.952884 -2.29076e-18
vn -0.303335 0.952884 2.29076e-18
vn -0.376593 0.926379 0
vn -0.448884 0.89359 7.32383e-20
vn -0.448884 0.89359 -7.32383e-20
vn -0.518345 0.855171 0
vn -0.518207 0.855255 -5.95244e-18
vn -0.518207 0.855255 5.95244e-18
vn -0.518068 0.855339 0
vn -0.448456 0.893805 -6.04457e-18
vn -0.448456 0.893805 6.04457e-18
vn -0.376008 0.926617 0
vn -0.302789 0.953058 -2.3088e-18
vn -0.302789 0.953058 2.3088e-18
vn -0.227736 0.973723 0
vn -0.152445 0.988312 -3.19194e-18
vn -0.152445 0.988312 3.19194e-18
vn -0.0762581 0.997088 0
vn -0.00247148 0.999997 -1.24017e-18
vn -0.00247148 0.999997 1.24017e-18
vn 0.0713287 0.997453 0
vn 0.142728 0.989762 -3.56953e-19
vn 0.142728 0.989762 3.56953e-19
vn 0.213392 0.976967 0
vn 0.284034 0.958814 3.31915e-19
vn 0.284034 0.958814 -3.31915e-19
vn 0.353165 0.935561 0
vn 0.421788 0.906694 4.13767e-19
vn 0.421788 0.906694 -4.13767e-19
vn 0.488074 0.872802 0
vn 0.520432 0.853903 8.16465e-20
vn 0.520432 0.853903 -8.16465e-20
vn 0.552059 0.833805 0
vn 0.520852 0.853647 -3.03764e-18
vn 0.520852 0.853647 3.03764e-18
vn 0.488933 0.872321 0
vn 0.4233 0.90599 -3.36152e-18
vn 0.4233 0.90599 3.36152e-18
vn 0.355363 0.934728 0
vn 0.286199 0.95817 -1.56179e-18
vn 0.286199 0.95817 1.56179e-18
vn 0.215509 0.976502 0
vn 0.144234 0.989544 -4.67633e-19
vn 0.144234 0.989544 4.67633e-19
vn 0.072201 0.99739 0
vn 7.04137e-05 1 1.1907e-18
vn 7.04137e-05 1 -1.1907e-18
vn -0.0720606 0.9974 0
vn -0.14396 0.989583 -1.19428e-18
vn -0.14396 0.989583 1.19428e-18
vn -0.215107 0.976591 0
vn -0.28568 0.958325 -1.29029e-18
vn -0.28568 0.958325 1.29029e-18
vn -0.354734 0.934967 0
vn -0.422575 0.906328 -2.49744e-18
vn -0.422575 0.906328 2.49744e-18
vn -0.488124 0.872774 0
vn -0.520017 0.854156 -6.04725e-18
vn -0.520017 0.854156 6.04725e-18
vn -0.551201 0.834373 0
vn -0.519907 0.854223 -6.17077e-18
vn -0.519907 0.854223 6.17077e-18
vn -0.4879 0.8729 0
vn -0.422289 0.906461 -2.93953e-18
vn -0.422289 0.906461 2.93953e-18
vn -0.354384 0.9351 0
vn -0.28536 0.95842 -1.25778e-18
vn -0.28536 0.95842 1.25778e-18
vn -0.214822 0.976653 0
vn -0.143764 0.989612 -1.66841e-18
vn -0.143764 0.989612 1.66841e-18
vn -0.0719565 0.997408 0
vn -0.000370043 1 -4.10662e-19
vn -0.000370043 1 4.10662e-19
vn 0.0712183 0.997461 0
vn 0.142312 0.989822 -8.89511e-19
vn 0.142312 0.989822 8.89511e-19
vn 0.212678 0.977122 0
vn 0.282568 0.959247 -3.11207e-18
vn 0.282568 0.959247 3.11207e-18
vn 0.350986 0.936381 0
vn 0.418335 0.908293 -2.14015e-18
vn 0.418335 0.908293 2.14015e-18
vn 0.483457 0.875368 0
vn 0.515138 0.857107 -3.11399e-18
vn 0.515138 0.857107 3.11399e-18
vn 0.546131 0.8377 0
vn 0.51526 0.857034 -4.693e-18
vn 0.51526 0.857034 4.693e-18
vn 0.483706 0.875231 0
vn 0.418761 0.908096 -1.33514e-19
vn 0.418761 0.908096 1.33514e-19
vn 0.351598 0.936151 0
vn 0.283158 0.959073 1.7318e-18
vn 0.283158 0.959073 -1.7318e-18
vn 0.213244 0.976999 0
vn 0.142711 0.989764 1.61407e-19
vn 0.142711 0.989764 -1.61407e-19
vn 0.0714442 0.997445 0
vn -0.0012321 0.999999 3.68459e-19
vn -0.0012321 0.999999 -3.68459e-19
vn -0.0739019 0.997266 0
vn -0.147593 0.989048 9.2653e-19
vn -0.147593 0.989048 -9.2653e-19
vn -0.220472 0.975393 0
vn -0.29264 0.956223 7.03485e-19
vn -0.29264 0.956223 -7.03485e-19
vn -0.363177 0.93172 0
vn -0.432285 0.901737 2.73471e-19
vn -0.432285 0.901737 -2.73471e-19
vn -0.49894 0.866637 0
vn -0.531106 0.847305 -8.51118e-19
vn -0.531106 0.847305 8.51118e-19
vn -0.562525 0.826781 0
vn -0.531069 0.847329 -7.74975e-19
vn -0.531069 0.847329 7.74975e-19
vn -0.498864 0.866681 0
vn -0.432217 0.90177 -4.05315e-19
vn -0.432217 0.90177 4.05315e-19
vn -0.363118 0.931743 0
vn -0.292595 0.956236 -7.74177e-20
vn -0.292595 0.956236 7.74177e-20
vn -0.220442 0.9754 0
vn -0.147574 0.989051 3.27864e-19
vn -0.147574 0.989051 -3.27864e-19
vn -0.0738956 0.997266 0
vn -0.00126398 0.999999 -3.62508e-19
vn -0.00126398 0.999999 3.62508e-19
vn 0.0713743 0.99745 0
vn 0.142581 0.989783 -1.92842e-19
vn 0.142581 0.989783 1.92842e-19
vn 0.213056 0.97704 0
vn 0.282928 0.959141 1.8982e-21
vn 0.282928 0.959141 -1.8982e-21
vn 0.351329 0.936252 0
vn 0.418468 0.908231 -2.50137e-19
vn 0.418468 0.908231 2.50137e-19
vn 0.483393 0.875403 0
vn 0.514998 0.857191 -5.05066e-19
vn 0.514998 0.857191 5.05066e-19
vn 0.545918 0.837839 0
vn 0.514948 0.857221 -5.01714e-19
vn 0.514948 0.857221 5.01714e-19
vn 0.483291 0.87546 0
vn 0.418354 0.908284 -4.40984e-19
vn 0.418354 0.908284 4.40984e-19
vn 0.351203 0.936299 0
vn 0.282817 0.959174 4.02557e-21
vn 0.282817 0.959174 -4.02557e-21
vn 0.212961 0.977061 0
vn 0.142516 0.989792 3.65956e-19
vn 0.142516 0.989792 -3.65956e-19
vn 0.0713411 0.997452 0
vn -0.00115181 0.999999 0
vn -0.00115181 0.999999 0
vn -0.0736386 0.997285 0
vn -0.147076 0.989125 -9.85301e-19
vn -0.147076 0.989125 9.85301e-19
vn -0.21971 0.975565 0
vn -0.291666 0.95652 -8.29415e-19
vn -0.291666 0.95652 8.29415e-19
vn -0.362006 0.932176 0
vn -0.430971 0.902366 -1.22232e-18
vn -0.430971 0.902366 1.22232e-18
vn -0.497503 0.867462 0
vn -0.529618 0.848236 3.13626e-19
vn -0.529618 0.848236 -3.13626e-19
vn -0.560992 0.827821 0
vn -0.529902 0.848059 3.40354e-19
vn -0.529902 0.848059 -3.40354e-19
vn -0.498083 0.867129 0
vn -0.431896 0.901923 -2.73168e-18
vn -0.431896 0.901923 2.73168e-18
vn -0.363293 0.931675 0
vn -0.292899 0.956143 -1.09223e-18
vn -0.292899 0.956143 1.09223e-18
vn -0.220879 0.975301 0
vn -0.147897 0.989003 -7.43611e-20
vn -0.147897 0.989003 7.43611e-20
vn -0.0740989 0.997251 0
vn 0.000488606 1 -2.90824e-19
vn 0.000488606 1 2.90824e-19
vn 0.0750734 0.997178 0
vn 0.149843 0.98871 7.15429e-20
vn 0.149843 0.98871 -7.15429e-20
vn 0.223764 0.974643 0
vn 0.296692 0.954973 -2.28464e-18
vn 0.296692 0.954973 2.28464e-18
vn 0.367928 0.929854 0
vn 0.437307 0.899312 6.97223e-19
vn 0.437307 0.899312 -6.97223e-19
vn 0.504173 0.863603 0
vn 0.535979 0.844231 6.26999e-18
vn 0.535979 0.844231 -6.26999e-18
vn 0.567043 0.823688 0
vn 0.534961 0.844877 6.1028e-18
vn 0.534961 0.844877 -6.1028e-18
vn 0.502088 0.864816 0
vn 0.434103 0.900863 2.46741e-18
vn 0.434103 0.900863 -2.46741e-18
vn 0.363547 0.931576 0
vn 0.292499 0.956266 -3.46869e-19
vn 0.292499 0.956266 3.46869e-19
vn 0.219797 0.975546 0
vn 0.147059 0.989128 3.60298e-19
vn 0.147059 0.989128 -3.60298e-19
vn 0.0735147 0.997294 0
vn 0.000367353 1 7.83248e-19
vn 0.000367353 1 -7.83248e-19
vn -0.0727819 0.997348 0
vn -0.145613 0.989342 4.22973e-19
vn -0.145613 0.989342 -4.22973e-19
vn -0.217663 0.976024 0
vn -0.289705 0.957116 1.55708e-19
vn -0.289705 0.957116 -1.55708e-19
vn -0.36014 0.932898 0
vn -0.430119 0.902772 -5.52958e-18
vn -0.430119 0.902772 5.52958e-18
vn -0.497601 0.867406 0
vn -0.530718 0.847549 -5.71116e-18
vn -0.530718 0.847549 5.71116e-18
vn -0.563043 0.826427 0
vn -0.531407 0.847117 -3.81165e-20
vn -0.531407 0.847117 3.81165e-20
vn -0.499011 0.866596 0
vn -0.432404 0.90168 3.24073e-19
vn -0.432404 0.90168 -3.24073e-19
vn -0.363346 0.931654 0
vn -0.292806 0.956172 -2.58539e-18
vn -0.292806 0.956172 2.58539e-18
vn -0.220632 0.975357 0
vn -0.147706 0.989031 -2.90934e-18
vn -0.147706 0.989031 2.90934e-18
vn -0.0739677 0.997261 0
vn -0.00105071 0.999999 0
vn -0.00105071 0.999999 0
vn 0.0718718 0.997414 0
vn 0.143556 0.989642 -2.48739e-18
vn 0.143556 0.989642 2.48739e-18
vn 0.214495 0.976725 0
vn 0.284776 0.958594 -2.15405e-18
vn 0.284776 0.958594 2.15405e-18
vn 0.353558 0.935413 0
vn 0.420999 0.907061 -5.31352e-18
vn 0.420999 0.907061 5.31352e-18
vn 0.486186 0.873855 0
vn 0.517854 0.855469 -5.63563e-18
vn 0.517854 0.855469 5.63563e-18
vn 0.548826 0.835936 0
vn 0.517868 0.85546 -5.63343e-18
vn 0.517868 0.85546 5.63343e-18
vn 0.486217 0.873838 0
vn 0.421093 0.907017 -5.48493e-18
vn 0.421093 0.907017 5.48493e-18
vn 0.35372 0.935351 0
vn 0.284937 0.958546 5.23686e-19
vn 0.284937 0.958546 -5.23686e-19
vn 0.214652 0.976691 0
vn 0.143667 0.989626 -8.2575e-19
vn 0.143667 0.989626 8.2575e-19
vn 0.0719346 0.997409 0
vn -0.00137013 0.999999 -8.27299e-19
vn -0.00137013 0.999999 8.27299e-19
vn -0.0746675 0.997208 0
vn -0.149078 0.988825 3.6247e-19
vn -0.149078 0.988825 -3.6247e-19
vn -0.222653 0.974898 0
vn -0.295398 0.955374 4.08227e-18
vn -0.295398 0.955374 -4.08227e-18
vn -0.366467 0.930431 0
vn -0.435937 0.899977 4.08243e-18
vn -0.435937 0.899977 -4.08243e-18
vn -0.502899 0.864345 0
vn -0.535601 0.844471 -2.38183e-20
vn -0.535601 0.844471 2.38183e-20
vn -0.567518 0.823361 0
vn -0.53503 0.844833 -2.38189e-20
vn -0.53503 0.844833 2.38189e-20
vn -0.50173 0.865024 0
vn -0.433977 0.900924 0
vn -0.433977 0.900924 0
vn -0.363673 0.931527 0
vn -0.29268 0.956211 2.88112e-18
vn -0.29268 0.956211 -2.88112e-18
vn -0.220033 0.975493 0
vn -0.147228 0.989103 2.88089e-18
vn -0.147228 0.989103 -2.88089e-18
vn -0.0736151 0.997287 0
vn 0.000485072 1 -3.61807e-19
vn 0.000485072 1 3.61807e-19
vn 0.0745826 0.997215 0
vn 0.149143 0.988816 -3.61831e-19
vn 0.149143 0.988816 3.61831e-19
vn 0.222864 0.97485 0
vn 0.296393 0.955066 -4.40811e-18
vn 0.296393 0.955066 4.40811e-18
vn 0.368204 0.929745 0
vn 0.439275 0.898352 -1.60675e-17
vn 0.439275 0.898352 1.60675e-17
vn 0.507695 0.861537 0
vn 0.540136 0.841578 -1.16321e-17
vn 0.540136 0.841578 1.16321e-17
vn 0.571793 0.820398 0
vn 0.540207 0.841532 -7.47644e-20
vn 0.540207 0.841532 7.47644e-20
vn 0.507842 0.86145 0
vn 0.43954 0.898223 -4.17599e-19
vn 0.43954 0.898223 4.17599e-19
vn 0.368594 0.92959 0
vn 0.296768 0.95495 4.80642e-18
vn 0.296768 0.95495 -4.80642e-18
vn 0.22322 0.974768 0
vn 0.149392 0.988778 4.79174e-18
vn 0.149392 0.988778 -4.79174e-18
vn 0.0747204 0.997205 0
vn -1.25497e-05 1 -2.12261e-19
vn -1.25497e-05 1 2.12261e-19
vn -0.0747454 0.997203 0
vn -0.149442 0.98877 4.90335e-19
vn -0.149442 0.98877 -4.90335e-19
vn -0.223294 0.974751 0
vn -0.296866 0.954919 4.45583e-18
vn -0.296866 0.954919 -4.45583e-18
vn -0.368714 0.929543 0
vn -0.439681 0.898154 4.03565e-18
vn -0.439681 0.898154 -4.03565e-18
vn -0.508 0.861357 0
vn -0.541625 0.84062 -7.47422e-20
vn -0.541625 0.84062 7.47422e-20
vn -0.574405 0.818571 0
vn -0.541309 0.840824 0
vn -0.541309 0.840824 0
vn -0.507353 0.861738 0
vn -0.438834 0.898568 1.58861e-19
vn -0.438834 0.898568 -1.58861e-19
vn -0.367659 0.929961 0
vn -0.295897 0.95522 5.18995e-19
vn -0.295897 0.95522 -5.18995e-19
vn -0.222423 0.97495 0
vn -0.148841 0.988861 3.60123e-19
vn -0.148841 0.988861 -3.60123e-19
vn -0.0744238 0.997227 0
vn -0.0010544 0.999999 0
vn -0.0010544 0.999999 0
vn 0.0723207 0.997381 0
vn 0.1447 0.989476 0
vn 0.1447 0.989476 0
vn 0.216313 0.976324 0
vn 0.287913 0.957656 -1.63468e-19
vn 0.287913 0.957656 1.63468e-19
vn 0.357938 0.933745 0
vn 0.427485 0.904022 -1.63488e-19
vn 0.427485 0.904022 1.63488e-19
vn 0.494587 0.869128 0
vn 0.527376 0.849632 0
vn 0.527376 0.849632 0
vn 0.559397 0.8289 0
vn 0.527471 0.849573 1.54234e-19
vn 0.527471 0.849573 -1.54234e-19
vn 0.494781 0.869018 0
vn 0.427693 0.903924 1.54564e-19
vn 0.427693 0.903924 -1.54564e-19
vn 0.358158 0.933661 0
vn 0.288107 0.957598 0
vn 0.288107 0.957598 0
vn 0.216477 0.976288 0
vn 0.144813 0.989459 3.5673e-19
vn 0.144813 0.989459 -3.5673e-19
vn 0.0723797 0.997377 0
vn -0.00116979 0.999999 1.71418e-21
vn -0.00116979 0.999999 -1.71418e-21
vn -0.0747129 0.997205 0
vn -0.149404 0.988776 -6.9939e-19
vn -0.149404 0.988776 6.9939e-19
vn -0.22325 0.974761 0
vn -0.296952 0.954893 -5.34143e-19
vn -0.296952 0.954893 5.34143e-19
vn -0.368923 0.92946 0
vn -0.440252 0.897874 -1.14962e-19
vn -0.440252 0.897874 1.14962e-19
vn -0.508903 0.860824 0
vn -0.542459 0.840082 7.46915e-20
vn -0.542459 0.840082 -7.46915e-20
vn -0.575171 0.818033 0
vn -0.543366 0.839496 0
vn -0.543366 0.839496 0
vn -0.510762 0.859722 0
vn -0.443118 0.896463 -1.73043e-17
vn -0.443118 0.896463 1.73043e-17
vn -0.372849 0.927892 0
vn -0.300712 0.953715 -1.73039e-17
vn -0.300712 0.953715 1.73039e-17
vn -0.22681 0.973939 0
vn -0.151901 0.988396 0
vn -0.151901 0.988396 0
vn -0.076109 0.9971 0
vn -0.0019216 0.999998 0
vn -0.0019216 0.999998 0
vn 0.0722764 0.997385 0
vn 0.144308 0.989533 -3.36813e-19
vn 0.144308 0.989533 3.36813e-19
vn 0.215581 0.976486 0
vn 0.286036 0.958219 -1.70584e-19
vn 0.286036 0.958219 1.70584e-19
vn 0.354975 0.934876 0
vn 0.422327 0.906444 2.27282e-17
vn 0.422327 0.906444 -2.27282e-17
vn 0.487422 0.873167 0
vn 0.518874 0.854851 2.25165e-17
vn 0.518874 0.854851 -2.25165e-17
vn 0.549638 0.835403 0
vn 0.518855 0.854862 0
vn 0.518855 0.854862 0
vn 0.487384 0.873187 0
vn 0.422274 0.906468 -1.99289e-19
vn 0.422274 0.906468 1.99289e-19
vn 0.354905 0.934902 0
vn 0.28597 0.958239 -5.22258e-19
vn 0.28597 0.958239 5.22258e-19
vn 0.21552 0.976499 0
vn 0.144265 0.989539 -3.22967e-19
vn 0.144265 0.989539 3.22967e-19
vn 0.0722521 0.997386 0
vn -0.00182888 0.999998 -3.87775e-18
vn -0.00182888 0.999998 3.87775e-18
vn -0.0758998 0.997115 0
vn -0.15149 0.988459 -4.22447e-18
vn -0.15149 0.988459 4.22447e-18
vn -0.226203 0.97408 0
vn -0.299932 0.953961 -1.77752e-17
vn -0.299932 0.953961 1.77752e-17
vn -0.371909 0.928269 0
vn -0.442052 0.89699 -1.76527e-17
vn -0.442052 0.89699 1.76527e-17
vn -0.509587 0.860419 0
vn -0.54215 0.840282 -2.77511e-19
vn -0.54215 0.840282 2.77511e-19
vn -0.573919 0.818912 0
vn -0.541157 0.840922 -1.33003e-19
vn -0.541157 0.840922 1.33003e-19
vn -0.507552 0.861621 0
vn -0.438963 0.898505 1.20143e-19
vn -0.438963 0.898505 -1.20143e-19
vn -0.367711 0.92994 0
vn -0.295925 0.955211 1.98447e-19
vn -0.295925 0.955211 -1.98447e-19
vn -0.222425 0.97495 0
vn -0.148842 0.988861 -3.60928e-19
vn -0.148842 0.988861 3.60928e-19
vn -0.0744239 0.997227 0
vn -0.00134376 0.999999 -7.09927e-21
vn -0.00134376 0.999999 7.09927e-21
vn 0.0717436 0.997423 0
vn 0.143572 0.98964 3.53759e-19
vn 0.143572 0.98964 -3.53759e-19
vn 0.214651 0.976691 0
vn 0.285775 0.958297 0
vn 0.285775 0.958297 0
vn 0.355357 0.934731 0
vn 0.424542 0.905408 8.12706e-20
vn 0.424542 0.905408 -8.12706e-20
vn 0.49133 0.870973 0
vn 0.524065 0.851678 1.51326e-19
vn 0.524065 0.851678 -1.51326e-19
vn 0.556043 0.831154 0
vn 0.524908 0.851159 3.79441e-19
vn 0.524908 0.851159 -3.79441e-19
vn 0.493055 0.869998 0
vn 0.427304 0.904108 -1.66794e-17
vn 0.427304 0.904108 1.66794e-17
vn 0.359209 0.933257 0
vn 0.289528 0.95717 -1.73075e-17
vn 0.289528 0.95717 1.73075e-17
vn 0.218276 0.975887 0
vn 0.146138 0.989264 -6.88683e-19
vn 0.146138 0.989264 6.88683e-19
vn 0.0732138 0.997316 0
vn 0.00515739 0.999987 -3.69884e-19
vn 0.00515739 0.999987 3.69884e-19
vn -0.0629229 0.998018 0
vn -0.125709 0.992067 0
vn -0.125709 0.992067 0
vn -0.187995 0.98217 0
vn -0.249801 0.968297 1.44143e-17
vn -0.249801 0.968297 -1.44143e-17
vn -0.310605 0.950539 0
vn -0.370444 0.928855 1.44146e-17
vn -0.370444 0.928855 -1.44146e-17
vn -0.428782 0.903408 0
vn -0.457259 0.889333 0
vn -0.457259 0.889333 0
vn -0.485275 0.874361 0
vn -0.298047 0.954551 -3.71032e-19
vn -0.298047 0.954551 3.71032e-19
vn -0.0984542 0.995142 0
vn -0.0984542 0.995142 -7.26671e-19
vn -0.0984542 0.995142 7.26671e-19
vn -0.995133 -0.098538 0
vn -0.995133 -0.098538 9.22177e-17
vn -0.995133 -0.098538 9.22177e-17
vn -0.995133 -0.098538 -9.22177e-17
vn -0.995133 -0.098538 -9.22177e-17
vn 0.0986051 -0.995127 0
vn 0.0986051 -0.995127 1.45069e-18
vn 0.296805 -0.954938 2.34051e-17
vn 0.296805 -0.954938 -2.34051e-17
vn 0.0986051 -0.995127 -1.45069e-18
vn 0.482867 -0.875694 0
vn 0.45602 -0.889969 2.22114e-17
vn 0.45602 -0.889969 -2.22114e-17
vn 0.428752 -0.903422 0
vn 0.370422 -0.928863 -1.43652e-17
vn 0.370422 -0.928863 1.43652e-17
vn 0.310593 -0.950543 0
vn 0.249792 -0.9683 -1.43649e-17
vn 0.249792 -0.9683 1.43649e-17
vn 0.187989 -0.982171 0
vn 0.125705 -0.992068 -3.63877e-19
vn 0.125705 -0.992068 3.63877e-19
vn 0.0629206 -0.998019 0
vn -0.0051607 -0.999987 -4.12756e-18
vn -0.0051607 -0.999987 4.12756e-18
vn -0.0732181 -0.997316 0
vn -0.146141 -0.989264 -3.39111e-18
vn -0.146141 -0.989264 3.39111e-18
vn -0.218277 -0.975887 0
vn -0.289517 -0.957173 -1.63146e-17
vn -0.289517 -0.957173 1.63146e-17
vn -0.359186 -0.933266 0
vn -0.427257 -0.90413 -1.66082e-17
vn -0.427257 -0.90413 1.66082e-17
vn -0.492986 -0.870037 0
vn -0.524875 -0.85118 8.06113e-20
vn -0.524875 -0.85118 -8.06113e-20
vn -0.556043 -0.831154 0
vn -0.524031 -0.851699 1.55541e-19
vn -0.524031 -0.851699 -1.55541e-19
vn -0.491261 -0.871012 0
vn -0.424489 -0.905433 -1.6664e-17
vn -0.424489 -0.905433 1.6664e-17
vn -0.355322 -0.934744 0
vn -0.285755 -0.958303 -1.68177e-17
vn -0.285755 -0.958303 1.68177e-17
vn -0.214647 -0.976692 0
vn -0.143573 -0.98964 -3.59118e-19
vn -0.143573 -0.98964 3.59118e-19
vn -0.0717493 -0.997423 0
vn 0.00134156 -0.999999 6.15562e-21
vn 0.00134156 -0.999999 -6.15562e-21
vn 0.0744252 -0.997227 0
vn 0.148857 -0.988859 3.65345e-19
vn 0.148857 -0.988859 -3.65345e-19
vn 0.222454 -0.974943 0
vn 0.295985 -0.955193 -1.90292e-19
vn 0.295985 -0.955193 1.90292e-19
vn 0.367801 -0.929905 0
vn 0.43909 -0.898443 -2.37738e-17
vn 0.43909 -0.898443 2.37738e-17
vn 0.507713 -0.861526 0
vn 0.541236 -0.840871 -2.35301e-17
vn 0.541236 -0.840871 2.35301e-17
vn 0.573919 -0.818912 0
vn 0.542164 -0.840273 0
vn 0.542164 -0.840273 0
vn 0.509615 -0.860403 0
vn 0.442073 -0.896979 1.98028e-19
vn 0.442073 -0.896979 -1.98028e-19
vn 0.371923 -0.928264 0
vn 0.299941 -0.953958 -1.63018e-19
vn 0.299941 -0.953958 1.63018e-19
vn 0.226206 -0.974079 0
vn 0.151491 -0.988459 -7.96516e-21
vn 0.151491 -0.988459 7.96516e-21
vn 0.0758989 -0.997116 0
vn 0.00182256 -0.999998 7.13203e-19
vn 0.00182256 -0.999998 -7.13203e-19
vn -0.0722638 -0.997386 0
vn -0.144285 -0.989536 2.31284e-21
vn -0.144285 -0.989536 -2.31284e-21
vn -0.215549 -0.976493 0
vn -0.286004 -0.958228 1.64748e-17
vn -0.286004 -0.958228 -1.64748e-17
vn -0.354944 -0.934888 0
vn -0.422315 -0.906449 1.6833e-17
vn -0.422315 -0.906449 -1.6833e-17
vn -0.487428 -0.873163 0
vn -0.518876 -0.854849 0
vn -0.518876 -0.854849 0
vn -0.549638 -0.835403 0
vn -0.518832 -0.854876 2.27614e-17
vn -0.518832 -0.854876 -2.27614e-17
vn -0.487337 -0.873214 0
vn -0.42225 -0.906479 2.28072e-17
vn -0.42225 -0.906479 -2.28072e-17
vn -0.354907 -0.934901 0
vn -0.285981 -0.958235 9.64857e-18
vn -0.285981 -0.958235 -9.64857e-18
vn -0.21554 -0.976495 0
vn -0.14428 -0.989537 9.64834e-18
vn -0.14428 -0.989537 -9.64834e-18
vn -0.0722633 -0.997386 0
vn 0.00192031 -0.999998 0
vn 0.00192031 -0.999998 0
vn 0.0760933 -0.997101 0
vn 0.151874 -0.9884 -3.4536e-19
vn 0.151874 -0.9884 3.4536e-19
vn 0.22677 -0.973948 0
vn 0.300668 -0.953729 -3.45369e-19
vn 0.300668 -0.953729 3.45369e-19
vn 0.3728 -0.927912 0
vn 0.44307 -0.896487 0
vn 0.44307 -0.896487 0
vn 0.510716 -0.85975 0
vn 0.543344 -0.83951 8.21468e-20
vn 0.543344 -0.83951 -8.21468e-20
vn 0.575171 -0.818033 0
vn 0.542499 -0.840056 8.215e-20
vn 0.542499 -0.840056 -8.215e-20
vn 0.508986 -0.860775 0
vn 0.44031 -0.897846 0
vn 0.44031 -0.897846 0
vn 0.368953 -0.929448 0
vn 0.296965 -0.954889 0
vn 0.296965 -0.954889 0
vn 0.223244 -0.974763 0
vn 0.149396 -0.988778 0
vn 0.149396 -0.988778 0
vn 0.0747028 -0.997206 0
vn 0.00116766 -0.999999 3.61671e-19
vn 0.00116766 -0.999999 -3.61671e-19
vn -0.0723737 -0.997378 0
vn -0.144791 -0.989462 3.61651e-19
vn -0.144791 -0.989462 -3.61651e-19
vn -0.21644 -0.976296 0
vn -0.288044 -0.957617 3.67739e-19
vn -0.288044 -0.957617 -3.67739e-19
vn -0.35807 -0.933695 0
vn -0.427578 -0.903978 2.87183e-19
vn -0.427578 -0.903978 -2.87183e-19
vn -0.494643 -0.869096 0
vn -0.527403 -0.849615 -8.04279e-20
vn -0.527403 -0.849615 8.04279e-20
vn -0.559397 -0.8289 0
vn -0.527391 -0.849622 7.71435e-20
vn -0.527391 -0.849622 -7.71435e-20
vn -0.494619 -0.86911 0
vn -0.427524 -0.904004 2.73242e-19
vn -0.427524 -0.904004 -2.73242e-19
vn -0.357982 -0.933728 0
vn -0.287957 -0.957643 5.51294e-19
vn -0.287957 -0.957643 -5.51294e-19
vn -0.216355 -0.976315 0
vn -0.144731 -0.989471 -1.11537e-20
vn -0.144731 -0.989471 1.11537e-20
vn -0.0723397 -0.99738 0
vn 0.00105168 -0.999999 -3.66523e-19
vn 0.00105168 -0.999999 3.66523e-19
vn 0.0744374 -0.997226 0
vn 0.148874 -0.988856 -3.4534e-19
vn 0.148874 -0.988856 3.4534e-19
vn 0.222475 -0.974938 0
vn 0.295974 -0.955196 -1.54978e-19
vn 0.295974 -0.955196 1.54978e-19
vn 0.36776 -0.929921 0
vn 0.438957 -0.898508 1.15306e-19
vn 0.438957 -0.898508 -1.15306e-19
vn 0.507497 -0.861654 0
vn 0.54138 -0.840778 -1.14782e-19
vn 0.54138 -0.840778 1.14782e-19
vn 0.574405 -0.818571 0
vn 0.541525 -0.840684 3.81119e-20
vn 0.541525 -0.840684 -3.81119e-20
vn 0.507795 -0.861478 0
vn 0.439507 -0.898239 4.16634e-18
vn 0.439507 -0.898239 -4.16634e-18
vn 0.368574 -0.929598 0
vn 0.296759 -0.954952 4.248e-18
vn 0.296759 -0.954952 -4.248e-18
vn 0.223223 -0.974767 0
vn 0.149396 -0.988777 6.63023e-19
vn 0.149396 -0.988777 -6.63023e-19
vn 0.0747268 -0.997204 0
vn 1.19265e-05 -1 1.40618e-19
vn 1.19265e-05 -1 -1.40618e-19
vn -0.074703 -0.997206 0
vn -0.149367 -0.988782 -2.76661e-18
vn -0.149367 -0.988782 2.76661e-18
vn -0.223187 -0.974776 0
vn -0.296739 -0.954959 -2.24579e-18
vn -0.296739 -0.954959 2.24579e-18
vn -0.368569 -0.929601 0
vn -0.439527 -0.89823 6.09868e-18
vn -0.439527 -0.89823 -6.09868e-18
vn -0.507839 -0.861452 0
vn -0.540206 -0.841533 -7.33327e-18
vn -0.540206 -0.841533 7.33327e-18
vn -0.571792 -0.820398 0
vn -0.540114 -0.841592 -1.32596e-17
vn -0.540114 -0.841592 1.32596e-17
vn -0.507651 -0.861563 0
vn -0.439237 -0.898371 -3.42744e-19
vn -0.439237 -0.898371 3.42744e-19
vn -0.368172 -0.929758 0
vn -0.296368 -0.955074 2.57609e-18
vn -0.296368 -0.955074 -2.57609e-18
vn -0.222847 -0.974853 0
vn -0.149133 -0.988817 2.91855e-18
vn -0.149133 -0.988817 -2.91855e-18
vn -0.0745786 -0.997215 0
vn -0.000488423 -1 -8.49575e-19
vn -0.000488423 -1 8.49575e-19
vn 0.0736045 -0.997288 0
vn 0.147209 -0.989105 -5.94674e-18
vn 0.147209 -0.989105 5.94674e-18
vn 0.220007 -0.975498 0
vn 0.292652 -0.956219 -8.99431e-18
vn 0.292652 -0.956219 8.99431e-18
vn 0.363643 -0.931538 0
vn 0.433949 -0.900937 1.72906e-18
vn 0.433949 -0.900937 -1.72906e-18
vn 0.501703 -0.86504 0
vn 0.535017 -0.844841 -7.53412e-18
vn 0.535017 -0.844841 7.53412e-18
vn 0.567518 -0.823361 0
vn 0.535654 -0.844438 -1.32263e-17
vn 0.535654 -0.844438 1.32263e-17
vn 0.503007 -0.864282 0
vn 0.436029 -0.899933 -4.33634e-18
vn 0.436029 -0.899933 4.33634e-18
vn 0.36654 -0.930402 0
vn 0.295453 -0.955357 -1.65598e-18
vn 0.295453 -0.955357 1.65598e-18
vn 0.22269 -0.974889 0
vn 0.149101 -0.988822 2.60132e-18
vn 0.149101 -0.988822 -2.60132e-18
vn 0.0746764 -0.997208 0
vn 0.00136861 -0.999999 4.77187e-19
vn 0.00136861 -0.999999 -4.77187e-19
vn -0.0719465 -0.997408 0
vn -0.143686 -0.989623 1.18762e-19
vn -0.143686 -0.989623 -1.18762e-19
vn -0.214677 -0.976685 0
vn -0.28496 -0.95854 -4.81627e-18
vn -0.28496 -0.95854 4.81627e-18
vn -0.353741 -0.935343 0
vn -0.421108 -0.907011 -1.00996e-17
vn -0.421108 -0.907011 1.00996e-17
vn -0.486226 -0.873833 0
vn -0.517873 -0.855458 -1.1959e-17
vn -0.517873 -0.855458 1.1959e-17
vn -0.548827 -0.835936 0
vn -0.517829 -0.855484 -6.48538e-18
vn -0.517829 -0.855484 6.48538e-18
vn -0.486136 -0.873883 0
vn -0.420952 -0.907083 3.95971e-18
vn -0.420952 -0.907083 -3.95971e-18
vn -0.353516 -0.935429 0
vn -0.28474 -0.958605 3.75263e-18
vn -0.28474 -0.958605 -3.75263e-18
vn -0.214465 -0.976732 0
vn -0.143536 -0.989645 -1.1973e-18
vn -0.143536 -0.989645 1.1973e-18
vn -0.0718605 -0.997415 0
vn 0.00105463 -0.999999 -1.18898e-18
vn 0.00105463 -0.999999 1.18898e-18
vn 0.0739642 -0.997261 0
vn 0.147698 -0.989032 -2.20216e-18
vn 0.147698 -0.989032 2.20216e-18
vn 0.220619 -0.97536 0
vn 0.292787 -0.956178 -1.84672e-18
vn 0.292787 -0.956178 1.84672e-18
vn 0.363322 -0.931664 0
vn 0.432375 -0.901694 -2.97345e-18
vn 0.432375 -0.901694 2.97345e-18
vn 0.498977 -0.866615 0
vn 0.531328 -0.847166 2.33944e-19
vn 0.531328 -0.847166 -2.33944e-19
vn 0.562921 -0.826511 0
vn 0.530599 -0.847623 3.20119e-18
vn 0.530599 -0.847623 -3.20119e-18
vn 0.497486 -0.867472 0
vn 0.430026 -0.902817 1.62403e-19
vn 0.430026 -0.902817 -1.62403e-19
vn 0.360072 -0.932925 0
vn 0.289656 -0.957131 1.7984e-18
vn 0.289656 -0.957131 -1.7984e-18
vn 0.217634 -0.976031 0
vn 0.145596 -0.989344 1.63587e-18
vn 0.145596 -0.989344 -1.63587e-18
vn 0.0727762 -0.997348 0
vn -0.000366252 -1 -6.09335e-20
vn -0.000366252 -1 6.09335e-20
vn -0.0735067 -0.997295 0
vn -0.147047 -0.98913 1.23485e-18
vn -0.147047 -0.98913 -1.23485e-18
vn -0.219782 -0.975549 0
vn -0.292483 -0.956271 -9.95219e-19
vn -0.292483 -0.956271 9.95219e-19
vn -0.36353 -0.931582 0
vn -0.434086 -0.900872 -5.22639e-18
vn -0.434086 -0.900872 5.22639e-18
vn -0.502071 -0.864827 0
vn -0.534952 -0.844882 3.38835e-19
vn -0.534952 -0.844882 -3.38835e-19
vn -0.567043 -0.823688 0
vn -0.535976 -0.844233 3.39023e-19
vn -0.535976 -0.844233 -3.39023e-19
vn -0.504165 -0.863607 0
vn -0.437301 -0.899315 -1.16661e-18
vn -0.437301 -0.899315 1.16661e-18
vn -0.367925 -0.929856 0
vn -0.296691 -0.954973 1.41731e-18
vn -0.296691 -0.954973 -1.41731e-18
vn -0.223765 -0.974643 0
vn -0.149845 -0.98871 -1.50688e-18
vn -0.149845 -0.98871 1.50688e-18
vn -0.0750757 -0.997178 0
vn -0.000492308 -1 -7.88941e-19
vn -0.000492308 -1 7.88941e-19
vn 0.0740939 -0.997251 0
vn 0.14789 -0.989004 -3.03365e-19
vn 0.14789 -0.989004 3.03365e-19
vn 0.22087 -0.975303 0
vn 0.292895 -0.956145 -1.72179e-18
vn 0.292895 -0.956145 1.72179e-18
vn 0.363292 -0.931675 0
vn 0.431902 -0.901921 -3.9479e-18
vn 0.431902 -0.901921 3.9479e-18
vn 0.498096 -0.867122 0
vn 0.529909 -0.848055 -1.23425e-18
vn 0.529909 -0.848055 1.23425e-18
vn 0.560992 -0.827821 0
vn 0.529639 -0.848223 1.65647e-18
vn 0.529639 -0.848223 -1.65647e-18
vn 0.497546 -0.867438 0
vn 0.43101 -0.902347 -1.21964e-18
vn 0.43101 -0.902347 1.21964e-18
vn 0.362041 -0.932162 0
vn 0.291694 -0.956512 -2.20608e-18
vn 0.291694 -0.956512 2.20608e-18
vn 0.21973 -0.975561 0
vn 0.147089 -0.989123 -1.34794e-18
vn 0.147089 -0.989123 1.34794e-18
vn 0.0736442 -0.997285 0
vn 0.00115214 -0.999999 -3.61439e-19
vn 0.00115214 -0.999999 3.61439e-19
vn -0.071346 -0.997452 0
vn -0.142523 -0.989792 -6.7849e-19
vn -0.142523 -0.989792 6.7849e-19
vn -0.212969 -0.977059 0
vn -0.282822 -0.959172 -1.75226e-19
vn -0.282822 -0.959172 1.75226e-19
vn -0.351204 -0.936299 0
vn -0.418347 -0.908287 -1.55982e-19
vn -0.418347 -0.908287 1.55982e-19
vn -0.483276 -0.875468 0
vn -0.514941 -0.857226 -1.02043e-18
vn -0.514941 -0.857226 1.02043e-18
vn -0.545918 -0.837838 0
vn -0.515011 -0.857184 -8.35554e-19
vn -0.515011 -0.857184 8.35554e-19
vn -0.483419 -0.875389 0
vn -0.41848 -0.908226 -4.33834e-19
vn -0.41848 -0.908226 4.33834e-19
vn -0.351325 -0.936254 0
vn -0.282917 -0.959144 4.02186e-20
vn -0.282917 -0.959144 -4.02186e-20
vn -0.213038 -0.977044 0
vn -0.142566 -0.989785 3.88502e-19
vn -0.142566 -0.989785 -3.88502e-19
vn -0.0713632 -0.99745 0
vn 0.00126703 -0.999999 6.94582e-19
vn 0.00126703 -0.999999 -6.94582e-19
vn 0.0738905 -0.997266 0
vn 0.147558 -0.989053 -4.75524e-20
vn 0.147558 -0.989053 4.75524e-20
vn 0.220415 -0.975406 0
vn 0.292551 -0.95625 -8.58803e-19
vn 0.292551 -0.95625 8.58803e-19
vn 0.363059 -0.931766 0
vn 0.432141 -0.901806 -3.52556e-19
vn 0.432141 -0.901806 3.52556e-19
vn 0.498774 -0.866732 0
vn 0.531025 -0.847356 9.74722e-19
vn 0.531025 -0.847356 -9.74722e-19
vn 0.562525 -0.82678 0
vn 0.531029 -0.847354 1.53712e-18
vn 0.531029 -0.847354 -1.53712e-18
vn 0.498781 -0.866728 0
vn 0.43215 -0.901802 1.6078e-18
vn 0.43215 -0.901802 -1.6078e-18
vn 0.363069 -0.931762 0
vn 0.292561 -0.956247 -1.33001e-19
vn 0.292561 -0.956247 1.33001e-19
vn 0.220423 -0.975404 0
vn 0.147564 -0.989053 -1.0245e-18
vn 0.147564 -0.989053 1.0245e-18
vn 0.0738937 -0.997266 0
vn 0.00123407 -0.999999 3.62248e-19
vn 0.00123407 -0.999999 -3.62248e-19
vn -0.0714321 -0.997445 0
vn -0.142703 -0.989766 9.76758e-19
vn -0.142703 -0.989766 -9.76758e-19
vn -0.21324 -0.977 0
vn -0.283182 -0.959066 6.1456e-19
vn -0.283182 -0.959066 -6.1456e-19
vn -0.351648 -0.936132 0
vn -0.418856 -0.908053 0
vn -0.418856 -0.908053 0
vn -0.483842 -0.875155 0
vn -0.515327 -0.856994 0
vn -0.515327 -0.856994 0
vn -0.546131 -0.8377 0
vn -0.515104 -0.857127 -1.18423e-18
vn -0.515104 -0.857127 1.18423e-18
vn -0.483388 -0.875406 0
vn -0.418274 -0.908321 -1.1866e-18
vn -0.418274 -0.908321 1.1866e-18
vn -0.350935 -0.9364 0
vn -0.282528 -0.959259 1.2184e-18
vn -0.282528 -0.959259 -1.2184e-18
vn -0.212652 -0.977128 0
vn -0.142296 -0.989824 8.00082e-19
vn -0.142296 -0.989824 -8.00082e-19
vn -0.0712129 -0.997461 0
vn 0.000371169 -1 -4.18268e-19
vn 0.000371169 -1 4.18268e-19
vn 0.0719533 -0.997408 0
vn 0.143767 -0.989612 -3.61809e-19
vn 0.143767 -0.989612 3.61809e-19
vn 0.214831 -0.976651 0
vn 0.285391 -0.958411 -3.61826e-19
vn 0.285391 -0.958411 3.61826e-19
vn 0.354435 -0.935081 0
vn 0.422372 -0.906422 -7.83039e-20
vn 0.422372 -0.906422 7.83039e-20
vn 0.488014 -0.872836 0
vn 0.519963 -0.854189 -7.81445e-20
vn 0.519963 -0.854189 7.81445e-20
vn 0.551201 -0.834373 0
vn 0.519958 -0.854192 -2.84893e-18
vn 0.519958 -0.854192 2.84893e-18
vn 0.488004 -0.872841 0
vn 0.422467 -0.906378 -4.92949e-18
vn 0.422467 -0.906378 4.92949e-18
vn 0.354641 -0.935003 0
vn 0.285604 -0.958348 -2.41017e-18
vn 0.285604 -0.958348 2.41017e-18
vn 0.21505 -0.976603 0
vn 0.143923 -0.989589 -7.56992e-19
vn 0.143923 -0.989589 7.56992e-19
vn 0.0720433 -0.997402 0
vn -7.79653e-05 -1 -1.19962e-18
vn -7.79653e-05 -1 1.19962e-18
vn -0.0721989 -0.99739 0
vn -0.144236 -0.989543 -7.78142e-19
vn -0.144236 -0.989543 7.78142e-19
vn -0.215516 -0.9765 0
vn -0.286223 -0.958163 -2.07075e-18
vn -0.286223 -0.958163 2.07075e-18
vn -0.355402 -0.934714 0
vn -0.423366 -0.905959 -2.15228e-18
vn -0.423366 -0.905959 2.15228e-18
vn -0.489025 -0.87227 0
vn -0.520897 -0.853619 6.30077e-18
vn -0.520897 -0.853619 -6.30077e-18
vn -0.552059 -0.833805 0
vn -0.520365 -0.853944 1.19407e-17
vn -0.520365 -0.853944 -1.19407e-17
vn -0.487937 -0.872879 0
vn -0.42168 -0.906745 9.6682e-18
vn -0.42168 -0.906745 -9.6682e-18
vn -0.353089 -0.93559 0
vn -0.283979 -0.95883 4.09772e-18
vn -0.283979 -0.95883 -4.09772e-18
vn -0.213359 -0.976974 0
vn -0.142708 -0.989765 -3.62416e-19
vn -0.142708 -0.989765 3.62416e-19
vn -0.0713206 -0.997453 0
vn 0.00247076 -0.999997 8.89031e-19
vn 0.00247076 -0.999997 -8.89031e-19
vn 0.0762486 -0.997089 0
vn 0.152425 -0.988315 -1.74975e-18
vn 0.152425 -0.988315 1.74975e-18
vn 0.227705 -0.97373 0
vn 0.302742 -0.953073 -7.69106e-18
vn 0.302742 -0.953073 7.69106e-18
vn 0.375944 -0.926642 0
vn 0.448365 -0.893851 -4.76324e-18
vn 0.448365 -0.893851 4.76324e-18
vn 0.517951 -0.85541 0
vn 0.518171 -0.855277 -6.0885e-18
vn 0.518171 -0.855277 6.0885e-18
vn 0.51839 -0.855144 0
vn 0.448925 -0.893569 -1.49347e-18
vn 0.448925 -0.893569 1.49347e-18
vn 0.376631 -0.926363 0
vn 0.30337 -0.952873 4.38375e-18
vn 0.30337 -0.952873 -4.38375e-18
vn 0.228268 -0.973598 0
vn 0.152813 -0.988255 -1.5664e-19
vn 0.152813 -0.988255 1.5664e-19
vn 0.0764547 -0.997073 0
vn 0.00176689 -0.999998 -8.452e-19
vn 0.00176689 -0.999998 8.452e-19
vn -0.0729308 -0.997337 0
vn -0.145865 -0.989305 -3.22566e-18
vn -0.145865 -0.989305 3.22566e-18
vn -0.218014 -0.975946 0
vn -0.289972 -0.957035 -2.38072e-18
vn -0.289972 -0.957035 2.38072e-18
vn -0.360326 -0.932826 0
vn -0.429917 -0.902868 5.68491e-18
vn -0.429917 -0.902868 -5.68491e-18
vn -0.497041 -0.867727 0
vn -0.52981 -0.848117 5.62967e-18
vn -0.52981 -0.848117 -5.62967e-18
vn -0.561806 -0.827269 0
vn -0.530459 -0.847711 1.15926e-17
vn -0.530459 -0.847711 -1.15926e-17
vn -0.498368 -0.866965 0
vn -0.432077 -0.901837 1.13101e-17
vn -0.432077 -0.901837 -1.13101e-17
vn -0.363362 -0.931648 0
vn -0.292922 -0.956136 -3.50102e-19
vn -0.292922 -0.956136 3.50102e-19
vn -0.220852 -0.975307 0
vn -0.147871 -0.989007 -2.07215e-18
vn -0.147871 -0.989007 2.07215e-18
vn -0.0740752 -0.997253 0
vn 0.000138879 -1 -2.42774e-18
vn 0.000138879 -1 2.42774e-18
vn 0.0743522 -0.997232 0
vn 0.148419 -0.988925 -7.08995e-19
vn 0.148419 -0.988925 7.08995e-19
vn 0.221661 -0.975124 0
vn 0.293976 -0.955813 -4.57826e-18
vn 0.293976 -0.955813 4.57826e-18
vn 0.364645 -0.931147 0
vn 0.433568 -0.901121 -4.22496e-18
vn 0.433568 -0.901121 4.22496e-18
vn 0.50004 -0.866002 0
vn 0.532342 -0.84653 0
vn 0.532342 -0.84653 0
vn 0.563886 -0.825852 0
vn 0.532296 -0.846558 0
vn 0.532296 -0.846558 0
vn 0.499947 -0.866056 0
vn 0.43333 -0.901235 0
vn 0.43333 -0.901235 0
vn 0.364254 -0.9313 0
vn 0.293585 -0.955933 0
vn 0.293585 -0.955933 0
vn 0.221271 -0.975212 0
vn 0.148142 -0.988966 8.64673e-19
vn 0.148142 -0.988966 -8.64673e-19
vn 0.0741921 -0.997244 0
vn 0.000693563 -1 5.08047e-19
vn 0.000693563 -1 -5.08047e-19
vn -0.0728087 -0.997346 0
vn -0.145381 -0.989376 -7.31844e-19
vn -0.145381 -0.989376 7.31844e-19
vn -0.217178 -0.976132 0
vn -0.2882 -0.95757 -3.753e-19
vn -0.2882 -0.95757 3.753e-19
vn -0.35767 -0.933848 0
vn -0.425629 -0.904898 0
vn -0.425629 -0.904898 0
vn -0.491267 -0.871009 0
vn -0.523257 -0.852175 0
vn -0.523257 -0.852175 0
vn -0.554527 -0.832166 0
vn -0.522444 -0.852674 0
vn -0.522444 -0.852674 0
vn -0.489603 -0.871945 0
vn -0.423048 -0.906107 0
vn -0.423048 -0.906107 0
vn -0.354124 -0.935198 0
vn -0.284785 -0.958591 0
vn -0.284785 -0.958591 0
vn -0.213921 -0.976851 0
vn -0.143083 -0.989711 0
vn -0.143083 -0.989711 0
vn -0.0715039 -0.99744 0
vn 0.00171005 -0.999999 0
vn 0.00171005 -0.999999 0
vn 0.0749148 -0.99719 0
vn 0.149819 -0.988713 0
vn 0.149819 -0.988713 0
vn 0.223872 -0.974619 0
vn 0.297822 -0.954621 0
vn 0.297822 -0.954621 0
vn 0.370025 -0.929022 0
vn 0.44165 -0.897187 -7.46251e-20
vn 0.44165 -0.897187 7.46251e-20
vn 0.510563 -0.859841 0
vn 0.545033 -0.838414 -7.44572e-20
vn 0.545033 -0.838414 7.44572e-20
vn 0.578607 -0.815607 0
vn 0.545204 -0.838303 0
vn 0.545204 -0.838303 0
vn 0.510913 -0.859633 0
vn 0.442257 -0.896888 1.57706e-19
vn 0.442257 -0.896888 -1.57706e-19
vn 0.370902 -0.928672 0
vn 0.298658 -0.95436 -4.12447e-20
vn 0.298658 -0.95436 4.12447e-20
vn 0.224657 -0.974438 0
vn 0.150365 -0.988631 -1.98917e-19
vn 0.150365 -0.988631 1.98917e-19
vn 0.0752121 -0.997168 0
vn 0.000596718 -1 0
vn 0.000596718 -1 0
vn -0.074022 -0.997257 0
vn -0.148016 -0.988985 3.63801e-19
vn -0.148016 -0.988985 -3.63801e-19
vn -0.22119 -0.975231 0
vn -0.294124 -0.955767 5.64106e-19
vn -0.294124 -0.955767 -5.64106e-19
vn -0.365383 -0.930857 0
vn -0.43582 -0.900034 2.00298e-19
vn -0.43582 -0.900034 -2.00298e-19
vn -0.503682 -0.863889 0
vn -0.536589 -0.843844 -3.95214e-20
vn -0.536589 -0.843844 3.95214e-20
vn -0.5687 -0.822545 0
vn -0.536671 -0.843791 -2.35041e-17
vn -0.536671 -0.843791 2.35041e-17
vn -0.50385 -0.863791 0
vn -0.435978 -0.899957 -2.35168e-17
vn -0.435978 -0.899957 2.35168e-17
vn -0.365529 -0.9308 0
vn -0.294248 -0.955729 0
vn -0.294248 -0.955729 0
vn -0.221289 -0.975208 0
vn -0.148084 -0.988975 -3.60065e-19
vn -0.148084 -0.988975 3.60065e-19
vn -0.0740575 -0.997254 0
vn 0.000634513 -1 3.45595e-21
vn 0.000634513 -1 -3.45595e-21
vn 0.075323 -0.997159 0
vn 0.150585 -0.988597 -1.04218e-17
vn 0.150585 -0.988597 1.04218e-17
vn 0.224982 -0.974363 0
vn 0.299082 -0.954228 -1.04463e-17
vn 0.299082 -0.954228 1.04463e-17
vn 0.371417 -0.928466 0
vn 0.442849 -0.896596 2.65567e-19
vn 0.442849 -0.896596 -2.65567e-19
vn 0.51157 -0.859241 0
vn 0.514974 -0.857206 -7.41003e-20
vn 0.514974 -0.857206 7.41003e-20
vn 0.518369 -0.855157 0
vn 0.446093 -0.894987 0
vn 0.446093 -0.894987 0
vn 0.370778 -0.928721 0
vn 0.298485 -0.954414 -1.00497e-17
vn 0.298485 -0.954414 1.00497e-17
vn 0.224434 -0.974489 0
vn 0.150204 -0.988655 -1.00488e-17
vn 0.150204 -0.988655 1.00488e-17
vn 0.0751169 -0.997175 0
vn 0.00134257 -0.999999 3.35902e-18
vn 0.00134257 -0.999999 -3.35902e-18
vn -0.0724391 -0.997373 0
vn -0.144913 -0.989444 3.02933e-18
vn -0.144913 -0.989444 -3.02933e-18
vn -0.216616 -0.976257 0
vn -0.288242 -0.957558 -2.70325e-21
vn -0.288242 -0.957558 2.70325e-21
vn -0.358289 -0.933611 0
vn -0.427763 -0.903891 1.65733e-19
vn -0.427763 -0.903891 -1.65733e-19
vn -0.494795 -0.86901 0
vn -0.52765 -0.849462 -1.26299e-19
vn -0.52765 -0.849462 1.26299e-19
vn -0.559734 -0.828672 0
vn -0.528478 -0.848947 -1.18383e-19
vn -0.528478 -0.848947 1.18383e-19
vn -0.496488 -0.868044 0
vn -0.430324 -0.902675 1.66059e-17
vn -0.430324 -0.902675 -1.66059e-17
vn -0.36176 -0.932271 0
vn -0.291567 -0.95655 1.71146e-17
vn -0.291567 -0.95655 -1.71146e-17
vn -0.219766 -0.975553 0
vn -0.147128 -0.989117 -2.15577e-21
vn -0.147128 -0.989117 2.15577e-21
vn -0.0736864 -0.997281 0
vn 0.000201673 -1 8.64949e-21
vn 0.000201673 -1 -8.64949e-21
vn 0.0740886 -0.997252 0
vn 0.14772 -0.989029 -9.8823e-18
vn 0.14772 -0.989029 9.8823e-18
vn 0.220541 -0.975378 0
vn 0.292541 -0.956253 -1.02494e-17
vn 0.292541 -0.956253 1.02494e-17
vn 0.362917 -0.931822 0
vn 0.431698 -0.902018 1.52663e-19
vn 0.431698 -0.902018 -1.52663e-19
vn 0.498054 -0.867146 0
vn 0.530143 -0.847908 1.5234e-19
vn 0.530143 -0.847908 -1.5234e-19
vn 0.56149 -0.827483 0
vn 0.530055 -0.847963 0
vn 0.530055 -0.847963 0
vn 0.497873 -0.86725 0
vn 0.431406 -0.902158 1.62716e-19
vn 0.431406 -0.902158 -1.62716e-19
vn 0.362508 -0.931981 0
vn 0.292157 -0.95637 -1.00625e-17
vn 0.292157 -0.95637 1.00625e-17
vn 0.220186 -0.975458 0
vn 0.147417 -0.989074 -1.05957e-17
vn 0.147417 -0.989074 1.05957e-17
vn 0.0738406 -0.99727 0
vn 0.00672504 -0.999977 -7.29419e-19
vn 0.00672504 -0.999977 7.29419e-19
vn -0.0604208 -0.998173 0
vn -0.120757 -0.992682 -8.20366e-21
vn -0.120757 -0.992682 8.20366e-21
vn -0.18065 -0.983547 0
vn -0.240212 -0.97072 6.97394e-19
vn -0.240212 -0.97072 -6.97394e-19
vn -0.298882 -0.95429 0
vn -0.356823 -0.934172 1.51554e-19
vn -0.356823 -0.934172 -1.51554e-19
vn -0.413421 -0.91054 0
vn -0.441271 -0.897374 2.14659e-17
vn -0.441271 -0.897374 -2.14659e-17
vn -0.468703 -0.883356 0
vn -0.468703 -0.883356 4.33016e-17
vn -0.468703 -0.883356 -4.33016e-17


# Faces: 
usemtl material0
f 732/244/1 733/245/1 734/246/1
f 735/247/1 732/244/1 734/246/1
f 749/261/1 719/231/1 748/260/1
f 717/229/1 749/261/1 750/262/1
f 747/259/1 748/260/1 720/232/1
f 732/244/1 735/247/1 736/248/1
f 748/260/1 719/231/1 720/232/1
f 718/230/1 719/231/1 749/261/1
f 716/228/1 717/229/1 750/262/1
f 750/262/1 751/263/1 716/228/1
f 702/214/1 765/277/1 701/213/1
f 717/229/1 718/230/1 749/261/1
f 702/214/1 764/276/1 765/277/1
f 765/277/1 766/278/1 701/213/1
f 700/212/1 767/279/1 768/280/1
f 700/212/1 701/213/1 766/278/1
f 699/211/1 700/212/1 768/280/1
f 683/195/1 784/296/1 785/297/1
f 786/298/1 681/193/1 785/297/1
f 699/211/1 768/280/1 769/281/1
f 698/210/1 769/281/1 770/282/1
f 698/210/1 699/211/1 769/281/1
f 785/297/1 681/193/1 682/194/1
f 680/192/1 681/193/1 786/298/1
f 683/195/1 684/196/1 784/296/1
f 786/298/1 787/299/1 680/192/1
f 784/296/1 684/196/1 783/295/1
f 683/195/1 785/297/1 682/194/1
f 700/212/1 766/278/1 767/279/1
f 747/259/1 721/233/1 746/258/1
f 721/233/1 747/259/1 720/232/1
f 746/258/1 721/233/1 722/234/1
f 752/264/1 715/227/1 751/263/1
f 716/228/1 751/263/1 715/227/1
f 702/214/1 703/215/1 764/276/1
f 703/215/1 763/275/1 764/276/1
f 746/258/1 722/234/1 745/257/1
f 752/264/1 714/226/1 715/227/1
f 714/226/1 752/264/1 753/265/1
f 713/225/1 753/265/1 754/266/1
f 763/275/1 703/215/1 704/216/1
f 714/226/1 753/265/1 713/225/1
f 763/275/1 704/216/1 762/274/1
f 782/294/1 685/197/1 686/198/1
f 770/282/1 771/283/1 697/209/1
f 783/295/1 685/197/1 782/294/1
f 678/190/1 679/191/1 788/300/1
f 679/191/1 680/192/1 787/299/1
f 787/299/1 788/300/1 679/191/1
f 770/282/1 697/209/1 698/210/1
f 771/283/1 772/284/1 696/208/1
f 772/284/1 695/207/1 696/208/1
f 771/283/1 696/208/1 697/209/1
f 782/294/1 686/198/1 781/293/1
f 789/301/1 678/190/1 788/300/1
f 789/301/1 790/302/1 678/190/1
f 780/292/1 781/293/1 687/199/1
f 781/293/1 686/198/1 687/199/1
f 783/295/1 684/196/1 685/197/1
f 744/256/1 745/257/1 722/234/1
f 664/176/1 802/314/1 803/315/1
f 804/316/1 663/175/1 803/315/1
f 647/159/1 820/332/1 821/333/1
f 646/158/1 647/159/1 821/333/1
f 820/332/1 647/159/1 819/331/1
f 821/333/1 822/334/1 646/158/1
f 801/313/1 802/314/1 666/178/1
f 665/177/1 802/314/1 664/176/1
f 803/315/1 663/175/1 664/176/1
f 665/177/1 666/178/1 802/314/1
f 804/316/1 805/317/1 662/174/1
f 819/331/1 648/160/1 818/330/1
f 805/317/1 661/173/1 662/174/1
f 662/174/1 663/175/1 804/316/1
f 647/159/1 648/160/1 819/331/1
f 822/334/1 823/335/1 645/157/1
f 839/351/1 840/352/1 628/140/1
f 629/141/1 838/350/1 628/140/1
f 840/352/1 627/139/1 628/140/1
f 839/351/1 628/140/1 838/350/1
f 841/353/1 627/139/1 840/352/1
f 823/335/1 644/156/1 645/157/1
f 824/336/1 644/156/1 823/335/1
f 837/349/1 629/141/1 630/142/1
f 629/141/1 837/349/1 838/350/1
f 626/138/1 627/139/1 841/353/1
f 841/353/1 842/354/1 626/138/1
f 822/334/1 645/157/1 646/158/1
f 630/142/1 836/348/1 837/349/1
f 800/312/1 801/313/1 667/179/1
f 667/179/1 801/313/1 666/178/1
f 805/317/1 806/318/1 661/173/1
f 648/160/1 649/161/1 818/330/1
f 824/336/1 643/155/1 644/156/1
f 824/336/1 825/337/1 643/155/1
f 649/161/1 817/329/1 818/330/1
f 800/312/1 667/179/1 668/180/1
f 669/181/1 798/310/1 799/311/1
f 800/312/1 668/180/1 799/311/1
f 660/172/1 806/318/1 807/319/1
f 817/329/1 650/162/1 651/163/1
f 807/319/1 808/320/1 660/172/1
f 817/329/1 649/161/1 650/162/1
f 660/172/1 661/173/1 806/318/1
f 630/142/1 631/143/1 836/348/1
f 631/143/1 835/347/1 836/348/1
f 842/354/1 625/137/1 626/138/1
f 613/125/1 854/366/1 612/124/1
f 842/354/1 843/355/1 625/137/1
f 613/125/1 853/365/1 854/366/1
f 825/337/1 826/338/1 642/154/1
f 834/346/1 835/347/1 633/145/1
f 624/136/1 843/355/1 844/356/1
f 632/144/1 835/347/1 631/143/1
f 843/355/1 624/136/1 625/137/1
f 826/338/1 641/153/1 642/154/1
f 613/125/1 614/126/1 853/365/1
f 825/337/1 642/154/1 643/155/1
f 612/124/1 854/366/1 855/367/1
f 855/367/1 856/368/1 612/124/1
f 633/145/1 835/347/1 632/144/1
f 722/234/1 723/235/1 744/256/1
f 744/256/1 723/235/1 743/255/1
f 762/274/1 705/217/1 761/273/1
f 762/274/1 704/216/1 705/217/1
f 712/224/1 713/225/1 755/267/1
f 705/217/1 706/218/1 761/273/1
f 755/267/1 713/225/1 754/266/1
f 731/243/1 737/249/1 730/242/1
f 737/249/1 731/243/1 736/248/1
f 736/248/1 731/243/1 732/244/1
f 760/272/1 761/273/1 706/218/1
f 756/268/1 711/223/1 712/224/1
f 756/268/1 712/224/1 755/267/1
f 760/272/1 706/218/1 707/219/1
f 743/255/1 723/235/1 724/236/1
f 773/285/1 694/206/1 772/284/1
f 772/284/1 694/206/1 695/207/1
f 678/190/1 790/302/1 677/189/1
f 780/292/1 688/200/1 779/291/1
f 780/292/1 687/199/1 688/200/1
f 676/188/1 677/189/1 790/302/1
f 774/286/1 693/205/1 773/285/1
f 693/205/1 694/206/1 773/285/1
f 689/201/1 778/290/1 779/291/1
f 675/187/1 791/303/1 792/304/1
f 675/187/1 676/188/1 791/303/1
f 689/201/1 779/291/1 688/200/1
f 674/186/1 792/304/1 793/305/1
f 692/204/1 774/286/1 775/287/1
f 729/241/1 730/242/1 738/250/1
f 730/242/1 737/249/1 738/250/1
f 756/268/1 757/269/1 711/223/1
f 742/254/1 725/237/1 741/253/1
f 724/236/1 725/237/1 742/254/1
f 757/269/1 710/222/1 711/223/1
f 724/236/1 742/254/1 743/255/1
f 739/251/1 740/252/1 728/240/1
f 728/240/1 729/241/1 739/251/1
f 740/252/1 727/239/1 728/240/1
f 739/251/1 729/241/1 738/250/1
f 741/253/1 725/237/1 726/238/1
f 740/252/1 741/253/1 727/239/1
f 741/253/1 726/238/1 727/239/1
f 757/269/1 758/270/1 710/222/1
f 775/287/1 776/288/1 692/204/1
f 759/271/1 707/219/1 708/220/1
f 759/271/1 760/272/1 707/219/1
f 693/205/1 774/286/1 692/204/1
f 689/201/1 690/202/1 778/290/1
f 777/289/1 778/290/1 690/202/1
f 794/306/1 673/185/1 793/305/1
f 776/288/1 777/289/1 691/203/1
f 792/304/1 674/186/1 675/187/1
f 708/220/1 709/221/1 759/271/1
f 709/221/1 758/270/1 759/271/1
f 758/270/1 709/221/1 710/222/1
f 777/289/1 690/202/1 691/203/1
f 793/305/1 673/185/1 674/186/1
f 691/203/1 692/204/1 776/288/1
f 794/306/1 672/184/1 673/185/1
f 791/303/1 676/188/1 790/302/1
f 669/181/1 797/309/1 798/310/1
f 651/163/1 816/328/1 817/329/1
f 808/320/1 809/321/1 659/171/1
f 669/181/1 799/311/1 668/180/1
f 815/327/1 816/328/1 651/163/1
f 796/308/1 797/309/1 671/183/1
f 797/309/1 670/182/1 671/183/1
f 797/309/1 669/181/1 670/182/1
f 659/171/1 809/321/1 658/170/1
f 652/164/1 815/327/1 651/163/1
f 658/170/1 809/321/1 810/322/1
f 814/326/1 815/327/1 652/164/1
f 826/338/1 640/152/1 641/153/1
f 833/345/1 834/346/1 634/146/1
f 844/356/1 623/135/1 624/136/1
f 615/127/1 852/364/1 614/126/1
f 844/356/1 845/357/1 623/135/1
f 834/346/1 633/145/1 634/146/1
f 615/127/1 851/363/1 852/364/1
f 832/344/1 833/345/1 635/147/1
f 635/147/1 833/345/1 634/146/1
f 640/152/1 827/339/1 639/151/1
f 622/134/1 845/357/1 846/358/1
f 851/363/1 615/127/1 616/128/1
f 845/357/1 622/134/1 623/135/1
f 851/363/1 616/128/1 850/362/1
f 640/152/1 826/338/1 827/339/1
f 614/126/1 852/364/1 853/365/1
f 827/339/1 828/340/1 639/151/1
f 671/183/1 672/184/1 796/308/1
f 658/170/1 810/322/1 657/169/1
f 796/308/1 672/184/1 795/307/1
f 814/326/1 652/164/1 653/165/1
f 814/326/1 653/165/1 813/325/1
f 657/169/1 810/322/1 811/323/1
f 811/323/1 656/168/1 657/169/1
f 811/323/1 812/324/1 656/168/1
f 812/324/1 655/167/1 656/168/1
f 655/167/1 812/324/1 654/166/1
f 812/324/1 813/325/1 654/166/1
f 653/165/1 654/166/1 813/325/1
f 828/340/1 638/150/1 639/151/1
f 795/307/1 672/184/1 794/306/1
f 829/341/1 638/150/1 828/340/1
f 636/148/1 831/343/1 832/344/1
f 831/343/1 637/149/1 830/342/1
f 635/147/1 636/148/1 832/344/1
f 829/341/1 830/342/1 637/149/1
f 847/359/1 621/133/1 846/358/1
f 850/362/1 617/129/1 849/361/1
f 847/359/1 620/132/1 621/133/1
f 636/148/1 637/149/1 831/343/1
f 849/361/1 618/130/1 848/360/1
f 620/132/1 847/359/1 848/360/1
f 618/130/1 619/131/1 848/360/1
f 848/360/1 619/131/1 620/132/1
f 617/129/1 618/130/1 849/361/1
f 850/362/1 616/128/1 617/129/1
f 829/341/1 637/149/1 638/150/1
f 622/134/1 846/358/1 621/133/1
f 808/320/1 659/171/1 660/172/1
f 611/123/1 856/368/1 857/369/1
f 858/370/1 610/122/1 857/369/1
f 592/104/1 874/386/1 875/387/1
f 591/103/1 875/387/1 876/388/1
f 610/122/1 858/370/1 609/121/1
f 609/121/1 858/370/1 859/371/1
f 610/122/1 611/123/1 857/369/1
f 875/387/1 591/103/1 592/104/1
f 593/105/1 874/386/1 592/104/1
f 874/386/1 593/105/1 594/106/1
f 877/389/1 590/102/1 876/388/1
f 874/386/1 594/106/1 873/385/1
f 876/388/1 590/102/1 591/103/1
f 856/368/1 611/123/1 612/124/1
f 575/87/1 892/404/1 893/405/1
f 894/406/1 573/85/1 893/405/1
f 909/421/1 910/422/1 557/69/1
f 557/69/1 911/423/1 556/68/1
f 911/423/1 557/69/1 910/422/1
f 557/69/1 558/70/1 909/421/1
f 893/405/1 573/85/1 574/86/1
f 573/85/1 894/406/1 572/84/1
f 892/404/1 575/87/1 576/88/1
f 572/84/1 894/406/1 895/407/1
f 574/86/1 575/87/1 893/405/1
f 556/68/1 911/423/1 912/424/1
f 558/70/1 559/71/1 908/420/1
f 558/70/1 908/420/1 909/421/1
f 912/424/1 555/67/1 556/68/1
f 891/403/1 892/404/1 576/88/1
f 859/371/1 608/120/1 609/121/1
f 859/371/1 860/372/1 608/120/1
f 608/120/1 860/372/1 607/119/1
f 873/385/1 594/106/1 595/107/1
f 595/107/1 872/384/1 873/385/1
f 878/390/1 589/101/1 877/389/1
f 877/389/1 589/101/1 590/102/1
f 860/372/1 861/373/1 607/119/1
f 597/109/1 871/383/1 596/108/1
f 872/384/1 596/108/1 871/383/1
f 880/392/1 588/100/1 879/391/1
f 879/391/1 588/100/1 589/101/1
f 589/101/1 878/390/1 879/391/1
f 595/107/1 596/108/1 872/384/1
f 571/83/1 572/84/1 895/407/1
f 577/89/1 890/402/1 891/403/1
f 896/408/1 571/83/1 895/407/1
f 559/71/1 907/419/1 908/420/1
f 560/72/1 907/419/1 559/71/1
f 577/89/1 891/403/1 576/88/1
f 906/418/1 907/419/1 560/72/1
f 889/401/1 890/402/1 578/90/1
f 578/90/1 890/402/1 577/89/1
f 896/408/1 570/82/1 571/83/1
f 561/73/1 562/74/1 906/418/1
f 906/418/1 562/74/1 905/417/1
f 906/418/1 560/72/1 561/73/1
f 897/409/1 570/82/1 896/408/1
f 578/90/1 579/91/1 889/401/1
f 912/424/1 913/425/1 555/67/1
f 606/118/1 607/119/1 861/373/1
f 541/53/1 926/438/1 927/439/1
f 928/440/1 540/52/1 927/439/1
f 539/51/1 540/52/1 928/440/1
f 538/50/1 928/440/1 929/441/1
f 946/458/1 522/34/1 945/457/1
f 539/51/1 928/440/1 538/50/1
f 929/441/1 537/49/1 538/50/1
f 540/52/1 541/53/1 927/439/1
f 946/458/1 521/33/1 522/34/1
f 523/35/1 944/456/1 945/457/1
f 930/442/1 536/48/1 537/49/1
f 930/442/1 537/49/1 929/441/1
f 945/457/1 522/34/1 523/35/1
f 946/458/1 520/32/1 521/33/1
f 926/438/1 541/53/1 542/54/1
f 504/16/1 962/474/1 963/475/1
f 505/17/1 962/474/1 504/16/1
f 503/15/1 963/475/1 964/476/1
f 504/16/1 963/475/1 503/15/1
f 947/459/1 948/460/1 519/31/1
f 961/473/1 505/17/1 506/18/1
f 947/459/1 519/31/1 520/32/1
f 962/474/1 505/17/1 961/473/1
f 502/14/1 503/15/1 965/477/1
f 502/14/1 965/477/1 966/478/1
f 964/476/1 965/477/1 503/15/1
f 961/473/1 506/18/1 960/472/1
f 947/459/1 520/32/1 946/458/1
f 914/426/1 554/66/1 913/425/1
f 913/425/1 554/66/1 555/67/1
f 930/442/1 931/443/1 536/48/1
f 543/55/1 925/437/1 542/54/1
f 542/54/1 925/437/1 926/438/1
f 536/48/1 931/443/1 535/47/1
f 924/436/1 925/437/1 543/55/1
f 535/47/1 931/443/1 932/444/1
f 924/436/1 543/55/1 544/56/1
f 914/426/1 915/427/1 553/65/1
f 914/426/1 553/65/1 554/66/1
f 525/37/1 941/453/1 942/454/1
f 942/454/1 524/36/1 525/37/1
f 933/445/1 535/47/1 932/444/1
f 948/460/1 518/30/1 519/31/1
f 524/36/1 943/455/1 944/456/1
f 949/461/1 518/30/1 948/460/1
f 506/18/1 507/19/1 960/472/1
f 502/14/1 966/478/1 501/13/1
f 966/478/1 967/479/1 501/13/1
f 507/19/1 959/471/1 960/472/1
f 517/29/1 518/30/1 950/462/1
f 518/30/1 949/461/1 950/462/1
f 507/19/1 508/20/1 959/471/1
f 509/21/1 959/471/1 508/20/1
f 500/12/1 967/479/1 968/480/1
f 958/470/1 959/471/1 509/21/1
f 500/12/1 501/13/1 967/479/1
f 943/455/1 524/36/1 942/454/1
f 944/456/1 523/35/1 524/36/1
f 491/3/1 489/1/1 490/2/1
f 525/37/1 526/38/1 941/453/1
f 861/373/1 605/117/1 606/118/1
f 605/117/1 861/373/1 862/374/1
f 863/375/1 605/117/1 862/374/1
f 597/109/1 870/382/1 871/383/1
f 880/392/1 881/393/1 587/99/1
f 587/99/1 588/100/1 880/392/1
f 869/381/1 870/382/1 597/109/1
f 598/110/1 868/380/1 869/381/1
f 863/375/1 864/376/1 604/116/1
f 597/109/1 598/110/1 869/381/1
f 863/375/1 604/116/1 605/117/1
f 881/393/1 586/98/1 587/99/1
f 887/399/1 580/92/1 886/398/1
f 881/393/1 882/394/1 586/98/1
f 887/399/1 579/91/1 580/92/1
f 889/401/1 579/91/1 888/400/1
f 888/400/1 579/91/1 887/399/1
f 905/417/1 562/74/1 563/75/1
f 915/427/1 916/428/1 552/64/1
f 898/410/1 569/81/1 897/409/1
f 570/82/1 897/409/1 569/81/1
f 569/81/1 898/410/1 568/80/1
f 903/415/1 904/416/1 564/76/1
f 904/416/1 905/417/1 563/75/1
f 917/429/1 551/63/1 916/428/1
f 904/416/1 563/75/1 564/76/1
f 916/428/1 551/63/1 552/64/1
f 568/80/1 898/410/1 899/411/1
f 553/65/1 915/427/1 552/64/1
f 551/63/1 917/429/1 550/62/1
f 603/115/1 864/376/1 865/377/1
f 864/376/1 603/115/1 604/116/1
f 602/114/1 603/115/1 865/377/1
f 867/379/1 868/380/1 599/111/1
f 586/98/1 882/394/1 585/97/1
f 598/110/1 599/111/1 868/380/1
f 883/395/1 584/96/1 882/394/1
f 865/377/1 601/113/1 602/114/1
f 601/113/1 865/377/1 866/378/1
f 600/112/1 601/113/1 866/378/1
f 867/379/1 600/112/1 866/378/1
f 584/96/1 585/97/1 882/394/1
f 883/395/1 583/95/1 584/96/1
f 867/379/1 599/111/1 600/112/1
f 883/395/1 884/396/1 583/95/1
f 899/411/1 900/412/1 567/79/1
f 581/93/1 886/398/1 580/92/1
f 886/398/1 581/93/1 885/397/1
f 899/411/1 567/79/1 568/80/1
f 901/413/1 902/414/1 566/78/1
f 903/415/1 564/76/1 565/77/1
f 901/413/1 566/78/1 900/412/1
f 903/415/1 565/77/1 902/414/1
f 918/430/1 550/62/1 917/429/1
f 885/397/1 582/94/1 884/396/1
f 885/397/1 581/93/1 582/94/1
f 884/396/1 582/94/1 583/95/1
f 566/78/1 902/414/1 565/77/1
f 550/62/1 918/430/1 549/61/1
f 566/78/1 567/79/1 900/412/1
f 918/430/1 919/431/1 549/61/1
f 922/434/1 923/435/1 544/56/1
f 923/435/1 924/436/1 544/56/1
f 545/57/1 922/434/1 544/56/1
f 535/47/1 933/445/1 534/46/1
f 533/45/1 534/46/1 933/445/1
f 933/445/1 934/446/1 533/45/1
f 532/44/1 533/45/1 934/446/1
f 545/57/1 546/58/1 921/433/1
f 545/57/1 921/433/1 922/434/1
f 934/446/1 935/447/1 532/44/1
f 938/450/1 939/451/1 529/41/1
f 527/39/1 528/40/1 940/452/1
f 939/451/1 940/452/1 528/40/1
f 935/447/1 936/448/1 531/43/1
f 941/453/1 527/39/1 940/452/1
f 941/453/1 526/38/1 527/39/1
f 517/29/1 950/462/1 951/463/1
f 516/28/1 517/29/1 951/463/1
f 499/11/1 500/12/1 968/480/1
f 510/22/1 957/469/1 958/470/1
f 968/480/1 969/481/1 499/11/1
f 509/21/1 510/22/1 958/470/1
f 952/464/1 515/27/1 951/463/1
f 515/27/1 516/28/1 951/463/1
f 511/23/1 956/468/1 957/469/1
f 969/481/1 498/10/1 499/11/1
f 976/488/1 489/1/1 491/3/1
f 957/469/1 510/22/1 511/23/1
f 491/3/1 975/487/1 976/488/1
f 952/464/1 953/465/1 514/26/1
f 921/433/1 546/58/1 920/432/1
f 920/432/1 546/58/1 547/59/1
f 532/44/1 935/447/1 531/43/1
f 530/42/1 938/450/1 529/41/1
f 513/25/1 953/465/1 954/466/1
f 936/448/1 937/449/1 530/42/1
f 528/40/1 529/41/1 939/451/1
f 952/464/1 514/26/1 515/27/1
f 547/59/1 548/60/1 920/432/1
f 548/60/1 919/431/1 920/432/1
f 919/431/1 548/60/1 549/61/1
f 938/450/1 530/42/1 937/449/1
f 953/465/1 513/25/1 514/26/1
f 531/43/1 936/448/1 530/42/1
f 954/466/1 955/467/1 513/25/1
f 511/23/1 512/24/1 956/468/1
f 512/24/1 955/467/1 956/468/1
f 955/467/1 512/24/1 513/25/1
f 970/482/1 498/10/1 969/481/1
f 492/4/1 974/486/1 975/487/1
f 975/487/1 491/3/1 492/4/1
f 497/9/1 498/10/1 970/482/1
f 493/5/1 974/486/1 492/4/1
f 497/9/1 971/483/1 496/8/1
f 971/483/1 497/9/1 970/482/1
f 496/8/1 972/484/1 495/7/1
f 972/484/1 496/8/1 971/483/1
f 973/485/1 493/5/1 494/6/1
f 493/5/1 973/485/1 974/486/1
f 494/6/1 495/7/1 973/485/1
f 973/485/1 495/7/1 972/484/1
f 245/733/2 244/732/2 246/734/2
f 244/732/2 247/735/2 246/734/2
f 231/719/2 261/749/2 260/748/2
f 261/749/2 229/717/2 262/750/2
f 260/748/2 259/747/2 232/720/2
f 247/735/2 244/732/2 248/736/2
f 231/719/2 260/748/2 232/720/2
f 231/719/2 230/718/2 261/749/2
f 229/717/2 228/716/2 262/750/2
f 263/751/2 262/750/2 228/716/2
f 277/765/2 214/702/2 213/701/2
f 230/718/2 229/717/2 261/749/2
f 276/764/2 214/702/2 277/765/2
f 278/766/2 277/765/2 213/701/2
f 279/767/2 212/700/2 280/768/2
f 213/701/2 212/700/2 278/766/2
f 212/700/2 211/699/2 280/768/2
f 296/784/2 195/683/2 297/785/2
f 193/681/2 298/786/2 297/785/2
f 280/768/2 211/699/2 281/769/2
f 281/769/2 210/698/2 282/770/2
f 211/699/2 210/698/2 281/769/2
f 193/681/2 297/785/2 194/682/2
f 193/681/2 192/680/2 298/786/2
f 196/684/2 195/683/2 296/784/2
f 299/787/2 298/786/2 192/680/2
f 196/684/2 296/784/2 295/783/2
f 297/785/2 195/683/2 194/682/2
f 278/766/2 212/700/2 279/767/2
f 233/721/2 259/747/2 258/746/2
f 259/747/2 233/721/2 232/720/2
f 233/721/2 258/746/2 234/722/2
f 227/715/2 264/752/2 263/751/2
f 263/751/2 228/716/2 227/715/2
f 215/703/2 214/702/2 276/764/2
f 275/763/2 215/703/2 276/764/2
f 234/722/2 258/746/2 257/745/2
f 226/714/2 264/752/2 227/715/2
f 264/752/2 226/714/2 265/753/2
f 265/753/2 225/713/2 266/754/2
f 215/703/2 275/763/2 216/704/2
f 265/753/2 226/714/2 225/713/2
f 216/704/2 275/763/2 274/762/2
f 197/685/2 294/782/2 198/686/2
f 283/771/2 282/770/2 209/697/2
f 197/685/2 295/783/2 294/782/2
f 191/679/2 190/678/2 300/788/2
f 192/680/2 191/679/2 299/787/2
f 300/788/2 299/787/2 191/679/2
f 209/697/2 282/770/2 210/698/2
f 284/772/2 283/771/2 208/696/2
f 207/695/2 284/772/2 208/696/2
f 208/696/2 283/771/2 209/697/2
f 198/686/2 294/782/2 293/781/2
f 190/678/2 301/789/2 300/788/2
f 302/790/2 301/789/2 190/678/2
f 293/781/2 292/780/2 199/687/2
f 198/686/2 293/781/2 199/687/2
f 196/684/2 295/783/2 197/685/2
f 257/745/2 256/744/2 234/722/2
f 314/802/2 176/664/2 315/803/2
f 175/663/2 316/804/2 315/803/2
f 332/820/2 159/647/2 333/821/2
f 159/647/2 158/646/2 333/821/2
f 159/647/2 332/820/2 331/819/2
f 334/822/2 333/821/2 158/646/2
f 314/802/2 313/801/2 178/666/2
f 314/802/2 177/665/2 176/664/2
f 175/663/2 315/803/2 176/664/2
f 178/666/2 177/665/2 314/802/2
f 317/805/2 316/804/2 174/662/2
f 160/648/2 331/819/2 330/818/2
f 173/661/2 317/805/2 174/662/2
f 175/663/2 174/662/2 316/804/2
f 160/648/2 159/647/2 331/819/2
f 335/823/2 334/822/2 157/645/2
f 352/840/2 351/839/2 140/628/2
f 350/838/2 141/629/2 140/628/2
f 139/627/2 352/840/2 140/628/2
f 140/628/2 351/839/2 350/838/2
f 139/627/2 353/841/2 352/840/2
f 156/644/2 335/823/2 157/645/2
f 156/644/2 336/824/2 335/823/2
f 141/629/2 349/837/2 142/630/2
f 349/837/2 141/629/2 350/838/2
f 139/627/2 138/626/2 353/841/2
f 354/842/2 353/841/2 138/626/2
f 157/645/2 334/822/2 158/646/2
f 348/836/2 142/630/2 349/837/2
f 313/801/2 312/800/2 179/667/2
f 313/801/2 179/667/2 178/666/2
f 318/806/2 317/805/2 173/661/2
f 161/649/2 160/648/2 330/818/2
f 155/643/2 336/824/2 156/644/2
f 337/825/2 336/824/2 155/643/2
f 329/817/2 161/649/2 330/818/2
f 179/667/2 312/800/2 180/668/2
f 310/798/2 181/669/2 311/799/2
f 180/668/2 312/800/2 311/799/2
f 318/806/2 172/660/2 319/807/2
f 162/650/2 329/817/2 163/651/2
f 320/808/2 319/807/2 172/660/2
f 161/649/2 329/817/2 162/650/2
f 173/661/2 172/660/2 318/806/2
f 143/631/2 142/630/2 348/836/2
f 347/835/2 143/631/2 348/836/2
f 137/625/2 354/842/2 138/626/2
f 366/854/2 125/613/2 124/612/2
f 355/843/2 354/842/2 137/625/2
f 365/853/2 125/613/2 366/854/2
f 338/826/2 337/825/2 154/642/2
f 347/835/2 346/834/2 145/633/2
f 355/843/2 136/624/2 356/844/2
f 347/835/2 144/632/2 143/631/2
f 136/624/2 355/843/2 137/625/2
f 153/641/2 338/826/2 154/642/2
f 126/614/2 125/613/2 365/853/2
f 154/642/2 337/825/2 155/643/2
f 366/854/2 124/612/2 367/855/2
f 368/856/2 367/855/2 124/612/2
f 347/835/2 145/633/2 144/632/2
f 235/723/2 234/722/2 256/744/2
f 235/723/2 256/744/2 255/743/2
f 217/705/2 274/762/2 273/761/2
f 216/704/2 274/762/2 217/705/2
f 225/713/2 224/712/2 267/755/2
f 218/706/2 217/705/2 273/761/2
f 225/713/2 267/755/2 266/754/2
f 249/737/2 243/731/2 242/730/2
f 243/731/2 249/737/2 248/736/2
f 243/731/2 248/736/2 244/732/2
f 273/761/2 272/760/2 218/706/2
f 223/711/2 268/756/2 224/712/2
f 224/712/2 268/756/2 267/755/2
f 218/706/2 272/760/2 219/707/2
f 235/723/2 255/743/2 236/724/2
f 206/694/2 285/773/2 284/772/2
f 206/694/2 284/772/2 207/695/2
f 302/790/2 190/678/2 189/677/2
f 200/688/2 292/780/2 291/779/2
f 199/687/2 292/780/2 200/688/2
f 189/677/2 188/676/2 302/790/2
f 205/693/2 286/774/2 285/773/2
f 206/694/2 205/693/2 285/773/2
f 290/778/2 201/689/2 291/779/2
f 303/791/2 187/675/2 304/792/2
f 188/676/2 187/675/2 303/791/2
f 291/779/2 201/689/2 200/688/2
f 304/792/2 186/674/2 305/793/2
f 286/774/2 204/692/2 287/775/2
f 242/730/2 241/729/2 250/738/2
f 249/737/2 242/730/2 250/738/2
f 269/757/2 268/756/2 223/711/2
f 237/725/2 254/742/2 253/741/2
f 237/725/2 236/724/2 254/742/2
f 222/710/2 269/757/2 223/711/2
f 254/742/2 236/724/2 255/743/2
f 252/740/2 251/739/2 240/728/2
f 241/729/2 240/728/2 251/739/2
f 239/727/2 252/740/2 240/728/2
f 241/729/2 251/739/2 250/738/2
f 237/725/2 253/741/2 238/726/2
f 253/741/2 252/740/2 239/727/2
f 238/726/2 253/741/2 239/727/2
f 270/758/2 269/757/2 222/710/2
f 288/776/2 287/775/2 204/692/2
f 219/707/2 271/759/2 220/708/2
f 272/760/2 271/759/2 219/707/2
f 286/774/2 205/693/2 204/692/2
f 202/690/2 201/689/2 290/778/2
f 290/778/2 289/777/2 202/690/2
f 185/673/2 306/794/2 305/793/2
f 289/777/2 288/776/2 203/691/2
f 186/674/2 304/792/2 187/675/2
f 221/709/2 220/708/2 271/759/2
f 270/758/2 221/709/2 271/759/2
f 221/709/2 270/758/2 222/710/2
f 202/690/2 289/777/2 203/691/2
f 185/673/2 305/793/2 186/674/2
f 204/692/2 203/691/2 288/776/2
f 184/672/2 306/794/2 185/673/2
f 188/676/2 303/791/2 302/790/2
f 309/797/2 181/669/2 310/798/2
f 328/816/2 163/651/2 329/817/2
f 321/809/2 320/808/2 171/659/2
f 311/799/2 181/669/2 180/668/2
f 328/816/2 327/815/2 163/651/2
f 309/797/2 308/796/2 183/671/2
f 182/670/2 309/797/2 183/671/2
f 181/669/2 309/797/2 182/670/2
f 321/809/2 171/659/2 170/658/2
f 327/815/2 164/652/2 163/651/2
f 321/809/2 170/658/2 322/810/2
f 327/815/2 326/814/2 164/652/2
f 152/640/2 338/826/2 153/641/2
f 346/834/2 345/833/2 146/634/2
f 135/623/2 356/844/2 136/624/2
f 364/852/2 127/615/2 126/614/2
f 357/845/2 356/844/2 135/623/2
f 145/633/2 346/834/2 146/634/2
f 363/851/2 127/615/2 364/852/2
f 345/833/2 344/832/2 147/635/2
f 345/833/2 147/635/2 146/634/2
f 339/827/2 152/640/2 151/639/2
f 357/845/2 134/622/2 358/846/2
f 127/615/2 363/851/2 128/616/2
f 134/622/2 357/845/2 135/623/2
f 128/616/2 363/851/2 362/850/2
f 338/826/2 152/640/2 339/827/2
f 364/852/2 126/614/2 365/853/2
f 340/828/2 339/827/2 151/639/2
f 184/672/2 183/671/2 308/796/2
f 322/810/2 170/658/2 169/657/2
f 184/672/2 308/796/2 307/795/2
f 164/652/2 326/814/2 165/653/2
f 165/653/2 326/814/2 325/813/2
f 322/810/2 169/657/2 323/811/2
f 168/656/2 323/811/2 169/657/2
f 324/812/2 323/811/2 168/656/2
f 167/655/2 324/812/2 168/656/2
f 324/812/2 167/655/2 166/654/2
f 325/813/2 324/812/2 166/654/2
f 166/654/2 165/653/2 325/813/2
f 150/638/2 340/828/2 151/639/2
f 184/672/2 307/795/2 306/794/2
f 150/638/2 341/829/2 340/828/2
f 343/831/2 148/636/2 344/832/2
f 149/637/2 343/831/2 342/830/2
f 148/636/2 147/635/2 344/832/2
f 342/830/2 341/829/2 149/637/2
f 133/621/2 359/847/2 358/846/2
f 129/617/2 362/850/2 361/849/2
f 132/620/2 359/847/2 133/621/2
f 149/637/2 148/636/2 343/831/2
f 130/618/2 361/849/2 360/848/2
f 359/847/2 132/620/2 360/848/2
f 131/619/2 130/618/2 360/848/2
f 131/619/2 360/848/2 132/620/2
f 130/618/2 129/617/2 361/849/2
f 128/616/2 362/850/2 129/617/2
f 149/637/2 341/829/2 150/638/2
f 358/846/2 134/622/2 133/621/2
f 171/659/2 320/808/2 172/660/2
f 368/856/2 123/611/2 369/857/2
f 122/610/2 370/858/2 369/857/2
f 386/874/2 104/592/2 387/875/2
f 387/875/2 103/591/2 388/876/2
f 370/858/2 122/610/2 121/609/2
f 370/858/2 121/609/2 371/859/2
f 123/611/2 122/610/2 369/857/2
f 103/591/2 387/875/2 104/592/2
f 386/874/2 105/593/2 104/592/2
f 105/593/2 386/874/2 106/594/2
f 102/590/2 389/877/2 388/876/2
f 106/594/2 386/874/2 385/873/2
f 102/590/2 388/876/2 103/591/2
f 123/611/2 368/856/2 124/612/2
f 404/892/2 87/575/2 405/893/2
f 85/573/2 406/894/2 405/893/2
f 422/910/2 421/909/2 69/557/2
f 423/911/2 69/557/2 68/556/2
f 69/557/2 423/911/2 422/910/2
f 70/558/2 69/557/2 421/909/2
f 85/573/2 405/893/2 86/574/2
f 406/894/2 85/573/2 84/572/2
f 87/575/2 404/892/2 88/576/2
f 406/894/2 84/572/2 407/895/2
f 87/575/2 86/574/2 405/893/2
f 423/911/2 68/556/2 424/912/2
f 71/559/2 70/558/2 420/908/2
f 420/908/2 70/558/2 421/909/2
f 67/555/2 424/912/2 68/556/2
f 404/892/2 403/891/2 88/576/2
f 120/608/2 371/859/2 121/609/2
f 372/860/2 371/859/2 120/608/2
f 372/860/2 120/608/2 119/607/2
f 106/594/2 385/873/2 107/595/2
f 384/872/2 107/595/2 385/873/2
f 101/589/2 390/878/2 389/877/2
f 101/589/2 389/877/2 102/590/2
f 373/861/2 372/860/2 119/607/2
f 383/871/2 109/597/2 108/596/2
f 108/596/2 384/872/2 383/871/2
f 100/588/2 392/880/2 391/879/2
f 100/588/2 391/879/2 101/589/2
f 390/878/2 101/589/2 391/879/2
f 108/596/2 107/595/2 384/872/2
f 84/572/2 83/571/2 407/895/2
f 402/890/2 89/577/2 403/891/2
f 83/571/2 408/896/2 407/895/2
f 419/907/2 71/559/2 420/908/2
f 419/907/2 72/560/2 71/559/2
f 403/891/2 89/577/2 88/576/2
f 419/907/2 418/906/2 72/560/2
f 402/890/2 401/889/2 90/578/2
f 402/890/2 90/578/2 89/577/2
f 82/570/2 408/896/2 83/571/2
f 74/562/2 73/561/2 418/906/2
f 74/562/2 418/906/2 417/905/2
f 72/560/2 418/906/2 73/561/2
f 82/570/2 409/897/2 408/896/2
f 91/579/2 90/578/2 401/889/2
f 425/913/2 424/912/2 67/555/2
f 119/607/2 118/606/2 373/861/2
f 438/926/2 53/541/2 439/927/2
f 52/540/2 440/928/2 439/927/2
f 52/540/2 51/539/2 440/928/2
f 440/928/2 50/538/2 441/929/2
f 34/522/2 458/946/2 457/945/2
f 440/928/2 51/539/2 50/538/2
f 49/537/2 441/929/2 50/538/2
f 53/541/2 52/540/2 439/927/2
f 33/521/2 458/946/2 34/522/2
f 456/944/2 35/523/2 457/945/2
f 48/536/2 442/930/2 49/537/2
f 49/537/2 442/930/2 441/929/2
f 34/522/2 457/945/2 35/523/2
f 32/520/2 458/946/2 33/521/2
f 53/541/2 438/926/2 54/542/2
f 474/962/2 16/504/2 475/963/2
f 474/962/2 17/505/2 16/504/2
f 475/963/2 15/503/2 476/964/2
f 475/963/2 16/504/2 15/503/2
f 460/948/2 459/947/2 31/519/2
f 17/505/2 473/961/2 18/506/2
f 31/519/2 459/947/2 32/520/2
f 17/505/2 474/962/2 473/961/2
f 15/503/2 14/502/2 477/965/2
f 477/965/2 14/502/2 478/966/2
f 477/965/2 476/964/2 15/503/2
f 18/506/2 473/961/2 472/960/2
f 32/520/2 459/947/2 458/946/2
f 66/554/2 426/914/2 425/913/2
f 66/554/2 425/913/2 67/555/2
f 443/931/2 442/930/2 48/536/2
f 437/925/2 55/543/2 54/542/2
f 437/925/2 54/542/2 438/926/2
f 443/931/2 48/536/2 47/535/2
f 437/925/2 436/924/2 55/543/2
f 443/931/2 47/535/2 444/932/2
f 55/543/2 436/924/2 56/544/2
f 427/915/2 426/914/2 65/553/2
f 65/553/2 426/914/2 66/554/2
f 453/941/2 37/525/2 454/942/2
f 36/524/2 454/942/2 37/525/2
f 47/535/2 445/933/2 444/932/2
f 30/518/2 460/948/2 31/519/2
f 455/943/2 36/524/2 456/944/2
f 30/518/2 461/949/2 460/948/2
f 19/507/2 18/506/2 472/960/2
f 478/966/2 14/502/2 13/501/2
f 479/967/2 478/966/2 13/501/2
f 471/959/2 19/507/2 472/960/2
f 30/518/2 29/517/2 462/950/2
f 461/949/2 30/518/2 462/950/2
f 20/508/2 19/507/2 471/959/2
f 471/959/2 21/509/2 20/508/2
f 479/967/2 12/500/2 480/968/2
f 471/959/2 470/958/2 21/509/2
f 13/501/2 12/500/2 479/967/2
f 36/524/2 455/943/2 454/942/2
f 35/523/2 456/944/2 36/524/2
f 1/489/2 3/491/2 2/490/2
f 38/526/2 37/525/2 453/941/2
f 117/605/2 373/861/2 118/606/2
f 373/861/2 117/605/2 374/862/2
f 117/605/2 375/863/2 374/862/2
f 382/870/2 109/597/2 383/871/2
f 393/881/2 392/880/2 99/587/2
f 100/588/2 99/587/2 392/880/2
f 382/870/2 381/869/2 109/597/2
f 380/868/2 110/598/2 381/869/2
f 376/864/2 375/863/2 116/604/2
f 110/598/2 109/597/2 381/869/2
f 116/604/2 375/863/2 117/605/2
f 98/586/2 393/881/2 99/587/2
f 92/580/2 399/887/2 398/886/2
f 394/882/2 393/881/2 98/586/2
f 91/579/2 399/887/2 92/580/2
f 91/579/2 401/889/2 400/888/2
f 91/579/2 400/888/2 399/887/2
f 74/562/2 417/905/2 75/563/2
f 428/916/2 427/915/2 64/552/2
f 81/569/2 410/898/2 409/897/2
f 409/897/2 82/570/2 81/569/2
f 410/898/2 81/569/2 80/568/2
f 416/904/2 415/903/2 76/564/2
f 417/905/2 416/904/2 75/563/2
f 63/551/2 429/917/2 428/916/2
f 75/563/2 416/904/2 76/564/2
f 63/551/2 428/916/2 64/552/2
f 410/898/2 80/568/2 411/899/2
f 427/915/2 65/553/2 64/552/2
f 429/917/2 63/551/2 62/550/2
f 376/864/2 115/603/2 377/865/2
f 115/603/2 376/864/2 116/604/2
f 115/603/2 114/602/2 377/865/2
f 380/868/2 379/867/2 111/599/2
f 394/882/2 98/586/2 97/585/2
f 111/599/2 110/598/2 380/868/2
f 96/584/2 395/883/2 394/882/2
f 113/601/2 377/865/2 114/602/2
f 377/865/2 113/601/2 378/866/2
f 113/601/2 112/600/2 378/866/2
f 112/600/2 379/867/2 378/866/2
f 97/585/2 96/584/2 394/882/2
f 95/583/2 395/883/2 96/584/2
f 111/599/2 379/867/2 112/600/2
f 396/884/2 395/883/2 95/583/2
f 412/900/2 411/899/2 79/567/2
f 398/886/2 93/581/2 92/580/2
f 93/581/2 398/886/2 397/885/2
f 79/567/2 411/899/2 80/568/2
f 414/902/2 413/901/2 78/566/2
f 76/564/2 415/903/2 77/565/2
f 78/566/2 413/901/2 412/900/2
f 77/565/2 415/903/2 414/902/2
f 62/550/2 430/918/2 429/917/2
f 94/582/2 397/885/2 396/884/2
f 93/581/2 397/885/2 94/582/2
f 94/582/2 396/884/2 95/583/2
f 414/902/2 78/566/2 77/565/2
f 430/918/2 62/550/2 61/549/2
f 79/567/2 78/566/2 412/900/2
f 431/919/2 430/918/2 61/549/2
f 435/923/2 434/922/2 56/544/2
f 436/924/2 435/923/2 56/544/2
f 434/922/2 57/545/2 56/544/2
f 445/933/2 47/535/2 46/534/2
f 46/534/2 45/533/2 445/933/2
f 446/934/2 445/933/2 45/533/2
f 45/533/2 44/532/2 446/934/2
f 58/546/2 57/545/2 433/921/2
f 433/921/2 57/545/2 434/922/2
f 447/935/2 446/934/2 44/532/2
f 451/939/2 450/938/2 41/529/2
f 40/528/2 39/527/2 452/940/2
f 452/940/2 451/939/2 40/528/2
f 448/936/2 447/935/2 43/531/2
f 39/527/2 453/941/2 452/940/2
f 38/526/2 453/941/2 39/527/2
f 462/950/2 29/517/2 463/951/2
f 29/517/2 28/516/2 463/951/2
f 12/500/2 11/499/2 480/968/2
f 469/957/2 22/510/2 470/958/2
f 481/969/2 480/968/2 11/499/2
f 22/510/2 21/509/2 470/958/2
f 27/515/2 464/952/2 463/951/2
f 28/516/2 27/515/2 463/951/2
f 468/956/2 23/511/2 469/957/2
f 10/498/2 481/969/2 11/499/2
f 1/489/2 488/976/2 3/491/2
f 22/510/2 469/957/2 23/511/2
f 487/975/2 3/491/2 488/976/2
f 465/953/2 464/952/2 26/514/2
f 58/546/2 433/921/2 432/920/2
f 58/546/2 432/920/2 59/547/2
f 447/935/2 44/532/2 43/531/2
f 450/938/2 42/530/2 41/529/2
f 465/953/2 25/513/2 466/954/2
f 449/937/2 448/936/2 42/530/2
f 41/529/2 40/528/2 451/939/2
f 26/514/2 464/952/2 27/515/2
f 60/548/2 59/547/2 432/920/2
f 431/919/2 60/548/2 432/920/2
f 60/548/2 431/919/2 61/549/2
f 42/530/2 450/938/2 449/937/2
f 25/513/2 465/953/2 26/514/2
f 448/936/2 43/531/2 42/530/2
f 467/955/2 466/954/2 25/513/2
f 24/512/2 23/511/2 468/956/2
f 467/955/2 24/512/2 468/956/2
f 24/512/2 467/955/2 25/513/2
f 10/498/2 482/970/2 481/969/2
f 486/974/2 4/492/2 487/975/2
f 3/491/2 487/975/2 4/492/2
f 10/498/2 9/497/2 482/970/2
f 486/974/2 5/493/2 4/492/2
f 483/971/2 9/497/2 8/496/2
f 9/497/2 483/971/2 482/970/2
f 484/972/2 8/496/2 7/495/2
f 8/496/2 484/972/2 483/971/2
f 5/493/2 485/973/2 6/494/2
f 485/973/2 5/493/2 486/974/2
f 7/495/2 6/494/2 485/973/2
f 7/495/2 485/973/2 484/972/2
f 977/1965/3 1/977/4 2/978/5
f 977/1965/3 2/978/5 490/1472/6
f 977/1965/3 490/1472/6 489/1471/7
f 977/1965/3 489/1471/7 1/977/4
f 978/1966/8 2/979/9 3/980/10
f 978/1966/8 3/980/10 491/1474/11
f 978/1966/8 491/1474/11 490/1473/12
f 978/1966/8 490/1473/12 2/979/9
f 979/1967/13 3/980/10 4/981/14
f 979/1967/13 4/981/14 492/1475/15
f 979/1967/13 492/1475/15 491/1474/11
f 979/1967/13 491/1474/11 3/980/10
f 980/1968/16 4/981/14 5/982/17
f 980/1968/16 5/982/17 493/1476/18
f 980/1968/16 493/1476/18 492/1475/15
f 980/1968/16 492/1475/15 4/981/14
f 981/1969/19 5/982/17 6/983/20
f 981/1969/19 6/983/20 494/1477/21
f 981/1969/19 494/1477/21 493/1476/18
f 981/1969/19 493/1476/18 5/982/17
f 982/1970/22 6/983/20 7/984/23
f 982/1970/22 7/984/23 495/1478/24
f 982/1970/22 495/1478/24 494/1477/21
f 982/1970/22 494/1477/21 6/983/20
f 983/1971/25 7/984/23 8/985/26
f 983/1971/25 8/985/26 496/1479/27
f 983/1971/25 496/1479/27 495/1478/24
f 983/1971/25 495/1478/24 7/984/23
f 984/1972/28 8/985/26 9/986/29
f 984/1972/28 9/986/29 497/1480/30
f 984/1972/28 497/1480/30 496/1479/27
f 984/1972/28 496/1479/27 8/985/26
f 985/1973/31 9/986/29 10/987/32
f 985/1973/31 10/987/32 498/1481/33
f 985/1973/31 498/1481/33 497/1480/30
f 985/1973/31 497/1480/30 9/986/29
f 986/1974/34 10/987/32 11/988/35
f 986/1974/34 11/988/35 499/1482/36
f 986/1974/34 499/1482/36 498/1481/33
f 986/1974/34 498/1481/33 10/987/32
f 987/1975/37 11/988/35 12/989/38
f 987/1975/37 12/989/38 500/1483/39
f 987/1975/37 500/1483/39 499/1482/36
f 987/1975/37 499/1482/36 11/988/35
f 988/1976/40 12/989/38 13/990/41
f 988/1976/40 13/990/41 501/1484/42
f 988/1976/40 501/1484/42 500/1483/39
f 988/1976/40 500/1483/39 12/989/38
f 989/1977/43 13/990/41 14/991/44
f 989/1977/43 14/991/44 502/1485/45
f 989/1977/43 502/1485/45 501/1484/42
f 989/1977/43 501/1484/42 13/990/41
f 990/1978/46 14/991/44 15/992/47
f 990/1978/46 15/992/47 503/1486/48
f 990/1978/46 503/1486/48 502/1485/45
f 990/1978/46 502/1485/45 14/991/44
f 991/1979/49 15/992/47 16/993/50
f 991/1979/49 16/993/50 504/1487/51
f 991/1979/49 504/1487/51 503/1486/48
f 991/1979/49 503/1486/48 15/992/47
f 992/1980/52 16/993/50 17/994/53
f 992/1980/52 17/994/53 505/1488/54
f 992/1980/52 505/1488/54 504/1487/51
f 992/1980/52 504/1487/51 16/993/50
f 993/1981/55 17/994/53 18/995/56
f 993/1981/55 18/995/56 506/1489/57
f 993/1981/55 506/1489/57 505/1488/54
f 993/1981/55 505/1488/54 17/994/53
f 994/1982/58 18/995/56 19/996/59
f 994/1982/58 19/996/59 507/1490/60
f 994/1982/58 507/1490/60 506/1489/57
f 994/1982/58 506/1489/57 18/995/56
f 995/1983/61 19/996/59 20/997/62
f 995/1983/61 20/997/62 508/1491/63
f 995/1983/61 508/1491/63 507/1490/60
f 995/1983/61 507/1490/60 19/996/59
f 996/1984/64 20/997/62 21/998/65
f 996/1984/64 21/998/65 509/1492/66
f 996/1984/64 509/1492/66 508/1491/63
f 996/1984/64 508/1491/63 20/997/62
f 997/1985/67 21/998/65 22/999/68
f 997/1985/67 22/999/68 510/1493/69
f 997/1985/67 510/1493/69 509/1492/66
f 997/1985/67 509/1492/66 21/998/65
f 998/1986/70 22/999/68 23/1000/71
f 998/1986/70 23/1000/71 511/1494/72
f 998/1986/70 511/1494/72 510/1493/69
f 998/1986/70 510/1493/69 22/999/68
f 999/1987/73 23/1000/71 24/1001/74
f 999/1987/73 24/1001/74 512/1495/75
f 999/1987/73 512/1495/75 511/1494/72
f 999/1987/73 511/1494/72 23/1000/71
f 1000/1988/76 24/1001/74 25/1002/77
f 1000/1988/76 25/1002/77 513/1496/78
f 1000/1988/76 513/1496/78 512/1495/75
f 1000/1988/76 512/1495/75 24/1001/74
f 1001/1989/79 25/1002/77 26/1003/80
f 1001/1989/79 26/1003/80 514/1497/81
f 1001/1989/79 514/1497/81 513/1496/78
f 1001/1989/79 513/1496/78 25/1002/77
f 1002/1990/82 26/1003/80 27/1004/83
f 1002/1990/82 27/1004/83 515/1498/84
f 1002/1990/82 515/1498/84 514/1497/81
f 1002/1990/82 514/1497/81 26/1003/80
f 1003/1991/85 27/1004/83 28/1005/86
f 1003/1991/85 28/1005/86 516/1499/87
f 1003/1991/85 516/1499/87 515/1498/84
f 1003/1991/85 515/1498/84 27/1004/83
f 1004/1992/88 28/1005/86 29/1006/89
f 1004/1992/88 29/1006/89 517/1500/90
f 1004/1992/88 517/1500/90 516/1499/87
f 1004/1992/88 516/1499/87 28/1005/86
f 1005/1993/91 29/1006/89 30/1007/92
f 1005/1993/91 30/1007/92 518/1501/93
f 1005/1993/91 518/1501/93 517/1500/90
f 1005/1993/91 517/1500/90 29/1006/89
f 1006/1994/94 30/1007/92 31/1008/95
f 1006/1994/94 31/1008/95 519/1502/96
f 1006/1994/94 519/1502/96 518/1501/93
f 1006/1994/94 518/1501/93 30/1007/92
f 1007/1995/97 31/1008/95 32/1009/98
f 1007/1995/97 32/1009/98 520/1503/99
f 1007/1995/97 520/1503/99 519/1502/96
f 1007/1995/97 519/1502/96 31/1008/95
f 1008/1996/100 32/1009/98 33/1010/101
f 1008/1996/100 33/1010/101 521/1504/102
f 1008/1996/100 521/1504/102 520/1503/99
f 1008/1996/100 520/1503/99 32/1009/98
f 1009/1997/103 33/1010/101 34/1011/104
f 1009/1997/103 34/1011/104 522/1505/105
f 1009/1997/103 522/1505/105 521/1504/102
f 1009/1997/103 521/1504/102 33/1010/101
f 1010/1998/106 34/1011/104 35/1012/107
f 1010/1998/106 35/1012/107 523/1506/108
f 1010/1998/106 523/1506/108 522/1505/105
f 1010/1998/106 522/1505/105 34/1011/104
f 1011/1999/109 35/1012/107 36/1013/110
f 1011/1999/109 36/1013/110 524/1507/111
f 1011/1999/109 524/1507/111 523/1506/108
f 1011/1999/109 523/1506/108 35/1012/107
f 1012/2000/112 36/1013/110 37/1014/113
f 1012/2000/112 37/1014/113 525/1508/114
f 1012/2000/112 525/1508/114 524/1507/111
f 1012/2000/112 524/1507/111 36/1013/110
f 1013/2001/115 37/1014/113 38/1015/116
f 1013/2001/115 38/1015/116 526/1509/117
f 1013/2001/115 526/1509/117 525/1508/114
f 1013/2001/115 525/1508/114 37/1014/113
f 1014/2002/118 38/1015/116 39/1016/119
f 1014/2002/118 39/1016/119 527/1510/120
f 1014/2002/118 527/1510/120 526/1509/117
f 1014/2002/118 526/1509/117 38/1015/116
f 1015/2003/121 39/1016/119 40/1017/122
f 1015/2003/121 40/1017/122 528/1511/123
f 1015/2003/121 528/1511/123 527/1510/120
f 1015/2003/121 527/1510/120 39/1016/119
f 1016/2004/124 40/1017/122 41/1018/125
f 1016/2004/124 41/1018/125 529/1512/126
f 1016/2004/124 529/1512/126 528/1511/123
f 1016/2004/124 528/1511/123 40/1017/122
f 1017/2005/127 41/1018/125 42/1019/128
f 1017/2005/127 42/1019/128 530/1513/129
f 1017/2005/127 530/1513/129 529/1512/126
f 1017/2005/127 529/1512/126 41/1018/125
f 1018/2006/130 42/1019/128 43/1020/131
f 1018/2006/130 43/1020/131 531/1514/132
f 1018/2006/130 531/1514/132 530/1513/129
f 1018/2006/130 530/1513/129 42/1019/128
f 1019/2007/133 43/1020/131 44/1021/134
f 1019/2007/133 44/1021/134 532/1515/135
f 1019/2007/133 532/1515/135 531/1514/132
f 1019/2007/133 531/1514/132 43/1020/131
f 1020/2008/136 44/1021/134 45/1022/137
f 1020/2008/136 45/1022/137 533/1516/138
f 1020/2008/136 533/1516/138 532/1515/135
f 1020/2008/136 532/1515/135 44/1021/134
f 1021/2009/139 45/1022/137 46/1023/140
f 1021/2009/139 46/1023/140 534/1517/141
f 1021/2009/139 534/1517/141 533/1516/138
f 1021/2009/139 533/1516/138 45/1022/137
f 1022/2010/142 46/1023/140 47/1024/143
f 1022/2010/142 47/1024/143 535/1518/144
f 1022/2010/142 535/1518/144 534/1517/141
f 1022/2010/142 534/1517/141 46/1023/140
f 1023/2011/145 47/1024/143 48/1025/146
f 1023/2011/145 48/1025/146 536/1519/147
f 1023/2011/145 536/1519/147 535/1518/144
f 1023/2011/145 535/1518/144 47/1024/143
f 1024/2012/148 48/1025/146 49/1026/149
f 1024/2012/148 49/1026/149 537/1520/150
f 1024/2012/148 537/1520/150 536/1519/147
f 1024/2012/148 536/1519/147 48/1025/146
f 1025/2013/151 49/1026/149 50/1027/152
f 1025/2013/151 50/1027/152 538/1521/153
f 1025/2013/151 538/1521/153 537/1520/150
f 1025/2013/151 537/1520/150 49/1026/149
f 1026/2014/154 50/1027/152 51/1028/155
f 1026/2014/154 51/1028/155 539/1522/156
f 1026/2014/154 539/1522/156 538/1521/153
f 1026/2014/154 538/1521/153 50/1027/152
f 1027/2015/157 51/1028/155 52/1029/158
f 1027/2015/157 52/1029/158 540/1523/159
f 1027/2015/157 540/1523/159 539/1522/156
f 1027/2015/157 539/1522/156 51/1028/155
f 1028/2016/160 52/1029/158 53/1030/161
f 1028/2016/160 53/1030/161 541/1524/162
f 1028/2016/160 541/1524/162 540/1523/159
f 1028/2016/160 540/1523/159 52/1029/158
f 1029/2017/163 53/1030/161 54/1031/164
f 1029/2017/163 54/1031/164 542/1525/165
f 1029/2017/163 542/1525/165 541/1524/162
f 1029/2017/163 541/1524/162 53/1030/161
f 1030/2018/166 54/1031/164 55/1032/167
f 1030/2018/166 55/1032/167 543/1526/168
f 1030/2018/166 543/1526/168 542/1525/165
f 1030/2018/166 542/1525/165 54/1031/164
f 1031/2019/169 55/1032/167 56/1033/170
f 1031/2019/169 56/1033/170 544/1527/171
f 1031/2019/169 544/1527/171 543/1526/168
f 1031/2019/169 543/1526/168 55/1032/167
f 1032/2020/172 56/1033/170 57/1034/173
f 1032/2020/172 57/1034/173 545/1528/174
f 1032/2020/172 545/1528/174 544/1527/171
f 1032/2020/172 544/1527/171 56/1033/170
f 1033/2021/175 57/1034/173 58/1035/176
f 1033/2021/175 58/1035/176 546/1529/177
f 1033/2021/175 546/1529/177 545/1528/174
f 1033/2021/175 545/1528/174 57/1034/173
f 1034/2022/178 58/1035/176 59/1036/179
f 1034/2022/178 59/1036/179 547/1530/180
f 1034/2022/178 547/1530/180 546/1529/177
f 1034/2022/178 546/1529/177 58/1035/176
f 1035/2023/181 59/1036/179 60/1037/182
f 1035/2023/181 60/1037/182 548/1531/183
f 1035/2023/181 548/1531/183 547/1530/180
f 1035/2023/181 547/1530/180 59/1036/179
f 1036/2024/184 60/1037/182 61/1038/185
f 1036/2024/184 61/1038/185 549/1532/186
f 1036/2024/184 549/1532/186 548/1531/183
f 1036/2024/184 548/1531/183 60/1037/182
f 1037/2025/187 61/1038/185 62/1039/188
f 1037/2025/187 62/1039/188 550/1533/189
f 1037/2025/187 550/1533/189 549/1532/186
f 1037/2025/187 549/1532/186 61/1038/185
f 1038/2026/190 62/1039/188 63/1040/191
f 1038/2026/190 63/1040/191 551/1534/192
f 1038/2026/190 551/1534/192 550/1533/189
f 1038/2026/190 550/1533/189 62/1039/188
f 1039/2027/193 63/1040/191 64/1041/194
f 1039/2027/193 64/1041/194 552/1535/195
f 1039/2027/193 552/1535/195 551/1534/192
f 1039/2027/193 551/1534/192 63/1040/191
f 1040/2028/196 64/1041/194 65/1042/197
f 1040/2028/196 65/1042/197 553/1536/198
f 1040/2028/196 553/1536/198 552/1535/195
f 1040/2028/196 552/1535/195 64/1041/194
f 1041/2029/199 65/1042/197 66/1043/200
f 1041/2029/199 66/1043/200 554/1537/201
f 1041/2029/199 554/1537/201 553/1536/198
f 1041/2029/199 553/1536/198 65/1042/197
f 1042/2030/202 66/1043/200 67/1044/203
f 1042/2030/202 67/1044/203 555/1538/204
f 1042/2030/202 555/1538/204 554/1537/201
f 1042/2030/202 554/1537/201 66/1043/200
f 1043/2031/205 67/1044/203 68/1045/206
f 1043/2031/205 68/1045/206 556/1539/207
f 1043/2031/205 556/1539/207 555/1538/204
f 1043/2031/205 555/1538/204 67/1044/203
f 1044/2032/208 68/1045/206 69/1046/209
f 1044/2032/208 69/1046/209 557/1540/210
f 1044/2032/208 557/1540/210 556/1539/207
f 1044/2032/208 556/1539/207 68/1045/206
f 1045/2033/211 69/1046/209 70/1047/212
f 1045/2033/211 70/1047/212 558/1541/213
f 1045/2033/211 558/1541/213 557/1540/210
f 1045/2033/211 557/1540/210 69/1046/209
f 1046/2034/214 70/1047/212 71/1048/215
f 1046/2034/214 71/1048/215 559/1542/216
f 1046/2034/214 559/1542/216 558/1541/213
f 1046/2034/214 558/1541/213 70/1047/212
f 1047/2035/217 71/1048/215 72/1049/218
f 1047/2035/217 72/1049/218 560/1543/219
f 1047/2035/217 560/1543/219 559/1542/216
f 1047/2035/217 559/1542/216 71/1048/215
f 1048/2036/220 72/1049/218 73/1050/221
f 1048/2036/220 73/1050/221 561/1544/222
f 1048/2036/220 561/1544/222 560/1543/219
f 1048/2036/220 560/1543/219 72/1049/218
f 1049/2037/223 73/1050/221 74/1051/224
f 1049/2037/223 74/1051/224 562/1545/225
f 1049/2037/223 562/1545/225 561/1544/222
f 1049/2037/223 561/1544/222 73/1050/221
f 1050/2038/226 74/1051/224 75/1052/227
f 1050/2038/226 75/1052/227 563/1546/228
f 1050/2038/226 563/1546/228 562/1545/225
f 1050/2038/226 562/1545/225 74/1051/224
f 1051/2039/229 75/1052/227 76/1053/230
f 1051/2039/229 76/1053/230 564/1547/231
f 1051/2039/229 564/1547/231 563/1546/228
f 1051/2039/229 563/1546/228 75/1052/227
f 1052/2040/232 76/1053/230 77/1054/233
f 1052/2040/232 77/1054/233 565/1548/234
f 1052/2040/232 565/1548/234 564/1547/231
f 1052/2040/232 564/1547/231 76/1053/230
f 1053/2041/235 77/1054/233 78/1055/236
f 1053/2041/235 78/1055/236 566/1549/237
f 1053/2041/235 566/1549/237 565/1548/234
f 1053/2041/235 565/1548/234 77/1054/233
f 1054/2042/238 78/1055/236 79/1056/239
f 1054/2042/238 79/1056/239 567/1550/240
f 1054/2042/238 567/1550/240 566/1549/237
f 1054/2042/238 566/1549/237 78/1055/236
f 1055/2043/241 79/1056/239 80/1057/242
f 1055/2043/241 80/1057/242 568/1551/243
f 1055/2043/241 568/1551/243 567/1550/240
f 1055/2043/241 567/1550/240 79/1056/239
f 1056/2044/244 80/1057/242 81/1058/245
f 1056/2044/244 81/1058/245 569/1552/246
f 1056/2044/244 569/1552/246 568/1551/243
f 1056/2044/244 568/1551/243 80/1057/242
f 1057/2045/247 81/1058/245 82/1059/248
f 1057/2045/247 82/1059/248 570/1553/249
f 1057/2045/247 570/1553/249 569/1552/246
f 1057/2045/247 569/1552/246 81/1058/245
f 1058/2046/250 82/1059/248 83/1060/251
f 1058/2046/250 83/1060/251 571/1554/252
f 1058/2046/250 571/1554/252 570/1553/249
f 1058/2046/250 570/1553/249 82/1059/248
f 1059/2047/253 83/1060/251 84/1061/254
f 1059/2047/253 84/1061/254 572/1555/255
f 1059/2047/253 572/1555/255 571/1554/252
f 1059/2047/253 571/1554/252 83/1060/251
f 1060/2048/256 84/1061/254 85/1062/257
f 1060/2048/256 85/1062/257 573/1556/258
f 1060/2048/256 573/1556/258 572/1555/255
f 1060/2048/256 572/1555/255 84/1061/254
f 1061/2049/259 85/1062/257 86/1063/260
f 1061/2049/259 86/1063/260 574/1557/261
f 1061/2049/259 574/1557/261 573/1556/258
f 1061/2049/259 573/1556/258 85/1062/257
f 1062/2050/262 86/1063/260 87/1064/263
f 1062/2050/262 87/1064/263 575/1558/264
f 1062/2050/262 575/1558/264 574/1557/261
f 1062/2050/262 574/1557/261 86/1063/260
f 1063/2051/265 87/1064/263 88/1065/266
f 1063/2051/265 88/1065/266 576/1559/267
f 1063/2051/265 576/1559/267 575/1558/264
f 1063/2051/265 575/1558/264 87/1064/263
f 1064/2052/268 88/1065/266 89/1066/269
f 1064/2052/268 89/1066/269 577/1560/270
f 1064/2052/268 577/1560/270 576/1559/267
f 1064/2052/268 576/1559/267 88/1065/266
f 1065/2053/271 89/1066/269 90/1067/272
f 1065/2053/271 90/1067/272 578/1561/273
f 1065/2053/271 578/1561/273 577/1560/270
f 1065/2053/271 577/1560/270 89/1066/269
f 1066/2054/274 90/1067/272 91/1068/275
f 1066/2054/274 91/1068/275 579/1562/276
f 1066/2054/274 579/1562/276 578/1561/273
f 1066/2054/274 578/1561/273 90/1067/272
f 1067/2055/277 91/1068/275 92/1069/278
f 1067/2055/277 92/1069/278 580/1563/279
f 1067/2055/277 580/1563/279 579/1562/276
f 1067/2055/277 579/1562/276 91/1068/275
f 1068/2056/280 92/1069/278 93/1070/281
f 1068/2056/280 93/1070/281 581/1564/282
f 1068/2056/280 581/1564/282 580/1563/279
f 1068/2056/280 580/1563/279 92/1069/278
f 1069/2057/283 93/1070/281 94/1071/284
f 1069/2057/283 94/1071/284 582/1565/285
f 1069/2057/283 582/1565/285 581/1564/282
f 1069/2057/283 581/1564/282 93/1070/281
f 1070/2058/286 94/1071/284 95/1072/287
f 1070/2058/286 95/1072/287 583/1566/288
f 1070/2058/286 583/1566/288 582/1565/285
f 1070/2058/286 582/1565/285 94/1071/284
f 1071/2059/289 95/1072/287 96/1073/290
f 1071/2059/289 96/1073/290 584/1567/291
f 1071/2059/289 584/1567/291 583/1566/288
f 1071/2059/289 583/1566/288 95/1072/287
f 1072/2060/292 96/1073/290 97/1074/293
f 1072/2060/292 97/1074/293 585/1568/294
f 1072/2060/292 585/1568/294 584/1567/291
f 1072/2060/292 584/1567/291 96/1073/290
f 1073/2061/295 97/1074/293 98/1075/296
f 1073/2061/295 98/1075/296 586/1569/297
f 1073/2061/295 586/1569/297 585/1568/294
f 1073/2061/295 585/1568/294 97/1074/293
f 1074/2062/298 98/1075/296 99/1076/299
f 1074/2062/298 99/1076/299 587/1570/300
f 1074/2062/298 587/1570/300 586/1569/297
f 1074/2062/298 586/1569/297 98/1075/296
f 1075/2063/301 99/1076/299 100/1077/302
f 1075/2063/301 100/1077/302 588/1571/303
f 1075/2063/301 588/1571/303 587/1570/300
f 1075/2063/301 587/1570/300 99/1076/299
f 1076/2064/304 100/1077/302 101/1078/305
f 1076/2064/304 101/1078/305 589/1572/306
f 1076/2064/304 589/1572/306 588/1571/303
f 1076/2064/304 588/1571/303 100/1077/302
f 1077/2065/307 101/1078/305 102/1079/308
f 1077/2065/307 102/1079/308 590/1573/309
f 1077/2065/307 590/1573/309 589/1572/306
f 1077/2065/307 589/1572/306 101/1078/305
f 1078/2066/310 102/1079/308 103/1080/311
f 1078/2066/310 103/1080/311 591/1574/312
f 1078/2066/310 591/1574/312 590/1573/309
f 1078/2066/310 590/1573/309 102/1079/308
f 1079/2067/313 103/1080/311 104/1081/314
f 1079/2067/313 104/1081/314 592/1575/315
f 1079/2067/313 592/1575/315 591/1574/312
f 1079/2067/313 591/1574/312 103/1080/311
f 1080/2068/316 104/1081/314 105/1082/317
f 1080/2068/316 105/1082/317 593/1576/318
f 1080/2068/316 593/1576/318 592/1575/315
f 1080/2068/316 592/1575/315 104/1081/314
f 1081/2069/319 105/1082/317 106/1083/320
f 1081/2069/319 106/1083/320 594/1577/321
f 1081/2069/319 594/1577/321 593/1576/318
f 1081/2069/319 593/1576/318 105/1082/317
f 1082/2070/322 106/1083/320 107/1084/323
f 1082/2070/322 107/1084/323 595/1578/324
f 1082/2070/322 595/1578/324 594/1577/321
f 1082/2070/322 594/1577/321 106/1083/320
f 1083/2071/325 107/1084/323 108/1085/326
f 1083/2071/325 108/1085/326 596/1579/327
f 1083/2071/325 596/1579/327 595/1578/324
f 1083/2071/325 595/1578/324 107/1084/323
f 1084/2072/328 108/1085/326 109/1086/329
f 1084/2072/328 109/1086/329 597/1580/330
f 1084/2072/328 597/1580/330 596/1579/327
f 1084/2072/328 596/1579/327 108/1085/326
f 1085/2073/331 109/1086/329 110/1087/332
f 1085/2073/331 110/1087/332 598/1581/333
f 1085/2073/331 598/1581/333 597/1580/330
f 1085/2073/331 597/1580/330 109/1086/329
f 1086/2074/334 110/1087/332 111/1088/335
f 1086/2074/334 111/1088/335 599/1582/336
f 1086/2074/334 599/1582/336 598/1581/333
f 1086/2074/334 598/1581/333 110/1087/332
f 1087/2075/337 111/1088/335 112/1089/338
f 1087/2075/337 112/1089/338 600/1583/339
f 1087/2075/337 600/1583/339 599/1582/336
f 1087/2075/337 599/1582/336 111/1088/335
f 1088/2076/340 112/1089/338 113/1090/341
f 1088/2076/340 113/1090/341 601/1584/342
f 1088/2076/340 601/1584/342 600/1583/339
f 1088/2076/340 600/1583/339 112/1089/338
f 1089/2077/343 113/1090/341 114/1091/344
f 1089/2077/343 114/1091/344 602/1585/345
f 1089/2077/343 602/1585/345 601/1584/342
f 1089/2077/343 601/1584/342 113/1090/341
f 1090/2078/346 114/1091/344 115/1092/347
f 1090/2078/346 115/1092/347 603/1586/348
f 1090/2078/346 603/1586/348 602/1585/345
f 1090/2078/346 602/1585/345 114/1091/344
f 1091/2079/349 115/1092/347 116/1093/350
f 1091/2079/349 116/1093/350 604/1587/351
f 1091/2079/349 604/1587/351 603/1586/348
f 1091/2079/349 603/1586/348 115/1092/347
f 1092/2080/352 116/1093/350 117/1094/353
f 1092/2080/352 117/1094/353 605/1588/354
f 1092/2080/352 605/1588/354 604/1587/351
f 1092/2080/352 604/1587/351 116/1093/350
f 1093/2081/355 117/1094/353 118/1095/356
f 1093/2081/355 118/1095/356 606/1589/357
f 1093/2081/355 606/1589/357 605/1588/354
f 1093/2081/355 605/1588/354 117/1094/353
f 1094/2082/358 118/1095/356 119/1096/359
f 1094/2082/358 119/1096/359 607/1590/360
f 1094/2082/358 607/1590/360 606/1589/357
f 1094/2082/358 606/1589/357 118/1095/356
f 1095/2083/361 119/1096/359 120/1097/362
f 1095/2083/361 120/1097/362 608/1591/363
f 1095/2083/361 608/1591/363 607/1590/360
f 1095/2083/361 607/1590/360 119/1096/359
f 1096/2084/364 120/1097/362 121/1098/365
f 1096/2084/364 121/1098/365 609/1592/366
f 1096/2084/364 609/1592/366 608/1591/363
f 1096/2084/364 608/1591/363 120/1097/362
f 1097/2085/367 121/1098/365 122/1099/368
f 1097/2085/367 122/1099/368 610/1593/369
f 1097/2085/367 610/1593/369 609/1592/366
f 1097/2085/367 609/1592/366 121/1098/365
f 1098/2086/370 122/1099/368 123/1100/371
f 1098/2086/370 123/1100/371 611/1594/372
f 1098/2086/370 611/1594/372 610/1593/369
f 1098/2086/370 610/1593/369 122/1099/368
f 1099/2087/373 123/1100/371 124/1101/374
f 1099/2087/373 124/1101/374 612/1595/375
f 1099/2087/373 612/1595/375 611/1594/372
f 1099/2087/373 611/1594/372 123/1100/371
f 1100/2088/376 124/1101/374 125/1102/377
f 1100/2088/376 125/1102/377 613/1596/378
f 1100/2088/376 613/1596/378 612/1595/375
f 1100/2088/376 612/1595/375 124/1101/374
f 1101/2089/379 125/1102/377 126/1103/380
f 1101/2089/379 126/1103/380 614/1597/381
f 1101/2089/379 614/1597/381 613/1596/378
f 1101/2089/379 613/1596/378 125/1102/377
f 1102/2090/382 126/1103/380 127/1104/383
f 1102/2090/382 127/1104/383 615/1598/384
f 1102/2090/382 615/1598/384 614/1597/381
f 1102/2090/382 614/1597/381 126/1103/380
f 1103/2091/385 127/1104/383 128/1105/386
f 1103/2091/385 128/1105/386 616/1599/387
f 1103/2091/385 616/1599/387 615/1598/384
f 1103/2091/385 615/1598/384 127/1104/383
f 1104/2092/388 128/1105/386 129/1106/389
f 1104/2092/388 129/1106/389 617/1600/390
f 1104/2092/388 617/1600/390 616/1599/387
f 1104/2092/388 616/1599/387 128/1105/386
f 1105/2093/391 129/1106/389 130/1107/392
f 1105/2093/391 130/1107/392 618/1601/393
f 1105/2093/391 618/1601/393 617/1600/390
f 1105/2093/391 617/1600/390 129/1106/389
f 1106/2094/394 130/1107/392 131/1108/395
f 1106/2094/394 131/1108/395 619/1602/396
f 1106/2094/394 619/1602/396 618/1601/393
f 1106/2094/394 618/1601/393 130/1107/392
f 1107/2095/397 131/1108/395 132/1109/398
f 1107/2095/397 132/1109/398 620/1603/399
f 1107/2095/397 620/1603/399 619/1602/396
f 1107/2095/397 619/1602/396 131/1108/395
f 1108/2096/400 132/1109/398 133/1110/401
f 1108/2096/400 133/1110/401 621/1604/402
f 1108/2096/400 621/1604/402 620/1603/399
f 1108/2096/400 620/1603/399 132/1109/398
f 1109/2097/403 133/1110/401 134/1111/404
f 1109/2097/403 134/1111/404 622/1605/405
f 1109/2097/403 622/1605/405 621/1604/402
f 1109/2097/403 621/1604/402 133/1110/401
f 1110/2098/406 134/1111/404 135/1112/407
f 1110/2098/406 135/1112/407 623/1606/408
f 1110/2098/406 623/1606/408 622/1605/405
f 1110/2098/406 622/1605/405 134/1111/404
f 1111/2099/409 135/1112/407 136/1113/410
f 1111/2099/409 136/1113/410 624/1607/411
f 1111/2099/409 624/1607/411 623/1606/408
f 1111/2099/409 623/1606/408 135/1112/407
f 1112/2100/412 136/1113/410 137/1114/413
f 1112/2100/412 137/1114/413 625/1608/414
f 1112/2100/412 625/1608/414 624/1607/411
f 1112/2100/412 624/1607/411 136/1113/410
f 1113/2101/415 137/1114/413 138/1115/416
f 1113/2101/415 138/1115/416 626/1609/417
f 1113/2101/415 626/1609/417 625/1608/414
f 1113/2101/415 625/1608/414 137/1114/413
f 1114/2102/418 138/1115/416 139/1116/419
f 1114/2102/418 139/1116/419 627/1610/420
f 1114/2102/418 627/1610/420 626/1609/417
f 1114/2102/418 626/1609/417 138/1115/416
f 1115/2103/421 139/1116/419 140/1117/422
f 1115/2103/421 140/1117/422 628/1611/423
f 1115/2103/421 628/1611/423 627/1610/420
f 1115/2103/421 627/1610/420 139/1116/419
f 1116/2104/424 140/1117/422 141/1118/425
f 1116/2104/424 141/1118/425 629/1612/426
f 1116/2104/424 629/1612/426 628/1611/423
f 1116/2104/424 628/1611/423 140/1117/422
f 1117/2105/427 141/1118/425 142/1119/428
f 1117/2105/427 142/1119/428 630/1613/429
f 1117/2105/427 630/1613/429 629/1612/426
f 1117/2105/427 629/1612/426 141/1118/425
f 1118/2106/430 142/1119/428 143/1120/431
f 1118/2106/430 143/1120/431 631/1614/432
f 1118/2106/430 631/1614/432 630/1613/429
f 1118/2106/430 630/1613/429 142/1119/428
f 1119/2107/433 143/1120/431 144/1121/434
f 1119/2107/433 144/1121/434 632/1615/435
f 1119/2107/433 632/1615/435 631/1614/432
f 1119/2107/433 631/1614/432 143/1120/431
f 1120/2108/436 144/1121/434 145/1122/437
f 1120/2108/436 145/1122/437 633/1616/438
f 1120/2108/436 633/1616/438 632/1615/435
f 1120/2108/436 632/1615/435 144/1121/434
f 1121/2109/439 145/1122/437 146/1123/440
f 1121/2109/439 146/1123/440 634/1617/441
f 1121/2109/439 634/1617/441 633/1616/438
f 1121/2109/439 633/1616/438 145/1122/437
f 1122/2110/442 146/1123/440 147/1124/443
f 1122/2110/442 147/1124/443 635/1618/444
f 1122/2110/442 635/1618/444 634/1617/441
f 1122/2110/442 634/1617/441 146/1123/440
f 1123/2111/445 147/1124/443 148/1125/446
f 1123/2111/445 148/1125/446 636/1619/447
f 1123/2111/445 636/1619/447 635/1618/444
f 1123/2111/445 635/1618/444 147/1124/443
f 1124/2112/448 148/1125/446 149/1126/449
f 1124/2112/448 149/1126/449 637/1620/450
f 1124/2112/448 637/1620/450 636/1619/447
f 1124/2112/448 636/1619/447 148/1125/446
f 1125/2113/451 149/1126/449 150/1127/452
f 1125/2113/451 150/1127/452 638/1621/453
f 1125/2113/451 638/1621/453 637/1620/450
f 1125/2113/451 637/1620/450 149/1126/449
f 1126/2114/454 150/1127/452 151/1128/455
f 1126/2114/454 151/1128/455 639/1622/456
f 1126/2114/454 639/1622/456 638/1621/453
f 1126/2114/454 638/1621/453 150/1127/452
f 1127/2115/457 151/1128/455 152/1129/458
f 1127/2115/457 152/1129/458 640/1623/459
f 1127/2115/457 640/1623/459 639/1622/456
f 1127/2115/457 639/1622/456 151/1128/455
f 1128/2116/460 152/1129/458 153/1130/461
f 1128/2116/460 153/1130/461 641/1624/462
f 1128/2116/460 641/1624/462 640/1623/459
f 1128/2116/460 640/1623/459 152/1129/458
f 1129/2117/463 153/1130/461 154/1131/464
f 1129/2117/463 154/1131/464 642/1625/465
f 1129/2117/463 642/1625/465 641/1624/462
f 1129/2117/463 641/1624/462 153/1130/461
f 1130/2118/466 154/1131/464 155/1132/467
f 1130/2118/466 155/1132/467 643/1626/468
f 1130/2118/466 643/1626/468 642/1625/465
f 1130/2118/466 642/1625/465 154/1131/464
f 1131/2119/469 155/1132/467 156/1133/470
f 1131/2119/469 156/1133/470 644/1627/471
f 1131/2119/469 644/1627/471 643/1626/468
f 1131/2119/469 643/1626/468 155/1132/467
f 1132/2120/472 156/1133/470 157/1134/473
f 1132/2120/472 157/1134/473 645/1628/474
f 1132/2120/472 645/1628/474 644/1627/471
f 1132/2120/472 644/1627/471 156/1133/470
f 1133/2121/475 157/1134/473 158/1135/476
f 1133/2121/475 158/1135/476 646/1629/477
f 1133/2121/475 646/1629/477 645/1628/474
f 1133/2121/475 645/1628/474 157/1134/473
f 1134/2122/478 158/1135/476 159/1136/479
f 1134/2122/478 159/1136/479 647/1630/480
f 1134/2122/478 647/1630/480 646/1629/477
f 1134/2122/478 646/1629/477 158/1135/476
f 1135/2123/481 159/1136/479 160/1137/482
f 1135/2123/481 160/1137/482 648/1631/483
f 1135/2123/481 648/1631/483 647/1630/480
f 1135/2123/481 647/1630/480 159/1136/479
f 1136/2124/484 160/1137/482 161/1138/485
f 1136/2124/484 161/1138/485 649/1632/486
f 1136/2124/484 649/1632/486 648/1631/483
f 1136/2124/484 648/1631/483 160/1137/482
f 1137/2125/487 161/1138/485 162/1139/488
f 1137/2125/487 162/1139/488 650/1633/489
f 1137/2125/487 650/1633/489 649/1632/486
f 1137/2125/487 649/1632/486 161/1138/485
f 1138/2126/490 162/1139/488 163/1140/491
f 1138/2126/490 163/1140/491 651/1634/492
f 1138/2126/490 651/1634/492 650/1633/489
f 1138/2126/490 650/1633/489 162/1139/488
f 1139/2127/493 163/1140/491 164/1141/494
f 1139/2127/493 164/1141/494 652/1635/495
f 1139/2127/493 652/1635/495 651/1634/492
f 1139/2127/493 651/1634/492 163/1140/491
f 1140/2128/496 164/1141/494 165/1142/497
f 1140/2128/496 165/1142/497 653/1636/498
f 1140/2128/496 653/1636/498 652/1635/495
f 1140/2128/496 652/1635/495 164/1141/494
f 1141/2129/499 165/1143/497 166/1144/500
f 1141/2129/499 166/1144/500 654/1638/501
f 1141/2129/499 654/1638/501 653/1637/498
f 1141/2129/499 653/1637/498 165/1143/497
f 1142/2130/502 166/1144/500 167/1145/503
f 1142/2130/502 167/1145/503 655/1639/504
f 1142/2130/502 655/1639/504 654/1638/501
f 1142/2130/502 654/1638/501 166/1144/500
f 1143/2131/505 167/1145/503 168/1146/506
f 1143/2131/505 168/1146/506 656/1640/507
f 1143/2131/505 656/1640/507 655/1639/504
f 1143/2131/505 655/1639/504 167/1145/503
f 1144/2132/508 168/1146/506 169/1147/509
f 1144/2132/508 169/1147/509 657/1641/510
f 1144/2132/508 657/1641/510 656/1640/507
f 1144/2132/508 656/1640/507 168/1146/506
f 1145/2133/511 169/1147/509 170/1148/512
f 1145/2133/511 170/1148/512 658/1642/513
f 1145/2133/511 658/1642/513 657/1641/510
f 1145/2133/511 657/1641/510 169/1147/509
f 1146/2134/514 170/1148/512 171/1149/515
f 1146/2134/514 171/1149/515 659/1643/516
f 1146/2134/514 659/1643/516 658/1642/513
f 1146/2134/514 658/1642/513 170/1148/512
f 1147/2135/517 171/1149/515 172/1150/518
f 1147/2135/517 172/1150/518 660/1644/519
f 1147/2135/517 660/1644/519 659/1643/516
f 1147/2135/517 659/1643/516 171/1149/515
f 1148/2136/520 172/1150/518 173/1151/521
f 1148/2136/520 173/1151/521 661/1645/522
f 1148/2136/520 661/1645/522 660/1644/519
f 1148/2136/520 660/1644/519 172/1150/518
f 1149/2137/523 173/1151/521 174/1152/524
f 1149/2137/523 174/1152/524 662/1646/525
f 1149/2137/523 662/1646/525 661/1645/522
f 1149/2137/523 661/1645/522 173/1151/521
f 1150/2138/526 174/1152/524 175/1153/527
f 1150/2138/526 175/1153/527 663/1647/528
f 1150/2138/526 663/1647/528 662/1646/525
f 1150/2138/526 662/1646/525 174/1152/524
f 1151/2139/529 175/1153/527 176/1154/530
f 1151/2139/529 176/1154/530 664/1648/531
f 1151/2139/529 664/1648/531 663/1647/528
f 1151/2139/529 663/1647/528 175/1153/527
f 1152/2140/532 176/1154/530 177/1155/533
f 1152/2140/532 177/1155/533 665/1649/534
f 1152/2140/532 665/1649/534 664/1648/531
f 1152/2140/532 664/1648/531 176/1154/530
f 1153/2141/535 177/1155/533 178/1156/536
f 1153/2141/535 178/1156/536 666/1650/537
f 1153/2141/535 666/1650/537 665/1649/534
f 1153/2141/535 665/1649/534 177/1155/533
f 1154/2142/538 178/1156/536 179/1157/539
f 1154/2142/538 179/1157/539 667/1651/540
f 1154/2142/538 667/1651/540 666/1650/537
f 1154/2142/538 666/1650/537 178/1156/536
f 1155/2143/541 179/1157/539 180/1158/542
f 1155/2143/541 180/1158/542 668/1652/543
f 1155/2143/541 668/1652/543 667/1651/540
f 1155/2143/541 667/1651/540 179/1157/539
f 1156/2144/544 180/1158/542 181/1159/545
f 1156/2144/544 181/1159/545 669/1653/546
f 1156/2144/544 669/1653/546 668/1652/543
f 1156/2144/544 668/1652/543 180/1158/542
f 1157/2145/547 181/1159/545 182/1160/548
f 1157/2145/547 182/1160/548 670/1654/549
f 1157/2145/547 670/1654/549 669/1653/546
f 1157/2145/547 669/1653/546 181/1159/545
f 1158/2146/550 182/1160/548 183/1161/551
f 1158/2146/550 183/1161/551 671/1655/552
f 1158/2146/550 671/1655/552 670/1654/549
f 1158/2146/550 670/1654/549 182/1160/548
f 1159/2147/553 183/1161/551 184/1162/554
f 1159/2147/553 184/1162/554 672/1656/555
f 1159/2147/553 672/1656/555 671/1655/552
f 1159/2147/553 671/1655/552 183/1161/551
f 1160/2148/556 184/1162/554 185/1163/557
f 1160/2148/556 185/1163/557 673/1657/558
f 1160/2148/556 673/1657/558 672/1656/555
f 1160/2148/556 672/1656/555 184/1162/554
f 1161/2149/559 185/1163/557 186/1164/560
f 1161/2149/559 186/1164/560 674/1658/561
f 1161/2149/559 674/1658/561 673/1657/558
f 1161/2149/559 673/1657/558 185/1163/557
f 1162/2150/562 186/1164/560 187/1165/563
f 1162/2150/562 187/1165/563 675/1659/564
f 1162/2150/562 675/1659/564 674/1658/561
f 1162/2150/562 674/1658/561 186/1164/560
f 1163/2151/565 187/1165/563 188/1166/566
f 1163/2151/565 188/1166/566 676/1660/567
f 1163/2151/565 676/1660/567 675/1659/564
f 1163/2151/565 675/1659/564 187/1165/563
f 1164/2152/568 188/1166/566 189/1167/569
f 1164/2152/568 189/1167/569 677/1661/570
f 1164/2152/568 677/1661/570 676/1660/567
f 1164/2152/568 676/1660/567 188/1166/566
f 1165/2153/571 189/1167/569 190/1168/572
f 1165/2153/571 190/1168/572 678/1662/573
f 1165/2153/571 678/1662/573 677/1661/570
f 1165/2153/571 677/1661/570 189/1167/569
f 1166/2154/574 190/1168/572 191/1169/575
f 1166/2154/574 191/1169/575 679/1663/576
f 1166/2154/574 679/1663/576 678/1662/573
f 1166/2154/574 678/1662/573 190/1168/572
f 1167/2155/577 191/1169/575 192/1170/578
f 1167/2155/577 192/1170/578 680/1664/579
f 1167/2155/577 680/1664/579 679/1663/576
f 1167/2155/577 679/1663/576 191/1169/575
f 1168/2156/580 192/1170/578 193/1171/581
f 1168/2156/580 193/1171/581 681/1665/582
f 1168/2156/580 681/1665/582 680/1664/579
f 1168/2156/580 680/1664/579 192/1170/578
f 1169/2157/583 193/1171/581 194/1172/584
f 1169/2157/583 194/1172/584 682/1666/585
f 1169/2157/583 682/1666/585 681/1665/582
f 1169/2157/583 681/1665/582 193/1171/581
f 1170/2158/586 194/1172/584 195/1173/587
f 1170/2158/586 195/1173/587 683/1667/588
f 1170/2158/586 683/1667/588 682/1666/585
f 1170/2158/586 682/1666/585 194/1172/584
f 1171/2159/589 195/1173/587 196/1174/590
f 1171/2159/589 196/1174/590 684/1668/591
f 1171/2159/589 684/1668/591 683/1667/588
f 1171/2159/589 683/1667/588 195/1173/587
f 1172/2160/592 196/1174/590 197/1175/593
f 1172/2160/592 197/1175/593 685/1669/594
f 1172/2160/592 685/1669/594 684/1668/591
f 1172/2160/592 684/1668/591 196/1174/590
f 1173/2161/595 197/1175/593 198/1176/596
f 1173/2161/595 198/1176/596 686/1670/597
f 1173/2161/595 686/1670/597 685/1669/594
f 1173/2161/595 685/1669/594 197/1175/593
f 1174/2162/598 198/1176/596 199/1177/599
f 1174/2162/598 199/1177/599 687/1671/600
f 1174/2162/598 687/1671/600 686/1670/597
f 1174/2162/598 686/1670/597 198/1176/596
f 1175/2163/601 199/1177/599 200/1178/602
f 1175/2163/601 200/1178/602 688/1672/603
f 1175/2163/601 688/1672/603 687/1671/600
f 1175/2163/601 687/1671/600 199/1177/599
f 1176/2164/604 200/1178/602 201/1179/605
f 1176/2164/604 201/1179/605 689/1673/606
f 1176/2164/604 689/1673/606 688/1672/603
f 1176/2164/604 688/1672/603 200/1178/602
f 1177/2165/607 201/1179/605 202/1180/608
f 1177/2165/607 202/1180/608 690/1674/609
f 1177/2165/607 690/1674/609 689/1673/606
f 1177/2165/607 689/1673/606 201/1179/605
f 1178/2166/610 202/1180/608 203/1181/611
f 1178/2166/610 203/1181/611 691/1675/612
f 1178/2166/610 691/1675/612 690/1674/609
f 1178/2166/610 690/1674/609 202/1180/608
f 1179/2167/613 203/1181/611 204/1182/614
f 1179/2167/613 204/1182/614 692/1676/615
f 1179/2167/613 692/1676/615 691/1675/612
f 1179/2167/613 691/1675/612 203/1181/611
f 1180/2168/616 204/1182/614 205/1183/617
f 1180/2168/616 205/1183/617 693/1677/618
f 1180/2168/616 693/1677/618 692/1676/615
f 1180/2168/616 692/1676/615 204/1182/614
f 1181/2169/619 205/1183/617 206/1184/620
f 1181/2169/619 206/1184/620 694/1678/621
f 1181/2169/619 694/1678/621 693/1677/618
f 1181/2169/619 693/1677/618 205/1183/617
f 1182/2170/622 206/1184/620 207/1185/623
f 1182/2170/622 207/1185/623 695/1679/624
f 1182/2170/622 695/1679/624 694/1678/621
f 1182/2170/622 694/1678/621 206/1184/620
f 1183/2171/625 207/1185/623 208/1186/626
f 1183/2171/625 208/1186/626 696/1680/627
f 1183/2171/625 696/1680/627 695/1679/624
f 1183/2171/625 695/1679/624 207/1185/623
f 1184/2172/628 208/1186/626 209/1187/629
f 1184/2172/628 209/1187/629 697/1681/630
f 1184/2172/628 697/1681/630 696/1680/627
f 1184/2172/628 696/1680/627 208/1186/626
f 1185/2173/631 209/1187/629 210/1188/632
f 1185/2173/631 210/1188/632 698/1682/633
f 1185/2173/631 698/1682/633 697/1681/630
f 1185/2173/631 697/1681/630 209/1187/629
f 1186/2174/634 210/1188/632 211/1189/635
f 1186/2174/634 211/1189/635 699/1683/636
f 1186/2174/634 699/1683/636 698/1682/633
f 1186/2174/634 698/1682/633 210/1188/632
f 1187/2175/637 211/1189/635 212/1190/638
f 1187/2175/637 212/1190/638 700/1684/639
f 1187/2175/637 700/1684/639 699/1683/636
f 1187/2175/637 699/1683/636 211/1189/635
f 1188/2176/640 212/1190/638 213/1191/641
f 1188/2176/640 213/1191/641 701/1685/642
f 1188/2176/640 701/1685/642 700/1684/639
f 1188/2176/640 700/1684/639 212/1190/638
f 1189/2177/643 213/1191/641 214/1192/644
f 1189/2177/643 214/1192/644 702/1686/645
f 1189/2177/643 702/1686/645 701/1685/642
f 1189/2177/643 701/1685/642 213/1191/641
f 1190/2178/646 214/1192/644 215/1193/647
f 1190/2178/646 215/1193/647 703/1687/648
f 1190/2178/646 703/1687/648 702/1686/645
f 1190/2178/646 702/1686/645 214/1192/644
f 1191/2179/649 215/1193/647 216/1194/650
f 1191/2179/649 216/1194/650 704/1688/651
f 1191/2179/649 704/1688/651 703/1687/648
f 1191/2179/649 703/1687/648 215/1193/647
f 1192/2180/652 216/1194/650 217/1195/653
f 1192/2180/652 217/1195/653 705/1689/654
f 1192/2180/652 705/1689/654 704/1688/651
f 1192/2180/652 704/1688/651 216/1194/650
f 1193/2181/655 217/1195/653 218/1196/656
f 1193/2181/655 218/1196/656 706/1690/657
f 1193/2181/655 706/1690/657 705/1689/654
f 1193/2181/655 705/1689/654 217/1195/653
f 1194/2182/658 218/1196/656 219/1197/659
f 1194/2182/658 219/1197/659 707/1691/660
f 1194/2182/658 707/1691/660 706/1690/657
f 1194/2182/658 706/1690/657 218/1196/656
f 1195/2183/661 219/1197/659 220/1198/662
f 1195/2183/661 220/1198/662 708/1692/663
f 1195/2183/661 708/1692/663 707/1691/660
f 1195/2183/661 707/1691/660 219/1197/659
f 1196/2184/664 220/1198/662 221/1199/665
f 1196/2184/664 221/1199/665 709/1693/666
f 1196/2184/664 709/1693/666 708/1692/663
f 1196/2184/664 708/1692/663 220/1198/662
f 1197/2185/667 221/1199/665 222/1200/668
f 1197/2185/667 222/1200/668 710/1694/669
f 1197/2185/667 710/1694/669 709/1693/666
f 1197/2185/667 709/1693/666 221/1199/665
f 1198/2186/670 222/1200/668 223/1201/671
f 1198/2186/670 223/1201/671 711/1695/672
f 1198/2186/670 711/1695/672 710/1694/669
f 1198/2186/670 710/1694/669 222/1200/668
f 1199/2187/673 223/1201/671 224/1202/674
f 1199/2187/673 224/1202/674 712/1696/675
f 1199/2187/673 712/1696/675 711/1695/672
f 1199/2187/673 711/1695/672 223/1201/671
f 1200/2188/676 224/1202/674 225/1203/677
f 1200/2188/676 225/1203/677 713/1697/678
f 1200/2188/676 713/1697/678 712/1696/675
f 1200/2188/676 712/1696/675 224/1202/674
f 1201/2189/679 225/1203/677 226/1204/680
f 1201/2189/679 226/1204/680 714/1698/681
f 1201/2189/679 714/1698/681 713/1697/678
f 1201/2189/679 713/1697/678 225/1203/677
f 1202/2190/682 226/1204/680 227/1205/683
f 1202/2190/682 227/1205/683 715/1699/684
f 1202/2190/682 715/1699/684 714/1698/681
f 1202/2190/682 714/1698/681 226/1204/680
f 1203/2191/685 227/1205/683 228/1206/686
f 1203/2191/685 228/1206/686 716/1700/687
f 1203/2191/685 716/1700/687 715/1699/684
f 1203/2191/685 715/1699/684 227/1205/683
f 1204/2192/688 228/1206/686 229/1207/689
f 1204/2192/688 229/1207/689 717/1701/690
f 1204/2192/688 717/1701/690 716/1700/687
f 1204/2192/688 716/1700/687 228/1206/686
f 1205/2193/691 229/1207/689 230/1208/692
f 1205/2193/691 230/1208/692 718/1702/693
f 1205/2193/691 718/1702/693 717/1701/690
f 1205/2193/691 717/1701/690 229/1207/689
f 1206/2194/694 230/1208/692 231/1209/695
f 1206/2194/694 231/1209/695 719/1703/696
f 1206/2194/694 719/1703/696 718/1702/693
f 1206/2194/694 718/1702/693 230/1208/692
f 1207/2195/697 231/1209/695 232/1210/698
f 1207/2195/697 232/1210/698 720/1704/699
f 1207/2195/697 720/1704/699 719/1703/696
f 1207/2195/697 719/1703/696 231/1209/695
f 1208/2196/700 232/1210/698 233/1211/701
f 1208/2196/700 233/1211/701 721/1705/702
f 1208/2196/700 721/1705/702 720/1704/699
f 1208/2196/700 720/1704/699 232/1210/698
f 1209/2197/703 233/1211/701 234/1212/704
f 1209/2197/703 234/1212/704 722/1706/705
f 1209/2197/703 722/1706/705 721/1705/702
f 1209/2197/703 721/1705/702 233/1211/701
f 1210/2198/706 234/1212/704 235/1213/707
f 1210/2198/706 235/1213/707 723/1707/708
f 1210/2198/706 723/1707/708 722/1706/705
f 1210/2198/706 722/1706/705 234/1212/704
f 1211/2199/709 235/1213/707 236/1214/710
f 1211/2199/709 236/1214/710 724/1708/711
f 1211/2199/709 724/1708/711 723/1707/708
f 1211/2199/709 723/1707/708 235/1213/707
f 1212/2200/712 236/1214/710 237/1215/713
f 1212/2200/712 237/1215/713 725/1709/714
f 1212/2200/712 725/1709/714 724/1708/711
f 1212/2200/712 724/1708/711 236/1214/710
f 1213/2201/715 237/1215/713 238/1216/716
f 1213/2201/715 238/1216/716 726/1710/717
f 1213/2201/715 726/1710/717 725/1709/714
f 1213/2201/715 725/1709/714 237/1215/713
f 1214/2202/718 238/1216/716 239/1217/719
f 1214/2202/718 239/1217/719 727/1711/720
f 1214/2202/718 727/1711/720 726/1710/717
f 1214/2202/718 726/1710/717 238/1216/716
f 1215/2203/721 239/1217/719 240/1218/722
f 1215/2203/721 240/1218/722 728/1712/723
f 1215/2203/721 728/1712/723 727/1711/720
f 1215/2203/721 727/1711/720 239/1217/719
f 1216/2204/724 240/1218/722 241/1219/725
f 1216/2204/724 241/1219/725 729/1713/726
f 1216/2204/724 729/1713/726 728/1712/723
f 1216/2204/724 728/1712/723 240/1218/722
f 1217/2205/727 241/1219/725 242/1220/728
f 1217/2205/727 242/1220/728 730/1714/729
f 1217/2205/727 730/1714/729 729/1713/726
f 1217/2205/727 729/1713/726 241/1219/725
f 1218/2206/730 242/1220/728 243/1221/731
f 1218/2206/730 243/1221/731 731/1715/732
f 1218/2206/730 731/1715/732 730/1714/729
f 1218/2206/730 730/1714/729 242/1220/728
f 1219/2207/733 243/1221/731 244/1222/734
f 1219/2207/733 244/1222/734 732/1716/735
f 1219/2207/733 732/1716/735 731/1715/732
f 1219/2207/733 731/1715/732 243/1221/731
f 1220/2208/736 244/1222/734 245/1223/737
f 1220/2208/736 245/1223/737 733/1717/738
f 1220/2208/736 733/1717/738 732/1716/735
f 1220/2208/736 732/1716/735 244/1222/734
f 1221/2209/739 245/1224/740 246/1225/741
f 1221/2209/739 246/1225/741 734/1719/742
f 1221/2209/739 734/1719/742 733/1718/743
f 1221/2209/739 733/1718/743 245/1224/740
f 1222/2210/744 246/1226/745 247/1227/746
f 1222/2210/744 247/1227/746 735/1721/747
f 1222/2210/744 735/1721/747 734/1720/748
f 1222/2210/744 734/1720/748 246/1226/745
f 1223/2211/749 247/1227/746 248/1228/750
f 1223/2211/749 248/1228/750 736/1722/751
f 1223/2211/749 736/1722/751 735/1721/747
f 1223/2211/749 735/1721/747 247/1227/746
f 1224/2212/752 248/1228/750 249/1229/753
f 1224/2212/752 249/1229/753 737/1723/754
f 1224/2212/752 737/1723/754 736/1722/751
f 1224/2212/752 736/1722/751 248/1228/750
f 1225/2213/755 249/1229/753 250/1230/756
f 1225/2213/755 250/1230/756 738/1724/757
f 1225/2213/755 738/1724/757 737/1723/754
f 1225/2213/755 737/1723/754 249/1229/753
f 1226/2214/758 250/1230/756 251/1231/759
f 1226/2214/758 251/1231/759 739/1725/760
f 1226/2214/758 739/1725/760 738/1724/757
f 1226/2214/758 738/1724/757 250/1230/756
f 1227/2215/761 251/1231/759 252/1232/762
f 1227/2215/761 252/1232/762 740/1726/763
f 1227/2215/761 740/1726/763 739/1725/760
f 1227/2215/761 739/1725/760 251/1231/759
f 1228/2216/764 252/1232/762 253/1233/765
f 1228/2216/764 253/1233/765 741/1727/766
f 1228/2216/764 741/1727/766 740/1726/763
f 1228/2216/764 740/1726/763 252/1232/762
f 1229/2217/767 253/1233/765 254/1234/768
f 1229/2217/767 254/1234/768 742/1728/769
f 1229/2217/767 742/1728/769 741/1727/766
f 1229/2217/767 741/1727/766 253/1233/765
f 1230/2218/770 254/1234/768 255/1235/771
f 1230/2218/770 255/1235/771 743/1729/772
f 1230/2218/770 743/1729/772 742/1728/769
f 1230/2218/770 742/1728/769 254/1234/768
f 1231/2219/773 255/1235/771 256/1236/774
f 1231/2219/773 256/1236/774 744/1730/775
f 1231/2219/773 744/1730/775 743/1729/772
f 1231/2219/773 743/1729/772 255/1235/771
f 1232/2220/776 256/1236/774 257/1237/777
f 1232/2220/776 257/1237/777 745/1731/778
f 1232/2220/776 745/1731/778 744/1730/775
f 1232/2220/776 744/1730/775 256/1236/774
f 1233/2221/779 257/1237/777 258/1238/780
f 1233/2221/779 258/1238/780 746/1732/781
f 1233/2221/779 746/1732/781 745/1731/778
f 1233/2221/779 745/1731/778 257/1237/777
f 1234/2222/782 258/1238/780 259/1239/783
f 1234/2222/782 259/1239/783 747/1733/784
f 1234/2222/782 747/1733/784 746/1732/781
f 1234/2222/782 746/1732/781 258/1238/780
f 1235/2223/785 259/1239/783 260/1240/786
f 1235/2223/785 260/1240/786 748/1734/787
f 1235/2223/785 748/1734/787 747/1733/784
f 1235/2223/785 747/1733/784 259/1239/783
f 1236/2224/788 260/1240/786 261/1241/789
f 1236/2224/788 261/1241/789 749/1735/790
f 1236/2224/788 749/1735/790 748/1734/787
f 1236/2224/788 748/1734/787 260/1240/786
f 1237/2225/791 261/1241/789 262/1242/792
f 1237/2225/791 262/1242/792 750/1736/793
f 1237/2225/791 750/1736/793 749/1735/790
f 1237/2225/791 749/1735/790 261/1241/789
f 1238/2226/794 262/1242/792 263/1243/795
f 1238/2226/794 263/1243/795 751/1737/796
f 1238/2226/794 751/1737/796 750/1736/793
f 1238/2226/794 750/1736/793 262/1242/792
f 1239/2227/797 263/1243/795 264/1244/798
f 1239/2227/797 264/1244/798 752/1738/799
f 1239/2227/797 752/1738/799 751/1737/796
f 1239/2227/797 751/1737/796 263/1243/795
f 1240/2228/800 264/1244/798 265/1245/801
f 1240/2228/800 265/1245/801 753/1739/802
f 1240/2228/800 753/1739/802 752/1738/799
f 1240/2228/800 752/1738/799 264/1244/798
f 1241/2229/803 265/1245/801 266/1246/804
f 1241/2229/803 266/1246/804 754/1740/805
f 1241/2229/803 754/1740/805 753/1739/802
f 1241/2229/803 753/1739/802 265/1245/801
f 1242/2230/806 266/1246/804 267/1247/807
f 1242/2230/806 267/1247/807 755/1741/808
f 1242/2230/806 755/1741/808 754/1740/805
f 1242/2230/806 754/1740/805 266/1246/804
f 1243/2231/809 267/1247/807 268/1248/810
f 1243/2231/809 268/1248/810 756/1742/811
f 1243/2231/809 756/1742/811 755/1741/808
f 1243/2231/809 755/1741/808 267/1247/807
f 1244/2232/812 268/1248/810 269/1249/813
f 1244/2232/812 269/1249/813 757/1743/814
f 1244/2232/812 757/1743/814 756/1742/811
f 1244/2232/812 756/1742/811 268/1248/810
f 1245/2233/815 269/1249/813 270/1250/816
f 1245/2233/815 270/1250/816 758/1744/817
f 1245/2233/815 758/1744/817 757/1743/814
f 1245/2233/815 757/1743/814 269/1249/813
f 1246/2234/818 270/1250/816 271/1251/819
f 1246/2234/818 271/1251/819 759/1745/820
f 1246/2234/818 759/1745/820 758/1744/817
f 1246/2234/818 758/1744/817 270/1250/816
f 1247/2235/821 271/1251/819 272/1252/822
f 1247/2235/821 272/1252/822 760/1746/823
f 1247/2235/821 760/1746/823 759/1745/820
f 1247/2235/821 759/1745/820 271/1251/819
f 1248/2236/824 272/1252/822 273/1253/825
f 1248/2236/824 273/1253/825 761/1747/826
f 1248/2236/824 761/1747/826 760/1746/823
f 1248/2236/824 760/1746/823 272/1252/822
f 1249/2237/827 273/1253/825 274/1254/828
f 1249/2237/827 274/1254/828 762/1748/829
f 1249/2237/827 762/1748/829 761/1747/826
f 1249/2237/827 761/1747/826 273/1253/825
f 1250/2238/830 274/1254/828 275/1255/831
f 1250/2238/830 275/1255/831 763/1749/832
f 1250/2238/830 763/1749/832 762/1748/829
f 1250/2238/830 762/1748/829 274/1254/828
f 1251/2239/833 275/1255/831 276/1256/834
f 1251/2239/833 276/1256/834 764/1750/835
f 1251/2239/833 764/1750/835 763/1749/832
f 1251/2239/833 763/1749/832 275/1255/831
f 1252/2240/836 276/1256/834 277/1257/837
f 1252/2240/836 277/1257/837 765/1751/838
f 1252/2240/836 765/1751/838 764/1750/835
f 1252/2240/836 764/1750/835 276/1256/834
f 1253/2241/839 277/1257/837 278/1258/840
f 1253/2241/839 278/1258/840 766/1752/841
f 1253/2241/839 766/1752/841 765/1751/838
f 1253/2241/839 765/1751/838 277/1257/837
f 1254/2242/842 278/1258/840 279/1259/843
f 1254/2242/842 279/1259/843 767/1753/844
f 1254/2242/842 767/1753/844 766/1752/841
f 1254/2242/842 766/1752/841 278/1258/840
f 1255/2243/845 279/1259/843 280/1260/846
f 1255/2243/845 280/1260/846 768/1754/847
f 1255/2243/845 768/1754/847 767/1753/844
f 1255/2243/845 767/1753/844 279/1259/843
f 1256/2244/848 280/1260/846 281/1261/849
f 1256/2244/848 281/1261/849 769/1755/850
f 1256/2244/848 769/1755/850 768/1754/847
f 1256/2244/848 768/1754/847 280/1260/846
f 1257/2245/851 281/1261/849 282/1262/852
f 1257/2245/851 282/1262/852 770/1756/853
f 1257/2245/851 770/1756/853 769/1755/850
f 1257/2245/851 769/1755/850 281/1261/849
f 1258/2246/854 282/1262/852 283/1263/855
f 1258/2246/854 283/1263/855 771/1757/856
f 1258/2246/854 771/1757/856 770/1756/853
f 1258/2246/854 770/1756/853 282/1262/852
f 1259/2247/857 283/1263/855 284/1264/858
f 1259/2247/857 284/1264/858 772/1758/859
f 1259/2247/857 772/1758/859 771/1757/856
f 1259/2247/857 771/1757/856 283/1263/855
f 1260/2248/860 284/1264/858 285/1265/861
f 1260/2248/860 285/1265/861 773/1759/862
f 1260/2248/860 773/1759/862 772/1758/859
f 1260/2248/860 772/1758/859 284/1264/858
f 1261/2249/863 285/1265/861 286/1266/864
f 1261/2249/863 286/1266/864 774/1760/865
f 1261/2249/863 774/1760/865 773/1759/862
f 1261/2249/863 773/1759/862 285/1265/861
f 1262/2250/866 286/1266/864 287/1267/867
f 1262/2250/866 287/1267/867 775/1761/868
f 1262/2250/866 775/1761/868 774/1760/865
f 1262/2250/866 774/1760/865 286/1266/864
f 1263/2251/869 287/1267/867 288/1268/870
f 1263/2251/869 288/1268/870 776/1762/871
f 1263/2251/869 776/1762/871 775/1761/868
f 1263/2251/869 775/1761/868 287/1267/867
f 1264/2252/872 288/1268/870 289/1269/873
f 1264/2252/872 289/1269/873 777/1763/874
f 1264/2252/872 777/1763/874 776/1762/871
f 1264/2252/872 776/1762/871 288/1268/870
f 1265/2253/875 289/1269/873 290/1270/876
f 1265/2253/875 290/1270/876 778/1764/877
f 1265/2253/875 778/1764/877 777/1763/874
f 1265/2253/875 777/1763/874 289/1269/873
f 1266/2254/878 290/1270/876 291/1271/879
f 1266/2254/878 291/1271/879 779/1765/880
f 1266/2254/878 779/1765/880 778/1764/877
f 1266/2254/878 778/1764/877 290/1270/876
f 1267/2255/881 291/1271/879 292/1272/882
f 1267/2255/881 292/1272/882 780/1766/883
f 1267/2255/881 780/1766/883 779/1765/880
f 1267/2255/881 779/1765/880 291/1271/879
f 1268/2256/884 292/1272/882 293/1273/885
f 1268/2256/884 293/1273/885 781/1767/886
f 1268/2256/884 781/1767/886 780/1766/883
f 1268/2256/884 780/1766/883 292/1272/882
f 1269/2257/887 293/1273/885 294/1274/888
f 1269/2257/887 294/1274/888 782/1768/889
f 1269/2257/887 782/1768/889 781/1767/886
f 1269/2257/887 781/1767/886 293/1273/885
f 1270/2258/890 294/1274/888 295/1275/891
f 1270/2258/890 295/1275/891 783/1769/892
f 1270/2258/890 783/1769/892 782/1768/889
f 1270/2258/890 782/1768/889 294/1274/888
f 1271/2259/893 295/1275/891 296/1276/894
f 1271/2259/893 296/1276/894 784/1770/895
f 1271/2259/893 784/1770/895 783/1769/892
f 1271/2259/893 783/1769/892 295/1275/891
f 1272/2260/896 296/1276/894 297/1277/897
f 1272/2260/896 297/1277/897 785/1771/898
f 1272/2260/896 785/1771/898 784/1770/895
f 1272/2260/896 784/1770/895 296/1276/894
f 1273/2261/899 297/1277/897 298/1278/900
f 1273/2261/899 298/1278/900 786/1772/901
f 1273/2261/899 786/1772/901 785/1771/898
f 1273/2261/899 785/1771/898 297/1277/897
f 1274/2262/902 298/1278/900 299/1279/903
f 1274/2262/902 299/1279/903 787/1773/904
f 1274/2262/902 787/1773/904 786/1772/901
f 1274/2262/902 786/1772/901 298/1278/900
f 1275/2263/905 299/1279/903 300/1280/906
f 1275/2263/905 300/1280/906 788/1774/907
f 1275/2263/905 788/1774/907 787/1773/904
f 1275/2263/905 787/1773/904 299/1279/903
f 1276/2264/908 300/1280/906 301/1281/909
f 1276/2264/908 301/1281/909 789/1775/910
f 1276/2264/908 789/1775/910 788/1774/907
f 1276/2264/908 788/1774/907 300/1280/906
f 1277/2265/911 301/1281/909 302/1282/912
f 1277/2265/911 302/1282/912 790/1776/913
f 1277/2265/911 790/1776/913 789/1775/910
f 1277/2265/911 789/1775/910 301/1281/909
f 1278/2266/914 302/1282/912 303/1283/915
f 1278/2266/914 303/1283/915 791/1777/916
f 1278/2266/914 791/1777/916 790/1776/913
f 1278/2266/914 790/1776/913 302/1282/912
f 1279/2267/917 303/1283/915 304/1284/918
f 1279/2267/917 304/1284/918 792/1778/919
f 1279/2267/917 792/1778/919 791/1777/916
f 1279/2267/917 791/1777/916 303/1283/915
f 1280/2268/920 304/1284/918 305/1285/921
f 1280/2268/920 305/1285/921 793/1779/922
f 1280/2268/920 793/1779/922 792/1778/919
f 1280/2268/920 792/1778/919 304/1284/918
f 1281/2269/923 305/1285/921 306/1286/924
f 1281/2269/923 306/1286/924 794/1780/925
f 1281/2269/923 794/1780/925 793/1779/922
f 1281/2269/923 793/1779/922 305/1285/921
f 1282/2270/926 306/1286/924 307/1287/927
f 1282/2270/926 307/1287/927 795/1781/928
f 1282/2270/926 795/1781/928 794/1780/925
f 1282/2270/926 794/1780/925 306/1286/924
f 1283/2271/929 307/1287/927 308/1288/930
f 1283/2271/929 308/1288/930 796/1782/931
f 1283/2271/929 796/1782/931 795/1781/928
f 1283/2271/929 795/1781/928 307/1287/927
f 1284/2272/932 308/1288/930 309/1289/933
f 1284/2272/932 309/1289/933 797/1783/934
f 1284/2272/932 797/1783/934 796/1782/931
f 1284/2272/932 796/1782/931 308/1288/930
f 1285/2273/935 309/1289/933 310/1290/936
f 1285/2273/935 310/1290/936 798/1784/937
f 1285/2273/935 798/1784/937 797/1783/934
f 1285/2273/935 797/1783/934 309/1289/933
f 1286/2274/938 310/1290/936 311/1291/939
f 1286/2274/938 311/1291/939 799/1785/940
f 1286/2274/938 799/1785/940 798/1784/937
f 1286/2274/938 798/1784/937 310/1290/936
f 1287/2275/941 311/1291/939 312/1292/942
f 1287/2275/941 312/1292/942 800/1786/943
f 1287/2275/941 800/1786/943 799/1785/940
f 1287/2275/941 799/1785/940 311/1291/939
f 1288/2276/944 312/1292/942 313/1293/945
f 1288/2276/944 313/1293/945 801/1787/946
f 1288/2276/944 801/1787/946 800/1786/943
f 1288/2276/944 800/1786/943 312/1292/942
f 1289/2277/947 313/1293/945 314/1294/948
f 1289/2277/947 314/1294/948 802/1788/949
f 1289/2277/947 802/1788/949 801/1787/946
f 1289/2277/947 801/1787/946 313/1293/945
f 1290/2278/950 314/1294/948 315/1295/951
f 1290/2278/950 315/1295/951 803/1789/952
f 1290/2278/950 803/1789/952 802/1788/949
f 1290/2278/950 802/1788/949 314/1294/948
f 1291/2279/953 315/1295/951 316/1296/954
f 1291/2279/953 316/1296/954 804/1790/955
f 1291/2279/953 804/1790/955 803/1789/952
f 1291/2279/953 803/1789/952 315/1295/951
f 1292/2280/956 316/1296/954 317/1297/957
f 1292/2280/956 317/1297/957 805/1791/958
f 1292/2280/956 805/1791/958 804/1790/955
f 1292/2280/956 804/1790/955 316/1296/954
f 1293/2281/959 317/1297/957 318/1298/960
f 1293/2281/959 318/1298/960 806/1792/961
f 1293/2281/959 806/1792/961 805/1791/958
f 1293/2281/959 805/1791/958 317/1297/957
f 1294/2282/962 318/1298/960 319/1299/963
f 1294/2282/962 319/1299/963 807/1793/964
f 1294/2282/962 807/1793/964 806/1792/961
f 1294/2282/962 806/1792/961 318/1298/960
f 1295/2283/965 319/1299/963 320/1300/966
f 1295/2283/965 320/1300/966 808/1794/967
f 1295/2283/965 808/1794/967 807/1793/964
f 1295/2283/965 807/1793/964 319/1299/963
f 1296/2284/968 320/1300/966 321/1301/969
f 1296/2284/968 321/1301/969 809/1795/970
f 1296/2284/968 809/1795/970 808/1794/967
f 1296/2284/968 808/1794/967 320/1300/966
f 1297/2285/971 321/1301/969 322/1302/972
f 1297/2285/971 322/1302/972 810/1796/973
f 1297/2285/971 810/1796/973 809/1795/970
f 1297/2285/971 809/1795/970 321/1301/969
f 1298/2286/974 322/1302/972 323/1303/975
f 1298/2286/974 323/1303/975 811/1797/976
f 1298/2286/974 811/1797/976 810/1796/973
f 1298/2286/974 810/1796/973 322/1302/972
f 1299/2287/977 323/1303/975 324/1304/978
f 1299/2287/977 324/1304/978 812/1798/979
f 1299/2287/977 812/1798/979 811/1797/976
f 1299/2287/977 811/1797/976 323/1303/975
f 1300/2288/980 324/1304/978 325/1305/981
f 1300/2288/980 325/1305/981 813/1799/982
f 1300/2288/980 813/1799/982 812/1798/979
f 1300/2288/980 812/1798/979 324/1304/978
f 1301/2289/983 325/1305/981 326/1306/984
f 1301/2289/983 326/1306/984 814/1800/985
f 1301/2289/983 814/1800/985 813/1799/982
f 1301/2289/983 813/1799/982 325/1305/981
f 1302/2290/986 326/1306/984 327/1307/987
f 1302/2290/986 327/1307/987 815/1801/988
f 1302/2290/986 815/1801/988 814/1800/985
f 1302/2290/986 814/1800/985 326/1306/984
f 1303/2291/989 327/1307/987 328/1308/990
f 1303/2291/989 328/1308/990 816/1802/991
f 1303/2291/989 816/1802/991 815/1801/988
f 1303/2291/989 815/1801/988 327/1307/987
f 1304/2292/992 328/1308/990 329/1309/993
f 1304/2292/992 329/1309/993 817/1803/994
f 1304/2292/992 817/1803/994 816/1802/991
f 1304/2292/992 816/1802/991 328/1308/990
f 1305/2293/995 329/1309/993 330/1310/996
f 1305/2293/995 330/1310/996 818/1804/997
f 1305/2293/995 818/1804/997 817/1803/994
f 1305/2293/995 817/1803/994 329/1309/993
f 1306/2294/998 330/1310/996 331/1311/999
f 1306/2294/998 331/1311/999 819/1805/1000
f 1306/2294/998 819/1805/1000 818/1804/997
f 1306/2294/998 818/1804/997 330/1310/996
f 1307/2295/1001 331/1311/999 332/1312/1002
f 1307/2295/1001 332/1312/1002 820/1806/1003
f 1307/2295/1001 820/1806/1003 819/1805/1000
f 1307/2295/1001 819/1805/1000 331/1311/999
f 1308/2296/1004 332/1312/1002 333/1313/1005
f 1308/2296/1004 333/1313/1005 821/1807/1006
f 1308/2296/1004 821/1807/1006 820/1806/1003
f 1308/2296/1004 820/1806/1003 332/1312/1002
f 1309/2297/1007 333/1313/1005 334/1314/1008
f 1309/2297/1007 334/1314/1008 822/1808/1009
f 1309/2297/1007 822/1808/1009 821/1807/1006
f 1309/2297/1007 821/1807/1006 333/1313/1005
f 1310/2298/1010 334/1314/1008 335/1315/1011
f 1310/2298/1010 335/1315/1011 823/1809/1012
f 1310/2298/1010 823/1809/1012 822/1808/1009
f 1310/2298/1010 822/1808/1009 334/1314/1008
f 1311/2299/1013 335/1315/1011 336/1316/1014
f 1311/2299/1013 336/1316/1014 824/1810/1015
f 1311/2299/1013 824/1810/1015 823/1809/1012
f 1311/2299/1013 823/1809/1012 335/1315/1011
f 1312/2300/1016 336/1316/1014 337/1317/1017
f 1312/2300/1016 337/1317/1017 825/1811/1018
f 1312/2300/1016 825/1811/1018 824/1810/1015
f 1312/2300/1016 824/1810/1015 336/1316/1014
f 1313/2301/1019 337/1317/1017 338/1318/1020
f 1313/2301/1019 338/1318/1020 826/1812/1021
f 1313/2301/1019 826/1812/1021 825/1811/1018
f 1313/2301/1019 825/1811/1018 337/1317/1017
f 1314/2302/1022 338/1318/1020 339/1319/1023
f 1314/2302/1022 339/1319/1023 827/1813/1024
f 1314/2302/1022 827/1813/1024 826/1812/1021
f 1314/2302/1022 826/1812/1021 338/1318/1020
f 1315/2303/1025 339/1319/1023 340/1320/1026
f 1315/2303/1025 340/1320/1026 828/1814/1027
f 1315/2303/1025 828/1814/1027 827/1813/1024
f 1315/2303/1025 827/1813/1024 339/1319/1023
f 1316/2304/1028 340/1320/1026 341/1321/1029
f 1316/2304/1028 341/1321/1029 829/1815/1030
f 1316/2304/1028 829/1815/1030 828/1814/1027
f 1316/2304/1028 828/1814/1027 340/1320/1026
f 1317/2305/1031 341/1321/1029 342/1322/1032
f 1317/2305/1031 342/1322/1032 830/1816/1033
f 1317/2305/1031 830/1816/1033 829/1815/1030
f 1317/2305/1031 829/1815/1030 341/1321/1029
f 1318/2306/1034 342/1322/1032 343/1323/1035
f 1318/2306/1034 343/1323/1035 831/1817/1036
f 1318/2306/1034 831/1817/1036 830/1816/1033
f 1318/2306/1034 830/1816/1033 342/1322/1032
f 1319/2307/1037 343/1323/1035 344/1324/1038
f 1319/2307/1037 344/1324/1038 832/1818/1039
f 1319/2307/1037 832/1818/1039 831/1817/1036
f 1319/2307/1037 831/1817/1036 343/1323/1035
f 1320/2308/1040 344/1324/1038 345/1325/1041
f 1320/2308/1040 345/1325/1041 833/1819/1042
f 1320/2308/1040 833/1819/1042 832/1818/1039
f 1320/2308/1040 832/1818/1039 344/1324/1038
f 1321/2309/1043 345/1325/1041 346/1326/1044
f 1321/2309/1043 346/1326/1044 834/1820/1045
f 1321/2309/1043 834/1820/1045 833/1819/1042
f 1321/2309/1043 833/1819/1042 345/1325/1041
f 1322/2310/1046 346/1326/1044 347/1327/1047
f 1322/2310/1046 347/1327/1047 835/1821/1048
f 1322/2310/1046 835/1821/1048 834/1820/1045
f 1322/2310/1046 834/1820/1045 346/1326/1044
f 1323/2311/1049 347/1327/1047 348/1328/1050
f 1323/2311/1049 348/1328/1050 836/1822/1051
f 1323/2311/1049 836/1822/1051 835/1821/1048
f 1323/2311/1049 835/1821/1048 347/1327/1047
f 1324/2312/1052 348/1328/1050 349/1329/1053
f 1324/2312/1052 349/1329/1053 837/1823/1054
f 1324/2312/1052 837/1823/1054 836/1822/1051
f 1324/2312/1052 836/1822/1051 348/1328/1050
f 1325/2313/1055 349/1329/1053 350/1330/1056
f 1325/2313/1055 350/1330/1056 838/1824/1057
f 1325/2313/1055 838/1824/1057 837/1823/1054
f 1325/2313/1055 837/1823/1054 349/1329/1053
f 1326/2314/1058 350/1330/1056 351/1331/1059
f 1326/2314/1058 351/1331/1059 839/1825/1060
f 1326/2314/1058 839/1825/1060 838/1824/1057
f 1326/2314/1058 838/1824/1057 350/1330/1056
f 1327/2315/1061 351/1331/1059 352/1332/1062
f 1327/2315/1061 352/1332/1062 840/1826/1063
f 1327/2315/1061 840/1826/1063 839/1825/1060
f 1327/2315/1061 839/1825/1060 351/1331/1059
f 1328/2316/1064 352/1332/1062 353/1333/1065
f 1328/2316/1064 353/1333/1065 841/1827/1066
f 1328/2316/1064 841/1827/1066 840/1826/1063
f 1328/2316/1064 840/1826/1063 352/1332/1062
f 1329/2317/1067 353/1333/1065 354/1334/1068
f 1329/2317/1067 354/1334/1068 842/1828/1069
f 1329/2317/1067 842/1828/1069 841/1827/1066
f 1329/2317/1067 841/1827/1066 353/1333/1065
f 1330/2318/1070 354/1334/1068 355/1335/1071
f 1330/2318/1070 355/1335/1071 843/1829/1072
f 1330/2318/1070 843/1829/1072 842/1828/1069
f 1330/2318/1070 842/1828/1069 354/1334/1068
f 1331/2319/1073 355/1335/1071 356/1336/1074
f 1331/2319/1073 356/1336/1074 844/1830/1075
f 1331/2319/1073 844/1830/1075 843/1829/1072
f 1331/2319/1073 843/1829/1072 355/1335/1071
f 1332/2320/1076 356/1336/1074 357/1337/1077
f 1332/2320/1076 357/1337/1077 845/1831/1078
f 1332/2320/1076 845/1831/1078 844/1830/1075
f 1332/2320/1076 844/1830/1075 356/1336/1074
f 1333/2321/1079 357/1337/1077 358/1338/1080
f 1333/2321/1079 358/1338/1080 846/1832/1081
f 1333/2321/1079 846/1832/1081 845/1831/1078
f 1333/2321/1079 845/1831/1078 357/1337/1077
f 1334/2322/1082 358/1338/1080 359/1339/1083
f 1334/2322/1082 359/1339/1083 847/1833/1084
f 1334/2322/1082 847/1833/1084 846/1832/1081
f 1334/2322/1082 846/1832/1081 358/1338/1080
f 1335/2323/1085 359/1339/1083 360/1340/1086
f 1335/2323/1085 360/1340/1086 848/1834/1087
f 1335/2323/1085 848/1834/1087 847/1833/1084
f 1335/2323/1085 847/1833/1084 359/1339/1083
f 1336/2324/1088 360/1340/1086 361/1341/1089
f 1336/2324/1088 361/1341/1089 849/1835/1090
f 1336/2324/1088 849/1835/1090 848/1834/1087
f 1336/2324/1088 848/1834/1087 360/1340/1086
f 1337/2325/1091 361/1341/1089 362/1342/1092
f 1337/2325/1091 362/1342/1092 850/1836/1093
f 1337/2325/1091 850/1836/1093 849/1835/1090
f 1337/2325/1091 849/1835/1090 361/1341/1089
f 1338/2326/1094 362/1342/1092 363/1343/1095
f 1338/2326/1094 363/1343/1095 851/1837/1096
f 1338/2326/1094 851/1837/1096 850/1836/1093
f 1338/2326/1094 850/1836/1093 362/1342/1092
f 1339/2327/1097 363/1343/1095 364/1344/1098
f 1339/2327/1097 364/1344/1098 852/1838/1099
f 1339/2327/1097 852/1838/1099 851/1837/1096
f 1339/2327/1097 851/1837/1096 363/1343/1095
f 1340/2328/1100 364/1344/1098 365/1345/1101
f 1340/2328/1100 365/1345/1101 853/1839/1102
f 1340/2328/1100 853/1839/1102 852/1838/1099
f 1340/2328/1100 852/1838/1099 364/1344/1098
f 1341/2329/1103 365/1345/1101 366/1346/1104
f 1341/2329/1103 366/1346/1104 854/1840/1105
f 1341/2329/1103 854/1840/1105 853/1839/1102
f 1341/2329/1103 853/1839/1102 365/1345/1101
f 1342/2330/1106 366/1346/1104 367/1347/1107
f 1342/2330/1106 367/1347/1107 855/1841/1108
f 1342/2330/1106 855/1841/1108 854/1840/1105
f 1342/2330/1106 854/1840/1105 366/1346/1104
f 1343/2331/1109 367/1347/1107 368/1348/1110
f 1343/2331/1109 368/1348/1110 856/1842/1111
f 1343/2331/1109 856/1842/1111 855/1841/1108
f 1343/2331/1109 855/1841/1108 367/1347/1107
f 1344/2332/1112 368/1348/1110 369/1349/1113
f 1344/2332/1112 369/1349/1113 857/1843/1114
f 1344/2332/1112 857/1843/1114 856/1842/1111
f 1344/2332/1112 856/1842/1111 368/1348/1110
f 1345/2333/1115 369/1349/1113 370/1350/1116
f 1345/2333/1115 370/1350/1116 858/1844/1117
f 1345/2333/1115 858/1844/1117 857/1843/1114
f 1345/2333/1115 857/1843/1114 369/1349/1113
f 1346/2334/1118 370/1350/1116 371/1351/1119
f 1346/2334/1118 371/1351/1119 859/1845/1120
f 1346/2334/1118 859/1845/1120 858/1844/1117
f 1346/2334/1118 858/1844/1117 370/1350/1116
f 1347/2335/1121 371/1351/1119 372/1352/1122
f 1347/2335/1121 372/1352/1122 860/1846/1123
f 1347/2335/1121 860/1846/1123 859/1845/1120
f 1347/2335/1121 859/1845/1120 371/1351/1119
f 1348/2336/1124 372/1352/1122 373/1353/1125
f 1348/2336/1124 373/1353/1125 861/1847/1126
f 1348/2336/1124 861/1847/1126 860/1846/1123
f 1348/2336/1124 860/1846/1123 372/1352/1122
f 1349/2337/1127 373/1353/1125 374/1354/1128
f 1349/2337/1127 374/1354/1128 862/1848/1129
f 1349/2337/1127 862/1848/1129 861/1847/1126
f 1349/2337/1127 861/1847/1126 373/1353/1125
f 1350/2338/1130 374/1354/1128 375/1355/1131
f 1350/2338/1130 375/1355/1131 863/1849/1132
f 1350/2338/1130 863/1849/1132 862/1848/1129
f 1350/2338/1130 862/1848/1129 374/1354/1128
f 1351/2339/1133 375/1355/1131 376/1356/1134
f 1351/2339/1133 376/1356/1134 864/1850/1135
f 1351/2339/1133 864/1850/1135 863/1849/1132
f 1351/2339/1133 863/1849/1132 375/1355/1131
f 1352/2340/1136 376/1356/1134 377/1357/1137
f 1352/2340/1136 377/1357/1137 865/1851/1138
f 1352/2340/1136 865/1851/1138 864/1850/1135
f 1352/2340/1136 864/1850/1135 376/1356/1134
f 1353/2341/1139 377/1357/1137 378/1358/1140
f 1353/2341/1139 378/1358/1140 866/1852/1141
f 1353/2341/1139 866/1852/1141 865/1851/1138
f 1353/2341/1139 865/1851/1138 377/1357/1137
f 1354/2342/1142 378/1358/1140 379/1359/1143
f 1354/2342/1142 379/1359/1143 867/1853/1144
f 1354/2342/1142 867/1853/1144 866/1852/1141
f 1354/2342/1142 866/1852/1141 378/1358/1140
f 1355/2343/1145 379/1359/1143 380/1360/1146
f 1355/2343/1145 380/1360/1146 868/1854/1147
f 1355/2343/1145 868/1854/1147 867/1853/1144
f 1355/2343/1145 867/1853/1144 379/1359/1143
f 1356/2344/1148 380/1360/1146 381/1361/1149
f 1356/2344/1148 381/1361/1149 869/1855/1150
f 1356/2344/1148 869/1855/1150 868/1854/1147
f 1356/2344/1148 868/1854/1147 380/1360/1146
f 1357/2345/1151 381/1361/1149 382/1362/1152
f 1357/2345/1151 382/1362/1152 870/1856/1153
f 1357/2345/1151 870/1856/1153 869/1855/1150
f 1357/2345/1151 869/1855/1150 381/1361/1149
f 1358/2346/1154 382/1362/1152 383/1363/1155
f 1358/2346/1154 383/1363/1155 871/1857/1156
f 1358/2346/1154 871/1857/1156 870/1856/1153
f 1358/2346/1154 870/1856/1153 382/1362/1152
f 1359/2347/1157 383/1363/1155 384/1364/1158
f 1359/2347/1157 384/1364/1158 872/1858/1159
f 1359/2347/1157 872/1858/1159 871/1857/1156
f 1359/2347/1157 871/1857/1156 383/1363/1155
f 1360/2348/1160 384/1364/1158 385/1365/1161
f 1360/2348/1160 385/1365/1161 873/1859/1162
f 1360/2348/1160 873/1859/1162 872/1858/1159
f 1360/2348/1160 872/1858/1159 384/1364/1158
f 1361/2349/1163 385/1365/1161 386/1366/1164
f 1361/2349/1163 386/1366/1164 874/1860/1165
f 1361/2349/1163 874/1860/1165 873/1859/1162
f 1361/2349/1163 873/1859/1162 385/1365/1161
f 1362/2350/1166 386/1366/1164 387/1367/1167
f 1362/2350/1166 387/1367/1167 875/1861/1168
f 1362/2350/1166 875/1861/1168 874/1860/1165
f 1362/2350/1166 874/1860/1165 386/1366/1164
f 1363/2351/1169 387/1367/1167 388/1368/1170
f 1363/2351/1169 388/1368/1170 876/1862/1171
f 1363/2351/1169 876/1862/1171 875/1861/1168
f 1363/2351/1169 875/1861/1168 387/1367/1167
f 1364/2352/1172 388/1368/1170 389/1369/1173
f 1364/2352/1172 389/1369/1173 877/1863/1174
f 1364/2352/1172 877/1863/1174 876/1862/1171
f 1364/2352/1172 876/1862/1171 388/1368/1170
f 1365/2353/1175 389/1369/1173 390/1370/1176
f 1365/2353/1175 390/1370/1176 878/1864/1177
f 1365/2353/1175 878/1864/1177 877/1863/1174
f 1365/2353/1175 877/1863/1174 389/1369/1173
f 1366/2354/1178 390/1370/1176 391/1371/1179
f 1366/2354/1178 391/1371/1179 879/1865/1180
f 1366/2354/1178 879/1865/1180 878/1864/1177
f 1366/2354/1178 878/1864/1177 390/1370/1176
f 1367/2355/1181 391/1371/1179 392/1372/1182
f 1367/2355/1181 392/1372/1182 880/1866/1183
f 1367/2355/1181 880/1866/1183 879/1865/1180
f 1367/2355/1181 879/1865/1180 391/1371/1179
f 1368/2356/1184 392/1372/1182 393/1373/1185
f 1368/2356/1184 393/1373/1185 881/1867/1186
f 1368/2356/1184 881/1867/1186 880/1866/1183
f 1368/2356/1184 880/1866/1183 392/1372/1182
f 1369/2357/1187 393/1373/1185 394/1374/1188
f 1369/2357/1187 394/1374/1188 882/1868/1189
f 1369/2357/1187 882/1868/1189 881/1867/1186
f 1369/2357/1187 881/1867/1186 393/1373/1185
f 1370/2358/1190 394/1374/1188 395/1375/1191
f 1370/2358/1190 395/1375/1191 883/1869/1192
f 1370/2358/1190 883/1869/1192 882/1868/1189
f 1370/2358/1190 882/1868/1189 394/1374/1188
f 1371/2359/1193 395/1375/1191 396/1376/1194
f 1371/2359/1193 396/1376/1194 884/1870/1195
f 1371/2359/1193 884/1870/1195 883/1869/1192
f 1371/2359/1193 883/1869/1192 395/1375/1191
f 1372/2360/1196 396/1376/1194 397/1377/1197
f 1372/2360/1196 397/1377/1197 885/1871/1198
f 1372/2360/1196 885/1871/1198 884/1870/1195
f 1372/2360/1196 884/1870/1195 396/1376/1194
f 1373/2361/1199 397/1377/1197 398/1378/1200
f 1373/2361/1199 398/1378/1200 886/1872/1201
f 1373/2361/1199 886/1872/1201 885/1871/1198
f 1373/2361/1199 885/1871/1198 397/1377/1197
f 1374/2362/1202 398/1378/1200 399/1379/1203
f 1374/2362/1202 399/1379/1203 887/1873/1204
f 1374/2362/1202 887/1873/1204 886/1872/1201
f 1374/2362/1202 886/1872/1201 398/1378/1200
f 1375/2363/1205 399/1379/1203 400/1380/1206
f 1375/2363/1205 400/1380/1206 888/1874/1207
f 1375/2363/1205 888/1874/1207 887/1873/1204
f 1375/2363/1205 887/1873/1204 399/1379/1203
f 1376/2364/1208 400/1380/1206 401/1381/1209
f 1376/2364/1208 401/1381/1209 889/1875/1210
f 1376/2364/1208 889/1875/1210 888/1874/1207
f 1376/2364/1208 888/1874/1207 400/1380/1206
f 1377/2365/1211 401/1381/1209 402/1382/1212
f 1377/2365/1211 402/1382/1212 890/1876/1213
f 1377/2365/1211 890/1876/1213 889/1875/1210
f 1377/2365/1211 889/1875/1210 401/1381/1209
f 1378/2366/1214 402/1382/1212 403/1383/1215
f 1378/2366/1214 403/1383/1215 891/1877/1216
f 1378/2366/1214 891/1877/1216 890/1876/1213
f 1378/2366/1214 890/1876/1213 402/1382/1212
f 1379/2367/1217 403/1383/1215 404/1384/1218
f 1379/2367/1217 404/1384/1218 892/1878/1219
f 1379/2367/1217 892/1878/1219 891/1877/1216
f 1379/2367/1217 891/1877/1216 403/1383/1215
f 1380/2368/1220 404/1384/1218 405/1385/1221
f 1380/2368/1220 405/1385/1221 893/1879/1222
f 1380/2368/1220 893/1879/1222 892/1878/1219
f 1380/2368/1220 892/1878/1219 404/1384/1218
f 1381/2369/1223 405/1385/1221 406/1386/1224
f 1381/2369/1223 406/1386/1224 894/1880/1225
f 1381/2369/1223 894/1880/1225 893/1879/1222
f 1381/2369/1223 893/1879/1222 405/1385/1221
f 1382/2370/1226 406/1386/1224 407/1387/1227
f 1382/2370/1226 407/1387/1227 895/1881/1228
f 1382/2370/1226 895/1881/1228 894/1880/1225
f 1382/2370/1226 894/1880/1225 406/1386/1224
f 1383/2371/1229 407/1387/1227 408/1388/1230
f 1383/2371/1229 408/1388/1230 896/1882/1231
f 1383/2371/1229 896/1882/1231 895/1881/1228
f 1383/2371/1229 895/1881/1228 407/1387/1227
f 1384/2372/1232 408/1388/1230 409/1389/1233
f 1384/2372/1232 409/1389/1233 897/1883/1234
f 1384/2372/1232 897/1883/1234 896/1882/1231
f 1384/2372/1232 896/1882/1231 408/1388/1230
f 1385/2373/1235 409/1389/1233 410/1390/1236
f 1385/2373/1235 410/1390/1236 898/1884/1237
f 1385/2373/1235 898/1884/1237 897/1883/1234
f 1385/2373/1235 897/1883/1234 409/1389/1233
f 1386/2374/1238 410/1390/1236 411/1391/1239
f 1386/2374/1238 411/1391/1239 899/1885/1240
f 1386/2374/1238 899/1885/1240 898/1884/1237
f 1386/2374/1238 898/1884/1237 410/1390/1236
f 1387/2375/1241 411/1392/1239 412/1393/1242
f 1387/2375/1241 412/1393/1242 900/1887/1243
f 1387/2375/1241 900/1887/1243 899/1886/1240
f 1387/2375/1241 899/1886/1240 411/1392/1239
f 1388/2376/1244 412/1393/1242 413/1394/1245
f 1388/2376/1244 413/1394/1245 901/1888/1246
f 1388/2376/1244 901/1888/1246 900/1887/1243
f 1388/2376/1244 900/1887/1243 412/1393/1242
f 1389/2377/1247 413/1394/1245 414/1395/1248
f 1389/2377/1247 414/1395/1248 902/1889/1249
f 1389/2377/1247 902/1889/1249 901/1888/1246
f 1389/2377/1247 901/1888/1246 413/1394/1245
f 1390/2378/1250 414/1395/1248 415/1396/1251
f 1390/2378/1250 415/1396/1251 903/1890/1252
f 1390/2378/1250 903/1890/1252 902/1889/1249
f 1390/2378/1250 902/1889/1249 414/1395/1248
f 1391/2379/1253 415/1396/1251 416/1397/1254
f 1391/2379/1253 416/1397/1254 904/1891/1255
f 1391/2379/1253 904/1891/1255 903/1890/1252
f 1391/2379/1253 903/1890/1252 415/1396/1251
f 1392/2380/1256 416/1397/1254 417/1398/1257
f 1392/2380/1256 417/1398/1257 905/1892/1258
f 1392/2380/1256 905/1892/1258 904/1891/1255
f 1392/2380/1256 904/1891/1255 416/1397/1254
f 1393/2381/1259 417/1398/1257 418/1399/1260
f 1393/2381/1259 418/1399/1260 906/1893/1261
f 1393/2381/1259 906/1893/1261 905/1892/1258
f 1393/2381/1259 905/1892/1258 417/1398/1257
f 1394/2382/1262 418/1399/1260 419/1400/1263
f 1394/2382/1262 419/1400/1263 907/1894/1264
f 1394/2382/1262 907/1894/1264 906/1893/1261
f 1394/2382/1262 906/1893/1261 418/1399/1260
f 1395/2383/1265 419/1400/1263 420/1401/1266
f 1395/2383/1265 420/1401/1266 908/1895/1267
f 1395/2383/1265 908/1895/1267 907/1894/1264
f 1395/2383/1265 907/1894/1264 419/1400/1263
f 1396/2384/1268 420/1401/1266 421/1402/1269
f 1396/2384/1268 421/1402/1269 909/1896/1270
f 1396/2384/1268 909/1896/1270 908/1895/1267
f 1396/2384/1268 908/1895/1267 420/1401/1266
f 1397/2385/1271 421/1402/1269 422/1403/1272
f 1397/2385/1271 422/1403/1272 910/1897/1273
f 1397/2385/1271 910/1897/1273 909/1896/1270
f 1397/2385/1271 909/1896/1270 421/1402/1269
f 1398/2386/1274 422/1403/1272 423/1404/1275
f 1398/2386/1274 423/1404/1275 911/1898/1276
f 1398/2386/1274 911/1898/1276 910/1897/1273
f 1398/2386/1274 910/1897/1273 422/1403/1272
f 1399/2387/1277 423/1404/1275 424/1405/1278
f 1399/2387/1277 424/1405/1278 912/1899/1279
f 1399/2387/1277 912/1899/1279 911/1898/1276
f 1399/2387/1277 911/1898/1276 423/1404/1275
f 1400/2388/1280 424/1405/1278 425/1406/1281
f 1400/2388/1280 425/1406/1281 913/1900/1282
f 1400/2388/1280 913/1900/1282 912/1899/1279
f 1400/2388/1280 912/1899/1279 424/1405/1278
f 1401/2389/1283 425/1406/1281 426/1407/1284
f 1401/2389/1283 426/1407/1284 914/1901/1285
f 1401/2389/1283 914/1901/1285 913/1900/1282
f 1401/2389/1283 913/1900/1282 425/1406/1281
f 1402/2390/1286 426/1407/1284 427/1408/1287
f 1402/2390/1286 427/1408/1287 915/1902/1288
f 1402/2390/1286 915/1902/1288 914/1901/1285
f 1402/2390/1286 914/1901/1285 426/1407/1284
f 1403/2391/1289 427/1408/1287 428/1409/1290
f 1403/2391/1289 428/1409/1290 916/1903/1291
f 1403/2391/1289 916/1903/1291 915/1902/1288
f 1403/2391/1289 915/1902/1288 427/1408/1287
f 1404/2392/1292 428/1409/1290 429/1410/1293
f 1404/2392/1292 429/1410/1293 917/1904/1294
f 1404/2392/1292 917/1904/1294 916/1903/1291
f 1404/2392/1292 916/1903/1291 428/1409/1290
f 1405/2393/1295 429/1410/1293 430/1411/1296
f 1405/2393/1295 430/1411/1296 918/1905/1297
f 1405/2393/1295 918/1905/1297 917/1904/1294
f 1405/2393/1295 917/1904/1294 429/1410/1293
f 1406/2394/1298 430/1411/1296 431/1412/1299
f 1406/2394/1298 431/1412/1299 919/1906/1300
f 1406/2394/1298 919/1906/1300 918/1905/1297
f 1406/2394/1298 918/1905/1297 430/1411/1296
f 1407/2395/1301 431/1412/1299 432/1413/1302
f 1407/2395/1301 432/1413/1302 920/1907/1303
f 1407/2395/1301 920/1907/1303 919/1906/1300
f 1407/2395/1301 919/1906/1300 431/1412/1299
f 1408/2396/1304 432/1413/1302 433/1414/1305
f 1408/2396/1304 433/1414/1305 921/1908/1306
f 1408/2396/1304 921/1908/1306 920/1907/1303
f 1408/2396/1304 920/1907/1303 432/1413/1302
f 1409/2397/1307 433/1414/1305 434/1415/1308
f 1409/2397/1307 434/1415/1308 922/1909/1309
f 1409/2397/1307 922/1909/1309 921/1908/1306
f 1409/2397/1307 921/1908/1306 433/1414/1305
f 1410/2398/1310 434/1415/1308 435/1416/1311
f 1410/2398/1310 435/1416/1311 923/1910/1312
f 1410/2398/1310 923/1910/1312 922/1909/1309
f 1410/2398/1310 922/1909/1309 434/1415/1308
f 1411/2399/1313 435/1416/1311 436/1417/1314
f 1411/2399/1313 436/1417/1314 924/1911/1315
f 1411/2399/1313 924/1911/1315 923/1910/1312
f 1411/2399/1313 923/1910/1312 435/1416/1311
f 1412/2400/1316 436/1417/1314 437/1418/1317
f 1412/2400/1316 437/1418/1317 925/1912/1318
f 1412/2400/1316 925/1912/1318 924/1911/1315
f 1412/2400/1316 924/1911/1315 436/1417/1314
f 1413/2401/1319 437/1418/1317 438/1419/1320
f 1413/2401/1319 438/1419/1320 926/1913/1321
f 1413/2401/1319 926/1913/1321 925/1912/1318
f 1413/2401/1319 925/1912/1318 437/1418/1317
f 1414/2402/1322 438/1419/1320 439/1420/1323
f 1414/2402/1322 439/1420/1323 927/1914/1324
f 1414/2402/1322 927/1914/1324 926/1913/1321
f 1414/2402/1322 926/1913/1321 438/1419/1320
f 1415/2403/1325 439/1420/1323 440/1421/1326
f 1415/2403/1325 440/1421/1326 928/1915/1327
f 1415/2403/1325 928/1915/1327 927/1914/1324
f 1415/2403/1325 927/1914/1324 439/1420/1323
f 1416/2404/1328 440/1421/1326 441/1422/1329
f 1416/2404/1328 441/1422/1329 929/1916/1330
f 1416/2404/1328 929/1916/1330 928/1915/1327
f 1416/2404/1328 928/1915/1327 440/1421/1326
f 1417/2405/1331 441/1422/1329 442/1423/1332
f 1417/2405/1331 442/1423/1332 930/1917/1333
f 1417/2405/1331 930/1917/1333 929/1916/1330
f 1417/2405/1331 929/1916/1330 441/1422/1329
f 1418/2406/1334 442/1423/1332 443/1424/1335
f 1418/2406/1334 443/1424/1335 931/1918/1336
f 1418/2406/1334 931/1918/1336 930/1917/1333
f 1418/2406/1334 930/1917/1333 442/1423/1332
f 1419/2407/1337 443/1424/1335 444/1425/1338
f 1419/2407/1337 444/1425/1338 932/1919/1339
f 1419/2407/1337 932/1919/1339 931/1918/1336
f 1419/2407/1337 931/1918/1336 443/1424/1335
f 1420/2408/1340 444/1425/1338 445/1426/1341
f 1420/2408/1340 445/1426/1341 933/1920/1342
f 1420/2408/1340 933/1920/1342 932/1919/1339
f 1420/2408/1340 932/1919/1339 444/1425/1338
f 1421/2409/1343 445/1426/1341 446/1427/1344
f 1421/2409/1343 446/1427/1344 934/1921/1345
f 1421/2409/1343 934/1921/1345 933/1920/1342
f 1421/2409/1343 933/1920/1342 445/1426/1341
f 1422/2410/1346 446/1427/1344 447/1428/1347
f 1422/2410/1346 447/1428/1347 935/1922/1348
f 1422/2410/1346 935/1922/1348 934/1921/1345
f 1422/2410/1346 934/1921/1345 446/1427/1344
f 1423/2411/1349 447/1428/1347 448/1429/1350
f 1423/2411/1349 448/1429/1350 936/1923/1351
f 1423/2411/1349 936/1923/1351 935/1922/1348
f 1423/2411/1349 935/1922/1348 447/1428/1347
f 1424/2412/1352 448/1429/1350 449/1430/1353
f 1424/2412/1352 449/1430/1353 937/1924/1354
f 1424/2412/1352 937/1924/1354 936/1923/1351
f 1424/2412/1352 936/1923/1351 448/1429/1350
f 1425/2413/1355 449/1430/1353 450/1431/1356
f 1425/2413/1355 450/1431/1356 938/1925/1357
f 1425/2413/1355 938/1925/1357 937/1924/1354
f 1425/2413/1355 937/1924/1354 449/1430/1353
f 1426/2414/1358 450/1431/1356 451/1432/1359
f 1426/2414/1358 451/1432/1359 939/1926/1360
f 1426/2414/1358 939/1926/1360 938/1925/1357
f 1426/2414/1358 938/1925/1357 450/1431/1356
f 1427/2415/1361 451/1432/1359 452/1433/1362
f 1427/2415/1361 452/1433/1362 940/1927/1363
f 1427/2415/1361 940/1927/1363 939/1926/1360
f 1427/2415/1361 939/1926/1360 451/1432/1359
f 1428/2416/1364 452/1433/1362 453/1434/1365
f 1428/2416/1364 453/1434/1365 941/1928/1366
f 1428/2416/1364 941/1928/1366 940/1927/1363
f 1428/2416/1364 940/1927/1363 452/1433/1362
f 1429/2417/1367 453/1434/1365 454/1435/1368
f 1429/2417/1367 454/1435/1368 942/1929/1369
f 1429/2417/1367 942/1929/1369 941/1928/1366
f 1429/2417/1367 941/1928/1366 453/1434/1365
f 1430/2418/1370 454/1435/1368 455/1436/1371
f 1430/2418/1370 455/1436/1371 943/1930/1372
f 1430/2418/1370 943/1930/1372 942/1929/1369
f 1430/2418/1370 942/1929/1369 454/1435/1368
f 1431/2419/1373 455/1436/1371 456/1437/1374
f 1431/2419/1373 456/1437/1374 944/1931/1375
f 1431/2419/1373 944/1931/1375 943/1930/1372
f 1431/2419/1373 943/1930/1372 455/1436/1371
f 1432/2420/1376 456/1437/1374 457/1438/1377
f 1432/2420/1376 457/1438/1377 945/1932/1378
f 1432/2420/1376 945/1932/1378 944/1931/1375
f 1432/2420/1376 944/1931/1375 456/1437/1374
f 1433/2421/1379 457/1438/1377 458/1439/1380
f 1433/2421/1379 458/1439/1380 946/1933/1381
f 1433/2421/1379 946/1933/1381 945/1932/1378
f 1433/2421/1379 945/1932/1378 457/1438/1377
f 1434/2422/1382 458/1439/1380 459/1440/1383
f 1434/2422/1382 459/1440/1383 947/1934/1384
f 1434/2422/1382 947/1934/1384 946/1933/1381
f 1434/2422/1382 946/1933/1381 458/1439/1380
f 1435/2423/1385 459/1440/1383 460/1441/1386
f 1435/2423/1385 460/1441/1386 948/1935/1387
f 1435/2423/1385 948/1935/1387 947/1934/1384
f 1435/2423/1385 947/1934/1384 459/1440/1383
f 1436/2424/1388 460/1441/1386 461/1442/1389
f 1436/2424/1388 461/1442/1389 949/1936/1390
f 1436/2424/1388 949/1936/1390 948/1935/1387
f 1436/2424/1388 948/1935/1387 460/1441/1386
f 1437/2425/1391 461/1442/1389 462/1443/1392
f 1437/2425/1391 462/1443/1392 950/1937/1393
f 1437/2425/1391 950/1937/1393 949/1936/1390
f 1437/2425/1391 949/1936/1390 461/1442/1389
f 1438/2426/1394 462/1443/1392 463/1444/1395
f 1438/2426/1394 463/1444/1395 951/1938/1396
f 1438/2426/1394 951/1938/1396 950/1937/1393
f 1438/2426/1394 950/1937/1393 462/1443/1392
f 1439/2427/1397 463/1444/1395 464/1445/1398
f 1439/2427/1397 464/1445/1398 952/1939/1399
f 1439/2427/1397 952/1939/1399 951/1938/1396
f 1439/2427/1397 951/1938/1396 463/1444/1395
f 1440/2428/1400 464/1445/1398 465/1446/1401
f 1440/2428/1400 465/1446/1401 953/1940/1402
f 1440/2428/1400 953/1940/1402 952/1939/1399
f 1440/2428/1400 952/1939/1399 464/1445/1398
f 1441/2429/1403 465/1446/1401 466/1447/1404
f 1441/2429/1403 466/1447/1404 954/1941/1405
f 1441/2429/1403 954/1941/1405 953/1940/1402
f 1441/2429/1403 953/1940/1402 465/1446/1401
f 1442/2430/1406 466/1447/1404 467/1448/1407
f 1442/2430/1406 467/1448/1407 955/1942/1408
f 1442/2430/1406 955/1942/1408 954/1941/1405
f 1442/2430/1406 954/1941/1405 466/1447/1404
f 1443/2431/1409 467/1448/1407 468/1449/1410
f 1443/2431/1409 468/1449/1410 956/1943/1411
f 1443/2431/1409 956/1943/1411 955/1942/1408
f 1443/2431/1409 955/1942/1408 467/1448/1407
f 1444/2432/1412 468/1449/1410 469/1450/1413
f 1444/2432/1412 469/1450/1413 957/1944/1414
f 1444/2432/1412 957/1944/1414 956/1943/1411
f 1444/2432/1412 956/1943/1411 468/1449/1410
f 1445/2433/1415 469/1450/1413 470/1451/1416
f 1445/2433/1415 470/1451/1416 958/1945/1417
f 1445/2433/1415 958/1945/1417 957/1944/1414
f 1445/2433/1415 957/1944/1414 469/1450/1413
f 1446/2434/1418 470/1451/1416 471/1452/1419
f 1446/2434/1418 471/1452/1419 959/1946/1420
f 1446/2434/1418 959/1946/1420 958/1945/1417
f 1446/2434/1418 958/1945/1417 470/1451/1416
f 1447/2435/1421 471/1452/1419 472/1453/1422
f 1447/2435/1421 472/1453/1422 960/1947/1423
f 1447/2435/1421 960/1947/1423 959/1946/1420
f 1447/2435/1421 959/1946/1420 471/1452/1419
f 1448/2436/1424 472/1453/1422 473/1454/1425
f 1448/2436/1424 473/1454/1425 961/1948/1426
f 1448/2436/1424 961/1948/1426 960/1947/1423
f 1448/2436/1424 960/1947/1423 472/1453/1422
f 1449/2437/1427 473/1454/1425 474/1455/1428
f 1449/2437/1427 474/1455/1428 962/1949/1429
f 1449/2437/1427 962/1949/1429 961/1948/1426
f 1449/2437/1427 961/1948/1426 473/1454/1425
f 1450/2438/1430 474/1455/1428 475/1456/1431
f 1450/2438/1430 475/1456/1431 963/1950/1432
f 1450/2438/1430 963/1950/1432 962/1949/1429
f 1450/2438/1430 962/1949/1429 474/1455/1428
f 1451/2439/1433 475/1456/1431 476/1457/1434
f 1451/2439/1433 476/1457/1434 964/1951/1435
f 1451/2439/1433 964/1951/1435 963/1950/1432
f 1451/2439/1433 963/1950/1432 475/1456/1431
f 1452/2440/1436 476/1457/1434 477/1458/1437
f 1452/2440/1436 477/1458/1437 965/1952/1438
f 1452/2440/1436 965/1952/1438 964/1951/1435
f 1452/2440/1436 964/1951/1435 476/1457/1434
f 1453/2441/1439 477/1458/1437 478/1459/1440
f 1453/2441/1439 478/1459/1440 966/1953/1441
f 1453/2441/1439 966/1953/1441 965/1952/1438
f 1453/2441/1439 965/1952/1438 477/1458/1437
f 1454/2442/1442 478/1459/1440 479/1460/1443
f 1454/2442/1442 479/1460/1443 967/1954/1444
f 1454/2442/1442 967/1954/1444 966/1953/1441
f 1454/2442/1442 966/1953/1441 478/1459/1440
f 1455/2443/1445 479/1460/1443 480/1461/1446
f 1455/2443/1445 480/1461/1446 968/1955/1447
f 1455/2443/1445 968/1955/1447 967/1954/1444
f 1455/2443/1445 967/1954/1444 479/1460/1443
f 1456/2444/1448 480/1461/1446 481/1462/1449
f 1456/2444/1448 481/1462/1449 969/1956/1450
f 1456/2444/1448 969/1956/1450 968/1955/1447
f 1456/2444/1448 968/1955/1447 480/1461/1446
f 1457/2445/1451 481/1462/1449 482/1463/1452
f 1457/2445/1451 482/1463/1452 970/1957/1453
f 1457/2445/1451 970/1957/1453 969/1956/1450
f 1457/2445/1451 969/1956/1450 481/1462/1449
f 1458/2446/1454 482/1463/1452 483/1464/1455
f 1458/2446/1454 483/1464/1455 971/1958/1456
f 1458/2446/1454 971/1958/1456 970/1957/1453
f 1458/2446/1454 970/1957/1453 482/1463/1452
f 1459/2447/1457 483/1464/1455 484/1465/1458
f 1459/2447/1457 484/1465/1458 972/1959/1459
f 1459/2447/1457 972/1959/1459 971/1958/1456
f 1459/2447/1457 971/1958/1456 483/1464/1455
f 1460/2448/1460 484/1465/1458 485/1466/1461
f 1460/2448/1460 485/1466/1461 973/1960/1462
f 1460/2448/1460 973/1960/1462 972/1959/1459
f 1460/2448/1460 972/1959/1459 484/1465/1458
f 1461/2449/1463 485/1466/1461 486/1467/1464
f 1461/2449/1463 486/1467/1464 974/1961/1465
f 1461/2449/1463 974/1961/1465 973/1960/1462
f 1461/2449/1463 973/1960/1462 485/1466/1461
f 1462/2450/1466 486/1467/1464 487/1468/1467
f 1462/2450/1466 487/1468/1467 975/1962/1468
f 1462/2450/1466 975/1962/1468 974/1961/1465
f 1462/2450/1466 974/1961/1465 486/1467/1464
f 1463/2451/1469 487/1468/1467 488/1469/1470
f 1463/2451/1469 488/1469/1470 976/1963/1471
f 1463/2451/1469 976/1963/1471 975/1962/1468
f 1463/2451/1469 975/1962/1468 487/1468/1467
f 1464/2452/1472 488/1469/1470 1/1470/1473
f 1464/2452/1472 1/1470/1473 489/1964/1474
f 1464/2452/1472 489/1964/1474 976/1963/1471
f 1464/2452/1472 976/1963/1471 488/1469/1470
