mtllib 7-8 corrugatedCorten.mtl
# Vertex Positions: 
g groupNumber_0
v 13.9788 -0.253511 -16.9263
v 13.3355 0.262682 -16.9263
v 13.3053 0.282512 -16.9263
v 13.2729 0.296674 -16.9263
v 13.2392 0.30517 -16.9263
v 13.2047 0.308001 -16.9263
v 13.1703 0.305175 -16.9263
v 13.1365 0.296699 -16.9263
v 13.1042 0.282574 -16.9263
v 13.0741 0.262803 -16.9263
v 12.408 -0.25913 -16.9263
v 12.3793 -0.277955 -16.9263
v 12.3483 -0.291412 -16.9263
v 12.316 -0.299493 -16.9263
v 12.2828 -0.302188 -16.9263
v 12.2199 -0.29227 -16.9263
v 12.162 -0.262474 -16.9263
v 11.4637 0.254737 -16.9263
v 11.4034 0.285788 -16.9263
v 11.3377 0.296128 -16.9263
v 11.3035 0.293387 -16.9263
v 11.2701 0.285168 -16.9263
v 11.2382 0.271478 -16.9263
v 11.2084 0.252323 -16.9263
v 10.5424 -0.260854 -16.9263
v 10.4833 -0.292329 -16.9263
v 10.4185 -0.302832 -16.9263
v 10.3555 -0.29288 -16.9263
v 10.2975 -0.262991 -16.9263
v 9.57875 0.270646 -16.9263
v 9.51836 0.30177 -16.9263
v 9.45251 0.312139 -16.9263
v 9.38587 0.30152 -16.9263
v 9.32492 0.26968 -16.9263
v 8.61923 -0.26275 -16.9263
v 8.5608 -0.293276 -16.9263
v 8.49695 -0.303454 -16.9263
v 8.43359 -0.293427 -16.9263
v 8.37551 -0.263336 -16.9263
v 7.66375 0.268629 -16.9263
v 7.60304 0.30013 -16.9263
v 7.53699 0.310619 -16.9263
v 7.50268 0.307846 -16.9263
v 7.46911 0.299531 -16.9263
v 7.43702 0.28568 -16.9263
v 7.40714 0.266302 -16.9263
v 6.73044 -0.258716 -16.9263
v 6.671 -0.290632 -16.9263
v 6.606 -0.301279 -16.9263
v 6.54178 -0.290885 -16.9263
v 6.48289 -0.259682 -16.9263
v 5.79392 0.266302 -16.9263
v 5.76421 0.285289 -16.9263
v 5.73242 0.298846 -16.9263
v 5.69925 0.306978 -16.9263
v 5.6654 0.309688 -16.9263
v 5.63112 0.30691 -16.9263
v 5.59757 0.298578 -16.9263
v 5.56547 0.284696 -16.9263
v 5.53555 0.265268 -16.9263
v 4.85823 -0.260268 -16.9263
v 4.79887 -0.292092 -16.9263
v 4.7338 -0.302713 -16.9263
v 4.67094 -0.292817 -16.9263
v 4.61313 -0.263095 -16.9263
v 3.89334 0.26925 -16.9263
v 3.83299 0.300286 -16.9263
v 3.76744 0.310615 -16.9263
v 3.73285 0.307796 -16.9263
v 3.69903 0.299346 -16.9263
v 3.66673 0.285275 -16.9263
v 3.63669 0.265595 -16.9263
v 2.96889 -0.258303 -16.9263
v 2.94006 -0.277193 -16.9263
v 2.90908 -0.290696 -16.9263
v 2.87667 -0.298804 -16.9263
v 2.84353 -0.301509 -16.9263
v 2.78005 -0.291372 -16.9263
v 2.72169 -0.260923 -16.9263
v 2.01696 0.268577 -16.9263
v 1.95609 0.30031 -16.9263
v 1.88977 0.31088 -16.9263
v 1.85572 0.308151 -16.9263
v 1.8224 0.299967 -16.9263
v 1.79051 0.286332 -16.9263
v 1.76079 0.26725 -16.9263
v 1.07293 -0.260716 -16.9263
v 1.01388 -0.292088 -16.9263
v 0.949346 -0.302543 -16.9263
v 0.885834 -0.292429 -16.9263
v 0.827551 -0.262095 -16.9263
v 0.120896 0.268146 -16.9263
v 0.0600005 0.299853 -16.9263
v -0.00625132 0.310413 -16.9263
v -0.040579 0.307633 -16.9263
v -0.0741617 0.299297 -16.9263
v -0.106268 0.285409 -16.9263
v -0.136167 0.265975 -16.9263
v -0.812262 -0.259371 -16.9263
v -0.871726 -0.29128 -16.9263
v -0.936825 -0.301926 -16.9263
v -1.00035 -0.291795 -16.9263
v -1.05871 -0.261371 -16.9263
v -1.76538 0.269594 -16.9263
v -1.8262 0.30124 -16.9263
v -1.8926 0.311789 -16.9263
v -1.959 0.30124 -16.9263
v -2.01982 0.269594 -16.9263
v -2.72794 -0.262474 -16.9263
v -2.78622 -0.292832 -16.9263
v -2.8498 -0.302946 -16.9263
v -2.91392 -0.29266 -16.9263
v -2.97259 -0.261819 -16.9263
v -3.66851 0.26663 -16.9263
v -3.69813 0.285479 -16.9263
v -3.72981 0.298937 -16.9263
v -3.76285 0.307008 -16.9263
v -3.79657 0.309697 -16.9263
v -3.83098 0.306897 -16.9263
v -3.86465 0.298501 -16.9263
v -3.89686 0.284514 -16.9263
v -3.92687 0.26494 -16.9263
v -4.5976 -0.258406 -16.9263
v -4.62635 -0.277163 -16.9263
v -4.6572 -0.290564 -16.9263
v -4.68946 -0.298605 -16.9263
v -4.72242 -0.301286 -16.9263
v -4.78643 -0.290973 -16.9263
v -4.8452 -0.260026 -16.9263
v -5.54012 0.267664 -16.9263
v -5.56971 0.286461 -16.9263
v -5.6014 0.29989 -16.9263
v -5.63448 0.307948 -16.9263
v -5.66826 0.310634 -16.9263
v -5.70214 0.30793 -16.9263
v -5.73532 0.299816 -16.9263
v -5.76708 0.286291 -16.9263
v -5.79672 0.267354 -16.9263
v -6.48908 -0.261233 -16.9263
v -6.54793 -0.292318 -16.9263
v -6.61227 -0.302684 -16.9263
v -6.67584 -0.292565 -16.9263
v -6.73416 -0.262198 -16.9263
v -7.43887 0.267267 -16.9263
v -7.49982 0.299096 -16.9263
v -7.56608 0.30969 -16.9263
v -7.60076 0.306843 -16.9263
v -7.63469 0.298309 -16.9263
v -7.6671 0.284097 -16.9263
v -7.69724 0.264216 -16.9263
v -8.35984 -0.25851 -16.9263
v -8.38871 -0.277509 -16.9263
v -8.41977 -0.291095 -16.9263
v -8.4523 -0.299255 -16.9263
v -8.48556 -0.301978 -16.9263
v -8.54838 -0.292073 -16.9263
v -8.60624 -0.262302 -16.9263
v -9.3274 0.271059 -16.9263
v -9.38765 0.301959 -16.9263
v -9.4533 0.312253 -16.9263
v -9.51997 0.301634 -16.9263
v -9.58093 0.269801 -16.9263
v -10.284 -0.260888 -16.9263
v -10.3425 -0.291551 -16.9263
v -10.4063 -0.301765 -16.9263
v -10.4713 -0.291117 -16.9263
v -10.5308 -0.259199 -16.9263
v -11.2062 0.265199 -16.9263
v -11.2361 0.284649 -16.9263
v -11.2682 0.298545 -16.9263
v -11.3018 0.306885 -16.9263
v -11.336 0.309666 -16.9263
v -11.3699 0.306954 -16.9263
v -11.4031 0.298816 -16.9263
v -11.4348 0.285249 -16.9263
v -11.4646 0.26625 -16.9263
v -12.1564 -0.261888 -16.9263
v -12.2152 -0.292961 -16.9263
v -12.2796 -0.303325 -16.9263
v -12.3426 -0.29341 -16.9263
v -12.4004 -0.263646 -16.9263
v -13.117 0.267336 -16.9263
v -13.1775 0.29858 -16.9263
v -13.2431 0.30897 -16.9263
v -13.2785 0.305994 -16.9263
v -13.3131 0.297079 -16.9263
v -13.3461 0.282239 -16.9263
v -13.3767 0.261493 -16.9263
v -13.9788 -0.228105 -16.9263
v -13.3711 0.254633 -16.9263
v -13.3418 0.274524 -16.9263
v -13.3102 0.288751 -16.9263
v -13.277 0.297299 -16.9263
v -13.2431 0.300151 -16.9263
v -13.1802 0.29019 -16.9263
v -13.1222 0.260235 -16.9263
v -12.4056 -0.270747 -16.9263
v -12.3453 -0.301776 -16.9263
v -12.2796 -0.312111 -16.9263
v -12.2457 -0.30941 -16.9263
v -12.2124 -0.301308 -16.9263
v -12.1807 -0.28781 -16.9263
v -12.151 -0.26892 -16.9263
v -11.4592 0.259252 -16.9263
v -11.4003 0.290445 -16.9263
v -11.3361 0.300837 -16.9263
v -11.271 0.290182 -16.9263
v -11.2116 0.258235 -16.9263
v -10.5362 -0.266163 -16.9263
v -10.5062 -0.285609 -16.9263
v -10.4741 -0.299504 -16.9263
v -10.4406 -0.307843 -16.9263
v -10.4062 -0.310624 -16.9263
v -10.3727 -0.307957 -16.9263
v -10.3397 -0.299953 -16.9263
v -10.3082 -0.286609 -16.9263
v -10.2787 -0.267921 -16.9263
v -9.57563 0.262769 -16.9263
v -9.51722 0.293288 -16.9263
v -9.45335 0.303466 -16.9263
v -9.39041 0.293592 -16.9263
v -9.33264 0.263958 -16.9263
v -8.61148 -0.269403 -16.9263
v -8.55111 -0.300459 -16.9263
v -8.48557 -0.310792 -16.9263
v -8.45086 -0.307951 -16.9263
v -8.41692 -0.299437 -16.9263
v -8.3845 -0.285262 -16.9263
v -8.35436 -0.265439 -16.9263
v -7.69178 0.257287 -16.9263
v -7.66289 0.276337 -16.9263
v -7.63183 0.289956 -16.9263
v -7.59932 0.298134 -16.9263
v -7.56608 0.300862 -16.9263
v -7.50258 0.290708 -16.9263
v -7.44418 0.2602 -16.9263
v -6.73947 -0.269231 -16.9263
v -6.67863 -0.300947 -16.9263
v -6.61228 -0.311513 -16.9263
v -6.57836 -0.308808 -16.9263
v -6.54516 -0.300697 -16.9263
v -6.51338 -0.287181 -16.9263
v -6.48374 -0.268265 -16.9263
v -5.79137 0.260321 -16.9263
v -5.7325 0.291428 -16.9263
v -5.6682 0.301798 -16.9263
v -5.60415 0.291507 -16.9263
v -5.54546 0.260631 -16.9263
v -4.85054 -0.267059 -16.9263
v -4.8209 -0.285895 -16.9263
v -4.78921 -0.299347 -16.9263
v -4.75615 -0.307417 -16.9263
v -4.72241 -0.310107 -16.9263
v -4.68801 -0.307309 -16.9263
v -4.65436 -0.29892 -16.9263
v -4.62217 -0.284939 -16.9263
v -4.59217 -0.26537 -16.9263
v -3.92144 0.257977 -16.9263
v -3.89268 0.276732 -16.9263
v -3.86182 0.290135 -16.9263
v -3.82955 0.29818 -16.9263
v -3.79658 0.300863 -16.9263
v -3.7326 0.290553 -16.9263
v -3.67385 0.259597 -16.9263
v -2.97794 -0.268851 -16.9263
v -2.94839 -0.287624 -16.9263
v -2.91673 -0.301033 -16.9263
v -2.88365 -0.30908 -16.9263
v -2.84986 -0.311762 -16.9263
v -2.78349 -0.301199 -16.9263
v -2.72263 -0.269506 -16.9263
v -2.01451 0.262527 -16.9263
v -1.95623 0.292868 -16.9263
v -1.89262 0.302977 -16.9263
v -1.82898 0.292861 -16.9263
v -1.77069 0.262527 -16.9263
v -1.06402 -0.268403 -16.9263
v -1.00311 -0.300188 -16.9263
v -0.936813 -0.310773 -16.9263
v -0.902484 -0.307992 -16.9263
v -0.868893 -0.299655 -16.9263
v -0.836771 -0.285767 -16.9263
v -0.80685 -0.266335 -16.9263
v -0.130755 0.259011 -16.9263
v -0.0713088 0.290921 -16.9263
v -0.0062246 0.301568 -16.9263
v 0.0572516 0.291453 -16.9263
v 0.115587 0.261079 -16.9263
v 0.822242 -0.269127 -16.9263
v 0.883053 -0.300805 -16.9263
v 0.949337 -0.311359 -16.9263
v 0.983384 -0.308632 -16.9263
v 1.01671 -0.300452 -16.9263
v 1.04859 -0.286823 -16.9263
v 1.0783 -0.267748 -16.9263
v 1.76617 0.260252 -16.9263
v 1.82524 0.291591 -16.9263
v 1.88982 0.302044 -16.9263
v 1.95337 0.291916 -16.9263
v 2.01165 0.26151 -16.9263
v 2.71638 -0.267955 -16.9263
v 2.77729 -0.299755 -16.9263
v 2.84358 -0.310342 -16.9263
v 2.87814 -0.307521 -16.9263
v 2.91195 -0.299063 -16.9263
v 2.94426 -0.284976 -16.9263
v 2.97434 -0.265266 -16.9263
v 3.64214 0.258666 -16.9263
v 3.67093 0.277525 -16.9263
v 3.70188 0.291008 -16.9263
v 3.73429 0.299106 -16.9263
v 3.76743 0.301808 -16.9263
v 3.83025 0.291906 -16.9263
v 3.8881 0.262148 -16.9263
v 4.60789 -0.270196 -16.9263
v 4.66821 -0.301195 -16.9263
v 4.7338 -0.311517 -16.9263
v 4.76814 -0.308746 -16.9263
v 4.80171 -0.300436 -16.9263
v 4.8338 -0.286596 -16.9263
v 4.86364 -0.267231 -16.9263
v 5.54093 0.258304 -16.9263
v 5.60037 0.290229 -16.9263
v 5.66536 0.300875 -16.9263
v 5.7296 0.290481 -16.9263
v 5.78855 0.259287 -16.9263
v 6.47752 -0.266714 -16.9263
v 6.50723 -0.28571 -16.9263
v 6.53902 -0.299276 -16.9263
v 6.57219 -0.307414 -16.9263
v 6.60605 -0.310126 -16.9263
v 6.64031 -0.307346 -16.9263
v 6.67385 -0.299011 -16.9263
v 6.70594 -0.285121 -16.9263
v 6.73585 -0.26568 -16.9263
v 7.41255 0.259339 -16.9263
v 7.47192 0.291183 -16.9263
v 7.53696 0.301806 -16.9263
v 7.60028 0.291751 -16.9263
v 7.65845 0.261562 -16.9263
v 8.3702 -0.270403 -16.9263
v 8.43084 -0.301799 -16.9263
v 8.49696 -0.312253 -16.9263
v 8.56357 -0.301631 -16.9263
v 8.62454 -0.269782 -16.9263
v 9.33023 0.262648 -16.9263
v 9.38866 0.293143 -16.9263
v 9.45253 0.303317 -16.9263
v 9.51563 0.293384 -16.9263
v 9.57351 0.263562 -16.9263
v 10.2923 -0.270092 -16.9263
v 10.3527 -0.301247 -16.9263
v 10.4185 -0.311623 -16.9263
v 10.4526 -0.308883 -16.9263
v 10.486 -0.300665 -16.9263
v 10.518 -0.286975 -16.9263
v 10.5478 -0.267817 -16.9263
v 11.2138 0.245325 -16.9263
v 11.273 0.276811 -16.9263
v 11.3377 0.28732 -16.9263
v 11.4006 0.277409 -16.9263
v 11.4585 0.247635 -16.9263
v 12.1568 -0.269575 -16.9263
v 12.2172 -0.300698 -16.9263
v 12.2829 -0.311057 -16.9263
v 12.3174 -0.308242 -16.9263
v 12.3512 -0.299803 -16.9263
v 12.3835 -0.285751 -16.9263
v 12.4135 -0.266094 -16.9263
v 13.0795 0.255857 -16.9263
v 13.1084 0.274809 -16.9263
v 13.1393 0.288346 -16.9263
v 13.1717 0.296469 -16.9263
v 13.2047 0.299176 -16.9263
v 13.2377 0.296462 -16.9263
v 13.2701 0.28832 -16.9263
v 13.3011 0.274751 -16.9263
v 13.33 0.255753 -16.9263
v 13.9788 -0.253511 16.9263
v 13.3355 0.262682 16.9263
v 13.3053 0.282512 16.9263
v 13.2729 0.296674 16.9263
v 13.2392 0.30517 16.9263
v 13.2047 0.308001 16.9263
v 13.1703 0.305175 16.9263
v 13.1365 0.296699 16.9263
v 13.1042 0.282574 16.9263
v 13.0741 0.262803 16.9263
v 12.408 -0.25913 16.9263
v 12.3793 -0.277955 16.9263
v 12.3483 -0.291412 16.9263
v 12.316 -0.299493 16.9263
v 12.2828 -0.302188 16.9263
v 12.2199 -0.29227 16.9263
v 12.162 -0.262474 16.9263
v 11.4637 0.254737 16.9263
v 11.4034 0.285788 16.9263
v 11.3377 0.296128 16.9263
v 11.3035 0.293387 16.9263
v 11.2701 0.285168 16.9263
v 11.2382 0.271478 16.9263
v 11.2084 0.252323 16.9263
v 10.5424 -0.260854 16.9263
v 10.4833 -0.292329 16.9263
v 10.4185 -0.302832 16.9263
v 10.3555 -0.29288 16.9263
v 10.2975 -0.262991 16.9263
v 9.57875 0.270646 16.9263
v 9.51836 0.30177 16.9263
v 9.45251 0.312139 16.9263
v 9.38587 0.30152 16.9263
v 9.32492 0.26968 16.9263
v 8.61923 -0.26275 16.9263
v 8.5608 -0.293276 16.9263
v 8.49695 -0.303454 16.9263
v 8.43359 -0.293427 16.9263
v 8.37551 -0.263336 16.9263
v 7.66375 0.268629 16.9263
v 7.60304 0.30013 16.9263
v 7.53699 0.310619 16.9263
v 7.50268 0.307846 16.9263
v 7.46911 0.299531 16.9263
v 7.43702 0.28568 16.9263
v 7.40714 0.266302 16.9263
v 6.73044 -0.258716 16.9263
v 6.671 -0.290632 16.9263
v 6.606 -0.301279 16.9263
v 6.54178 -0.290885 16.9263
v 6.48289 -0.259682 16.9263
v 5.79392 0.266302 16.9263
v 5.76421 0.285289 16.9263
v 5.73242 0.298846 16.9263
v 5.69925 0.306978 16.9263
v 5.6654 0.309688 16.9263
v 5.63112 0.30691 16.9263
v 5.59757 0.298578 16.9263
v 5.56547 0.284696 16.9263
v 5.53555 0.265268 16.9263
v 4.85823 -0.260268 16.9263
v 4.79887 -0.292092 16.9263
v 4.7338 -0.302713 16.9263
v 4.67094 -0.292817 16.9263
v 4.61313 -0.263095 16.9263
v 3.89334 0.26925 16.9263
v 3.83299 0.300286 16.9263
v 3.76744 0.310615 16.9263
v 3.73285 0.307796 16.9263
v 3.69903 0.299346 16.9263
v 3.66673 0.285275 16.9263
v 3.63669 0.265595 16.9263
v 2.96889 -0.258303 16.9263
v 2.94006 -0.277193 16.9263
v 2.90908 -0.290696 16.9263
v 2.87667 -0.298804 16.9263
v 2.84353 -0.301509 16.9263
v 2.78005 -0.291372 16.9263
v 2.72169 -0.260923 16.9263
v 2.01696 0.268577 16.9263
v 1.95609 0.30031 16.9263
v 1.88977 0.31088 16.9263
v 1.85572 0.308151 16.9263
v 1.8224 0.299967 16.9263
v 1.79051 0.286332 16.9263
v 1.76079 0.26725 16.9263
v 1.07293 -0.260716 16.9263
v 1.01388 -0.292088 16.9263
v 0.949346 -0.302543 16.9263
v 0.885834 -0.292429 16.9263
v 0.827551 -0.262095 16.9263
v 0.120896 0.268146 16.9263
v 0.0600005 0.299853 16.9263
v -0.00625132 0.310413 16.9263
v -0.040579 0.307633 16.9263
v -0.0741617 0.299297 16.9263
v -0.106268 0.285409 16.9263
v -0.136167 0.265975 16.9263
v -0.812262 -0.259371 16.9263
v -0.871726 -0.29128 16.9263
v -0.936825 -0.301926 16.9263
v -1.00035 -0.291795 16.9263
v -1.05871 -0.261371 16.9263
v -1.76538 0.269594 16.9263
v -1.8262 0.30124 16.9263
v -1.8926 0.311789 16.9263
v -1.959 0.30124 16.9263
v -2.01982 0.269594 16.9263
v -2.72794 -0.262474 16.9263
v -2.78622 -0.292832 16.9263
v -2.8498 -0.302946 16.9263
v -2.91392 -0.29266 16.9263
v -2.97259 -0.261819 16.9263
v -3.66851 0.26663 16.9263
v -3.69813 0.285479 16.9263
v -3.72981 0.298937 16.9263
v -3.76285 0.307008 16.9263
v -3.79657 0.309697 16.9263
v -3.83098 0.306897 16.9263
v -3.86465 0.298501 16.9263
v -3.89686 0.284514 16.9263
v -3.92687 0.26494 16.9263
v -4.5976 -0.258406 16.9263
v -4.62635 -0.277163 16.9263
v -4.6572 -0.290564 16.9263
v -4.68946 -0.298605 16.9263
v -4.72242 -0.301286 16.9263
v -4.78643 -0.290973 16.9263
v -4.8452 -0.260026 16.9263
v -5.54012 0.267664 16.9263
v -5.56971 0.286461 16.9263
v -5.6014 0.29989 16.9263
v -5.63448 0.307948 16.9263
v -5.66826 0.310634 16.9263
v -5.70214 0.30793 16.9263
v -5.73532 0.299816 16.9263
v -5.76708 0.286291 16.9263
v -5.79672 0.267354 16.9263
v -6.48908 -0.261233 16.9263
v -6.54793 -0.292318 16.9263
v -6.61227 -0.302684 16.9263
v -6.67584 -0.292565 16.9263
v -6.73416 -0.262198 16.9263
v -7.43887 0.267267 16.9263
v -7.49982 0.299096 16.9263
v -7.56608 0.30969 16.9263
v -7.60076 0.306843 16.9263
v -7.63469 0.298309 16.9263
v -7.6671 0.284097 16.9263
v -7.69724 0.264216 16.9263
v -8.35984 -0.25851 16.9263
v -8.38871 -0.277509 16.9263
v -8.41977 -0.291095 16.9263
v -8.4523 -0.299255 16.9263
v -8.48556 -0.301978 16.9263
v -8.54838 -0.292073 16.9263
v -8.60624 -0.262302 16.9263
v -9.3274 0.271059 16.9263
v -9.38765 0.301959 16.9263
v -9.4533 0.312253 16.9263
v -9.51997 0.301634 16.9263
v -9.58093 0.269801 16.9263
v -10.284 -0.260888 16.9263
v -10.3425 -0.291551 16.9263
v -10.4063 -0.301765 16.9263
v -10.4713 -0.291117 16.9263
v -10.5308 -0.259199 16.9263
v -11.2062 0.265199 16.9263
v -11.2361 0.284649 16.9263
v -11.2682 0.298545 16.9263
v -11.3018 0.306885 16.9263
v -11.336 0.309666 16.9263
v -11.3699 0.306954 16.9263
v -11.4031 0.298816 16.9263
v -11.4348 0.285249 16.9263
v -11.4646 0.26625 16.9263
v -12.1564 -0.261888 16.9263
v -12.2152 -0.292961 16.9263
v -12.2796 -0.303325 16.9263
v -12.3426 -0.29341 16.9263
v -12.4004 -0.263646 16.9263
v -13.117 0.267336 16.9263
v -13.1775 0.29858 16.9263
v -13.2431 0.30897 16.9263
v -13.2785 0.305994 16.9263
v -13.3131 0.297079 16.9263
v -13.3461 0.282239 16.9263
v -13.3767 0.261493 16.9263
v -13.9788 -0.228105 16.9263
v -13.3711 0.254633 16.9263
v -13.3418 0.274524 16.9263
v -13.3102 0.288751 16.9263
v -13.277 0.297299 16.9263
v -13.2431 0.300151 16.9263
v -13.1802 0.29019 16.9263
v -13.1222 0.260235 16.9263
v -12.4056 -0.270747 16.9263
v -12.3453 -0.301776 16.9263
v -12.2796 -0.312111 16.9263
v -12.2457 -0.30941 16.9263
v -12.2124 -0.301308 16.9263
v -12.1807 -0.28781 16.9263
v -12.151 -0.26892 16.9263
v -11.4592 0.259252 16.9263
v -11.4003 0.290445 16.9263
v -11.3361 0.300837 16.9263
v -11.271 0.290182 16.9263
v -11.2116 0.258235 16.9263
v -10.5362 -0.266163 16.9263
v -10.5062 -0.285609 16.9263
v -10.4741 -0.299504 16.9263
v -10.4406 -0.307843 16.9263
v -10.4062 -0.310624 16.9263
v -10.3727 -0.307957 16.9263
v -10.3397 -0.299953 16.9263
v -10.3082 -0.286609 16.9263
v -10.2787 -0.267921 16.9263
v -9.57563 0.262769 16.9263
v -9.51722 0.293288 16.9263
v -9.45335 0.303466 16.9263
v -9.39041 0.293592 16.9263
v -9.33264 0.263958 16.9263
v -8.61148 -0.269403 16.9263
v -8.55111 -0.300459 16.9263
v -8.48557 -0.310792 16.9263
v -8.45086 -0.307951 16.9263
v -8.41692 -0.299437 16.9263
v -8.3845 -0.285262 16.9263
v -8.35436 -0.265439 16.9263
v -7.69178 0.257287 16.9263
v -7.66289 0.276337 16.9263
v -7.63183 0.289956 16.9263
v -7.59932 0.298134 16.9263
v -7.56608 0.300862 16.9263
v -7.50258 0.290708 16.9263
v -7.44418 0.2602 16.9263
v -6.73947 -0.269231 16.9263
v -6.67863 -0.300947 16.9263
v -6.61228 -0.311513 16.9263
v -6.57836 -0.308808 16.9263
v -6.54516 -0.300697 16.9263
v -6.51338 -0.287181 16.9263
v -6.48374 -0.268265 16.9263
v -5.79137 0.260321 16.9263
v -5.7325 0.291428 16.9263
v -5.6682 0.301798 16.9263
v -5.60415 0.291507 16.9263
v -5.54546 0.260631 16.9263
v -4.85054 -0.267059 16.9263
v -4.8209 -0.285895 16.9263
v -4.78921 -0.299347 16.9263
v -4.75615 -0.307417 16.9263
v -4.72241 -0.310107 16.9263
v -4.68801 -0.307309 16.9263
v -4.65436 -0.29892 16.9263
v -4.62217 -0.284939 16.9263
v -4.59217 -0.26537 16.9263
v -3.92144 0.257977 16.9263
v -3.89268 0.276732 16.9263
v -3.86182 0.290135 16.9263
v -3.82955 0.29818 16.9263
v -3.79658 0.300863 16.9263
v -3.7326 0.290553 16.9263
v -3.67385 0.259597 16.9263
v -2.97794 -0.268851 16.9263
v -2.94839 -0.287624 16.9263
v -2.91673 -0.301033 16.9263
v -2.88365 -0.30908 16.9263
v -2.84986 -0.311762 16.9263
v -2.78349 -0.301199 16.9263
v -2.72263 -0.269506 16.9263
v -2.01451 0.262527 16.9263
v -1.95623 0.292868 16.9263
v -1.89262 0.302977 16.9263
v -1.82898 0.292861 16.9263
v -1.77069 0.262527 16.9263
v -1.06402 -0.268403 16.9263
v -1.00311 -0.300188 16.9263
v -0.936813 -0.310773 16.9263
v -0.902484 -0.307992 16.9263
v -0.868893 -0.299655 16.9263
v -0.836771 -0.285767 16.9263
v -0.80685 -0.266335 16.9263
v -0.130755 0.259011 16.9263
v -0.0713088 0.290921 16.9263
v -0.0062246 0.301568 16.9263
v 0.0572516 0.291453 16.9263
v 0.115587 0.261079 16.9263
v 0.822242 -0.269127 16.9263
v 0.883053 -0.300805 16.9263
v 0.949337 -0.311359 16.9263
v 0.983384 -0.308632 16.9263
v 1.01671 -0.300452 16.9263
v 1.04859 -0.286823 16.9263
v 1.0783 -0.267748 16.9263
v 1.76617 0.260252 16.9263
v 1.82524 0.291591 16.9263
v 1.88982 0.302044 16.9263
v 1.95337 0.291916 16.9263
v 2.01165 0.26151 16.9263
v 2.71638 -0.267955 16.9263
v 2.77729 -0.299755 16.9263
v 2.84358 -0.310342 16.9263
v 2.87814 -0.307521 16.9263
v 2.91195 -0.299063 16.9263
v 2.94426 -0.284976 16.9263
v 2.97434 -0.265266 16.9263
v 3.64214 0.258666 16.9263
v 3.67093 0.277525 16.9263
v 3.70188 0.291008 16.9263
v 3.73429 0.299106 16.9263
v 3.76743 0.301808 16.9263
v 3.83025 0.291906 16.9263
v 3.8881 0.262148 16.9263
v 4.60789 -0.270196 16.9263
v 4.66821 -0.301195 16.9263
v 4.7338 -0.311517 16.9263
v 4.76814 -0.308746 16.9263
v 4.80171 -0.300436 16.9263
v 4.8338 -0.286596 16.9263
v 4.86364 -0.267231 16.9263
v 5.54093 0.258304 16.9263
v 5.60037 0.290229 16.9263
v 5.66536 0.300875 16.9263
v 5.7296 0.290481 16.9263
v 5.78855 0.259287 16.9263
v 6.47752 -0.266714 16.9263
v 6.50723 -0.28571 16.9263
v 6.53902 -0.299276 16.9263
v 6.57219 -0.307414 16.9263
v 6.60605 -0.310126 16.9263
v 6.64031 -0.307346 16.9263
v 6.67385 -0.299011 16.9263
v 6.70594 -0.285121 16.9263
v 6.73585 -0.26568 16.9263
v 7.41255 0.259339 16.9263
v 7.47192 0.291183 16.9263
v 7.53696 0.301806 16.9263
v 7.60028 0.291751 16.9263
v 7.65845 0.261562 16.9263
v 8.3702 -0.270403 16.9263
v 8.43084 -0.301799 16.9263
v 8.49696 -0.312253 16.9263
v 8.56357 -0.301631 16.9263
v 8.62454 -0.269782 16.9263
v 9.33023 0.262648 16.9263
v 9.38866 0.293143 16.9263
v 9.45253 0.303317 16.9263
v 9.51563 0.293384 16.9263
v 9.57351 0.263562 16.9263
v 10.2923 -0.270092 16.9263
v 10.3527 -0.301247 16.9263
v 10.4185 -0.311623 16.9263
v 10.4526 -0.308883 16.9263
v 10.486 -0.300665 16.9263
v 10.518 -0.286975 16.9263
v 10.5478 -0.267817 16.9263
v 11.2138 0.245325 16.9263
v 11.273 0.276811 16.9263
v 11.3377 0.28732 16.9263
v 11.4006 0.277409 16.9263
v 11.4585 0.247635 16.9263
v 12.1568 -0.269575 16.9263
v 12.2172 -0.300698 16.9263
v 12.2829 -0.311057 16.9263
v 12.3174 -0.308242 16.9263
v 12.3512 -0.299803 16.9263
v 12.3835 -0.285751 16.9263
v 12.4135 -0.266094 16.9263
v 13.0795 0.255857 16.9263
v 13.1084 0.274809 16.9263
v 13.1393 0.288346 16.9263
v 13.1717 0.296469 16.9263
v 13.2047 0.299176 16.9263
v 13.2377 0.296462 16.9263
v 13.2701 0.28832 16.9263
v 13.3011 0.274751 16.9263
v 13.33 0.255753 16.9263
v 13.6572 0.00458566 0
v 13.3204 0.272597 0
v 13.2891 0.289593 0
v 13.2561 0.300922 0
v 13.2219 0.306585 0
v 13.1875 0.306588 0
v 13.1534 0.300937 0
v 13.1204 0.289637 0
v 13.0891 0.272689 0
v 12.741 0.00183647 0
v 12.3936 -0.268543 0
v 12.3638 -0.284684 0
v 12.3321 -0.295452 0
v 12.2994 -0.30084 0
v 12.2514 -0.297229 0
v 12.191 -0.277372 0
v 11.8129 -0.00386876 0
v 11.4336 0.270262 0
v 11.3705 0.290958 0
v 11.3206 0.294758 0
v 11.2868 0.289278 0
v 11.2541 0.278323 0
v 11.2233 0.261901 0
v 10.8754 -0.00426519 0
v 10.5128 -0.276591 0
v 10.4509 -0.29758 0
v 10.387 -0.297856 0
v 10.3265 -0.277936 0
v 9.93812 0.00382727 0
v 9.54855 0.286208 0
v 9.48543 0.306955 0
v 9.41919 0.30683 0
v 9.3554 0.2856 0
v 8.97208 0.0034653 0
v 8.59001 -0.278013 0
v 8.52888 -0.298365 0
v 8.46527 -0.29844 0
v 8.40455 -0.278381 0
v 8.01963 0.00264657 0
v 7.6334 0.28438 0
v 7.57002 0.305375 0
v 7.51983 0.309232 0
v 7.4859 0.303688 0
v 7.45307 0.292605 0
v 7.42208 0.275991 0
v 7.06879 0.00379279 0
v 6.70072 -0.274674 0
v 6.6385 -0.295956 0
v 6.57389 -0.296082 0
v 6.51234 -0.275284 0
v 6.13841 0.00331017 0
v 5.77907 0.275795 0
v 5.74832 0.292067 0
v 5.71584 0.302912 0
v 5.68232 0.308333 0
v 5.64826 0.308299 0
v 5.61434 0.302744 0
v 5.58152 0.291637 0
v 5.55051 0.274982 0
v 5.19689 0.00250007 0
v 4.82855 -0.27618 0
v 4.76633 -0.297402 0
v 4.70237 -0.297765 0
v 4.64204 -0.277956 0
v 4.25324 0.00307749 0
v 3.86316 0.284768 0
v 3.80021 0.30545 0
v 3.75014 0.309205 0
v 3.71594 0.303571 0
v 3.68288 0.292311 0
v 3.65171 0.275435 0
v 3.30279 0.00364628 0
v 2.95447 -0.267748 0
v 2.92457 -0.283944 0
v 2.89287 -0.29475 0
v 2.8601 -0.300156 0
v 2.81179 -0.296441 0
v 2.75087 -0.276148 0
v 2.36932 0.00382727 0
v 1.98653 0.284443 0
v 1.92293 0.305595 0
v 1.87275 0.309516 0
v 1.83906 0.304059 0
v 1.80646 0.29315 0
v 1.77565 0.276791 0
v 1.41686 0.00326709 0
v 1.0434 -0.276402 0
v 0.981612 -0.297315 0
v 0.91759 -0.297486 0
v 0.856692 -0.277262 0
v 0.474223 0.00302578 0
v 0.090448 0.283999 0
v 0.0268746 0.305133 0
v -0.0234151 0.309023 0
v -0.0573703 0.303465 0
v -0.0902149 0.292353 0
v -0.121218 0.275692 0
v -0.474215 0.00330156 0
v -0.841994 -0.275326 0
v -0.904276 -0.296603 0
v -0.968589 -0.29686 0
v -1.02953 -0.276583 0
v -1.41204 0.00411167 0
v -1.79579 0.285417 0
v -1.8594 0.306514 0
v -1.9258 0.306514 0
v -1.98941 0.285417 0
v -2.37388 0.00356011 0
v -2.75708 -0.277653 0
v -2.81801 -0.297889 0
v -2.88186 -0.297803 0
v -2.94326 -0.277239 0
v -3.32055 0.00240527 0
v -3.68332 0.276054 0
v -3.71397 0.292208 0
v -3.74633 0.302972 0
v -3.77971 0.308352 0
v -3.81378 0.308297 0
v -3.84782 0.302699 0
v -3.88076 0.291507 0
v -3.91186 0.274727 0
v -4.26223 0.00326709 0
v -4.61198 -0.267785 0
v -4.64178 -0.283864 0
v -4.67333 -0.294584 0
v -4.70594 -0.299945 0
v -4.75442 -0.296129 0
v -4.81581 -0.2755 0
v -5.19266 0.00381864 0
v -5.55492 0.277063 0
v -5.58556 0.293176 0
v -5.61794 0.303919 0
v -5.65137 0.309291 0
v -5.6852 0.309282 0
v -5.71873 0.303873 0
v -5.7512 0.293053 0
v -5.7819 0.276822 0
v -6.1429 0.00306025 0
v -6.51851 -0.276776 0
v -6.5801 -0.297501 0
v -6.64406 -0.297624 0
v -6.705 -0.277382 0
v -7.08652 0.00253454 0
v -7.46935 0.283182 0
v -7.53295 0.304393 0
v -7.58342 0.308267 0
v -7.61773 0.302576 0
v -7.65089 0.291203 0
v -7.68217 0.274157 0
v -8.02854 0.00285342 0
v -8.37428 -0.268009 0
v -8.40424 -0.284302 0
v -8.43604 -0.295175 0
v -8.46893 -0.300617 0
v -8.51697 -0.297026 0
v -8.57731 -0.277187 0
v -8.96682 0.00437883 0
v -9.35753 0.286509 0
v -9.42048 0.307106 0
v -9.48664 0.306943 0
v -9.55045 0.285718 0
v -9.93246 0.00445639 0
v -10.3133 -0.27622 0
v -10.3744 -0.296658 0
v -10.4388 -0.296441 0
v -10.501 -0.275158 0
v -10.8685 0.00299992 0
v -11.2211 0.274924 0
v -11.2521 0.291597 0
v -11.285 0.302715 0
v -11.3189 0.308276 0
v -11.353 0.30831 0
v -11.3865 0.302885 0
v -11.419 0.292032 0
v -11.4497 0.27575 0
v -11.8105 0.0021812 0
v -12.1858 -0.277424 0
v -12.2474 -0.298143 0
v -12.3111 -0.298367 0
v -12.3715 -0.278528 0
v -12.7587 0.00184509 0
v -13.1473 0.282958 0
v -13.2103 0.303775 0
v -13.2608 0.307482 0
v -13.2958 0.301536 0
v -13.3296 0.289659 0
v -13.3614 0.271866 0
v -13.6778 0.0166942 0
v -13.675 0.0132642 0
v -13.3565 0.264578 0
v -13.326 0.281637 0
v -13.2936 0.293025 0
v -13.26 0.298725 0
v -13.2117 0.295171 0
v -13.1512 0.275212 0
v -12.7639 -0.00525628 0
v -12.3755 -0.286262 0
v -12.3125 -0.306944 0
v -12.2626 -0.310761 0
v -12.229 -0.305359 0
v -12.1965 -0.294559 0
v -12.1658 -0.278365 0
v -11.8051 -0.00483399 0
v -11.4297 0.274849 0
v -11.3682 0.295641 0
v -11.3035 0.295509 0
v -11.2413 0.274209 0
v -10.8739 -0.00396355 0
v -10.5212 -0.275886 0
v -10.4902 -0.292556 0
v -10.4573 -0.303674 0
v -10.4234 -0.309234 0
v -10.3895 -0.309291 0
v -10.3562 -0.303955 0
v -10.324 -0.293281 0
v -10.2934 -0.277265 0
v -9.92715 -0.00257603 0
v -9.54642 0.278028 0
v -9.48529 0.298377 0
v -9.42188 0.298529 0
v -9.36153 0.278775 0
v -8.97206 -0.00272254 0
v -8.58129 -0.284931 0
v -8.51834 -0.305625 0
v -8.46822 -0.309371 0
v -8.43389 -0.303694 0
v -8.40071 -0.292349 0
v -8.36943 -0.27535 0
v -8.02307 -0.00407559 0
v -7.67733 0.266812 0
v -7.64736 0.283147 0
v -7.61557 0.294045 0
v -7.5827 0.299498 0
v -7.53433 0.295785 0
v -7.47338 0.275454 0
v -7.09183 -0.00451512 0
v -6.70905 -0.285089 0
v -6.64545 -0.30623 0
v -6.59532 -0.310161 0
v -6.56176 -0.304752 0
v -6.52927 -0.293939 0
v -6.49856 -0.277723 0
v -6.13756 -0.00397217 0
v -5.76193 0.275875 0
v -5.70035 0.296613 0
v -5.63618 0.296653 0
v -5.57481 0.276069 0
v -5.198 -0.00321378 0
v -4.83572 -0.276477 0
v -4.80505 -0.292621 0
v -4.77268 -0.303382 0
v -4.73928 -0.308762 0
v -4.70521 -0.308708 0
v -4.67119 -0.303115 0
v -4.63826 -0.291929 0
v -4.60717 -0.275154 0
v -4.2568 -0.00369639 0
v -3.90706 0.267355 0
v -3.87725 0.283434 0
v -3.84569 0.294158 0
v -3.81307 0.299522 0
v -3.76459 0.295708 0
v -3.70323 0.275075 0
v -3.3259 -0.00462715 0
v -2.96317 -0.278238 0
v -2.93256 -0.294328 0
v -2.90019 -0.305056 0
v -2.86675 -0.310421 0
v -2.81667 -0.306481 0
v -2.75306 -0.285353 0
v -2.36857 -0.00348956 0
v -1.98537 0.277697 0
v -1.92442 0.297922 0
v -1.8608 0.297919 0
v -1.79983 0.277694 0
v -1.41735 -0.00293799 0
v -1.03356 -0.284296 0
v -0.969962 -0.305481 0
v -0.919648 -0.309383 0
v -0.885688 -0.303824 0
v -0.852832 -0.292711 0
v -0.82181 -0.276051 0
v -0.468802 -0.00366191 0
v -0.101032 0.274966 0
v -0.0387667 0.296245 0
v 0.0255135 0.296511 0
v 0.0864192 0.276266 0
v 0.468914 -0.00402387 0
v 0.852647 -0.284966 0
v 0.916195 -0.306082 0
v 0.966361 -0.309996 0
v 1.00005 -0.304542 0
v 1.03265 -0.293638 0
v 1.06345 -0.277286 0
v 1.42224 -0.0037481 0
v 1.79571 0.275921 0
v 1.85753 0.296818 0
v 1.92159 0.29698 0
v 1.98251 0.276713 0
v 2.36401 -0.00322239 0
v 2.74684 -0.283855 0
v 2.81043 -0.305048 0
v 2.86086 -0.308932 0
v 2.89504 -0.303292 0
v 2.92811 -0.292019 0
v 2.9593 -0.275121 0
v 3.30824 -0.00329995 0
v 3.65653 0.268096 0
v 3.68641 0.284266 0
v 3.71809 0.295057 0
v 3.75086 0.300457 0
v 3.79884 0.296857 0
v 3.85918 0.277027 0
v 4.248 -0.00402388 0
v 4.63805 -0.285695 0
v 4.70101 -0.306356 0
v 4.75097 -0.310131 0
v 4.78492 -0.304591 0
v 4.81776 -0.293516 0
v 4.84872 -0.276914 0
v 5.20229 -0.00446341 0
v 5.57065 0.274267 0
v 5.63287 0.295552 0
v 5.69748 0.295678 0
v 5.75907 0.274884 0
v 6.13303 -0.00371363 0
v 6.49237 -0.276212 0
v 6.52312 -0.292493 0
v 6.5556 -0.303345 0
v 6.58912 -0.30877 0
v 6.62318 -0.308736 0
v 6.65708 -0.303179 0
v 6.68989 -0.292066 0
v 6.7209 -0.275401 0
v 7.0742 -0.00317068 0
v 7.44224 0.275261 0
v 7.50444 0.296495 0
v 7.56862 0.296778 0
v 7.62936 0.276656 0
v 8.01432 -0.00442032 0
v 8.40052 -0.286101 0
v 8.4639 -0.307026 0
v 8.53026 -0.306942 0
v 8.59406 -0.285706 0
v 8.97739 -0.00356712 0
v 9.35944 0.277895 0
v 9.42059 0.29823 0
v 9.48408 0.29835 0
v 9.54457 0.278473 0
v 9.93288 -0.00326549 0
v 10.3225 -0.28567 0
v 10.3856 -0.306435 0
v 10.4356 -0.310253 0
v 10.4693 -0.304774 0
v 10.502 -0.29382 0
v 10.5329 -0.277396 0
v 10.8808 -0.0112459 0
v 11.2434 0.261068 0
v 11.3053 0.282066 0
v 11.3692 0.282364 0
v 11.4296 0.262522 0
v 11.8076 -0.0109701 0
v 12.187 -0.285137 0
v 12.25 -0.305877 0
v 12.3001 -0.309649 0
v 12.3343 -0.304023 0
v 12.3673 -0.292777 0
v 12.3985 -0.275922 0
v 12.7465 -0.00511839 0
v 13.094 0.265333 0
v 13.1239 0.281578 0
v 13.1555 0.292407 0
v 13.1882 0.297822 0
v 13.2212 0.297819 0
v 13.2539 0.292391 0
v 13.2856 0.281536 0
v 13.3156 0.265252 0
v 13.6544 0.00112116 0


# Vertex Texture Coordinates :
vt 0.406016 0.000853075
vt 0.396673 0.00834952
vt 0.396235 0.0086375
vt 0.395765 0.00884316
vt 0.395275 0.00896654
vt 0.394774 0.00900766
vt 0.394274 0.00896662
vt 0.393784 0.00884352
vt 0.393315 0.0086384
vt 0.392877 0.00835127
vt 0.383204 0.000771472
vt 0.382787 0.000498087
vt 0.382337 0.000302657
vt 0.381867 0.000185307
vt 0.381386 0.000146163
vt 0.380473 0.000290203
vt 0.379632 0.000722911
vt 0.369491 0.00823412
vt 0.368614 0.00868507
vt 0.36766 0.00883524
vt 0.367164 0.00879543
vt 0.366679 0.00867607
vt 0.366215 0.00847725
vt 0.365783 0.00819908
vt 0.356111 0.00074644
vt 0.355252 0.000289346
vt 0.354312 0.000136808
vt 0.353396 0.000281336
vt 0.352554 0.000715401
vt 0.342116 0.00846516
vt 0.341239 0.00891717
vt 0.340283 0.00906776
vt 0.339315 0.00891354
vt 0.33843 0.00845115
vt 0.328181 0.000718906
vt 0.327333 0.000275591
vt 0.326406 0.000127777
vt 0.325485 0.000273401
vt 0.324642 0.000710395
vt 0.314305 0.00843588
vt 0.313424 0.00889335
vt 0.312464 0.00904568
vt 0.311966 0.0090054
vt 0.311479 0.00888465
vt 0.311013 0.00868351
vt 0.310579 0.00840208
vt 0.300751 0.000777479
vt 0.299888 0.000313981
vt 0.298944 0.000159364
vt 0.298011 0.000310304
vt 0.297156 0.000763462
vt 0.287151 0.00840208
vt 0.286719 0.00867782
vt 0.286258 0.0088747
vt 0.285776 0.0089928
vt 0.285284 0.00903215
vt 0.284786 0.00899181
vt 0.284299 0.00887081
vt 0.283833 0.00866921
vt 0.283398 0.00838706
vt 0.273562 0.000754951
vt 0.2727 0.000292784
vt 0.271755 0.000138542
vt 0.270842 0.000282255
vt 0.270003 0.000713899
vt 0.259549 0.00844489
vt 0.258673 0.00889561
vt 0.257721 0.00904561
vt 0.257219 0.00900468
vt 0.256728 0.00888196
vt 0.256258 0.00867763
vt 0.255822 0.00839182
vt 0.246124 0.000783487
vt 0.245705 0.000509158
vt 0.245255 0.000313057
vt 0.244785 0.000195306
vt 0.244304 0.000156028
vt 0.243382 0.000303232
vt 0.242534 0.000745439
vt 0.2323 0.00843513
vt 0.231416 0.00889596
vt 0.230452 0.00904947
vt 0.229958 0.00900984
vt 0.229474 0.00889099
vt 0.229011 0.00869297
vt 0.228579 0.00841585
vt 0.21859 0.000748443
vt 0.217732 0.000292838
vt 0.216795 0.000141013
vt 0.215873 0.000287895
vt 0.215026 0.000728417
vt 0.204764 0.00842887
vt 0.20388 0.00888932
vt 0.202917 0.00904269
vt 0.202419 0.00900231
vt 0.201931 0.00888125
vt 0.201465 0.00867956
vt 0.201031 0.00839733
vt 0.191212 0.000767967
vt 0.190349 0.00030458
vt 0.189403 0.000149966
vt 0.188481 0.000297102
vt 0.187633 0.000738931
vt 0.17737 0.00844989
vt 0.176487 0.00890947
vt 0.175523 0.00906267
vt 0.174559 0.00890947
vt 0.173675 0.00844989
vt 0.163392 0.000722911
vt 0.162545 0.000282035
vt 0.161622 0.000135159
vt 0.160691 0.000284538
vt 0.159839 0.000732423
vt 0.149732 0.00840684
vt 0.149302 0.00868058
vt 0.148842 0.00887602
vt 0.148362 0.00899323
vt 0.147872 0.00903229
vt 0.147373 0.00899163
vt 0.146884 0.00886969
vt 0.146416 0.00866656
vt 0.14598 0.00838231
vt 0.136239 0.000781985
vt 0.135822 0.000509582
vt 0.135374 0.000314978
vt 0.134905 0.000198198
vt 0.134427 0.000159266
vt 0.133497 0.000309033
vt 0.132644 0.000758455
vt 0.122552 0.00842186
vt 0.122122 0.00869485
vt 0.121662 0.00888986
vt 0.121181 0.00900689
vt 0.120691 0.0090459
vt 0.120199 0.00900662
vt 0.119717 0.00888878
vt 0.119256 0.00869237
vt 0.118825 0.00841735
vt 0.10877 0.000740933
vt 0.107916 0.000289497
vt 0.106981 0.000138965
vt 0.106058 0.000285914
vt 0.105211 0.000726916
vt 0.0949769 0.0084161
vt 0.0940917 0.00887833
vt 0.0931296 0.00903219
vt 0.0926258 0.00899084
vt 0.0921332 0.0088669
vt 0.0916625 0.00866051
vt 0.0912247 0.0083718
vt 0.081602 0.000780483
vt 0.0811828 0.000504565
vt 0.0807317 0.000307262
vt 0.0802593 0.000188751
vt 0.0797763 0.000149208
vt 0.078864 0.000293056
vt 0.0780238 0.000725414
vt 0.0675506 0.00847117
vt 0.0666756 0.00891992
vt 0.0657222 0.0090694
vt 0.064754 0.0089152
vt 0.0638687 0.0084529
vt 0.0536586 0.00074594
vt 0.0528084 0.000300634
vt 0.0518827 0.00015231
vt 0.050938 0.000306939
vt 0.0500748 0.000770471
vt 0.0402662 0.00838606
vt 0.0398315 0.00866853
vt 0.0393653 0.00887034
vt 0.0388781 0.00899146
vt 0.0383802 0.00903184
vt 0.0378885 0.00899245
vt 0.0374068 0.00887427
vt 0.0369452 0.00867724
vt 0.0365137 0.00840133
vt 0.0264666 0.000731421
vt 0.0256123 0.000280166
vt 0.0246775 0.000129651
vt 0.0237628 0.000273642
vt 0.0229229 0.000705889
vt 0.012516 0.0084171
vt 0.0116372 0.00887084
vt 0.0106853 0.00902173
vt 0.010171 0.00897852
vt 0.00966849 0.00884904
vt 0.00918927 0.00863353
vt 0.00874477 0.00833225
vt 0 0.00122204
vt 0.00882562 0.00823262
vt 0.00925157 0.00852148
vt 0.00971078 0.00872809
vt 0.0101923 0.00885223
vt 0.0106852 0.00889366
vt 0.0115975 0.00874899
vt 0.0124399 0.00831397
vt 0.0228468 0.000602759
vt 0.0237228 0.000152151
vt 0.0246772 2.04912e-06
vt 0.0251702 4.12821e-05
vt 0.0256527 0.000158941
vt 0.0261142 0.000354965
vt 0.0265442 0.000629293
vt 0.0365913 0.0082997
vt 0.0374472 0.0087527
vt 0.0383799 0.00890362
vt 0.0393241 0.00874888
vt 0.0401876 0.00828494
vt 0.0499962 0.000669343
vt 0.0504309 0.000386933
vt 0.0508973 0.000185144
vt 0.0513849 6.40306e-05
vt 0.051883 2.36473e-05
vt 0.0523709 6.2382e-05
vt 0.052849 0.00017862
vt 0.0533072 0.000372413
vt 0.0537357 0.000643811
vt 0.0639458 0.00835077
vt 0.064794 0.00879399
vt 0.0657215 0.0089418
vt 0.0666355 0.0087984
vt 0.0674745 0.00836804
vt 0.0779477 0.000622284
vt 0.0788244 0.000171274
vt 0.0797761 2.12177e-05
vt 0.0802802 6.24741e-05
vt 0.0807732 0.000186121
vt 0.081244 0.000391976
vt 0.0816816 0.000679856
vt 0.091304 0.00827117
vt 0.0917236 0.00854782
vt 0.0921747 0.0087456
vt 0.0926468 0.00886437
vt 0.0931295 0.00890399
vt 0.0940516 0.00875652
vt 0.0948998 0.00831347
vt 0.105134 0.000624787
vt 0.106018 0.000164191
vt 0.106981 1.07409e-05
vt 0.107474 5.00187e-05
vt 0.107956 0.000167821
vt 0.108417 0.000364098
vt 0.108848 0.000638805
vt 0.118903 0.00831522
vt 0.119758 0.00876698
vt 0.120692 0.00891758
vt 0.121622 0.00876813
vt 0.122474 0.00831973
vt 0.132566 0.000656327
vt 0.132996 0.000382776
vt 0.133457 0.000187417
vt 0.133937 7.02232e-05
vt 0.134427 3.11647e-05
vt 0.134926 7.17856e-05
vt 0.135415 0.000193628
vt 0.135883 0.000396662
vt 0.136318 0.000680858
vt 0.146059 0.00828118
vt 0.146477 0.00855356
vt 0.146925 0.0087482
vt 0.147393 0.00886504
vt 0.147872 0.008904
vt 0.148801 0.00875426
vt 0.149655 0.00830471
vt 0.159761 0.000630294
vt 0.16019 0.000357675
vt 0.16065 0.000162933
vt 0.16113 4.60785e-05
vt 0.161621 7.12445e-06
vt 0.162585 0.000160523
vt 0.163469 0.000620782
vt 0.173752 0.00834726
vt 0.174599 0.00878788
vt 0.175523 0.00893469
vt 0.176447 0.00878779
vt 0.177293 0.00834726
vt 0.187556 0.000636802
vt 0.188441 0.000175204
vt 0.189403 2.14887e-05
vt 0.189902 6.18688e-05
vt 0.19039 0.000182948
vt 0.190856 0.000384636
vt 0.191291 0.00066684
vt 0.201109 0.0082962
vt 0.201973 0.00875962
vt 0.202918 0.00891424
vt 0.20384 0.00876734
vt 0.204687 0.00832624
vt 0.214949 0.000626289
vt 0.215832 0.00016624
vt 0.216795 1.29721e-05
vt 0.217289 5.25801e-05
vt 0.217773 0.000171372
vt 0.218236 0.000369299
vt 0.218668 0.000646314
vt 0.228658 0.00831422
vt 0.229515 0.00876934
vt 0.230453 0.00892115
vt 0.231376 0.00877406
vt 0.232223 0.0083325
vt 0.242457 0.00064331
vt 0.243342 0.0001815
vt 0.244304 2.77424e-05
vt 0.244806 6.87113e-05
vt 0.245297 0.000191544
vt 0.245766 0.000396131
vt 0.246203 0.00068236
vt 0.255901 0.00829119
vt 0.256319 0.00856506
vt 0.256769 0.00876088
vt 0.25724 0.00887848
vt 0.257721 0.00891772
vt 0.258633 0.00877391
vt 0.259473 0.00834176
vt 0.269927 0.000610769
vt 0.270802 0.000160587
vt 0.271755 1.06845e-05
vt 0.272254 5.09302e-05
vt 0.272741 0.000171601
vt 0.273207 0.000372599
vt 0.273641 0.000653824
vt 0.283477 0.00828594
vt 0.28434 0.00874957
vt 0.285284 0.00890418
vt 0.286217 0.00875323
vt 0.287073 0.00830021
vt 0.297078 0.000661333
vt 0.29751 0.000385462
vt 0.297971 0.000188454
vt 0.298453 7.0275e-05
vt 0.298945 3.08896e-05
vt 0.299442 7.12489e-05
vt 0.29993 0.000192303
vt 0.300395 0.000394016
vt 0.30083 0.000676352
vt 0.310657 0.00830096
vt 0.31152 0.00876342
vt 0.312464 0.00891769
vt 0.313384 0.00877166
vt 0.314228 0.00833325
vt 0.324565 0.000607766
vt 0.325445 0.000151816
vt 0.326406 0
vt 0.327373 0.000154257
vt 0.328258 0.000616777
vt 0.338507 0.00834902
vt 0.339355 0.00879188
vt 0.340283 0.00893963
vt 0.341199 0.00879539
vt 0.34204 0.00836228
vt 0.352478 0.000612271
vt 0.353356 0.000159834
vt 0.354311 9.14124e-06
vt 0.354807 4.89387e-05
vt 0.355292 0.000168282
vt 0.355756 0.000367098
vt 0.356189 0.000645313
vt 0.365861 0.00809745
vt 0.36672 0.0085547
vt 0.367661 0.00870732
vt 0.368575 0.00856338
vt 0.369415 0.00813099
vt 0.379556 0.000619781
vt 0.380433 0.000167807
vt 0.381387 1.7364e-05
vt 0.381888 5.82439e-05
vt 0.382379 0.000180792
vt 0.382848 0.000384872
vt 0.383283 0.000670344
vt 0.392956 0.00825039
vt 0.393375 0.00852563
vt 0.393825 0.00872222
vt 0.394294 0.00884018
vt 0.394774 0.0088795
vt 0.395254 0.00884008
vt 0.395724 0.00872185
vt 0.396174 0.00852478
vt 0.396594 0.00824889
vt 0.412049 0.000853075
vt 0.421392 0.00834952
vt 0.42183 0.0086375
vt 0.4223 0.00884316
vt 0.42279 0.00896654
vt 0.423291 0.00900766
vt 0.423791 0.00896662
vt 0.424281 0.00884352
vt 0.42475 0.0086384
vt 0.425188 0.00835127
vt 0.434861 0.000771472
vt 0.435278 0.000498087
vt 0.435728 0.000302657
vt 0.436198 0.000185307
vt 0.436679 0.000146163
vt 0.437592 0.000290203
vt 0.438433 0.000722911
vt 0.448574 0.00823412
vt 0.449451 0.00868507
vt 0.450405 0.00883524
vt 0.450901 0.00879543
vt 0.451386 0.00867607
vt 0.45185 0.00847725
vt 0.452282 0.00819908
vt 0.461954 0.00074644
vt 0.462813 0.000289346
vt 0.463753 0.000136808
vt 0.464669 0.000281336
vt 0.465511 0.000715401
vt 0.475949 0.00846516
vt 0.476826 0.00891717
vt 0.477782 0.00906776
vt 0.47875 0.00891354
vt 0.479635 0.00845115
vt 0.489884 0.000718906
vt 0.490732 0.000275591
vt 0.491659 0.000127777
vt 0.49258 0.000273401
vt 0.493423 0.000710395
vt 0.50376 0.00843588
vt 0.504641 0.00889335
vt 0.505601 0.00904568
vt 0.506099 0.0090054
vt 0.506586 0.00888465
vt 0.507052 0.00868351
vt 0.507486 0.00840208
vt 0.517314 0.000777479
vt 0.518177 0.000313981
vt 0.519121 0.000159364
vt 0.520053 0.000310304
vt 0.520909 0.000763462
vt 0.530914 0.00840208
vt 0.531346 0.00867782
vt 0.531807 0.0088747
vt 0.532289 0.0089928
vt 0.532781 0.00903215
vt 0.533279 0.00899181
vt 0.533766 0.00887081
vt 0.534232 0.00866921
vt 0.534666 0.00838706
vt 0.544503 0.000754951
vt 0.545365 0.000292784
vt 0.54631 0.000138542
vt 0.547223 0.000282255
vt 0.548062 0.000713899
vt 0.558516 0.00844489
vt 0.559392 0.00889561
vt 0.560344 0.00904561
vt 0.560846 0.00900468
vt 0.561337 0.00888196
vt 0.561807 0.00867763
vt 0.562243 0.00839182
vt 0.571941 0.000783487
vt 0.57236 0.000509158
vt 0.57281 0.000313057
vt 0.57328 0.000195306
vt 0.573761 0.000156028
vt 0.574683 0.000303232
vt 0.575531 0.000745439
vt 0.585765 0.00843513
vt 0.586649 0.00889596
vt 0.587613 0.00904947
vt 0.588107 0.00900984
vt 0.588591 0.00889099
vt 0.589054 0.00869297
vt 0.589486 0.00841585
vt 0.599475 0.000748443
vt 0.600333 0.000292838
vt 0.60127 0.000141013
vt 0.602192 0.000287895
vt 0.603039 0.000728417
vt 0.613301 0.00842887
vt 0.614185 0.00888932
vt 0.615148 0.00904269
vt 0.615646 0.00900231
vt 0.616134 0.00888125
vt 0.6166 0.00867956
vt 0.617034 0.00839733
vt 0.626853 0.000767967
vt 0.627716 0.00030458
vt 0.628662 0.000149966
vt 0.629584 0.000297102
vt 0.630432 0.000738931
vt 0.640695 0.00844989
vt 0.641578 0.00890947
vt 0.642542 0.00906267
vt 0.643506 0.00890947
vt 0.64439 0.00844989
vt 0.654673 0.000722911
vt 0.65552 0.000282035
vt 0.656443 0.000135159
vt 0.657374 0.000284538
vt 0.658226 0.000732423
vt 0.668333 0.00840684
vt 0.668763 0.00868058
vt 0.669223 0.00887602
vt 0.669703 0.00899323
vt 0.670193 0.00903229
vt 0.670692 0.00899163
vt 0.671181 0.00886969
vt 0.671649 0.00866656
vt 0.672085 0.00838231
vt 0.681826 0.000781985
vt 0.682243 0.000509582
vt 0.682691 0.000314978
vt 0.68316 0.000198198
vt 0.683638 0.000159266
vt 0.684568 0.000309033
vt 0.685421 0.000758455
vt 0.695513 0.00842186
vt 0.695943 0.00869485
vt 0.696403 0.00888986
vt 0.696884 0.00900689
vt 0.697374 0.0090459
vt 0.697866 0.00900662
vt 0.698348 0.00888878
vt 0.698809 0.00869237
vt 0.69924 0.00841735
vt 0.709295 0.000740933
vt 0.710149 0.000289497
vt 0.711084 0.000138965
vt 0.712007 0.000285914
vt 0.712854 0.000726916
vt 0.723088 0.0084161
vt 0.723973 0.00887833
vt 0.724935 0.00903219
vt 0.725439 0.00899084
vt 0.725932 0.0088669
vt 0.726402 0.00866051
vt 0.72684 0.0083718
vt 0.736463 0.000780483
vt 0.736882 0.000504565
vt 0.737333 0.000307262
vt 0.737806 0.000188751
vt 0.738289 0.000149208
vt 0.739201 0.000293056
vt 0.740041 0.000725414
vt 0.750514 0.00847117
vt 0.751389 0.00891992
vt 0.752343 0.0090694
vt 0.753311 0.0089152
vt 0.754196 0.0084529
vt 0.764406 0.00074594
vt 0.765257 0.000300634
vt 0.766182 0.00015231
vt 0.767127 0.000306939
vt 0.76799 0.000770471
vt 0.777799 0.00838606
vt 0.778233 0.00866853
vt 0.7787 0.00887034
vt 0.779187 0.00899146
vt 0.779685 0.00903184
vt 0.780176 0.00899245
vt 0.780658 0.00887427
vt 0.78112 0.00867724
vt 0.781551 0.00840133
vt 0.791598 0.000731421
vt 0.792453 0.000280166
vt 0.793388 0.000129651
vt 0.794302 0.000273642
vt 0.795142 0.000705889
vt 0.805549 0.0084171
vt 0.806428 0.00887084
vt 0.80738 0.00902173
vt 0.807894 0.00897852
vt 0.808396 0.00884904
vt 0.808876 0.00863353
vt 0.80932 0.00833225
vt 0.818065 0.00122204
vt 0.809239 0.00823262
vt 0.808813 0.00852148
vt 0.808354 0.00872809
vt 0.807873 0.00885223
vt 0.80738 0.00889366
vt 0.806467 0.00874899
vt 0.805625 0.00831397
vt 0.795218 0.000602759
vt 0.794342 0.000152151
vt 0.793388 2.04912e-06
vt 0.792895 4.12821e-05
vt 0.792412 0.000158941
vt 0.791951 0.000354965
vt 0.791521 0.000629293
vt 0.781474 0.0082997
vt 0.780618 0.0087527
vt 0.779685 0.00890362
vt 0.778741 0.00874888
vt 0.777877 0.00828494
vt 0.768069 0.000669343
vt 0.767634 0.000386933
vt 0.767168 0.000185144
vt 0.76668 6.40306e-05
vt 0.766182 2.36473e-05
vt 0.765694 6.2382e-05
vt 0.765216 0.00017862
vt 0.764758 0.000372413
vt 0.764329 0.000643811
vt 0.754119 0.00835077
vt 0.753271 0.00879399
vt 0.752343 0.0089418
vt 0.751429 0.0087984
vt 0.75059 0.00836804
vt 0.740117 0.000622284
vt 0.739241 0.000171274
vt 0.738289 2.12177e-05
vt 0.737785 6.24741e-05
vt 0.737292 0.000186121
vt 0.736821 0.000391976
vt 0.736383 0.000679856
vt 0.726761 0.00827117
vt 0.726341 0.00854782
vt 0.72589 0.0087456
vt 0.725418 0.00886437
vt 0.724935 0.00890399
vt 0.724013 0.00875652
vt 0.723165 0.00831347
vt 0.712931 0.000624787
vt 0.712047 0.000164191
vt 0.711084 1.07409e-05
vt 0.710591 5.00187e-05
vt 0.710109 0.000167821
vt 0.709648 0.000364098
vt 0.709217 0.000638805
vt 0.699162 0.00831522
vt 0.698307 0.00876698
vt 0.697373 0.00891758
vt 0.696443 0.00876813
vt 0.695591 0.00831973
vt 0.685499 0.000656327
vt 0.685068 0.000382776
vt 0.684608 0.000187417
vt 0.684128 7.02232e-05
vt 0.683638 3.11647e-05
vt 0.683139 7.17856e-05
vt 0.68265 0.000193628
vt 0.682182 0.000396662
vt 0.681747 0.000680858
vt 0.672006 0.00828118
vt 0.671588 0.00855356
vt 0.67114 0.0087482
vt 0.670672 0.00886504
vt 0.670193 0.008904
vt 0.669264 0.00875426
vt 0.66841 0.00830471
vt 0.658304 0.000630294
vt 0.657875 0.000357675
vt 0.657415 0.000162933
vt 0.656935 4.60785e-05
vt 0.656444 7.12445e-06
vt 0.65548 0.000160523
vt 0.654596 0.000620782
vt 0.644313 0.00834726
vt 0.643466 0.00878788
vt 0.642542 0.00893469
vt 0.641618 0.00878779
vt 0.640772 0.00834726
vt 0.630509 0.000636802
vt 0.629624 0.000175204
vt 0.628662 2.14887e-05
vt 0.628163 6.18688e-05
vt 0.627675 0.000182948
vt 0.627209 0.000384636
vt 0.626774 0.00066684
vt 0.616956 0.0082962
vt 0.616092 0.00875962
vt 0.615147 0.00891424
vt 0.614225 0.00876734
vt 0.613378 0.00832624
vt 0.603116 0.000626289
vt 0.602233 0.00016624
vt 0.60127 1.29721e-05
vt 0.600776 5.25801e-05
vt 0.600292 0.000171372
vt 0.599829 0.000369299
vt 0.599397 0.000646314
vt 0.589407 0.00831422
vt 0.58855 0.00876934
vt 0.587612 0.00892115
vt 0.586689 0.00877406
vt 0.585842 0.0083325
vt 0.575608 0.00064331
vt 0.574723 0.0001815
vt 0.573761 2.77424e-05
vt 0.573259 6.87113e-05
vt 0.572768 0.000191544
vt 0.572299 0.000396131
vt 0.571862 0.00068236
vt 0.562164 0.00829119
vt 0.561746 0.00856506
vt 0.561296 0.00876088
vt 0.560825 0.00887848
vt 0.560344 0.00891772
vt 0.559432 0.00877391
vt 0.558592 0.00834176
vt 0.548138 0.000610769
vt 0.547263 0.000160587
vt 0.54631 1.06845e-05
vt 0.545811 5.09302e-05
vt 0.545324 0.000171601
vt 0.544858 0.000372599
vt 0.544424 0.000653824
vt 0.534588 0.00828594
vt 0.533725 0.00874957
vt 0.532781 0.00890418
vt 0.531848 0.00875323
vt 0.530992 0.00830021
vt 0.520987 0.000661333
vt 0.520555 0.000385462
vt 0.520094 0.000188454
vt 0.519612 7.0275e-05
vt 0.51912 3.08896e-05
vt 0.518623 7.12489e-05
vt 0.518135 0.000192303
vt 0.517669 0.000394016
vt 0.517235 0.000676352
vt 0.507408 0.00830096
vt 0.506545 0.00876342
vt 0.505601 0.00891769
vt 0.504681 0.00877166
vt 0.503837 0.00833325
vt 0.4935 0.000607766
vt 0.49262 0.000151816
vt 0.491659 0
vt 0.490692 0.000154257
vt 0.489806 0.000616777
vt 0.479558 0.00834902
vt 0.47871 0.00879188
vt 0.477782 0.00893963
vt 0.476866 0.00879539
vt 0.476025 0.00836228
vt 0.465587 0.000612271
vt 0.464709 0.000159834
vt 0.463754 9.14124e-06
vt 0.463258 4.89387e-05
vt 0.462773 0.000168282
vt 0.462309 0.000367098
vt 0.461876 0.000645313
vt 0.452204 0.00809745
vt 0.451345 0.0085547
vt 0.450404 0.00870732
vt 0.44949 0.00856338
vt 0.44865 0.00813099
vt 0.438509 0.000619781
vt 0.437632 0.000167807
vt 0.436678 1.7364e-05
vt 0.436177 5.82439e-05
vt 0.435686 0.000180792
vt 0.435217 0.000384872
vt 0.434782 0.000670344
vt 0.425109 0.00825039
vt 0.42469 0.00852563
vt 0.42424 0.00872222
vt 0.423771 0.00884018
vt 0.423291 0.0088795
vt 0.422811 0.00884008
vt 0.422341 0.00872185
vt 0.421891 0.00852478
vt 0.421471 0.00824889
vt 3.24255e-05 0.015097
vt 0.0120113 0.015097
vt 0.0125358 0.015097
vt 0.0130485 0.015097
vt 0.0135541 0.015097
vt 0.0140565 0.015097
vt 0.0145584 0.015097
vt 0.0150635 0.015097
vt 0.0155755 0.015097
vt 0.0160992 0.015097
vt 0.028388 0.015097
vt 0.0288872 0.015097
vt 0.029377 0.015097
vt 0.0298616 0.015097
vt 0.030344 0.015097
vt 0.0312689 0.015097
vt 0.0322148 0.015097
vt 0.0448344 0.015097
vt 0.0458205 0.015097
vt 0.0467862 0.015097
vt 0.0472838 0.015097
vt 0.0477835 0.015097
vt 0.0482881 0.015097
vt 0.0488017 0.015097
vt 0.0610124 0.015097
vt 0.061985 0.015097
vt 0.0629376 0.015097
vt 0.0638649 0.015097
vt 0.064812 0.015097
vt 0.0778125 0.015097
vt 0.0787991 0.015097
vt 0.0797672 0.015097
vt 0.0807471 0.015097
vt 0.0817458 0.015097
vt 0.0945839 0.015097
vt 0.0955414 0.015097
vt 0.0964802 0.015097
vt 0.0974119 0.015097
vt 0.0983618 0.015097
vt 0.111266 0.015097
vt 0.11226 0.015097
vt 0.113231 0.015097
vt 0.113731 0.015097
vt 0.114233 0.015097
vt 0.114741 0.015097
vt 0.115258 0.015097
vt 0.127696 0.015097
vt 0.128676 0.015097
vt 0.129633 0.015097
vt 0.130577 0.015097
vt 0.131545 0.015097
vt 0.144133 0.015097
vt 0.144645 0.015097
vt 0.145147 0.015097
vt 0.145643 0.015097
vt 0.146136 0.015097
vt 0.146636 0.015097
vt 0.147138 0.015097
vt 0.147646 0.015097
vt 0.148164 0.015097
vt 0.160614 0.015097
vt 0.161592 0.015097
vt 0.16255 0.015097
vt 0.163474 0.015097
vt 0.164418 0.015097
vt 0.177419 0.015097
vt 0.178405 0.015097
vt 0.179368 0.015097
vt 0.179872 0.015097
vt 0.180379 0.015097
vt 0.18089 0.015097
vt 0.181412 0.015097
vt 0.193738 0.015097
vt 0.194239 0.015097
vt 0.19473 0.015097
vt 0.195215 0.015097
vt 0.195698 0.015097
vt 0.196631 0.015097
vt 0.197587 0.015097
vt 0.210389 0.015097
vt 0.211385 0.015097
vt 0.212361 0.015097
vt 0.212857 0.015097
vt 0.213355 0.015097
vt 0.213859 0.015097
vt 0.214372 0.015097
vt 0.226965 0.015097
vt 0.227936 0.015097
vt 0.228885 0.015097
vt 0.229819 0.015097
vt 0.230773 0.015097
vt 0.243603 0.015097
vt 0.2446 0.015097
vt 0.245575 0.015097
vt 0.246075 0.015097
vt 0.246577 0.015097
vt 0.247085 0.015097
vt 0.247603 0.015097
vt 0.260038 0.015097
vt 0.261018 0.015097
vt 0.261976 0.015097
vt 0.26291 0.015097
vt 0.263866 0.015097
vt 0.276702 0.015097
vt 0.277698 0.015097
vt 0.278674 0.015097
vt 0.279651 0.015097
vt 0.280646 0.015097
vt 0.29351 0.015097
vt 0.294464 0.015097
vt 0.295399 0.015097
vt 0.296342 0.015097
vt 0.297305 0.015097
vt 0.309995 0.015097
vt 0.310504 0.015097
vt 0.311004 0.015097
vt 0.311498 0.015097
vt 0.31199 0.015097
vt 0.312491 0.015097
vt 0.312995 0.015097
vt 0.313505 0.015097
vt 0.314025 0.015097
vt 0.32638 0.015097
vt 0.326879 0.015097
vt 0.327367 0.015097
vt 0.333457 0.015097
vt 0.333939 0.015097
vt 0.33442 0.015097
vt 0.335361 0.015097
vt 0.336326 0.015097
vt 0.348998 0.015097
vt 0.349507 0.015097
vt 0.350007 0.015097
vt 0.350501 0.015097
vt 0.350993 0.015097
vt 0.351487 0.015097
vt 0.351983 0.015097
vt 0.352484 0.015097
vt 0.352995 0.015097
vt 0.365645 0.015097
vt 0.366612 0.015097
vt 0.367558 0.015097
vt 0.368493 0.015097
vt 0.369448 0.015097
vt 0.382249 0.015097
vt 0.383247 0.015097
vt 0.384222 0.015097
vt 0.384727 0.015097
vt 0.385235 0.015097
vt 0.385749 0.015097
vt 0.386273 0.015097
vt 0.39853 0.015097
vt 0.399032 0.015097
vt 0.399524 0.015097
vt 0.400011 0.015097
vt 0.400496 0.015097
vt 0.401419 0.015097
vt 0.402364 0.015097
vt 0.415391 0.015097
vt 0.416374 0.015097
vt 0.417339 0.015097
vt 0.418319 0.015097
vt 0.419318 0.015097
vt 0.432111 0.015097
vt 0.43307 0.015097
vt 0.434008 0.015097
vt 0.434965 0.015097
vt 0.435945 0.015097
vt 0.448363 0.015097
vt 0.448881 0.015097
vt 0.449389 0.015097
vt 0.449891 0.015097
vt 0.450391 0.015097
vt 0.450884 0.015097
vt 0.45138 0.015097
vt 0.451882 0.015097
vt 0.452394 0.015097
vt 0.465034 0.015097
vt 0.466 0.015097
vt 0.466947 0.015097
vt 0.467873 0.015097
vt 0.468818 0.015097
vt 0.48177 0.015097
vt 0.482759 0.015097
vt 0.483723 0.015097
vt 0.484239 0.015097
vt 0.484758 0.015097
vt 0.485284 0.015097
vt 0.485821 0.015097
vt 0.497091 0.015097
vt 0.503144 0.015097
vt 0.514415 0.015097
vt 0.51493 0.015097
vt 0.515434 0.015097
vt 0.515931 0.015097
vt 0.516425 0.015097
vt 0.517349 0.015097
vt 0.518297 0.015097
vt 0.53125 0.015097
vt 0.532235 0.015097
vt 0.533201 0.015097
vt 0.533695 0.015097
vt 0.534192 0.015097
vt 0.534694 0.015097
vt 0.535204 0.015097
vt 0.547844 0.015097
vt 0.548812 0.015097
vt 0.549757 0.015097
vt 0.550714 0.015097
vt 0.551694 0.015097
vt 0.564112 0.015097
vt 0.564631 0.015097
vt 0.565139 0.015097
vt 0.565641 0.015097
vt 0.566141 0.015097
vt 0.56663 0.015097
vt 0.567122 0.015097
vt 0.56762 0.015097
vt 0.568127 0.015097
vt 0.580919 0.015097
vt 0.581876 0.015097
vt 0.582816 0.015097
vt 0.583741 0.015097
vt 0.584684 0.015097
vt 0.59771 0.015097
vt 0.598696 0.015097
vt 0.599659 0.015097
vt 0.600165 0.015097
vt 0.600673 0.015097
vt 0.601187 0.015097
vt 0.601711 0.015097
vt 0.613967 0.015097
vt 0.61447 0.015097
vt 0.614963 0.015097
vt 0.615449 0.015097
vt 0.615934 0.015097
vt 0.616868 0.015097
vt 0.617825 0.015097
vt 0.630625 0.015097
vt 0.631622 0.015097
vt 0.632597 0.015097
vt 0.633091 0.015097
vt 0.633588 0.015097
vt 0.634089 0.015097
vt 0.6346 0.015097
vt 0.64725 0.015097
vt 0.648217 0.015097
vt 0.649163 0.015097
vt 0.650105 0.015097
vt 0.651068 0.015097
vt 0.66374 0.015097
vt 0.66425 0.015097
vt 0.66475 0.015097
vt 0.665244 0.015097
vt 0.665736 0.015097
vt 0.666237 0.015097
vt 0.666741 0.015097
vt 0.66725 0.015097
vt 0.66777 0.015097
vt 0.680126 0.015097
vt 0.680624 0.015097
vt 0.681113 0.015097
vt 0.681596 0.015097
vt 0.682076 0.015097
vt 0.683017 0.015097
vt 0.683982 0.015097
vt 0.696672 0.015097
vt 0.69718 0.015097
vt 0.697679 0.015097
vt 0.698174 0.015097
vt 0.698666 0.015097
vt 0.699642 0.015097
vt 0.700638 0.015097
vt 0.713501 0.015097
vt 0.714456 0.015097
vt 0.715391 0.015097
vt 0.716327 0.015097
vt 0.717281 0.015097
vt 0.730117 0.015097
vt 0.731115 0.015097
vt 0.73209 0.015097
vt 0.73259 0.015097
vt 0.733093 0.015097
vt 0.733601 0.015097
vt 0.734119 0.015097
vt 0.746554 0.015097
vt 0.747533 0.015097
vt 0.748491 0.015097
vt 0.749425 0.015097
vt 0.75038 0.015097
vt 0.76321 0.015097
vt 0.764206 0.015097
vt 0.76518 0.015097
vt 0.765676 0.015097
vt 0.766175 0.015097
vt 0.766678 0.015097
vt 0.767191 0.015097
vt 0.779784 0.015097
vt 0.780755 0.015097
vt 0.781705 0.015097
vt 0.78264 0.015097
vt 0.783595 0.015097
vt 0.796396 0.015097
vt 0.797394 0.015097
vt 0.798368 0.015097
vt 0.798872 0.015097
vt 0.799378 0.015097
vt 0.79989 0.015097
vt 0.800412 0.015097
vt 0.812739 0.015097
vt 0.813239 0.015097
vt 0.813729 0.015097
vt 0.814214 0.015097
vt 0.814697 0.015097
vt 0.815621 0.015097
vt 0.816565 0.015097
vt 0.829567 0.015097
vt 0.830552 0.015097
vt 0.836604 0.015097
vt 0.837568 0.015097
vt 0.838068 0.015097
vt 0.838571 0.015097
vt 0.839078 0.015097
vt 0.839595 0.015097
vt 0.852045 0.015097
vt 0.853024 0.015097
vt 0.853981 0.015097
vt 0.854926 0.015097
vt 0.855894 0.015097
vt 0.868483 0.015097
vt 0.868995 0.015097
vt 0.869497 0.015097
vt 0.869993 0.015097
vt 0.870486 0.015097
vt 0.870985 0.015097
vt 0.871487 0.015097
vt 0.871995 0.015097
vt 0.872513 0.015097
vt 0.884951 0.015097
vt 0.88593 0.015097
vt 0.886887 0.015097
vt 0.887818 0.015097
vt 0.88877 0.015097
vt 0.901674 0.015097
vt 0.902666 0.015097
vt 0.903638 0.015097
vt 0.904618 0.015097
vt 0.905617 0.015097
vt 0.918455 0.015097
vt 0.919412 0.015097
vt 0.920351 0.015097
vt 0.921279 0.015097
vt 0.922224 0.015097
vt 0.935225 0.015097
vt 0.936212 0.015097
vt 0.937179 0.015097
vt 0.937677 0.015097
vt 0.938177 0.015097
vt 0.938682 0.015097
vt 0.939196 0.015097
vt 0.951406 0.015097
vt 0.952379 0.015097
vt 0.953332 0.015097
vt 0.954257 0.015097
vt 0.955202 0.015097
vt 0.967822 0.015097
vt 0.968809 0.015097
vt 0.969774 0.015097
vt 0.970277 0.015097
vt 0.970783 0.015097
vt 0.971294 0.015097
vt 0.971815 0.015097
vt 0.984104 0.015097
vt 0.984606 0.015097
vt 0.985096 0.015097
vt 0.98558 0.015097
vt 0.986061 0.015097
vt 0.986543 0.015097
vt 0.987028 0.015097
vt 0.987519 0.015097
vt 0.988022 0.015097
vt 1 0.015097
vt 3.24255e-05 0.506723
vt 0.0120113 0.506723
vt 0.0125358 0.506723
vt 0.0130485 0.506723
vt 0.0135541 0.506723
vt 0.0140565 0.506723
vt 0.0145584 0.506723
vt 0.0150635 0.506723
vt 0.0155755 0.506723
vt 0.0160992 0.506723
vt 0.028388 0.506723
vt 0.0288872 0.506723
vt 0.029377 0.506723
vt 0.0298616 0.506723
vt 0.030344 0.506723
vt 0.0312689 0.506723
vt 0.0322148 0.506723
vt 0.0448344 0.506723
vt 0.0458205 0.506723
vt 0.0467862 0.506723
vt 0.0472838 0.506723
vt 0.0477835 0.506723
vt 0.0482881 0.506723
vt 0.0488017 0.506723
vt 0.0610124 0.506723
vt 0.061985 0.506723
vt 0.0629376 0.506723
vt 0.0638649 0.506723
vt 0.064812 0.506723
vt 0.0778125 0.506723
vt 0.0787991 0.506723
vt 0.0797672 0.506723
vt 0.0807471 0.506723
vt 0.0817458 0.506723
vt 0.0945839 0.506723
vt 0.0955414 0.506723
vt 0.0964802 0.506723
vt 0.0974119 0.506723
vt 0.0983618 0.506723
vt 0.111266 0.506723
vt 0.11226 0.506723
vt 0.113231 0.506723
vt 0.113731 0.506723
vt 0.114233 0.506723
vt 0.114741 0.506723
vt 0.115258 0.506723
vt 0.127696 0.506723
vt 0.128676 0.506723
vt 0.129633 0.506723
vt 0.130577 0.506723
vt 0.131545 0.506723
vt 0.144133 0.506723
vt 0.144645 0.506723
vt 0.145147 0.506723
vt 0.145643 0.506723
vt 0.146136 0.506723
vt 0.146636 0.506723
vt 0.147138 0.506723
vt 0.147646 0.506723
vt 0.148164 0.506723
vt 0.160614 0.506723
vt 0.161592 0.506723
vt 0.16255 0.506723
vt 0.163474 0.506723
vt 0.164418 0.506723
vt 0.177419 0.506723
vt 0.178405 0.506723
vt 0.179368 0.506723
vt 0.179872 0.506723
vt 0.180379 0.506723
vt 0.18089 0.506723
vt 0.181412 0.506723
vt 0.193738 0.506723
vt 0.194239 0.506723
vt 0.19473 0.506723
vt 0.195215 0.506723
vt 0.195698 0.506723
vt 0.196631 0.506723
vt 0.197587 0.506723
vt 0.210389 0.506723
vt 0.211385 0.506723
vt 0.212361 0.506723
vt 0.212857 0.506723
vt 0.213355 0.506723
vt 0.213859 0.506723
vt 0.214372 0.506723
vt 0.226965 0.506723
vt 0.227936 0.506723
vt 0.228885 0.506723
vt 0.229819 0.506723
vt 0.230773 0.506723
vt 0.243603 0.506723
vt 0.2446 0.506723
vt 0.245575 0.506723
vt 0.246075 0.506723
vt 0.246577 0.506723
vt 0.247085 0.506723
vt 0.247603 0.506723
vt 0.260038 0.506723
vt 0.261018 0.506723
vt 0.261976 0.506723
vt 0.26291 0.506723
vt 0.263866 0.506723
vt 0.276702 0.506723
vt 0.277698 0.506723
vt 0.278674 0.506723
vt 0.279651 0.506723
vt 0.280646 0.506723
vt 0.29351 0.506723
vt 0.294464 0.506723
vt 0.295399 0.506723
vt 0.296342 0.506723
vt 0.297305 0.506723
vt 0.309995 0.506723
vt 0.310504 0.506723
vt 0.311004 0.506723
vt 0.311498 0.506723
vt 0.31199 0.506723
vt 0.312491 0.506723
vt 0.312995 0.506723
vt 0.313505 0.506723
vt 0.314025 0.506723
vt 0.32638 0.506723
vt 0.326879 0.506723
vt 0.327367 0.506723
vt 0.333457 0.506723
vt 0.333939 0.506723
vt 0.33442 0.506723
vt 0.335361 0.506723
vt 0.336326 0.506723
vt 0.348998 0.506723
vt 0.349507 0.506723
vt 0.350007 0.506723
vt 0.350501 0.506723
vt 0.350993 0.506723
vt 0.351487 0.506723
vt 0.351983 0.506723
vt 0.352484 0.506723
vt 0.352995 0.506723
vt 0.365645 0.506723
vt 0.366612 0.506723
vt 0.367558 0.506723
vt 0.368493 0.506723
vt 0.369448 0.506723
vt 0.382249 0.506723
vt 0.383247 0.506723
vt 0.384222 0.506723
vt 0.384727 0.506723
vt 0.385235 0.506723
vt 0.385749 0.506723
vt 0.386273 0.506723
vt 0.39853 0.506723
vt 0.399032 0.506723
vt 0.399524 0.506723
vt 0.400011 0.506723
vt 0.400496 0.506723
vt 0.401419 0.506723
vt 0.402364 0.506723
vt 0.415391 0.506723
vt 0.416374 0.506723
vt 0.417339 0.506723
vt 0.418319 0.506723
vt 0.419318 0.506723
vt 0.432111 0.506723
vt 0.43307 0.506723
vt 0.434008 0.506723
vt 0.434965 0.506723
vt 0.435945 0.506723
vt 0.448363 0.506723
vt 0.448881 0.506723
vt 0.449389 0.506723
vt 0.449891 0.506723
vt 0.450391 0.506723
vt 0.450884 0.506723
vt 0.45138 0.506723
vt 0.451882 0.506723
vt 0.452394 0.506723
vt 0.465034 0.506723
vt 0.466 0.506723
vt 0.466947 0.506723
vt 0.467873 0.506723
vt 0.468818 0.506723
vt 0.48177 0.506723
vt 0.482759 0.506723
vt 0.483723 0.506723
vt 0.484239 0.506723
vt 0.484758 0.506723
vt 0.485284 0.506723
vt 0.485821 0.506723
vt 0.497091 0.506723
vt 0.503144 0.506723
vt 0.514415 0.506723
vt 0.51493 0.506723
vt 0.515434 0.506723
vt 0.515931 0.506723
vt 0.516425 0.506723
vt 0.517349 0.506723
vt 0.518297 0.506723
vt 0.53125 0.506723
vt 0.532235 0.506723
vt 0.533201 0.506723
vt 0.533695 0.506723
vt 0.534192 0.506723
vt 0.534694 0.506723
vt 0.535204 0.506723
vt 0.547844 0.506723
vt 0.548812 0.506723
vt 0.549757 0.506723
vt 0.550714 0.506723
vt 0.551694 0.506723
vt 0.564112 0.506723
vt 0.564631 0.506723
vt 0.565139 0.506723
vt 0.565641 0.506723
vt 0.566141 0.506723
vt 0.56663 0.506723
vt 0.567122 0.506723
vt 0.56762 0.506723
vt 0.568127 0.506723
vt 0.580919 0.506723
vt 0.581876 0.506723
vt 0.582816 0.506723
vt 0.583741 0.506723
vt 0.584684 0.506723
vt 0.59771 0.506723
vt 0.598696 0.506723
vt 0.599659 0.506723
vt 0.600165 0.506723
vt 0.600673 0.506723
vt 0.601187 0.506723
vt 0.601711 0.506723
vt 0.613967 0.506723
vt 0.61447 0.506723
vt 0.614963 0.506723
vt 0.615449 0.506723
vt 0.615934 0.506723
vt 0.616868 0.506723
vt 0.617825 0.506723
vt 0.630625 0.506723
vt 0.631622 0.506723
vt 0.632597 0.506723
vt 0.633091 0.506723
vt 0.633588 0.506723
vt 0.634089 0.506723
vt 0.6346 0.506723
vt 0.64725 0.506723
vt 0.648217 0.506723
vt 0.649163 0.506723
vt 0.650105 0.506723
vt 0.651068 0.506723
vt 0.66374 0.506723
vt 0.66425 0.506723
vt 0.66475 0.506723
vt 0.665244 0.506723
vt 0.665736 0.506723
vt 0.666237 0.506723
vt 0.666741 0.506723
vt 0.66725 0.506723
vt 0.66777 0.506723
vt 0.680126 0.506723
vt 0.680624 0.506723
vt 0.681113 0.506723
vt 0.681596 0.506723
vt 0.682076 0.506723
vt 0.683017 0.506723
vt 0.683982 0.506723
vt 0.696672 0.506723
vt 0.69718 0.506723
vt 0.697679 0.506723
vt 0.698174 0.506723
vt 0.698666 0.506723
vt 0.699642 0.506723
vt 0.700638 0.506723
vt 0.713501 0.506723
vt 0.714456 0.506723
vt 0.715391 0.506723
vt 0.716327 0.506723
vt 0.717281 0.506723
vt 0.730117 0.506723
vt 0.731115 0.506723
vt 0.73209 0.506723
vt 0.73259 0.506723
vt 0.733093 0.506723
vt 0.733601 0.506723
vt 0.734119 0.506723
vt 0.746554 0.506723
vt 0.747533 0.506723
vt 0.748491 0.506723
vt 0.749425 0.506723
vt 0.75038 0.506723
vt 0.76321 0.506723
vt 0.764206 0.506723
vt 0.76518 0.506723
vt 0.765676 0.506723
vt 0.766175 0.506723
vt 0.766678 0.506723
vt 0.767191 0.506723
vt 0.779784 0.506723
vt 0.780755 0.506723
vt 0.781705 0.506723
vt 0.78264 0.506723
vt 0.783595 0.506723
vt 0.796396 0.506723
vt 0.797394 0.506723
vt 0.798368 0.506723
vt 0.798872 0.506723
vt 0.799378 0.506723
vt 0.79989 0.506723
vt 0.800412 0.506723
vt 0.812739 0.506723
vt 0.813239 0.506723
vt 0.813729 0.506723
vt 0.814214 0.506723
vt 0.814697 0.506723
vt 0.815621 0.506723
vt 0.816565 0.506723
vt 0.829567 0.506723
vt 0.830552 0.506723
vt 0.836604 0.506723
vt 0.837568 0.506723
vt 0.838068 0.506723
vt 0.838571 0.506723
vt 0.839078 0.506723
vt 0.839595 0.506723
vt 0.852045 0.506723
vt 0.853024 0.506723
vt 0.853981 0.506723
vt 0.854926 0.506723
vt 0.855894 0.506723
vt 0.868483 0.506723
vt 0.868995 0.506723
vt 0.869497 0.506723
vt 0.869993 0.506723
vt 0.870486 0.506723
vt 0.870985 0.506723
vt 0.871487 0.506723
vt 0.871995 0.506723
vt 0.872513 0.506723
vt 0.884951 0.506723
vt 0.88593 0.506723
vt 0.886887 0.506723
vt 0.887818 0.506723
vt 0.88877 0.506723
vt 0.901674 0.506723
vt 0.902666 0.506723
vt 0.903638 0.506723
vt 0.904618 0.506723
vt 0.905617 0.506723
vt 0.918455 0.506723
vt 0.919412 0.506723
vt 0.920351 0.506723
vt 0.921279 0.506723
vt 0.922224 0.506723
vt 0.935225 0.506723
vt 0.936212 0.506723
vt 0.937179 0.506723
vt 0.937677 0.506723
vt 0.938177 0.506723
vt 0.938682 0.506723
vt 0.939196 0.506723
vt 0.951406 0.506723
vt 0.952379 0.506723
vt 0.953332 0.506723
vt 0.954257 0.506723
vt 0.955202 0.506723
vt 0.967822 0.506723
vt 0.968809 0.506723
vt 0.969774 0.506723
vt 0.970277 0.506723
vt 0.970783 0.506723
vt 0.971294 0.506723
vt 0.971815 0.506723
vt 0.984104 0.506723
vt 0.984606 0.506723
vt 0.985096 0.506723
vt 0.98558 0.506723
vt 0.986061 0.506723
vt 0.986543 0.506723
vt 0.987028 0.506723
vt 0.987519 0.506723
vt 0.988022 0.506723
vt 1 0.506723
vt 0.00602186 0.26091
vt 0.0122736 0.26091
vt 0.0127922 0.26091
vt 0.0133013 0.26091
vt 0.0138053 0.26091
vt 0.0143074 0.26091
vt 0.0148109 0.26091
vt 0.0153195 0.26091
vt 0.0158374 0.26091
vt 0.0222436 0.26091
vt 0.0286376 0.26091
vt 0.0291321 0.26091
vt 0.0296193 0.26091
vt 0.0301028 0.26091
vt 0.0308064 0.26091
vt 0.0317418 0.26091
vt 0.0385246 0.26091
vt 0.0453274 0.26091
vt 0.0463033 0.26091
vt 0.047035 0.26091
vt 0.0475336 0.26091
vt 0.0480358 0.26091
vt 0.0485449 0.26091
vt 0.0549071 0.26091
vt 0.0614987 0.26091
vt 0.0624613 0.26091
vt 0.0634013 0.26091
vt 0.0643384 0.26091
vt 0.0713122 0.26091
vt 0.0783058 0.26091
vt 0.0792832 0.26091
vt 0.0802572 0.26091
vt 0.0812465 0.26091
vt 0.0881648 0.26091
vt 0.0950626 0.26091
vt 0.0960108 0.26091
vt 0.0969461 0.26091
vt 0.0978869 0.26091
vt 0.104814 0.26091
vt 0.111763 0.26091
vt 0.112745 0.26091
vt 0.113481 0.26091
vt 0.113982 0.26091
vt 0.114487 0.26091
vt 0.114999 0.26091
vt 0.121477 0.26091
vt 0.128186 0.26091
vt 0.129154 0.26091
vt 0.130105 0.26091
vt 0.131061 0.26091
vt 0.137839 0.26091
vt 0.144389 0.26091
vt 0.144896 0.26091
vt 0.145395 0.26091
vt 0.14589 0.26091
vt 0.146386 0.26091
vt 0.146887 0.26091
vt 0.147392 0.26091
vt 0.147905 0.26091
vt 0.154389 0.26091
vt 0.161103 0.26091
vt 0.162071 0.26091
vt 0.163012 0.26091
vt 0.163946 0.26091
vt 0.170918 0.26091
vt 0.177912 0.26091
vt 0.178887 0.26091
vt 0.17962 0.26091
vt 0.180125 0.26091
vt 0.180634 0.26091
vt 0.181151 0.26091
vt 0.187575 0.26091
vt 0.193988 0.26091
vt 0.194484 0.26091
vt 0.194972 0.26091
vt 0.195456 0.26091
vt 0.196164 0.26091
vt 0.197109 0.26091
vt 0.203988 0.26091
vt 0.210887 0.26091
vt 0.211873 0.26091
vt 0.212609 0.26091
vt 0.213106 0.26091
vt 0.213607 0.26091
vt 0.214115 0.26091
vt 0.220668 0.26091
vt 0.22745 0.26091
vt 0.22841 0.26091
vt 0.229352 0.26091
vt 0.230296 0.26091
vt 0.237188 0.26091
vt 0.244102 0.26091
vt 0.245088 0.26091
vt 0.245825 0.26091
vt 0.246326 0.26091
vt 0.246831 0.26091
vt 0.247344 0.26091
vt 0.25382 0.26091
vt 0.260528 0.26091
vt 0.261497 0.26091
vt 0.262443 0.26091
vt 0.263388 0.26091
vt 0.270284 0.26091
vt 0.2772 0.26091
vt 0.278186 0.26091
vt 0.279162 0.26091
vt 0.280149 0.26091
vt 0.287078 0.26091
vt 0.293987 0.26091
vt 0.294931 0.26091
vt 0.29587 0.26091
vt 0.296823 0.26091
vt 0.30365 0.26091
vt 0.31025 0.26091
vt 0.310754 0.26091
vt 0.311251 0.26091
vt 0.311744 0.26091
vt 0.31224 0.26091
vt 0.312743 0.26091
vt 0.31325 0.26091
vt 0.313765 0.26091
vt 0.320203 0.26091
vt 0.326629 0.26091
vt 0.327123 0.26091
vt 0.333698 0.26091
vt 0.334179 0.26091
vt 0.33489 0.26091
vt 0.335843 0.26091
vt 0.342662 0.26091
vt 0.349252 0.26091
vt 0.349757 0.26091
vt 0.350254 0.26091
vt 0.350747 0.26091
vt 0.35124 0.26091
vt 0.351735 0.26091
vt 0.352233 0.26091
vt 0.352739 0.26091
vt 0.35932 0.26091
vt 0.366128 0.26091
vt 0.367085 0.26091
vt 0.368025 0.26091
vt 0.36897 0.26091
vt 0.375848 0.26091
vt 0.382748 0.26091
vt 0.383734 0.26091
vt 0.384474 0.26091
vt 0.384981 0.26091
vt 0.385492 0.26091
vt 0.386011 0.26091
vt 0.392402 0.26091
vt 0.398781 0.26091
vt 0.399278 0.26091
vt 0.399768 0.26091
vt 0.400254 0.26091
vt 0.400958 0.26091
vt 0.401892 0.26091
vt 0.408878 0.26091
vt 0.415882 0.26091
vt 0.416857 0.26091
vt 0.417829 0.26091
vt 0.418819 0.26091
vt 0.425714 0.26091
vt 0.43259 0.26091
vt 0.433539 0.26091
vt 0.434486 0.26091
vt 0.435455 0.26091
vt 0.442154 0.26091
vt 0.448622 0.26091
vt 0.449135 0.26091
vt 0.44964 0.26091
vt 0.450141 0.26091
vt 0.450637 0.26091
vt 0.451132 0.26091
vt 0.451631 0.26091
vt 0.452138 0.26091
vt 0.458714 0.26091
vt 0.465517 0.26091
vt 0.466474 0.26091
vt 0.46741 0.26091
vt 0.468346 0.26091
vt 0.475294 0.26091
vt 0.482265 0.26091
vt 0.483241 0.26091
vt 0.483981 0.26091
vt 0.484499 0.26091
vt 0.485021 0.26091
vt 0.485552 0.26091
vt 0.491456 0.26091
vt 0.50878 0.26091
vt 0.514673 0.26091
vt 0.515182 0.26091
vt 0.515682 0.26091
vt 0.516178 0.26091
vt 0.516887 0.26091
vt 0.517823 0.26091
vt 0.524773 0.26091
vt 0.531742 0.26091
vt 0.532718 0.26091
vt 0.533448 0.26091
vt 0.533944 0.26091
vt 0.534443 0.26091
vt 0.534949 0.26091
vt 0.541524 0.26091
vt 0.548328 0.26091
vt 0.549285 0.26091
vt 0.550236 0.26091
vt 0.551204 0.26091
vt 0.557903 0.26091
vt 0.564371 0.26091
vt 0.564885 0.26091
vt 0.56539 0.26091
vt 0.565891 0.26091
vt 0.566386 0.26091
vt 0.566876 0.26091
vt 0.567371 0.26091
vt 0.567873 0.26091
vt 0.574523 0.26091
vt 0.581398 0.26091
vt 0.582346 0.26091
vt 0.583278 0.26091
vt 0.584212 0.26091
vt 0.591197 0.26091
vt 0.598203 0.26091
vt 0.599178 0.26091
vt 0.599912 0.26091
vt 0.600419 0.26091
vt 0.60093 0.26091
vt 0.601449 0.26091
vt 0.607839 0.26091
vt 0.614219 0.26091
vt 0.614716 0.26091
vt 0.615206 0.26091
vt 0.615692 0.26091
vt 0.616401 0.26091
vt 0.617346 0.26091
vt 0.624225 0.26091
vt 0.631123 0.26091
vt 0.632109 0.26091
vt 0.632844 0.26091
vt 0.63334 0.26091
vt 0.633838 0.26091
vt 0.634345 0.26091
vt 0.640925 0.26091
vt 0.647734 0.26091
vt 0.64869 0.26091
vt 0.649634 0.26091
vt 0.650587 0.26091
vt 0.657404 0.26091
vt 0.663995 0.26091
vt 0.6645 0.26091
vt 0.664997 0.26091
vt 0.66549 0.26091
vt 0.665986 0.26091
vt 0.666489 0.26091
vt 0.666995 0.26091
vt 0.66751 0.26091
vt 0.673948 0.26091
vt 0.680375 0.26091
vt 0.680868 0.26091
vt 0.681354 0.26091
vt 0.681836 0.26091
vt 0.682547 0.26091
vt 0.683499 0.26091
vt 0.690327 0.26091
vt 0.696926 0.26091
vt 0.69743 0.26091
vt 0.697927 0.26091
vt 0.69842 0.26091
vt 0.699154 0.26091
vt 0.70014 0.26091
vt 0.70707 0.26091
vt 0.713978 0.26091
vt 0.714923 0.26091
vt 0.715859 0.26091
vt 0.716804 0.26091
vt 0.723699 0.26091
vt 0.730616 0.26091
vt 0.731603 0.26091
vt 0.73234 0.26091
vt 0.732842 0.26091
vt 0.733347 0.26091
vt 0.73386 0.26091
vt 0.740337 0.26091
vt 0.747044 0.26091
vt 0.748012 0.26091
vt 0.748958 0.26091
vt 0.749902 0.26091
vt 0.756795 0.26091
vt 0.763708 0.26091
vt 0.764693 0.26091
vt 0.765428 0.26091
vt 0.765925 0.26091
vt 0.766426 0.26091
vt 0.766935 0.26091
vt 0.773488 0.26091
vt 0.78027 0.26091
vt 0.78123 0.26091
vt 0.782173 0.26091
vt 0.783117 0.26091
vt 0.789995 0.26091
vt 0.796895 0.26091
vt 0.797881 0.26091
vt 0.79862 0.26091
vt 0.799125 0.26091
vt 0.799634 0.26091
vt 0.800151 0.26091
vt 0.806576 0.26091
vt 0.812989 0.26091
vt 0.813484 0.26091
vt 0.813972 0.26091
vt 0.814456 0.26091
vt 0.815159 0.26091
vt 0.816093 0.26091
vt 0.823066 0.26091
vt 0.830059 0.26091
vt 0.837086 0.26091
vt 0.837818 0.26091
vt 0.83832 0.26091
vt 0.838824 0.26091
vt 0.839337 0.26091
vt 0.84582 0.26091
vt 0.852535 0.26091
vt 0.853503 0.26091
vt 0.854453 0.26091
vt 0.85541 0.26091
vt 0.862189 0.26091
vt 0.868739 0.26091
vt 0.869246 0.26091
vt 0.869745 0.26091
vt 0.870239 0.26091
vt 0.870736 0.26091
vt 0.871236 0.26091
vt 0.871741 0.26091
vt 0.872254 0.26091
vt 0.878732 0.26091
vt 0.885441 0.26091
vt 0.886408 0.26091
vt 0.887352 0.26091
vt 0.888294 0.26091
vt 0.895222 0.26091
vt 0.90217 0.26091
vt 0.903152 0.26091
vt 0.904128 0.26091
vt 0.905117 0.26091
vt 0.912036 0.26091
vt 0.918933 0.26091
vt 0.919881 0.26091
vt 0.920815 0.26091
vt 0.921751 0.26091
vt 0.928725 0.26091
vt 0.935719 0.26091
vt 0.936696 0.26091
vt 0.937428 0.26091
vt 0.937927 0.26091
vt 0.938429 0.26091
vt 0.938939 0.26091
vt 0.945301 0.26091
vt 0.951893 0.26091
vt 0.952856 0.26091
vt 0.953795 0.26091
vt 0.95473 0.26091
vt 0.961512 0.26091
vt 0.968315 0.26091
vt 0.969291 0.26091
vt 0.970026 0.26091
vt 0.97053 0.26091
vt 0.971039 0.26091
vt 0.971555 0.26091
vt 0.97796 0.26091
vt 0.984355 0.26091
vt 0.984851 0.26091
vt 0.985338 0.26091
vt 0.985821 0.26091
vt 0.986302 0.26091
vt 0.986785 0.26091
vt 0.987273 0.26091
vt 0.98777 0.26091
vt 0.994011 0.26091


# Vertex Surface Normals: 
vn 0 0 1
vn 0 0 -1
vn 0.625805 0.779979 0
vn 0.625805 0.779979 2.80593e-17
vn 0.58807 0.80881 1.96336e-18
vn 0.58807 0.80881 -1.96336e-18
vn 0.625805 0.779979 -2.80593e-17
vn 0.549007 0.835817 0
vn 0.476789 0.879018 -2.82094e-18
vn 0.476789 0.879018 2.82094e-18
vn 0.401194 0.915993 0
vn 0.323725 0.946151 1.49374e-17
vn 0.323725 0.946151 -1.49374e-17
vn 0.244019 0.96977 0
vn 0.163487 0.986545 6.82094e-18
vn 0.163487 0.986545 -6.82094e-18
vn 0.0818497 0.996645 0
vn 4.3432e-05 1 4.48996e-19
vn 4.3432e-05 1 -4.48996e-19
vn -0.0817631 0.996652 0
vn -0.163288 0.986578 4.91942e-18
vn -0.163288 0.986578 -4.91942e-18
vn -0.243711 0.969848 0
vn -0.323281 0.946303 6.31504e-18
vn -0.323281 0.946303 -6.31504e-18
vn -0.400625 0.916242 0
vn -0.476096 0.879393 1.39736e-17
vn -0.476096 0.879393 -1.39736e-17
vn -0.548209 0.836341 0
vn -0.583027 0.812452 1.32678e-17
vn -0.583027 0.812452 -1.32678e-17
vn -0.616806 0.787115 0
vn -0.582783 0.812628 -6.13964e-19
vn -0.582783 0.812628 6.13964e-19
vn -0.547705 0.836671 0
vn -0.475055 0.879956 -6.1561e-19
vn -0.475055 0.879956 6.1561e-19
vn -0.399007 0.916948 0
vn -0.321684 0.946847 4.90412e-18
vn -0.321684 0.946847 -4.90412e-18
vn -0.24215 0.970239 0
vn -0.162184 0.986761 6.78115e-18
vn -0.162184 0.986761 -6.78115e-18
vn -0.081136 0.996703 0
vn 0.0375713 0.999294 -3.01078e-19
vn 0.0375713 0.999294 3.01078e-19
vn 0.155749 0.987797 0
vn 0.310526 0.950565 -1.28753e-17
vn 0.310526 0.950565 1.28753e-17
vn 0.457434 0.889244 0
vn 0.528059 0.849208 -2.42878e-17
vn 0.528059 0.849208 2.42878e-17
vn 0.595203 0.803575 0
vn 0.527996 0.849247 -1.3711e-17
vn 0.527996 0.849247 1.3711e-17
vn 0.457302 0.889312 0
vn 0.310336 0.950627 2.91681e-18
vn 0.310336 0.950627 -2.91681e-18
vn 0.155501 0.987836 0
vn 0.0380194 0.999277 4.75876e-18
vn 0.0380194 0.999277 -4.75876e-18
vn -0.0799918 0.996796 0
vn -0.159946 0.987126 -3.67173e-18
vn -0.159946 0.987126 3.67173e-18
vn -0.238863 0.971053 0
vn -0.317497 0.948259 -5.52412e-18
vn -0.317497 0.948259 5.52412e-18
vn -0.394003 0.919109 0
vn -0.469466 0.88295 0
vn -0.469466 0.88295 0
vn -0.541643 0.840609 0
vn -0.576498 0.817099 1.37712e-17
vn -0.576498 0.817099 -1.37712e-17
vn -0.610334 0.792144 0
vn -0.542064 0.840337 2.29199e-18
vn -0.542064 0.840337 -2.29199e-18
vn -0.470009 0.882662 0
vn -0.319361 0.947633 -1.09038e-17
vn -0.319361 0.947633 1.09038e-17
vn -0.160117 0.987098 0
vn -0.00215307 0.999998 2.92899e-18
vn -0.00215307 0.999998 -2.92899e-18
vn 0.155865 0.987778 0
vn 0.311053 0.950393 -1.85503e-17
vn 0.311053 0.950393 1.85503e-17
vn 0.458314 0.88879 0
vn 0.528959 0.848647 -3.38587e-17
vn 0.528959 0.848647 3.38587e-17
vn 0.596111 0.802902 0
vn 0.528871 0.848702 -1.26438e-17
vn 0.528871 0.848702 1.26438e-17
vn 0.458131 0.888885 0
vn 0.310804 0.950474 6.65233e-19
vn 0.310804 0.950474 -6.65233e-19
vn 0.155551 0.987828 0
vn -0.000925536 1 -3.67302e-18
vn -0.000925536 1 3.67302e-18
vn -0.15738 0.987538 0
vn -0.314301 0.949323 -1.38657e-17
vn -0.314301 0.949323 1.38657e-17
vn -0.463024 0.886346 0
vn -0.534473 0.845186 -2.39211e-17
vn -0.534473 0.845186 2.39211e-17
vn -0.602287 0.798279 0
vn -0.534466 0.84519 -2.45443e-17
vn -0.534466 0.84519 2.45443e-17
vn -0.46301 0.886353 0
vn -0.314323 0.949316 -6.41924e-18
vn -0.314323 0.949316 6.41924e-18
vn -0.157441 0.987528 0
vn -0.000575589 1 7.33151e-18
vn -0.000575589 1 -7.33151e-18
vn 0.156304 0.987709 0
vn 0.31218 0.950023 -8.46639e-18
vn 0.31218 0.950023 8.46639e-18
vn 0.460028 0.887905 0
vn 0.531127 0.847292 -1.12935e-17
vn 0.531127 0.847292 1.12935e-17
vn 0.598665 0.801 0
vn 0.531383 0.847132 -1.06905e-17
vn 0.531383 0.847132 1.06905e-17
vn 0.460565 0.887626 0
vn 0.31272 0.949845 -1.0071e-17
vn 0.31272 0.949845 1.0071e-17
vn 0.156828 0.987626 0
vn 0.0384027 0.999262 7.1855e-19
vn 0.0384027 0.999262 -7.1855e-19
vn -0.0805666 0.996749 0
vn -0.161038 0.986948 1.40324e-18
vn -0.161038 0.986948 -1.40324e-18
vn -0.240452 0.970661 0
vn -0.319439 0.947607 -7.7821e-18
vn -0.319439 0.947607 7.7821e-18
vn -0.396264 0.918137 0
vn -0.471848 0.88168 -9.78079e-18
vn -0.471848 0.88168 9.78079e-18
vn -0.544109 0.839015 0
vn -0.579068 0.81528 -1.44731e-17
vn -0.579068 0.81528 1.44731e-17
vn -0.612993 0.790089 0
vn -0.544914 0.838492 -1.329e-17
vn -0.544914 0.838492 1.329e-17
vn -0.473033 0.881045 0
vn -0.321717 0.946836 -9.17574e-20
vn -0.321717 0.946836 9.17574e-20
vn -0.161642 0.986849 0
vn -0.000948736 1 1.148e-18
vn -0.000948736 1 -1.148e-18
vn 0.159769 0.987154 0
vn 0.318236 0.948012 7.98025e-18
vn 0.318236 0.948012 -7.98025e-18
vn 0.468223 0.88361 0
vn 0.539347 0.842084 -7.70083e-18
vn 0.539347 0.842084 7.70083e-18
vn 0.606812 0.794845 0
vn 0.573149 0.819451 -1.99259e-17
vn 0.573149 0.819451 1.99259e-17
vn 0.538489 0.842633 0
vn 0.466994 0.88426 -1.14327e-17
vn 0.466994 0.88426 1.14327e-17
vn 0.392303 0.919836 0
vn 0.316248 0.948677 -2.44297e-18
vn 0.316248 0.948677 2.44297e-18
vn 0.2381 0.971241 0
vn 0.159453 0.987205 1.11351e-18
vn 0.159453 0.987205 -1.11351e-18
vn 0.0797794 0.996813 0
vn -0.00050172 1 -2.58219e-18
vn -0.00050172 1 2.58219e-18
vn -0.0807796 0.996732 0
vn -0.161437 0.986883 -1.63809e-18
vn -0.161437 0.986883 1.63809e-18
vn -0.241029 0.970518 0
vn -0.320084 0.947389 -1.3603e-18
vn -0.320084 0.947389 1.3603e-18
vn -0.396968 0.917832 0
vn -0.472429 0.881369 5.6382e-18
vn -0.472429 0.881369 -5.6382e-18
vn -0.544572 0.838714 0
vn -0.579306 0.81511 6.28002e-18
vn -0.579306 0.81511 -6.28002e-18
vn -0.613019 0.790068 0
vn -0.544663 0.838655 -6.09375e-18
vn -0.544663 0.838655 6.09375e-18
vn -0.472476 0.881343 0
vn -0.321151 0.947028 -4.26934e-18
vn -0.321151 0.947028 4.26934e-18
vn -0.161087 0.98694 0
vn -0.00281867 0.999996 7.89908e-19
vn -0.00281867 0.999996 -7.89908e-19
vn 0.155521 0.987833 0
vn 0.31032 0.950632 -6.42537e-18
vn 0.31032 0.950632 6.42537e-18
vn 0.457253 0.889337 0
vn 0.527668 0.849451 -5.28011e-18
vn 0.527668 0.849451 5.28011e-18
vn 0.594627 0.804002 0
vn 0.527689 0.849438 -4.65372e-18
vn 0.527689 0.849438 4.65372e-18
vn 0.457297 0.889314 0
vn 0.310409 0.950603 -4.698e-18
vn 0.310409 0.950603 4.698e-18
vn 0.155657 0.987811 0
vn 0.0374725 0.999298 -1.66923e-18
vn 0.0374725 0.999298 1.66923e-18
vn -0.08124 0.996695 0
vn -0.162364 0.986731 1.14806e-18
vn -0.162364 0.986731 -1.14806e-18
vn -0.242404 0.970175 0
vn -0.321976 0.946748 2.81136e-18
vn -0.321976 0.946748 -2.81136e-18
vn -0.399333 0.916806 0
vn -0.475388 0.879776 0
vn -0.475388 0.879776 0
vn -0.548041 0.836452 0
vn -0.583167 0.812352 0
vn -0.583167 0.812352 0
vn -0.617235 0.786779 0
vn -0.583161 0.812357 5.94208e-19
vn -0.583161 0.812357 -5.94208e-19
vn -0.548028 0.83646 0
vn -0.475501 0.879715 -1.72454e-18
vn -0.475501 0.879715 1.72454e-18
vn -0.399582 0.916697 0
vn -0.322239 0.946658 -3.72615e-18
vn -0.322239 0.946658 3.72615e-18
vn -0.24268 0.970106 0
vn -0.162563 0.986698 -1.6563e-18
vn -0.162563 0.986698 1.6563e-18
vn -0.0813574 0.996685 0
vn 0.038427 0.999261 4.67188e-19
vn 0.038427 0.999261 -4.67188e-19
vn 0.15766 0.987493 0
vn 0.314197 0.949358 2.783e-18
vn 0.314197 0.949358 -2.783e-18
vn 0.462579 0.886578 0
vn 0.533417 0.845852 2.04037e-18
vn 0.533417 0.845852 -2.04037e-18
vn 0.600694 0.799479 0
vn 0.53328 0.845939 6.52201e-19
vn 0.53328 0.845939 -6.52201e-19
vn 0.462291 0.886728 0
vn 0.313914 0.949451 -2.66925e-19
vn 0.313914 0.949451 2.66925e-19
vn 0.157391 0.987536 0
vn 0.0390263 0.999238 -1.38392e-18
vn 0.0390263 0.999238 1.38392e-18
vn -0.0798904 0.996804 0
vn -0.159709 0.987164 -4.62151e-19
vn -0.159709 0.987164 4.62151e-19
vn -0.238495 0.971144 0
vn -0.316915 0.948454 6.81816e-19
vn -0.316915 0.948454 -6.81816e-19
vn -0.393223 0.919443 0
vn -0.46838 0.883527 -1.83744e-18
vn -0.46838 0.883527 1.83744e-18
vn -0.540288 0.84148 0
vn -0.575083 0.818095 -2.51282e-18
vn -0.575083 0.818095 2.51282e-18
vn -0.608868 0.793272 0
vn -0.540895 0.84109 -1.97165e-18
vn -0.540895 0.84109 1.97165e-18
vn -0.469187 0.883099 0
vn -0.318824 0.947814 -2.71216e-18
vn -0.318824 0.947814 2.71216e-18
vn -0.159918 0.98713 0
vn -0.00134358 0.999999 -1.44234e-18
vn -0.00134358 0.999999 1.44234e-18
vn 0.157265 0.987556 0
vn 0.31352 0.949582 -1.41044e-18
vn 0.31352 0.949582 1.41044e-18
vn 0.461668 0.887053 0
vn 0.532711 0.846297 -3.26576e-19
vn 0.532711 0.846297 3.26576e-19
vn 0.600181 0.799864 0
vn 0.532784 0.846252 9.70653e-19
vn 0.532784 0.846252 -9.70653e-19
vn 0.461819 0.886974 0
vn 0.313671 0.949532 1.37048e-18
vn 0.313671 0.949532 -1.37048e-18
vn 0.157412 0.987533 0
vn 0.038622 0.999254 7.17081e-19
vn 0.038622 0.999254 -7.17081e-19
vn -0.0807179 0.996737 0
vn -0.161353 0.986897 5.93212e-19
vn -0.161353 0.986897 -5.93212e-19
vn -0.240923 0.970544 0
vn -0.320052 0.9474 2.23895e-18
vn -0.320052 0.9474 -2.23895e-18
vn -0.397006 0.917816 0
vn -0.472667 0.881241 1.8282e-18
vn -0.472667 0.881241 -1.8282e-18
vn -0.544989 0.838443 0
vn -0.579794 0.814763 -5.21944e-19
vn -0.579794 0.814763 5.21944e-19
vn -0.613573 0.789638 0
vn -0.545121 0.838357 -2.09662e-18
vn -0.545121 0.838357 2.09662e-18
vn -0.472822 0.881158 0
vn -0.321487 0.946914 -1.37783e-18
vn -0.321487 0.946914 1.37783e-18
vn -0.1614 0.986889 0
vn -0.001979 0.999998 7.22136e-19
vn -0.001979 0.999998 -7.22136e-19
vn 0.157493 0.98752 0
vn 0.313969 0.949433 7.22264e-19
vn 0.313969 0.949433 -7.22264e-19
vn 0.462302 0.886723 0
vn 0.533286 0.845935 -1.77315e-18
vn 0.533286 0.845935 1.77315e-18
vn 0.600696 0.799478 0
vn 0.532926 0.846162 -1.77321e-18
vn 0.532926 0.846162 1.77321e-18
vn 0.461548 0.887115 0
vn 0.313283 0.94966 1.63428e-18
vn 0.313283 0.94966 -1.63428e-18
vn 0.156905 0.987614 0
vn 1.92192e-19 1 3.26671e-18
vn 1.92192e-19 1 -3.26671e-18
vn -0.156905 0.987614 0
vn -0.313283 0.94966 1.63428e-18
vn -0.313283 0.94966 -1.63428e-18
vn -0.461548 0.887115 0
vn -0.532932 0.846158 0
vn -0.532932 0.846158 0
vn -0.600707 0.79947 0
vn -0.53313 0.846033 -6.43439e-19
vn -0.53313 0.846033 6.43439e-19
vn -0.461963 0.886899 0
vn -0.313605 0.949554 -6.49698e-19
vn -0.313605 0.949554 6.49698e-19
vn -0.157113 0.987581 0
vn 0.00064958 1 -9.27782e-19
vn 0.00064958 1 9.27782e-19
vn 0.158396 0.987376 0
vn 0.315978 0.948766 -2.84194e-19
vn 0.315978 0.948766 2.84194e-19
vn 0.465243 0.885183 0
vn 0.536839 0.843685 7.45555e-18
vn 0.536839 0.843685 -7.45555e-18
vn 0.604758 0.796409 0
vn 0.571295 0.820745 1.29867e-17
vn 0.571295 0.820745 -1.29867e-17
vn 0.536853 0.843676 0
vn 0.465525 0.885035 6.20235e-18
vn 0.465525 0.885035 -6.20235e-18
vn 0.391032 0.920377 0
vn 0.315195 0.949027 0
vn 0.315195 0.949027 0
vn 0.237286 0.97144 0
vn 0.158898 0.987295 -1.97679e-19
vn 0.158898 0.987295 1.97679e-19
vn 0.0794937 0.996835 0
vn -0.000807804 1 -1.97685e-19
vn -0.000807804 1 1.97685e-19
vn -0.0811041 0.996706 0
vn -0.162065 0.98678 -2.79681e-18
vn -0.162065 0.98678 2.79681e-18
vn -0.241947 0.970289 0
vn -0.321258 0.946992 -7.40457e-18
vn -0.321258 0.946992 7.40457e-18
vn -0.398373 0.917223 0
vn -0.474026 0.880511 -5.21598e-18
vn -0.474026 0.880511 5.21598e-18
vn -0.546328 0.837572 0
vn -0.581263 0.813716 -7.59417e-18
vn -0.581263 0.813716 7.59417e-18
vn -0.615159 0.788403 0
vn -0.581307 0.813684 -1.27455e-18
vn -0.581307 0.813684 1.27455e-18
vn -0.546417 0.837513 0
vn -0.47408 0.880482 5.72847e-18
vn -0.47408 0.880482 -5.72847e-18
vn -0.398386 0.917218 0
vn -0.321241 0.946997 0
vn -0.321241 0.946997 0
vn -0.241899 0.970301 0
vn -0.162021 0.986787 2.18716e-19
vn -0.162021 0.986787 -2.18716e-19
vn -0.0810657 0.996709 0
vn 0.0392824 0.999228 2.79038e-18
vn 0.0392824 0.999228 -2.79038e-18
vn 0.159061 0.987269 0
vn 0.316651 0.948542 8.03195e-18
vn 0.316651 0.948542 -8.03195e-18
vn 0.465901 0.884837 0
vn 0.537153 0.843485 5.39232e-18
vn 0.537153 0.843485 -5.39232e-18
vn 0.604759 0.796409 0
vn 0.570957 0.82098 5.59378e-18
vn 0.570957 0.82098 -5.59378e-18
vn 0.536158 0.844118 0
vn 0.464755 0.885439 4.95712e-18
vn 0.464755 0.885439 -4.95712e-18
vn 0.390189 0.920735 0
vn 0.314455 0.949272 -4.09506e-18
vn 0.314455 0.949272 4.09506e-18
vn 0.236662 0.971592 0
vn 0.158475 0.987363 -2.72335e-18
vn 0.158475 0.987363 2.72335e-18
vn 0.0792803 0.996852 0
vn -0.00014139 1 -9.21879e-19
vn -0.00014139 1 9.21879e-19
vn -0.0795622 0.99683 0
vn -0.159083 0.987265 -4.39303e-18
vn -0.159083 0.987265 4.39303e-18
vn -0.237584 0.971367 0
vn -0.315738 0.948846 -2.75075e-18
vn -0.315738 0.948846 2.75075e-18
vn -0.391803 0.920049 0
vn -0.466708 0.884412 6.01476e-19
vn -0.466708 0.884412 -6.01476e-19
vn -0.538401 0.842689 0
vn -0.57311 0.819478 5.9993e-19
vn -0.57311 0.819478 -5.9993e-19
vn -0.60682 0.794839 0
vn -0.538788 0.842441 -5.41904e-18
vn -0.538788 0.842441 5.41904e-18
vn -0.467042 0.884235 0
vn -0.317267 0.948336 -7.33324e-18
vn -0.317267 0.948336 7.33324e-18
vn -0.159072 0.987267 0
vn -0.000960555 1 -2.97035e-18
vn -0.000960555 1 2.97035e-18
vn 0.157175 0.987571 0
vn 0.313565 0.949567 -1.11182e-18
vn 0.313565 0.949567 1.11182e-18
vn 0.461833 0.886967 0
vn 0.533053 0.846082 6.75732e-18
vn 0.533053 0.846082 -6.75732e-18
vn 0.600679 0.799491 0
vn 0.533553 0.845767 1.74629e-17
vn 0.533553 0.845767 -1.74629e-17
vn 0.462881 0.88642 0
vn 0.314475 0.949266 1.44978e-17
vn 0.314475 0.949266 -1.44978e-17
vn 0.157901 0.987455 0
vn 0.0383284 0.999265 3.66561e-18
vn 0.0383284 0.999265 -3.66561e-18
vn -0.0817977 0.996649 0
vn -0.16344 0.986553 7.02588e-19
vn -0.16344 0.986553 -7.02588e-19
vn -0.243977 0.969781 0
vn -0.323913 0.946087 -9.24932e-18
vn -0.323913 0.946087 9.24932e-18
vn -0.401598 0.915816 0
vn -0.477772 0.878484 -2.27052e-17
vn -0.477772 0.878484 2.27052e-17
vn -0.550508 0.83483 0
vn -0.585466 0.810697 -2.68076e-17
vn -0.585466 0.810697 2.68076e-17
vn -0.619368 0.785101 0
vn -0.585086 0.810972 -1.37587e-18
vn -0.585086 0.810972 1.37587e-18
vn -0.549724 0.835346 0
vn -0.476951 0.87893 2.20372e-17
vn -0.476951 0.87893 -2.20372e-17
vn -0.400747 0.916189 0
vn -0.323171 0.946341 2.94114e-18
vn -0.323171 0.946341 -2.94114e-18
vn -0.243356 0.969937 0
vn -0.163017 0.986623 -4.45587e-18
vn -0.163017 0.986623 4.45587e-18
vn -0.081581 0.996667 0
vn 0.0373559 0.999302 1.89689e-18
vn 0.0373559 0.999302 -1.89689e-18
vn 0.155764 0.987794 0
vn 0.310592 0.950543 -1.00326e-17
vn 0.310592 0.950543 1.00326e-17
vn 0.457544 0.889187 0
vn 0.527805 0.849365 -9.93778e-18
vn 0.527805 0.849365 9.93778e-18
vn 0.594624 0.804004 0
vn 0.527236 0.849719 -1.05416e-17
vn 0.527236 0.849719 1.05416e-17
vn 0.456352 0.889799 0
vn 0.309537 0.950888 -7.02369e-18
vn 0.309537 0.950888 7.02369e-18
vn 0.154894 0.987931 0
vn -0.00121468 0.999999 3.6161e-18
vn -0.00121468 0.999999 -3.6161e-18
vn -0.157294 0.987552 0
vn -0.314175 0.949365 -1.14667e-17
vn -0.314175 0.949365 1.14667e-17
vn -0.462866 0.886428 0
vn -0.534492 0.845173 2.16833e-18
vn -0.534492 0.845173 -2.16833e-18
vn -0.602467 0.798144 0
vn -0.535021 0.844839 1.41635e-17
vn -0.535021 0.844839 -1.41635e-17
vn -0.463974 0.885849 0
vn -0.315208 0.949023 -2.34009e-18
vn -0.315208 0.949023 2.34009e-18
vn -0.158208 0.987406 0
vn 0.00168529 0.999999 -8.20498e-18
vn 0.00168529 0.999999 8.20498e-18
vn 0.161535 0.986867 0
vn 0.321707 0.946839 -1.56536e-17
vn 0.321707 0.946839 1.56536e-17
vn 0.473111 0.881003 0
vn 0.545099 0.838372 -1.03241e-17
vn 0.545099 0.838372 1.03241e-17
vn 0.613272 0.789872 0
vn 0.579582 0.814914 -6.08511e-19
vn 0.579582 0.814914 6.08511e-19
vn 0.544871 0.83852 0
vn 0.472724 0.881211 -6.10119e-19
vn 0.472724 0.881211 6.10119e-19
vn 0.397254 0.917709 0
vn 0.320331 0.947306 -4.88618e-18
vn 0.320331 0.947306 4.88618e-18
vn 0.241231 0.970468 0
vn 0.161576 0.98686 -6.75806e-18
vn 0.161576 0.98686 6.75806e-18
vn 0.0808517 0.996726 0
vn 0.000503844 1 -2.99858e-18
vn 0.000503844 1 2.99858e-18
vn -0.0798472 0.996807 0
vn -0.15958 0.987185 2.99019e-18
vn -0.15958 0.987185 -2.99019e-18
vn -0.238283 0.971196 0
vn -0.316465 0.948604 3.45089e-18
vn -0.316465 0.948604 -3.45089e-18
vn -0.39255 0.919731 0
vn -0.467243 0.884129 -1.31404e-17
vn -0.467243 0.884129 1.31404e-17
vn -0.538737 0.842474 0
vn -0.573258 0.819375 1.21272e-18
vn -0.573258 0.819375 -1.21272e-18
vn -0.606791 0.794862 0
vn -0.538775 0.84245 1.30174e-17
vn -0.538775 0.84245 -1.30174e-17
vn -0.467047 0.884233 0
vn -0.317219 0.948352 -4.38852e-18
vn -0.317219 0.948352 4.38852e-18
vn -0.158966 0.987284 0
vn -0.00175018 0.999998 3.55823e-18
vn -0.00175018 0.999998 -3.55823e-18
vn 0.155509 0.987834 0
vn 0.310497 0.950574 1.85763e-17
vn 0.310497 0.950574 -1.85763e-17
vn 0.457596 0.88916 0
vn 0.528213 0.849112 1.12036e-17
vn 0.528213 0.849112 -1.12036e-17
vn 0.595349 0.803467 0
vn 0.528764 0.848769 -6.20747e-19
vn 0.528764 0.848769 6.20747e-19
vn 0.458749 0.888566 0
vn 0.311621 0.950206 -6.26707e-19
vn 0.311621 0.950206 6.26707e-19
vn 0.156563 0.987668 0
vn 0.0366817 0.999327 0
vn 0.0366817 0.999327 0
vn -0.0837321 0.996488 0
vn -0.167226 0.985919 0
vn -0.167226 0.985919 0
vn -0.249536 0.968366 0
vn -0.33104 0.943617 -8.841e-18
vn -0.33104 0.943617 8.841e-18
vn -0.410142 0.912022 0
vn -0.487424 0.873165 -8.84201e-18
vn -0.487424 0.873165 8.84201e-18
vn -0.56106 0.827775 0
vn -0.596526 0.802594 -2.86674e-17
vn -0.596526 0.802594 2.86674e-17
vn -0.630864 0.775893 0
vn -0.630864 0.775893 -5.72806e-17
vn -0.630864 0.775893 5.72806e-17
vn 0.621991 -0.783024 0
vn 0.621991 -0.783024 -2.82354e-17
vn 0.59205 -0.805902 -1.35324e-17
vn 0.59205 -0.805902 1.35324e-17
vn 0.621991 -0.783024 2.82354e-17
vn 0.561267 -0.827635 0
vn 0.487613 -0.87306 1.26131e-18
vn 0.487613 -0.87306 -1.26131e-18
vn 0.410308 -0.911947 0
vn 0.331175 -0.943569 6.45299e-18
vn 0.331175 -0.943569 -6.45299e-18
vn 0.249638 -0.968339 0
vn 0.167294 -0.985907 5.06666e-18
vn 0.167294 -0.985907 -5.06666e-18
vn 0.0837644 -0.996486 0
vn -0.0366926 -0.999327 1.84705e-21
vn -0.0366926 -0.999327 -1.84705e-21
vn -0.156617 -0.987659 0
vn -0.311693 -0.950183 1.14609e-17
vn -0.311693 -0.950183 -1.14609e-17
vn -0.458835 -0.888522 0
vn -0.528805 -0.848744 2.39804e-17
vn -0.528805 -0.848744 -2.39804e-17
vn -0.595349 -0.803467 0
vn -0.528121 -0.849169 2.45716e-17
vn -0.528121 -0.849169 -2.45716e-17
vn -0.457404 -0.889259 0
vn -0.310328 -0.95063 8.40994e-18
vn -0.310328 -0.95063 -8.40994e-18
vn -0.15537 -0.987856 0
vn -0.0382856 -0.999267 -3.62287e-18
vn -0.0382856 -0.999267 3.62287e-18
vn 0.0793285 -0.996849 0
vn 0.158627 -0.987339 -1.16906e-17
vn 0.158627 -0.987339 1.16906e-17
vn 0.236913 -0.971531 0
vn 0.314972 -0.949101 -2.06829e-17
vn 0.314972 -0.949101 2.06829e-17
vn 0.390953 -0.920411 0
vn 0.466003 -0.884783 -1.03165e-17
vn 0.466003 -0.884783 1.03165e-17
vn 0.537836 -0.843049 0
vn 0.572833 -0.819672 -6.00809e-19
vn 0.572833 -0.819672 6.00809e-19
vn 0.606816 -0.794843 0
vn 0.539153 -0.842208 1.08182e-17
vn 0.539153 -0.842208 -1.08182e-17
vn 0.467813 -0.883827 0
vn 0.317992 -0.948094 1.16505e-17
vn 0.317992 -0.948094 -1.16505e-17
vn 0.159719 -0.987163 0
vn -0.00101599 -0.999999 7.23791e-19
vn -0.00101599 -0.999999 -7.23791e-19
vn -0.161725 -0.986836 0
vn -0.321895 -0.946775 -2.27855e-17
vn -0.321895 -0.946775 2.27855e-17
vn -0.47329 -0.880907 0
vn -0.545184 -0.838316 -2.25537e-17
vn -0.545184 -0.838316 2.25537e-17
vn -0.613272 -0.789872 0
vn -0.579556 -0.814932 2.5786e-17
vn -0.579556 -0.814932 -2.5786e-17
vn -0.544818 -0.838554 0
vn -0.472612 -0.881271 3.5048e-17
vn -0.472612 -0.881271 -3.5048e-17
vn -0.39708 -0.917784 0
vn -0.320165 -0.947362 8.49121e-18
vn -0.320165 -0.947362 -8.49121e-18
vn -0.241076 -0.970506 0
vn -0.16147 -0.986878 -1.41996e-18
vn -0.16147 -0.986878 1.41996e-18
vn -0.0807978 -0.996731 0
vn -0.000830618 -1 1.83574e-18
vn -0.000830618 -1 -1.83574e-18
vn 0.0791418 -0.996863 0
vn 0.158213 -0.987405 1.84715e-18
vn 0.158213 -0.987405 -1.84715e-18
vn 0.236281 -0.971685 0
vn 0.313924 -0.949448 1.66719e-17
vn 0.313924 -0.949448 -1.66719e-17
vn 0.38952 -0.921018 0
vn 0.463862 -0.885908 1.80045e-17
vn 0.463862 -0.885908 -1.80045e-17
vn 0.535068 -0.844809 0
vn 0.569246 -0.822167 -1.28676e-17
vn 0.569246 -0.822167 1.28676e-17
vn 0.602467 -0.798144 0
vn 0.534628 -0.845088 -1.28825e-17
vn 0.534628 -0.845088 1.28825e-17
vn 0.463149 -0.88628 0
vn 0.314361 -0.949303 6.4797e-19
vn 0.314361 -0.949303 -6.4797e-19
vn 0.157365 -0.98754 0
vn 0.00120672 -0.999999 4.3432e-18
vn 0.00120672 -0.999999 -4.3432e-18
vn -0.154982 -0.987917 0
vn -0.30962 -0.95086 3.72612e-18
vn -0.30962 -0.95086 -3.72612e-18
vn -0.45643 -0.88976 0
vn -0.527273 -0.849696 -1.38889e-17
vn -0.527273 -0.849696 1.38889e-17
vn -0.594624 -0.804004 0
vn -0.52777 -0.849387 -1.39348e-17
vn -0.52777 -0.849387 1.39348e-17
vn -0.45747 -0.889225 0
vn -0.31054 -0.95056 -5.027e-18
vn -0.31054 -0.95056 5.027e-18
vn -0.155737 -0.987799 0
vn -0.0373484 -0.999302 -6.23293e-18
vn -0.0373484 -0.999302 6.23293e-18
vn 0.0815685 -0.996668 0
vn 0.162984 -0.986629 -1.18688e-18
vn 0.162984 -0.986629 1.18688e-18
vn 0.243302 -0.969951 0
vn 0.323082 -0.946371 7.02357e-19
vn 0.323082 -0.946371 -7.02357e-19
vn 0.400626 -0.916242 0
vn 0.476785 -0.87902 1.27314e-17
vn 0.476785 -0.87902 -1.27314e-17
vn 0.549518 -0.835482 0
vn 0.584991 -0.81104 1.26974e-17
vn 0.584991 -0.81104 -1.26974e-17
vn 0.619378 -0.785093 0
vn 0.585452 -0.810707 6.09769e-19
vn 0.585452 -0.810707 -6.09769e-19
vn 0.550468 -0.834856 0
vn 0.477734 -0.878505 9.91501e-18
vn 0.477734 -0.878505 -9.91501e-18
vn 0.401562 -0.915832 0
vn 0.323885 -0.946097 9.30245e-18
vn 0.323885 -0.946097 -9.30245e-18
vn 0.243957 -0.969786 0
vn 0.163428 -0.986555 -7.20541e-19
vn 0.163428 -0.986555 7.20541e-19
vn 0.081793 -0.996649 0
vn -0.0383406 -0.999265 -3.67468e-18
vn -0.0383406 -0.999265 3.67468e-18
vn -0.157921 -0.987452 0
vn -0.314547 -0.949242 -2.96863e-18
vn -0.314547 -0.949242 2.96863e-18
vn -0.462998 -0.886359 0
vn -0.533596 -0.84574 -6.75711e-18
vn -0.533596 -0.84574 6.75711e-18
vn -0.600654 -0.799509 0
vn -0.533222 -0.845975 -1.2738e-17
vn -0.533222 -0.845975 1.2738e-17
vn -0.462215 -0.886768 0
vn -0.313822 -0.949482 -6.7679e-18
vn -0.313822 -0.949482 6.7679e-18
vn -0.157283 -0.987553 0
vn -0.0391756 -0.999232 1.12214e-18
vn -0.0391756 -0.999232 -1.12214e-18
vn 0.0794842 -0.996836 0
vn 0.158904 -0.987294 2.5403e-18
vn 0.158904 -0.987294 -2.5403e-18
vn 0.237307 -0.971435 0
vn 0.315379 -0.948966 7.00738e-19
vn 0.315379 -0.948966 -7.00738e-19
vn 0.391369 -0.920234 0
vn 0.466275 -0.88464 6.19368e-19
vn 0.466275 -0.88464 -6.19368e-19
vn 0.537974 -0.842962 0
vn 0.572902 -0.819624 6.17784e-19
vn 0.572902 -0.819624 -6.17784e-19
vn 0.60682 -0.794839 0
vn 0.538839 -0.842409 0
vn 0.538839 -0.842409 0
vn 0.467149 -0.884179 0
vn 0.317402 -0.948291 2.57494e-18
vn 0.317402 -0.948291 -2.57494e-18
vn 0.159234 -0.987241 0
vn 0.000301006 -1 1.84776e-18
vn 0.000301006 -1 -1.84776e-18
vn -0.158639 -0.987337 0
vn -0.316276 -0.948667 4.72836e-18
vn -0.316276 -0.948667 -4.72836e-18
vn -0.465581 -0.885005 0
vn -0.537 -0.843582 1.25879e-17
vn -0.537 -0.843582 -1.25879e-17
vn -0.604759 -0.796409 0
vn -0.571029 -0.82093 1.27524e-17
vn -0.571029 -0.82093 -1.27524e-17
vn -0.536307 -0.844023 0
vn -0.465075 -0.885271 9.46507e-18
vn -0.465075 -0.885271 -9.46507e-18
vn -0.390692 -0.920521 0
vn -0.314948 -0.949109 1.11524e-18
vn -0.314948 -0.949109 -1.11524e-18
vn -0.23714 -0.971475 0
vn -0.158811 -0.987309 -2.02977e-18
vn -0.158811 -0.987309 2.02977e-18
vn -0.0794686 -0.996837 0
vn 0.000795762 -1 3.89595e-22
vn 0.000795762 -1 -3.89595e-22
vn 0.081055 -0.99671 0
vn 0.162004 -0.98679 -3.51924e-18
vn 0.162004 -0.98679 3.51924e-18
vn 0.241875 -0.970307 0
vn 0.321216 -0.947006 1.15526e-18
vn 0.321216 -0.947006 -1.15526e-18
vn 0.39836 -0.917229 0
vn 0.47406 -0.880493 -2.97853e-18
vn 0.47406 -0.880493 2.97853e-18
vn 0.546403 -0.837522 0
vn 0.5813 -0.813689 -6.91423e-18
vn 0.5813 -0.813689 6.91423e-18
vn 0.615159 -0.788403 0
vn 0.581249 -0.813726 0
vn 0.581249 -0.813726 0
vn 0.546298 -0.837591 0
vn 0.473996 -0.880527 -6.65834e-19
vn 0.473996 -0.880527 6.65834e-19
vn 0.398342 -0.917237 0
vn 0.32123 -0.947001 -3.47237e-18
vn 0.32123 -0.947001 3.47237e-18
vn 0.241922 -0.970296 0
vn 0.162047 -0.986783 -2.08465e-18
vn 0.162047 -0.986783 2.08465e-18
vn 0.0810943 -0.996706 0
vn -0.0392844 -0.999228 -1.12488e-18
vn -0.0392844 -0.999228 1.12488e-18
vn -0.159094 -0.987263 0
vn -0.316828 -0.948483 -7.95154e-18
vn -0.316828 -0.948483 7.95154e-18
vn -0.466204 -0.884678 0
vn -0.537296 -0.843393 -6.03098e-18
vn -0.537296 -0.843393 6.03098e-18
vn -0.604758 -0.796409 0
vn -0.571023 -0.820934 -6.20565e-18
vn -0.571023 -0.820934 6.20565e-18
vn -0.536295 -0.844031 0
vn -0.46471 -0.885463 -8.48327e-18
vn -0.46471 -0.885463 8.48327e-18
vn -0.389947 -0.920837 0
vn -0.314172 -0.949366 -2.26141e-18
vn -0.314172 -0.949366 2.26141e-18
vn -0.236338 -0.971671 0
vn -0.158237 -0.987401 -1.17912e-18
vn -0.158237 -0.987401 1.17912e-18
vn -0.0791323 -0.996864 0
vn 0.0392976 -0.999228 -1.3787e-18
vn 0.0392976 -0.999228 1.3787e-18
vn 0.157176 -0.987571 0
vn 0.313607 -0.949553 -1.96191e-19
vn 0.313607 -0.949553 1.96191e-19
vn 0.46191 -0.886927 0
vn 0.533092 -0.846058 0
vn 0.533092 -0.846058 0
vn 0.600682 -0.799488 0
vn 0.533 -0.846115 6.05629e-19
vn 0.533 -0.846115 -6.05629e-19
vn 0.461718 -0.887027 0
vn 0.313398 -0.949622 -1.00135e-19
vn 0.313398 -0.949622 1.00135e-19
vn 0.156956 -0.987606 0
vn -1.2924e-05 -1 -9.06005e-19
vn -1.2924e-05 -1 9.06005e-19
vn -0.156981 -0.987602 0
vn -0.313366 -0.949632 -8.4462e-19
vn -0.313366 -0.949632 8.4462e-19
vn -0.461636 -0.88707 0
vn -0.532955 -0.846144 -6.43506e-19
vn -0.532955 -0.846144 6.43506e-19
vn -0.600671 -0.799497 0
vn -0.533444 -0.845835 1.33946e-18
vn -0.533444 -0.845835 -1.33946e-18
vn -0.462661 -0.886535 0
vn -0.31424 -0.949344 1.61441e-18
vn -0.31424 -0.949344 -1.61441e-18
vn -0.157657 -0.987494 0
vn -0.0387396 -0.999249 2.60313e-19
vn -0.0387396 -0.999249 -2.60313e-19
vn 0.0807307 -0.996736 0
vn 0.161344 -0.986898 0
vn 0.161344 -0.986898 0
vn 0.240893 -0.970552 0
vn 0.319957 -0.947432 6.57837e-19
vn 0.319957 -0.947432 -6.57837e-19
vn 0.396849 -0.917884 0
vn 0.472418 -0.881375 2.22765e-18
vn 0.472418 -0.881375 -2.22765e-18
vn 0.544659 -0.838657 0
vn 0.579634 -0.814877 8.34801e-19
vn 0.579634 -0.814877 -8.34801e-19
vn 0.613573 -0.789638 0
vn 0.545188 -0.838314 -1.72822e-18
vn 0.545188 -0.838314 1.72822e-18
vn 0.472962 -0.881083 0
vn 0.321582 -0.946882 -1.06284e-18
vn 0.321582 -0.946882 1.06284e-18
vn 0.16144 -0.986883 0
vn 0.0020619 -0.999998 -3.75789e-20
vn 0.0020619 -0.999998 3.75789e-20
vn -0.157369 -0.98754 0
vn -0.313653 -0.949538 1.95362e-20
vn -0.313653 -0.949538 -1.95362e-20
vn -0.461823 -0.886972 0
vn -0.532772 -0.846259 0
vn -0.532772 -0.846259 0
vn -0.600156 -0.799883 0
vn -0.532858 -0.846205 6.89169e-19
vn -0.532858 -0.846205 -6.89169e-19
vn -0.462003 -0.886878 0
vn -0.313687 -0.949526 -2.43828e-20
vn -0.313687 -0.949526 2.43828e-20
vn -0.157239 -0.987561 0
vn -0.0389704 -0.99924 -2.22332e-19
vn -0.0389704 -0.99924 2.22332e-19
vn 0.0798488 -0.996807 0
vn 0.159632 -0.987177 5.00827e-19
vn 0.159632 -0.987177 -5.00827e-19
vn 0.238385 -0.971171 0
vn 0.316792 -0.948495 -6.5488e-19
vn 0.316792 -0.948495 6.5488e-19
vn 0.39309 -0.9195 0
vn 0.468267 -0.883587 2.87534e-19
vn 0.468267 -0.883587 -2.87534e-19
vn 0.540194 -0.84154 0
vn 0.575051 -0.818118 2.39195e-18
vn 0.575051 -0.818118 -2.39195e-18
vn 0.608893 -0.793252 0
vn 0.54066 -0.841241 2.079e-18
vn 0.54066 -0.841241 -2.079e-18
vn 0.468665 -0.883376 0
vn 0.318487 -0.947927 -9.10017e-20
vn 0.318487 -0.947927 9.10017e-20
vn 0.1598 -0.987149 0
vn 0.00121996 -0.999999 9.09472e-19
vn 0.00121996 -0.999999 -9.09472e-19
vn -0.157391 -0.987536 0
vn -0.314036 -0.949411 1.63926e-18
vn -0.314036 -0.949411 -1.63926e-18
vn -0.462518 -0.88661 0
vn -0.533375 -0.845879 3.55631e-18
vn -0.533375 -0.845879 -3.55631e-18
vn -0.600669 -0.799498 0
vn -0.533486 -0.845809 3.55627e-18
vn -0.533486 -0.845809 -3.55627e-18
vn -0.462751 -0.886488 0
vn -0.314327 -0.949315 9.26072e-19
vn -0.314327 -0.949315 -9.26072e-19
vn -0.157739 -0.987481 0
vn -0.0384706 -0.99926 9.20656e-19
vn -0.0384706 -0.99926 -9.20656e-19
vn 0.0813501 -0.996686 0
vn 0.162562 -0.986698 0
vn 0.162562 -0.986698 0
vn 0.242685 -0.970105 0
vn 0.322269 -0.946648 2.31231e-18
vn 0.322269 -0.946648 -2.31231e-18
vn 0.399634 -0.916675 0
vn 0.475586 -0.879669 -4.03903e-18
vn 0.475586 -0.879669 4.03903e-18
vn 0.548143 -0.836385 0
vn 0.58323 -0.812307 -6.3347e-18
vn 0.58323 -0.812307 6.3347e-18
vn 0.61726 -0.786759 0
vn 0.583151 -0.812364 -6.13188e-19
vn 0.583151 -0.812364 6.13188e-19
vn 0.547981 -0.836491 0
vn 0.475353 -0.879795 -4.5774e-18
vn 0.475353 -0.879795 4.5774e-18
vn 0.399325 -0.916809 0
vn 0.321981 -0.946746 -1.85714e-18
vn 0.321981 -0.946746 1.85714e-18
vn 0.242422 -0.970171 0
vn 0.16238 -0.986728 1.16444e-18
vn 0.16238 -0.986728 -1.16444e-18
vn 0.0812521 -0.996694 0
vn -0.037493 -0.999297 -2.75944e-18
vn -0.037493 -0.999297 2.75944e-18
vn -0.155709 -0.987803 0
vn -0.310504 -0.950572 2.84399e-18
vn -0.310504 -0.950572 -2.84399e-18
vn -0.457428 -0.889246 0
vn -0.527751 -0.849399 4.62592e-18
vn -0.527751 -0.849399 -4.62592e-18
vn -0.594627 -0.804002 0
vn -0.527599 -0.849494 0
vn -0.527599 -0.849494 0
vn -0.457109 -0.889411 0
vn -0.310204 -0.95067 1.8148e-18
vn -0.310204 -0.95067 -1.8148e-18
vn -0.15544 -0.987845 0
vn -0.0377536 -0.999287 1.08374e-18
vn -0.0377536 -0.999287 -1.08374e-18
vn 0.0804609 -0.996758 0
vn 0.160866 -0.986976 -7.18006e-19
vn 0.160866 -0.986976 7.18006e-19
vn 0.240215 -0.97072 0
vn 0.319241 -0.947674 6.5885e-19
vn 0.319241 -0.947674 -6.5885e-19
vn 0.396103 -0.918206 0
vn 0.47186 -0.881674 6.58949e-19
vn 0.47186 -0.881674 -6.58949e-19
vn 0.544279 -0.838904 0
vn 0.579174 -0.815204 0
vn 0.579174 -0.815204 0
vn 0.613038 -0.790053 0
vn 0.544985 -0.838446 -6.26704e-19
vn 0.544985 -0.838446 6.26704e-19
vn 0.473131 -0.880992 0
vn 0.32178 -0.946814 9.19468e-20
vn 0.32178 -0.946814 -9.19468e-20
vn 0.161663 -0.986846 0
vn 0.000982392 -1 7.24631e-19
vn 0.000982392 -1 -7.24631e-19
vn -0.159724 -0.987162 0
vn -0.31796 -0.948104 0
vn -0.31796 -0.948104 0
vn -0.467749 -0.883861 0
vn -0.539128 -0.842224 6.87363e-18
vn -0.539128 -0.842224 -6.87363e-18
vn -0.606825 -0.794836 0
vn -0.573228 -0.819396 6.2647e-19
vn -0.573228 -0.819396 -6.2647e-19
vn -0.538638 -0.842537 0
vn -0.467163 -0.884171 -1.07822e-17
vn -0.467163 -0.884171 1.07822e-17
vn -0.392491 -0.919756 0
vn -0.316423 -0.948618 9.83328e-19
vn -0.316423 -0.948618 -9.83328e-19
vn -0.238261 -0.971201 0
vn -0.159568 -0.987187 3.87285e-18
vn -0.159568 -0.987187 -3.87285e-18
vn -0.079846 -0.996807 0
vn 0.000496365 -1 -9.26849e-19
vn 0.000496365 -1 9.26849e-19
vn 0.0808356 -0.996727 0
vn 0.161556 -0.986864 -2.07114e-18
vn 0.161556 -0.986864 2.07114e-18
vn 0.241207 -0.970474 0
vn 0.320318 -0.94731 -2.13231e-18
vn 0.320318 -0.94731 2.13231e-18
vn 0.397252 -0.91771 0
vn 0.472743 -0.8812 -5.65521e-18
vn 0.472743 -0.8812 5.65521e-18
vn 0.54491 -0.838495 0
vn 0.579457 -0.815003 -1.32372e-17
vn 0.579457 -0.815003 1.32372e-17
vn 0.612993 -0.790089 0
vn 0.544742 -0.838604 -1.78876e-17
vn 0.544742 -0.838604 1.78876e-17
vn 0.472672 -0.881238 0
vn 0.321313 -0.946973 -1.40921e-17
vn 0.321313 -0.946973 1.40921e-17
vn 0.161204 -0.986921 0
vn 0.00220866 -0.999998 -3.04822e-18
vn 0.00220866 -0.999998 3.04822e-18
vn -0.156842 -0.987624 0
vn -0.312769 -0.949829 0
vn -0.312769 -0.949829 0
vn -0.460644 -0.887585 0
vn -0.53142 -0.847108 0
vn -0.53142 -0.847108 0
vn -0.598665 -0.801 0
vn -0.531013 -0.847363 -6.55632e-19
vn -0.531013 -0.847363 6.55632e-19
vn -0.45979 -0.888028 0
vn -0.311987 -0.950086 2.9862e-18
vn -0.311987 -0.950086 -2.9862e-18
vn -0.156168 -0.987731 0
vn 0.000661775 -1 4.36267e-18
vn 0.000661775 -1 -4.36267e-18
vn 0.157475 -0.987523 0
vn 0.314323 -0.949316 -1.009e-17
vn 0.314323 -0.949316 1.009e-17
vn 0.462979 -0.886369 0
vn 0.534451 -0.845199 -2.41775e-17
vn 0.534451 -0.845199 2.41775e-17
vn 0.602287 -0.798279 0
vn 0.534325 -0.845279 -2.75632e-18
vn 0.534325 -0.845279 2.75632e-18
vn 0.462715 -0.886507 0
vn 0.314096 -0.949391 1.5221e-17
vn 0.314096 -0.949391 -1.5221e-17
vn 0.157297 -0.987551 0
vn 0.000916662 -1 5.12141e-18
vn 0.000916662 -1 -5.12141e-18
vn -0.155486 -0.987838 0
vn -0.310741 -0.950495 1.20661e-17
vn -0.310741 -0.950495 -1.20661e-17
vn -0.458072 -0.888915 0
vn -0.52885 -0.848715 3.85368e-17
vn -0.52885 -0.848715 -3.85368e-17
vn -0.596124 -0.802893 0
vn -0.528895 -0.848687 2.73052e-17
vn -0.528895 -0.848687 -2.73052e-17
vn -0.458168 -0.888866 0
vn -0.310952 -0.950426 -7.2769e-18
vn -0.310952 -0.950426 7.2769e-18
vn -0.155819 -0.987786 0
vn -0.0381823 -0.999271 -6.09789e-18
vn -0.0381823 -0.999271 6.09789e-18
vn 0.079988 -0.996796 0
vn 0.159912 -0.987131 4.27603e-19
vn 0.159912 -0.987131 -4.27603e-19
vn 0.238799 -0.971069 0
vn 0.317355 -0.948307 -2.50476e-20
vn 0.317355 -0.948307 2.50476e-20
vn 0.393787 -0.919202 0
vn 0.469122 -0.883133 1.38286e-17
vn 0.469122 -0.883133 -1.38286e-17
vn 0.541184 -0.840904 0
vn 0.576262 -0.817265 2.6886e-17
vn 0.576262 -0.817265 -2.6886e-17
vn 0.610308 -0.792164 0
vn 0.542031 -0.840359 2.40183e-17
vn 0.542031 -0.840359 -2.40183e-17
vn 0.469967 -0.882684 0
vn 0.319366 -0.947632 5.84259e-18
vn 0.319366 -0.947632 -5.84259e-18
vn 0.160173 -0.987089 0
vn 0.0023179 -0.999997 -8.3151e-19
vn 0.0023179 -0.999997 8.3151e-19
vn -0.155595 -0.987821 0
vn -0.310514 -0.950569 -6.39609e-18
vn -0.310514 -0.950569 6.39609e-18
vn -0.457549 -0.889184 0
vn -0.528114 -0.849173 -9.93754e-18
vn -0.528114 -0.849173 9.93754e-18
vn -0.595203 -0.803575 0
vn -0.528245 -0.849092 0
vn -0.528245 -0.849092 0
vn -0.457823 -0.889043 0
vn -0.310802 -0.950475 7.17866e-19
vn -0.310802 -0.950475 -7.17866e-19
vn -0.155889 -0.987775 0
vn -0.0376093 -0.999293 7.13794e-19
vn -0.0376093 -0.999293 -7.13794e-19
vn 0.0812018 -0.996698 0
vn 0.162309 -0.98674 6.30704e-18
vn 0.162309 -0.98674 -6.30704e-18
vn 0.242332 -0.970193 0
vn 0.321911 -0.94677 6.30769e-18
vn 0.321911 -0.94677 -6.30769e-18
vn 0.399275 -0.916831 0
vn 0.47535 -0.879797 1.33068e-17
vn 0.47535 -0.879797 -1.33068e-17
vn 0.548021 -0.836464 0
vn 0.582943 -0.812513 1.3271e-17
vn 0.582943 -0.812513 -1.3271e-17
vn 0.616819 -0.787105 0
vn 0.58324 -0.8123 -1.26663e-17
vn 0.58324 -0.8123 1.26663e-17
vn 0.548633 -0.836063 0
vn 0.47641 -0.879223 -2.13047e-17
vn 0.47641 -0.879223 2.13047e-17
vn 0.400815 -0.916159 0
vn 0.323394 -0.946264 -2.95526e-18
vn 0.323394 -0.946264 2.95526e-18
vn 0.243741 -0.96984 0
vn 0.163295 -0.986577 3.75541e-18
vn 0.163295 -0.986577 -3.75541e-18
vn 0.081747 -0.996653 0
vn -4.30476e-05 -1 7.24452e-19
vn -4.30476e-05 -1 -7.24452e-19
vn -0.0818328 -0.996646 0
vn -0.163431 -0.986555 1.91818e-18
vn -0.163431 -0.986555 -1.91818e-18
vn -0.243925 -0.969794 0
vn -0.323583 -0.9462 -6.99094e-19
vn -0.323583 -0.9462 6.99094e-19
vn -0.401008 -0.916075 0
vn -0.476576 -0.879133 1.2709e-17
vn -0.476576 -0.879133 -1.2709e-17
vn -0.548772 -0.835972 0
vn -0.583626 -0.812023 2.67183e-17
vn -0.583626 -0.812023 -2.67183e-17
vn -0.617436 -0.786621 0
vn -0.617436 -0.786621 2.80607e-17
vn -0.617436 -0.786621 -2.80607e-17


# Faces: 
usemtl material0
f 577/199/1 557/179/1 558/180/1
f 557/179/1 577/199/1 578/200/1
f 590/212/1 591/213/1 543/165/1
f 557/179/1 578/200/1 556/178/1
f 558/180/1 576/198/1 577/199/1
f 576/198/1 558/180/1 559/181/1
f 578/200/1 579/201/1 556/178/1
f 543/165/1 544/166/1 590/212/1
f 556/178/1 579/201/1 580/202/1
f 590/212/1 544/166/1 589/211/1
f 591/213/1 592/214/1 543/165/1
f 533/155/1 603/225/1 604/226/1
f 534/156/1 603/225/1 533/155/1
f 616/238/1 617/239/1 520/142/1
f 533/155/1 604/226/1 532/154/1
f 602/224/1 603/225/1 534/156/1
f 593/215/1 542/164/1 592/214/1
f 605/227/1 531/153/1 604/226/1
f 531/153/1 532/154/1 604/226/1
f 520/142/1 521/143/1 616/238/1
f 543/165/1 592/214/1 542/164/1
f 602/224/1 534/156/1 535/157/1
f 575/197/1 576/198/1 559/181/1
f 555/177/1 580/202/1 581/203/1
f 545/167/1 588/210/1 544/166/1
f 588/210/1 589/211/1 544/166/1
f 559/181/1 574/196/1 575/197/1
f 567/189/1 568/190/1 566/188/1
f 545/167/1 587/209/1 588/210/1
f 555/177/1 581/203/1 582/204/1
f 546/168/1 587/209/1 545/167/1
f 580/202/1 555/177/1 556/178/1
f 593/215/1 594/216/1 542/164/1
f 601/223/1 602/224/1 535/157/1
f 529/151/1 530/152/1 606/228/1
f 530/152/1 531/153/1 605/227/1
f 530/152/1 605/227/1 606/228/1
f 540/162/1 541/163/1 595/217/1
f 595/217/1 541/163/1 594/216/1
f 601/223/1 535/157/1 600/222/1
f 528/150/1 529/151/1 607/229/1
f 607/229/1 529/151/1 606/228/1
f 615/237/1 616/238/1 521/143/1
f 594/216/1 541/163/1 542/164/1
f 522/144/1 615/237/1 521/143/1
f 520/142/1 617/239/1 519/141/1
f 518/140/1 519/141/1 618/240/1
f 618/240/1 519/141/1 617/239/1
f 505/127/1 630/252/1 631/253/1
f 632/254/1 504/126/1 631/253/1
f 620/242/1 518/140/1 619/241/1
f 619/241/1 518/140/1 618/240/1
f 631/253/1 504/126/1 505/127/1
f 503/125/1 504/126/1 632/254/1
f 633/255/1 503/125/1 632/254/1
f 506/128/1 630/252/1 505/127/1
f 629/251/1 630/252/1 506/128/1
f 646/268/1 647/269/1 489/111/1
f 648/270/1 489/111/1 647/269/1
f 646/268/1 489/111/1 490/112/1
f 479/101/1 657/279/1 658/280/1
f 478/100/1 479/101/1 658/280/1
f 656/278/1 657/279/1 479/101/1
f 490/112/1 645/267/1 646/268/1
f 479/101/1 480/102/1 656/278/1
f 648/270/1 487/109/1 488/110/1
f 648/270/1 488/110/1 489/111/1
f 658/280/1 659/281/1 478/100/1
f 645/267/1 490/112/1 644/266/1
f 628/250/1 629/251/1 506/128/1
f 507/129/1 628/250/1 506/128/1
f 633/255/1 502/124/1 503/125/1
f 633/255/1 634/256/1 502/124/1
f 502/124/1 634/256/1 635/257/1
f 622/244/1 517/139/1 621/243/1
f 621/243/1 517/139/1 620/242/1
f 507/129/1 627/249/1 628/250/1
f 636/258/1 501/123/1 635/257/1
f 508/130/1 627/249/1 507/129/1
f 635/257/1 501/123/1 502/124/1
f 620/242/1 517/139/1 518/140/1
f 491/113/1 643/265/1 644/266/1
f 648/270/1 649/271/1 487/109/1
f 660/282/1 478/100/1 659/281/1
f 660/282/1 477/99/1 478/100/1
f 490/112/1 491/113/1 644/266/1
f 486/108/1 487/109/1 649/271/1
f 655/277/1 656/278/1 481/103/1
f 477/99/1 661/283/1 476/98/1
f 482/104/1 655/277/1 481/103/1
f 661/283/1 477/99/1 660/282/1
f 492/114/1 643/265/1 491/113/1
f 480/102/1 481/103/1 656/278/1
f 566/188/1 568/190/1 569/191/1
f 559/181/1 560/182/1 574/196/1
f 554/176/1 582/204/1 553/175/1
f 582/204/1 554/176/1 555/177/1
f 573/195/1 574/196/1 560/182/1
f 565/187/1 569/191/1 570/192/1
f 569/191/1 565/187/1 566/188/1
f 565/187/1 570/192/1 564/186/1
f 582/204/1 583/205/1 553/175/1
f 573/195/1 560/182/1 561/183/1
f 587/209/1 546/168/1 586/208/1
f 596/218/1 540/162/1 595/217/1
f 586/208/1 546/168/1 547/169/1
f 528/150/1 608/230/1 609/231/1
f 528/150/1 607/229/1 608/230/1
f 600/222/1 535/157/1 536/158/1
f 539/161/1 540/162/1 596/218/1
f 600/222/1 536/158/1 537/159/1
f 526/148/1 527/149/1 609/231/1
f 609/231/1 527/149/1 528/150/1
f 548/170/1 585/207/1 547/169/1
f 586/208/1 547/169/1 585/207/1
f 609/231/1 610/232/1 526/148/1
f 563/185/1 564/186/1 571/193/1
f 564/186/1 570/192/1 571/193/1
f 563/185/1 571/193/1 572/194/1
f 573/195/1 561/183/1 562/184/1
f 552/174/1 583/205/1 551/173/1
f 573/195/1 562/184/1 572/194/1
f 552/174/1 553/175/1 583/205/1
f 562/184/1 563/185/1 572/194/1
f 584/206/1 549/171/1 550/172/1
f 584/206/1 585/207/1 549/171/1
f 584/206/1 550/172/1 551/173/1
f 584/206/1 551/173/1 583/205/1
f 585/207/1 548/170/1 549/171/1
f 526/148/1 610/232/1 525/147/1
f 600/222/1 537/159/1 599/221/1
f 611/233/1 525/147/1 610/232/1
f 611/233/1 612/234/1 524/146/1
f 539/161/1 598/220/1 538/160/1
f 539/161/1 597/219/1 598/220/1
f 598/220/1 599/221/1 538/160/1
f 524/146/1 525/147/1 611/233/1
f 537/159/1 538/160/1 599/221/1
f 612/234/1 613/235/1 524/146/1
f 597/219/1 539/161/1 596/218/1
f 614/236/1 615/237/1 522/144/1
f 614/236/1 522/144/1 613/235/1
f 500/122/1 636/258/1 637/259/1
f 623/245/1 515/137/1 622/244/1
f 516/138/1 517/139/1 622/244/1
f 626/248/1 627/249/1 508/130/1
f 622/244/1 515/137/1 516/138/1
f 509/131/1 625/247/1 626/248/1
f 499/121/1 500/122/1 637/259/1
f 498/120/1 499/121/1 637/259/1
f 626/248/1 508/130/1 509/131/1
f 643/265/1 492/114/1 642/264/1
f 642/264/1 492/114/1 493/115/1
f 476/98/1 662/284/1 475/97/1
f 485/107/1 486/108/1 650/272/1
f 649/271/1 650/272/1 486/108/1
f 654/276/1 655/277/1 482/104/1
f 641/263/1 642/264/1 493/115/1
f 494/116/1 641/263/1 493/115/1
f 637/259/1 638/260/1 498/120/1
f 482/104/1 483/105/1 654/276/1
f 475/97/1 663/285/1 474/96/1
f 476/98/1 661/283/1 662/284/1
f 522/144/1 523/145/1 613/235/1
f 613/235/1 523/145/1 524/146/1
f 623/245/1 513/135/1 514/136/1
f 623/245/1 514/136/1 515/137/1
f 625/247/1 509/131/1 510/132/1
f 513/135/1 624/246/1 512/134/1
f 624/246/1 513/135/1 623/245/1
f 512/134/1 624/246/1 511/133/1
f 511/133/1 624/246/1 625/247/1
f 625/247/1 510/132/1 511/133/1
f 638/260/1 497/119/1 498/120/1
f 494/116/1 495/117/1 641/263/1
f 640/262/1 641/263/1 495/117/1
f 640/262/1 496/118/1 497/119/1
f 651/273/1 485/107/1 650/272/1
f 639/261/1 497/119/1 638/260/1
f 653/275/1 654/276/1 483/105/1
f 495/117/1 496/118/1 640/262/1
f 653/275/1 484/106/1 652/274/1
f 484/106/1 651/273/1 652/274/1
f 484/106/1 485/107/1 651/273/1
f 483/105/1 484/106/1 653/275/1
f 640/262/1 497/119/1 639/261/1
f 663/285/1 475/97/1 662/284/1
f 500/122/1 501/123/1 636/258/1
f 669/291/1 467/89/1 468/90/1
f 467/89/1 669/291/1 670/292/1
f 467/89/1 670/292/1 466/88/1
f 454/76/1 681/303/1 682/304/1
f 669/291/1 468/90/1 668/290/1
f 670/292/1 671/293/1 466/88/1
f 668/290/1 468/90/1 469/91/1
f 456/78/1 680/302/1 455/77/1
f 454/76/1 455/77/1 681/303/1
f 455/77/1 680/302/1 681/303/1
f 454/76/1 682/304/1 453/75/1
f 441/63/1 695/317/1 696/318/1
f 695/317/1 441/63/1 442/64/1
f 696/318/1 440/62/1 441/63/1
f 427/49/1 708/330/1 709/331/1
f 710/332/1 427/49/1 709/331/1
f 694/316/1 695/317/1 442/64/1
f 453/75/1 682/304/1 683/305/1
f 428/50/1 708/330/1 427/49/1
f 697/319/1 440/62/1 696/318/1
f 708/330/1 428/50/1 707/329/1
f 694/316/1 442/64/1 443/65/1
f 671/293/1 672/294/1 466/88/1
f 457/79/1 680/302/1 456/78/1
f 466/88/1 672/294/1 465/87/1
f 683/305/1 452/74/1 453/75/1
f 683/305/1 684/306/1 452/74/1
f 452/74/1 684/306/1 685/307/1
f 667/289/1 668/290/1 469/91/1
f 667/289/1 469/91/1 470/92/1
f 672/294/1 673/295/1 465/87/1
f 679/301/1 680/302/1 457/79/1
f 465/87/1 673/295/1 674/296/1
f 458/80/1 679/301/1 457/79/1
f 443/65/1 693/315/1 694/316/1
f 440/62/1 697/319/1 698/320/1
f 698/320/1 439/61/1 440/62/1
f 706/328/1 428/50/1 429/51/1
f 707/329/1 428/50/1 706/328/1
f 699/321/1 439/61/1 698/320/1
f 686/308/1 451/73/1 685/307/1
f 685/307/1 451/73/1 452/74/1
f 692/314/1 693/315/1 443/65/1
f 439/61/1 699/321/1 700/322/1
f 429/51/1 705/327/1 706/328/1
f 430/52/1 705/327/1 429/51/1
f 427/49/1 710/332/1 426/48/1
f 415/37/1 416/38/1 721/343/1
f 721/343/1 416/38/1 720/342/1
f 415/37/1 721/343/1 414/36/1
f 722/344/1 414/36/1 721/343/1
f 712/334/1 426/48/1 711/333/1
f 711/333/1 426/48/1 710/332/1
f 720/342/1 416/38/1 417/39/1
f 414/36/1 722/344/1 413/35/1
f 406/28/1 730/352/1 731/353/1
f 407/29/1 730/352/1 406/28/1
f 731/353/1 405/27/1 406/28/1
f 404/26/1 405/27/1 732/354/1
f 732/354/1 405/27/1 731/353/1
f 392/14/1 393/15/1 743/365/1
f 743/365/1 393/15/1 742/364/1
f 392/14/1 743/365/1 744/366/1
f 742/364/1 393/15/1 394/16/1
f 734/356/1 404/26/1 733/355/1
f 733/355/1 404/26/1 732/354/1
f 742/364/1 394/16/1 741/363/1
f 744/366/1 391/13/1 392/14/1
f 391/13/1 745/367/1 390/12/1
f 745/367/1 391/13/1 744/366/1
f 413/35/1 722/344/1 723/345/1
f 720/342/1 417/39/1 719/341/1
f 729/351/1 730/352/1 407/29/1
f 734/356/1 403/25/1 404/26/1
f 735/357/1 403/25/1 734/356/1
f 424/46/1 425/47/1 713/335/1
f 713/335/1 425/47/1 712/334/1
f 418/40/1 719/341/1 417/39/1
f 728/350/1 729/351/1 407/29/1
f 723/345/1 412/34/1 413/35/1
f 735/357/1 736/358/1 403/25/1
f 712/334/1 425/47/1 426/48/1
f 394/16/1 395/17/1 741/363/1
f 741/363/1 395/17/1 740/362/1
f 747/369/1 389/11/1 390/12/1
f 748/370/1 389/11/1 747/369/1
f 747/369/1 390/12/1 746/368/1
f 736/358/1 401/23/1 402/24/1
f 736/358/1 402/24/1 403/25/1
f 395/17/1 396/18/1 740/362/1
f 756/378/1 379/1/1 380/2/1
f 396/18/1 739/361/1 740/362/1
f 746/368/1 390/12/1 745/367/1
f 465/87/1 674/296/1 464/86/1
f 450/72/1 686/308/1 449/71/1
f 675/297/1 463/85/1 674/296/1
f 450/72/1 451/73/1 686/308/1
f 678/300/1 679/301/1 458/80/1
f 471/93/1 665/287/1 666/288/1
f 470/92/1 471/93/1 666/288/1
f 674/296/1 463/85/1 464/86/1
f 678/300/1 458/80/1 677/299/1
f 666/288/1 667/289/1 470/92/1
f 692/314/1 443/65/1 444/66/1
f 437/59/1 438/60/1 700/322/1
f 449/71/1 687/309/1 448/70/1
f 445/67/1 692/314/1 444/66/1
f 700/322/1 701/323/1 437/59/1
f 703/325/1 431/53/1 432/54/1
f 701/323/1 436/58/1 437/59/1
f 704/326/1 431/53/1 703/325/1
f 704/326/1 430/52/1 431/53/1
f 687/309/1 449/71/1 686/308/1
f 438/60/1 439/61/1 700/322/1
f 448/70/1 687/309/1 688/310/1
f 462/84/1 463/85/1 675/297/1
f 461/83/1 462/84/1 675/297/1
f 458/80/1 459/81/1 677/299/1
f 677/299/1 459/81/1 676/298/1
f 473/95/1 664/286/1 472/94/1
f 664/286/1 473/95/1 663/285/1
f 664/286/1 471/93/1 472/94/1
f 461/83/1 676/298/1 460/82/1
f 460/82/1 676/298/1 459/81/1
f 675/297/1 676/298/1 461/83/1
f 471/93/1 664/286/1 665/287/1
f 447/69/1 688/310/1 689/311/1
f 691/313/1 692/314/1 445/67/1
f 446/68/1 691/313/1 445/67/1
f 702/324/1 435/57/1 701/323/1
f 703/325/1 433/55/1 702/324/1
f 433/55/1 703/325/1 432/54/1
f 436/58/1 701/323/1 435/57/1
f 689/311/1 446/68/1 447/69/1
f 446/68/1 689/311/1 690/312/1
f 690/312/1 691/313/1 446/68/1
f 702/324/1 434/56/1 435/57/1
f 433/55/1 434/56/1 702/324/1
f 447/69/1 448/70/1 688/310/1
f 663/285/1 473/95/1 474/96/1
f 705/327/1 430/52/1 704/326/1
f 423/45/1 424/46/1 714/336/1
f 423/45/1 714/336/1 715/337/1
f 412/34/1 723/345/1 724/346/1
f 418/40/1 419/41/1 718/340/1
f 418/40/1 718/340/1 719/341/1
f 724/346/1 411/33/1 412/34/1
f 400/22/1 401/23/1 737/359/1
f 727/349/1 728/350/1 408/30/1
f 407/29/1 408/30/1 728/350/1
f 401/23/1 736/358/1 737/359/1
f 388/10/1 748/370/1 749/371/1
f 755/377/1 380/2/1 381/3/1
f 387/9/1 388/10/1 749/371/1
f 756/378/1 380/2/1 755/377/1
f 738/360/1 739/361/1 397/19/1
f 396/18/1 397/19/1 739/361/1
f 398/20/1 738/360/1 397/19/1
f 387/9/1 749/371/1 750/372/1
f 382/4/1 755/377/1 381/3/1
f 755/377/1 382/4/1 754/376/1
f 737/359/1 738/360/1 399/21/1
f 400/22/1 737/359/1 399/21/1
f 714/336/1 424/46/1 713/335/1
f 421/43/1 422/44/1 715/337/1
f 715/337/1 422/44/1 423/45/1
f 718/340/1 419/41/1 717/339/1
f 411/33/1 724/346/1 725/347/1
f 420/42/1 717/339/1 419/41/1
f 421/43/1 716/338/1 420/42/1
f 716/338/1 421/43/1 715/337/1
f 716/338/1 717/339/1 420/42/1
f 725/347/1 410/32/1 411/33/1
f 410/32/1 725/347/1 726/348/1
f 409/31/1 410/32/1 726/348/1
f 726/348/1 727/349/1 409/31/1
f 738/360/1 398/20/1 399/21/1
f 386/8/1 750/372/1 751/373/1
f 382/4/1 383/5/1 754/376/1
f 383/5/1 753/375/1 754/376/1
f 386/8/1 751/373/1 385/7/1
f 753/375/1 384/6/1 752/374/1
f 384/6/1 753/375/1 383/5/1
f 752/374/1 384/6/1 385/7/1
f 751/373/1 752/374/1 385/7/1
f 409/31/1 727/349/1 408/30/1
f 387/9/1 750/372/1 386/8/1
f 389/11/1 748/370/1 388/10/1
f 179/557/2 199/577/2 180/558/2
f 199/577/2 179/557/2 200/578/2
f 213/591/2 212/590/2 165/543/2
f 200/578/2 179/557/2 178/556/2
f 198/576/2 180/558/2 199/577/2
f 180/558/2 198/576/2 181/559/2
f 201/579/2 200/578/2 178/556/2
f 166/544/2 165/543/2 212/590/2
f 201/579/2 178/556/2 202/580/2
f 166/544/2 212/590/2 211/589/2
f 214/592/2 213/591/2 165/543/2
f 225/603/2 155/533/2 226/604/2
f 225/603/2 156/534/2 155/533/2
f 239/617/2 238/616/2 142/520/2
f 226/604/2 155/533/2 154/532/2
f 225/603/2 224/602/2 156/534/2
f 164/542/2 215/593/2 214/592/2
f 153/531/2 227/605/2 226/604/2
f 154/532/2 153/531/2 226/604/2
f 143/521/2 142/520/2 238/616/2
f 214/592/2 165/543/2 164/542/2
f 156/534/2 224/602/2 157/535/2
f 198/576/2 197/575/2 181/559/2
f 202/580/2 177/555/2 203/581/2
f 210/588/2 167/545/2 166/544/2
f 211/589/2 210/588/2 166/544/2
f 196/574/2 181/559/2 197/575/2
f 190/568/2 189/567/2 188/566/2
f 209/587/2 167/545/2 210/588/2
f 203/581/2 177/555/2 204/582/2
f 209/587/2 168/546/2 167/545/2
f 177/555/2 202/580/2 178/556/2
f 216/594/2 215/593/2 164/542/2
f 224/602/2 223/601/2 157/535/2
f 152/530/2 151/529/2 228/606/2
f 153/531/2 152/530/2 227/605/2
f 227/605/2 152/530/2 228/606/2
f 163/541/2 162/540/2 217/595/2
f 163/541/2 217/595/2 216/594/2
f 157/535/2 223/601/2 222/600/2
f 151/529/2 150/528/2 229/607/2
f 151/529/2 229/607/2 228/606/2
f 238/616/2 237/615/2 143/521/2
f 163/541/2 216/594/2 164/542/2
f 237/615/2 144/522/2 143/521/2
f 239/617/2 142/520/2 141/519/2
f 141/519/2 140/518/2 240/618/2
f 141/519/2 240/618/2 239/617/2
f 252/630/2 127/505/2 253/631/2
f 126/504/2 254/632/2 253/631/2
f 140/518/2 242/620/2 241/619/2
f 140/518/2 241/619/2 240/618/2
f 126/504/2 253/631/2 127/505/2
f 126/504/2 125/503/2 254/632/2
f 125/503/2 255/633/2 254/632/2
f 252/630/2 128/506/2 127/505/2
f 252/630/2 251/629/2 128/506/2
f 269/647/2 268/646/2 111/489/2
f 111/489/2 270/648/2 269/647/2
f 111/489/2 268/646/2 112/490/2
f 279/657/2 101/479/2 280/658/2
f 101/479/2 100/478/2 280/658/2
f 279/657/2 278/656/2 101/479/2
f 267/645/2 112/490/2 268/646/2
f 102/480/2 101/479/2 278/656/2
f 109/487/2 270/648/2 110/488/2
f 110/488/2 270/648/2 111/489/2
f 281/659/2 280/658/2 100/478/2
f 112/490/2 267/645/2 266/644/2
f 251/629/2 250/628/2 128/506/2
f 250/628/2 129/507/2 128/506/2
f 124/502/2 255/633/2 125/503/2
f 256/634/2 255/633/2 124/502/2
f 256/634/2 124/502/2 257/635/2
f 139/517/2 244/622/2 243/621/2
f 139/517/2 243/621/2 242/620/2
f 249/627/2 129/507/2 250/628/2
f 123/501/2 258/636/2 257/635/2
f 249/627/2 130/508/2 129/507/2
f 123/501/2 257/635/2 124/502/2
f 139/517/2 242/620/2 140/518/2
f 265/643/2 113/491/2 266/644/2
f 271/649/2 270/648/2 109/487/2
f 100/478/2 282/660/2 281/659/2
f 99/477/2 282/660/2 100/478/2
f 113/491/2 112/490/2 266/644/2
f 109/487/2 108/486/2 271/649/2
f 278/656/2 277/655/2 103/481/2
f 283/661/2 99/477/2 98/476/2
f 277/655/2 104/482/2 103/481/2
f 99/477/2 283/661/2 282/660/2
f 265/643/2 114/492/2 113/491/2
f 103/481/2 102/480/2 278/656/2
f 190/568/2 188/566/2 191/569/2
f 182/560/2 181/559/2 196/574/2
f 204/582/2 176/554/2 175/553/2
f 176/554/2 204/582/2 177/555/2
f 196/574/2 195/573/2 182/560/2
f 191/569/2 187/565/2 192/570/2
f 187/565/2 191/569/2 188/566/2
f 192/570/2 187/565/2 186/564/2
f 205/583/2 204/582/2 175/553/2
f 182/560/2 195/573/2 183/561/2
f 168/546/2 209/587/2 208/586/2
f 162/540/2 218/596/2 217/595/2
f 168/546/2 208/586/2 169/547/2
f 230/608/2 150/528/2 231/609/2
f 229/607/2 150/528/2 230/608/2
f 157/535/2 222/600/2 158/536/2
f 162/540/2 161/539/2 218/596/2
f 158/536/2 222/600/2 159/537/2
f 149/527/2 148/526/2 231/609/2
f 149/527/2 231/609/2 150/528/2
f 207/585/2 170/548/2 169/547/2
f 169/547/2 208/586/2 207/585/2
f 232/610/2 231/609/2 148/526/2
f 186/564/2 185/563/2 193/571/2
f 192/570/2 186/564/2 193/571/2
f 193/571/2 185/563/2 194/572/2
f 183/561/2 195/573/2 184/562/2
f 205/583/2 174/552/2 173/551/2
f 184/562/2 195/573/2 194/572/2
f 175/553/2 174/552/2 205/583/2
f 185/563/2 184/562/2 194/572/2
f 171/549/2 206/584/2 172/550/2
f 207/585/2 206/584/2 171/549/2
f 172/550/2 206/584/2 173/551/2
f 173/551/2 206/584/2 205/583/2
f 170/548/2 207/585/2 171/549/2
f 232/610/2 148/526/2 147/525/2
f 159/537/2 222/600/2 221/599/2
f 147/525/2 233/611/2 232/610/2
f 234/612/2 233/611/2 146/524/2
f 220/598/2 161/539/2 160/538/2
f 219/597/2 161/539/2 220/598/2
f 221/599/2 220/598/2 160/538/2
f 147/525/2 146/524/2 233/611/2
f 160/538/2 159/537/2 221/599/2
f 235/613/2 234/612/2 146/524/2
f 161/539/2 219/597/2 218/596/2
f 237/615/2 236/614/2 144/522/2
f 144/522/2 236/614/2 235/613/2
f 258/636/2 122/500/2 259/637/2
f 137/515/2 245/623/2 244/622/2
f 139/517/2 138/516/2 244/622/2
f 249/627/2 248/626/2 130/508/2
f 137/515/2 244/622/2 138/516/2
f 247/625/2 131/509/2 248/626/2
f 122/500/2 121/499/2 259/637/2
f 121/499/2 120/498/2 259/637/2
f 130/508/2 248/626/2 131/509/2
f 114/492/2 265/643/2 264/642/2
f 114/492/2 264/642/2 115/493/2
f 284/662/2 98/476/2 97/475/2
f 108/486/2 107/485/2 272/650/2
f 272/650/2 271/649/2 108/486/2
f 277/655/2 276/654/2 104/482/2
f 264/642/2 263/641/2 115/493/2
f 263/641/2 116/494/2 115/493/2
f 260/638/2 259/637/2 120/498/2
f 105/483/2 104/482/2 276/654/2
f 285/663/2 97/475/2 96/474/2
f 283/661/2 98/476/2 284/662/2
f 145/523/2 144/522/2 235/613/2
f 145/523/2 235/613/2 146/524/2
f 135/513/2 245/623/2 136/514/2
f 136/514/2 245/623/2 137/515/2
f 131/509/2 247/625/2 132/510/2
f 246/624/2 135/513/2 134/512/2
f 135/513/2 246/624/2 245/623/2
f 246/624/2 134/512/2 133/511/2
f 246/624/2 133/511/2 247/625/2
f 132/510/2 247/625/2 133/511/2
f 119/497/2 260/638/2 120/498/2
f 117/495/2 116/494/2 263/641/2
f 263/641/2 262/640/2 117/495/2
f 118/496/2 262/640/2 119/497/2
f 107/485/2 273/651/2 272/650/2
f 119/497/2 261/639/2 260/638/2
f 276/654/2 275/653/2 105/483/2
f 118/496/2 117/495/2 262/640/2
f 106/484/2 275/653/2 274/652/2
f 273/651/2 106/484/2 274/652/2
f 107/485/2 106/484/2 273/651/2
f 106/484/2 105/483/2 275/653/2
f 119/497/2 262/640/2 261/639/2
f 97/475/2 285/663/2 284/662/2
f 123/501/2 122/500/2 258/636/2
f 89/467/2 291/669/2 90/468/2
f 291/669/2 89/467/2 292/670/2
f 292/670/2 89/467/2 88/466/2
f 303/681/2 76/454/2 304/682/2
f 90/468/2 291/669/2 290/668/2
f 293/671/2 292/670/2 88/466/2
f 90/468/2 290/668/2 91/469/2
f 302/680/2 78/456/2 77/455/2
f 77/455/2 76/454/2 303/681/2
f 302/680/2 77/455/2 303/681/2
f 304/682/2 76/454/2 75/453/2
f 317/695/2 63/441/2 318/696/2
f 63/441/2 317/695/2 64/442/2
f 62/440/2 318/696/2 63/441/2
f 330/708/2 49/427/2 331/709/2
f 49/427/2 332/710/2 331/709/2
f 317/695/2 316/694/2 64/442/2
f 304/682/2 75/453/2 305/683/2
f 330/708/2 50/428/2 49/427/2
f 62/440/2 319/697/2 318/696/2
f 50/428/2 330/708/2 329/707/2
f 64/442/2 316/694/2 65/443/2
f 294/672/2 293/671/2 88/466/2
f 302/680/2 79/457/2 78/456/2
f 294/672/2 88/466/2 87/465/2
f 74/452/2 305/683/2 75/453/2
f 306/684/2 305/683/2 74/452/2
f 306/684/2 74/452/2 307/685/2
f 290/668/2 289/667/2 91/469/2
f 91/469/2 289/667/2 92/470/2
f 295/673/2 294/672/2 87/465/2
f 302/680/2 301/679/2 79/457/2
f 295/673/2 87/465/2 296/674/2
f 301/679/2 80/458/2 79/457/2
f 315/693/2 65/443/2 316/694/2
f 319/697/2 62/440/2 320/698/2
f 61/439/2 320/698/2 62/440/2
f 50/428/2 328/706/2 51/429/2
f 50/428/2 329/707/2 328/706/2
f 61/439/2 321/699/2 320/698/2
f 73/451/2 308/686/2 307/685/2
f 73/451/2 307/685/2 74/452/2
f 315/693/2 314/692/2 65/443/2
f 321/699/2 61/439/2 322/700/2
f 327/705/2 51/429/2 328/706/2
f 327/705/2 52/430/2 51/429/2
f 332/710/2 49/427/2 48/426/2
f 38/416/2 37/415/2 343/721/2
f 38/416/2 343/721/2 342/720/2
f 343/721/2 37/415/2 36/414/2
f 36/414/2 344/722/2 343/721/2
f 48/426/2 334/712/2 333/711/2
f 48/426/2 333/711/2 332/710/2
f 38/416/2 342/720/2 39/417/2
f 344/722/2 36/414/2 35/413/2
f 352/730/2 28/406/2 353/731/2
f 352/730/2 29/407/2 28/406/2
f 27/405/2 353/731/2 28/406/2
f 27/405/2 26/404/2 354/732/2
f 27/405/2 354/732/2 353/731/2
f 15/393/2 14/392/2 365/743/2
f 15/393/2 365/743/2 364/742/2
f 365/743/2 14/392/2 366/744/2
f 15/393/2 364/742/2 16/394/2
f 26/404/2 356/734/2 355/733/2
f 26/404/2 355/733/2 354/732/2
f 16/394/2 364/742/2 363/741/2
f 13/391/2 366/744/2 14/392/2
f 367/745/2 13/391/2 12/390/2
f 13/391/2 367/745/2 366/744/2
f 344/722/2 35/413/2 345/723/2
f 39/417/2 342/720/2 341/719/2
f 352/730/2 351/729/2 29/407/2
f 25/403/2 356/734/2 26/404/2
f 25/403/2 357/735/2 356/734/2
f 47/425/2 46/424/2 335/713/2
f 47/425/2 335/713/2 334/712/2
f 341/719/2 40/418/2 39/417/2
f 351/729/2 350/728/2 29/407/2
f 34/412/2 345/723/2 35/413/2
f 358/736/2 357/735/2 25/403/2
f 47/425/2 334/712/2 48/426/2
f 17/395/2 16/394/2 363/741/2
f 17/395/2 363/741/2 362/740/2
f 11/389/2 369/747/2 12/390/2
f 11/389/2 370/748/2 369/747/2
f 12/390/2 369/747/2 368/746/2
f 23/401/2 358/736/2 24/402/2
f 24/402/2 358/736/2 25/403/2
f 18/396/2 17/395/2 362/740/2
f 1/379/2 378/756/2 2/380/2
f 361/739/2 18/396/2 362/740/2
f 12/390/2 368/746/2 367/745/2
f 296/674/2 87/465/2 86/464/2
f 308/686/2 72/450/2 71/449/2
f 85/463/2 297/675/2 296/674/2
f 73/451/2 72/450/2 308/686/2
f 301/679/2 300/678/2 80/458/2
f 287/665/2 93/471/2 288/666/2
f 93/471/2 92/470/2 288/666/2
f 85/463/2 296/674/2 86/464/2
f 80/458/2 300/678/2 299/677/2
f 289/667/2 288/666/2 92/470/2
f 65/443/2 314/692/2 66/444/2
f 60/438/2 59/437/2 322/700/2
f 309/687/2 71/449/2 70/448/2
f 314/692/2 67/445/2 66/444/2
f 323/701/2 322/700/2 59/437/2
f 53/431/2 325/703/2 54/432/2
f 58/436/2 323/701/2 59/437/2
f 53/431/2 326/704/2 325/703/2
f 52/430/2 326/704/2 53/431/2
f 71/449/2 309/687/2 308/686/2
f 61/439/2 60/438/2 322/700/2
f 309/687/2 70/448/2 310/688/2
f 85/463/2 84/462/2 297/675/2
f 84/462/2 83/461/2 297/675/2
f 81/459/2 80/458/2 299/677/2
f 81/459/2 299/677/2 298/676/2
f 286/664/2 95/473/2 94/472/2
f 95/473/2 286/664/2 285/663/2
f 93/471/2 286/664/2 94/472/2
f 298/676/2 83/461/2 82/460/2
f 298/676/2 82/460/2 81/459/2
f 298/676/2 297/675/2 83/461/2
f 286/664/2 93/471/2 287/665/2
f 310/688/2 69/447/2 311/689/2
f 314/692/2 313/691/2 67/445/2
f 313/691/2 68/446/2 67/445/2
f 57/435/2 324/702/2 323/701/2
f 55/433/2 325/703/2 324/702/2
f 325/703/2 55/433/2 54/432/2
f 323/701/2 58/436/2 57/435/2
f 68/446/2 311/689/2 69/447/2
f 311/689/2 68/446/2 312/690/2
f 313/691/2 312/690/2 68/446/2
f 56/434/2 324/702/2 57/435/2
f 56/434/2 55/433/2 324/702/2
f 70/448/2 69/447/2 310/688/2
f 95/473/2 285/663/2 96/474/2
f 52/430/2 327/705/2 326/704/2
f 46/424/2 45/423/2 336/714/2
f 336/714/2 45/423/2 337/715/2
f 345/723/2 34/412/2 346/724/2
f 41/419/2 40/418/2 340/718/2
f 340/718/2 40/418/2 341/719/2
f 33/411/2 346/724/2 34/412/2
f 23/401/2 22/400/2 359/737/2
f 350/728/2 349/727/2 30/408/2
f 30/408/2 29/407/2 350/728/2
f 358/736/2 23/401/2 359/737/2
f 370/748/2 10/388/2 371/749/2
f 2/380/2 377/755/2 3/381/2
f 10/388/2 9/387/2 371/749/2
f 2/380/2 378/756/2 377/755/2
f 361/739/2 360/738/2 19/397/2
f 19/397/2 18/396/2 361/739/2
f 360/738/2 20/398/2 19/397/2
f 371/749/2 9/387/2 372/750/2
f 377/755/2 4/382/2 3/381/2
f 4/382/2 377/755/2 376/754/2
f 360/738/2 359/737/2 21/399/2
f 359/737/2 22/400/2 21/399/2
f 46/424/2 336/714/2 335/713/2
f 44/422/2 43/421/2 337/715/2
f 44/422/2 337/715/2 45/423/2
f 41/419/2 340/718/2 339/717/2
f 346/724/2 33/411/2 347/725/2
f 339/717/2 42/420/2 41/419/2
f 338/716/2 43/421/2 42/420/2
f 43/421/2 338/716/2 337/715/2
f 339/717/2 338/716/2 42/420/2
f 32/410/2 347/725/2 33/411/2
f 347/725/2 32/410/2 348/726/2
f 32/410/2 31/409/2 348/726/2
f 349/727/2 348/726/2 31/409/2
f 20/398/2 360/738/2 21/399/2
f 372/750/2 8/386/2 373/751/2
f 5/383/2 4/382/2 376/754/2
f 375/753/2 5/383/2 376/754/2
f 373/751/2 8/386/2 7/385/2
f 6/384/2 375/753/2 374/752/2
f 375/753/2 6/384/2 5/383/2
f 6/384/2 374/752/2 7/385/2
f 374/752/2 373/751/2 7/385/2
f 349/727/2 31/409/2 30/408/2
f 372/750/2 9/387/2 8/386/2
f 370/748/2 11/389/2 10/388/2
f 757/1521/3 1/757/4 2/758/5
f 757/1521/3 2/758/5 380/1140/6
f 757/1521/3 380/1140/6 379/1139/7
f 757/1521/3 379/1139/7 1/757/4
f 758/1522/8 2/758/5 3/759/9
f 758/1522/8 3/759/9 381/1141/10
f 758/1522/8 381/1141/10 380/1140/6
f 758/1522/8 380/1140/6 2/758/5
f 759/1523/11 3/759/9 4/760/12
f 759/1523/11 4/760/12 382/1142/13
f 759/1523/11 382/1142/13 381/1141/10
f 759/1523/11 381/1141/10 3/759/9
f 760/1524/14 4/760/12 5/761/15
f 760/1524/14 5/761/15 383/1143/16
f 760/1524/14 383/1143/16 382/1142/13
f 760/1524/14 382/1142/13 4/760/12
f 761/1525/17 5/761/15 6/762/18
f 761/1525/17 6/762/18 384/1144/19
f 761/1525/17 384/1144/19 383/1143/16
f 761/1525/17 383/1143/16 5/761/15
f 762/1526/20 6/762/18 7/763/21
f 762/1526/20 7/763/21 385/1145/22
f 762/1526/20 385/1145/22 384/1144/19
f 762/1526/20 384/1144/19 6/762/18
f 763/1527/23 7/763/21 8/764/24
f 763/1527/23 8/764/24 386/1146/25
f 763/1527/23 386/1146/25 385/1145/22
f 763/1527/23 385/1145/22 7/763/21
f 764/1528/26 8/764/24 9/765/27
f 764/1528/26 9/765/27 387/1147/28
f 764/1528/26 387/1147/28 386/1146/25
f 764/1528/26 386/1146/25 8/764/24
f 765/1529/29 9/765/27 10/766/30
f 765/1529/29 10/766/30 388/1148/31
f 765/1529/29 388/1148/31 387/1147/28
f 765/1529/29 387/1147/28 9/765/27
f 766/1530/32 10/766/30 11/767/33
f 766/1530/32 11/767/33 389/1149/34
f 766/1530/32 389/1149/34 388/1148/31
f 766/1530/32 388/1148/31 10/766/30
f 767/1531/35 11/767/33 12/768/36
f 767/1531/35 12/768/36 390/1150/37
f 767/1531/35 390/1150/37 389/1149/34
f 767/1531/35 389/1149/34 11/767/33
f 768/1532/38 12/768/36 13/769/39
f 768/1532/38 13/769/39 391/1151/40
f 768/1532/38 391/1151/40 390/1150/37
f 768/1532/38 390/1150/37 12/768/36
f 769/1533/41 13/769/39 14/770/42
f 769/1533/41 14/770/42 392/1152/43
f 769/1533/41 392/1152/43 391/1151/40
f 769/1533/41 391/1151/40 13/769/39
f 770/1534/44 14/770/42 15/771/45
f 770/1534/44 15/771/45 393/1153/46
f 770/1534/44 393/1153/46 392/1152/43
f 770/1534/44 392/1152/43 14/770/42
f 771/1535/47 15/771/45 16/772/48
f 771/1535/47 16/772/48 394/1154/49
f 771/1535/47 394/1154/49 393/1153/46
f 771/1535/47 393/1153/46 15/771/45
f 772/1536/50 16/772/48 17/773/51
f 772/1536/50 17/773/51 395/1155/52
f 772/1536/50 395/1155/52 394/1154/49
f 772/1536/50 394/1154/49 16/772/48
f 773/1537/53 17/773/51 18/774/54
f 773/1537/53 18/774/54 396/1156/55
f 773/1537/53 396/1156/55 395/1155/52
f 773/1537/53 395/1155/52 17/773/51
f 774/1538/56 18/774/54 19/775/57
f 774/1538/56 19/775/57 397/1157/58
f 774/1538/56 397/1157/58 396/1156/55
f 774/1538/56 396/1156/55 18/774/54
f 775/1539/59 19/775/57 20/776/60
f 775/1539/59 20/776/60 398/1158/61
f 775/1539/59 398/1158/61 397/1157/58
f 775/1539/59 397/1157/58 19/775/57
f 776/1540/62 20/776/60 21/777/63
f 776/1540/62 21/777/63 399/1159/64
f 776/1540/62 399/1159/64 398/1158/61
f 776/1540/62 398/1158/61 20/776/60
f 777/1541/65 21/777/63 22/778/66
f 777/1541/65 22/778/66 400/1160/67
f 777/1541/65 400/1160/67 399/1159/64
f 777/1541/65 399/1159/64 21/777/63
f 778/1542/68 22/778/66 23/779/69
f 778/1542/68 23/779/69 401/1161/70
f 778/1542/68 401/1161/70 400/1160/67
f 778/1542/68 400/1160/67 22/778/66
f 779/1543/71 23/779/69 24/780/72
f 779/1543/71 24/780/72 402/1162/73
f 779/1543/71 402/1162/73 401/1161/70
f 779/1543/71 401/1161/70 23/779/69
f 780/1544/74 24/780/72 25/781/75
f 780/1544/74 25/781/75 403/1163/76
f 780/1544/74 403/1163/76 402/1162/73
f 780/1544/74 402/1162/73 24/780/72
f 781/1545/77 25/781/75 26/782/78
f 781/1545/77 26/782/78 404/1164/79
f 781/1545/77 404/1164/79 403/1163/76
f 781/1545/77 403/1163/76 25/781/75
f 782/1546/80 26/782/78 27/783/81
f 782/1546/80 27/783/81 405/1165/82
f 782/1546/80 405/1165/82 404/1164/79
f 782/1546/80 404/1164/79 26/782/78
f 783/1547/83 27/783/81 28/784/84
f 783/1547/83 28/784/84 406/1166/85
f 783/1547/83 406/1166/85 405/1165/82
f 783/1547/83 405/1165/82 27/783/81
f 784/1548/86 28/784/84 29/785/87
f 784/1548/86 29/785/87 407/1167/88
f 784/1548/86 407/1167/88 406/1166/85
f 784/1548/86 406/1166/85 28/784/84
f 785/1549/89 29/785/87 30/786/90
f 785/1549/89 30/786/90 408/1168/91
f 785/1549/89 408/1168/91 407/1167/88
f 785/1549/89 407/1167/88 29/785/87
f 786/1550/92 30/786/90 31/787/93
f 786/1550/92 31/787/93 409/1169/94
f 786/1550/92 409/1169/94 408/1168/91
f 786/1550/92 408/1168/91 30/786/90
f 787/1551/95 31/787/93 32/788/96
f 787/1551/95 32/788/96 410/1170/97
f 787/1551/95 410/1170/97 409/1169/94
f 787/1551/95 409/1169/94 31/787/93
f 788/1552/98 32/788/96 33/789/99
f 788/1552/98 33/789/99 411/1171/100
f 788/1552/98 411/1171/100 410/1170/97
f 788/1552/98 410/1170/97 32/788/96
f 789/1553/101 33/789/99 34/790/102
f 789/1553/101 34/790/102 412/1172/103
f 789/1553/101 412/1172/103 411/1171/100
f 789/1553/101 411/1171/100 33/789/99
f 790/1554/104 34/790/102 35/791/105
f 790/1554/104 35/791/105 413/1173/106
f 790/1554/104 413/1173/106 412/1172/103
f 790/1554/104 412/1172/103 34/790/102
f 791/1555/107 35/791/105 36/792/108
f 791/1555/107 36/792/108 414/1174/109
f 791/1555/107 414/1174/109 413/1173/106
f 791/1555/107 413/1173/106 35/791/105
f 792/1556/110 36/792/108 37/793/111
f 792/1556/110 37/793/111 415/1175/112
f 792/1556/110 415/1175/112 414/1174/109
f 792/1556/110 414/1174/109 36/792/108
f 793/1557/113 37/793/111 38/794/114
f 793/1557/113 38/794/114 416/1176/115
f 793/1557/113 416/1176/115 415/1175/112
f 793/1557/113 415/1175/112 37/793/111
f 794/1558/116 38/794/114 39/795/117
f 794/1558/116 39/795/117 417/1177/118
f 794/1558/116 417/1177/118 416/1176/115
f 794/1558/116 416/1176/115 38/794/114
f 795/1559/119 39/795/117 40/796/120
f 795/1559/119 40/796/120 418/1178/121
f 795/1559/119 418/1178/121 417/1177/118
f 795/1559/119 417/1177/118 39/795/117
f 796/1560/122 40/796/120 41/797/123
f 796/1560/122 41/797/123 419/1179/124
f 796/1560/122 419/1179/124 418/1178/121
f 796/1560/122 418/1178/121 40/796/120
f 797/1561/125 41/797/123 42/798/126
f 797/1561/125 42/798/126 420/1180/127
f 797/1561/125 420/1180/127 419/1179/124
f 797/1561/125 419/1179/124 41/797/123
f 798/1562/128 42/798/126 43/799/129
f 798/1562/128 43/799/129 421/1181/130
f 798/1562/128 421/1181/130 420/1180/127
f 798/1562/128 420/1180/127 42/798/126
f 799/1563/131 43/799/129 44/800/132
f 799/1563/131 44/800/132 422/1182/133
f 799/1563/131 422/1182/133 421/1181/130
f 799/1563/131 421/1181/130 43/799/129
f 800/1564/134 44/800/132 45/801/135
f 800/1564/134 45/801/135 423/1183/136
f 800/1564/134 423/1183/136 422/1182/133
f 800/1564/134 422/1182/133 44/800/132
f 801/1565/137 45/801/135 46/802/138
f 801/1565/137 46/802/138 424/1184/139
f 801/1565/137 424/1184/139 423/1183/136
f 801/1565/137 423/1183/136 45/801/135
f 802/1566/140 46/802/138 47/803/141
f 802/1566/140 47/803/141 425/1185/142
f 802/1566/140 425/1185/142 424/1184/139
f 802/1566/140 424/1184/139 46/802/138
f 803/1567/143 47/803/141 48/804/144
f 803/1567/143 48/804/144 426/1186/145
f 803/1567/143 426/1186/145 425/1185/142
f 803/1567/143 425/1185/142 47/803/141
f 804/1568/146 48/804/144 49/805/147
f 804/1568/146 49/805/147 427/1187/148
f 804/1568/146 427/1187/148 426/1186/145
f 804/1568/146 426/1186/145 48/804/144
f 805/1569/149 49/805/147 50/806/150
f 805/1569/149 50/806/150 428/1188/151
f 805/1569/149 428/1188/151 427/1187/148
f 805/1569/149 427/1187/148 49/805/147
f 806/1570/152 50/806/150 51/807/153
f 806/1570/152 51/807/153 429/1189/154
f 806/1570/152 429/1189/154 428/1188/151
f 806/1570/152 428/1188/151 50/806/150
f 807/1571/155 51/807/153 52/808/156
f 807/1571/155 52/808/156 430/1190/157
f 807/1571/155 430/1190/157 429/1189/154
f 807/1571/155 429/1189/154 51/807/153
f 808/1572/158 52/808/156 53/809/159
f 808/1572/158 53/809/159 431/1191/160
f 808/1572/158 431/1191/160 430/1190/157
f 808/1572/158 430/1190/157 52/808/156
f 809/1573/161 53/809/159 54/810/162
f 809/1573/161 54/810/162 432/1192/163
f 809/1573/161 432/1192/163 431/1191/160
f 809/1573/161 431/1191/160 53/809/159
f 810/1574/164 54/810/162 55/811/165
f 810/1574/164 55/811/165 433/1193/166
f 810/1574/164 433/1193/166 432/1192/163
f 810/1574/164 432/1192/163 54/810/162
f 811/1575/167 55/811/165 56/812/168
f 811/1575/167 56/812/168 434/1194/169
f 811/1575/167 434/1194/169 433/1193/166
f 811/1575/167 433/1193/166 55/811/165
f 812/1576/170 56/812/168 57/813/171
f 812/1576/170 57/813/171 435/1195/172
f 812/1576/170 435/1195/172 434/1194/169
f 812/1576/170 434/1194/169 56/812/168
f 813/1577/173 57/813/171 58/814/174
f 813/1577/173 58/814/174 436/1196/175
f 813/1577/173 436/1196/175 435/1195/172
f 813/1577/173 435/1195/172 57/813/171
f 814/1578/176 58/814/174 59/815/177
f 814/1578/176 59/815/177 437/1197/178
f 814/1578/176 437/1197/178 436/1196/175
f 814/1578/176 436/1196/175 58/814/174
f 815/1579/179 59/815/177 60/816/180
f 815/1579/179 60/816/180 438/1198/181
f 815/1579/179 438/1198/181 437/1197/178
f 815/1579/179 437/1197/178 59/815/177
f 816/1580/182 60/816/180 61/817/183
f 816/1580/182 61/817/183 439/1199/184
f 816/1580/182 439/1199/184 438/1198/181
f 816/1580/182 438/1198/181 60/816/180
f 817/1581/185 61/817/183 62/818/186
f 817/1581/185 62/818/186 440/1200/187
f 817/1581/185 440/1200/187 439/1199/184
f 817/1581/185 439/1199/184 61/817/183
f 818/1582/188 62/818/186 63/819/189
f 818/1582/188 63/819/189 441/1201/190
f 818/1582/188 441/1201/190 440/1200/187
f 818/1582/188 440/1200/187 62/818/186
f 819/1583/191 63/819/189 64/820/192
f 819/1583/191 64/820/192 442/1202/193
f 819/1583/191 442/1202/193 441/1201/190
f 819/1583/191 441/1201/190 63/819/189
f 820/1584/194 64/820/192 65/821/195
f 820/1584/194 65/821/195 443/1203/196
f 820/1584/194 443/1203/196 442/1202/193
f 820/1584/194 442/1202/193 64/820/192
f 821/1585/197 65/821/195 66/822/198
f 821/1585/197 66/822/198 444/1204/199
f 821/1585/197 444/1204/199 443/1203/196
f 821/1585/197 443/1203/196 65/821/195
f 822/1586/200 66/822/198 67/823/201
f 822/1586/200 67/823/201 445/1205/202
f 822/1586/200 445/1205/202 444/1204/199
f 822/1586/200 444/1204/199 66/822/198
f 823/1587/203 67/823/201 68/824/204
f 823/1587/203 68/824/204 446/1206/205
f 823/1587/203 446/1206/205 445/1205/202
f 823/1587/203 445/1205/202 67/823/201
f 824/1588/206 68/824/204 69/825/207
f 824/1588/206 69/825/207 447/1207/208
f 824/1588/206 447/1207/208 446/1206/205
f 824/1588/206 446/1206/205 68/824/204
f 825/1589/209 69/825/207 70/826/210
f 825/1589/209 70/826/210 448/1208/211
f 825/1589/209 448/1208/211 447/1207/208
f 825/1589/209 447/1207/208 69/825/207
f 826/1590/212 70/826/210 71/827/213
f 826/1590/212 71/827/213 449/1209/214
f 826/1590/212 449/1209/214 448/1208/211
f 826/1590/212 448/1208/211 70/826/210
f 827/1591/215 71/827/213 72/828/216
f 827/1591/215 72/828/216 450/1210/217
f 827/1591/215 450/1210/217 449/1209/214
f 827/1591/215 449/1209/214 71/827/213
f 828/1592/218 72/828/216 73/829/219
f 828/1592/218 73/829/219 451/1211/220
f 828/1592/218 451/1211/220 450/1210/217
f 828/1592/218 450/1210/217 72/828/216
f 829/1593/221 73/829/219 74/830/222
f 829/1593/221 74/830/222 452/1212/223
f 829/1593/221 452/1212/223 451/1211/220
f 829/1593/221 451/1211/220 73/829/219
f 830/1594/224 74/830/222 75/831/225
f 830/1594/224 75/831/225 453/1213/226
f 830/1594/224 453/1213/226 452/1212/223
f 830/1594/224 452/1212/223 74/830/222
f 831/1595/227 75/831/225 76/832/228
f 831/1595/227 76/832/228 454/1214/229
f 831/1595/227 454/1214/229 453/1213/226
f 831/1595/227 453/1213/226 75/831/225
f 832/1596/230 76/832/228 77/833/231
f 832/1596/230 77/833/231 455/1215/232
f 832/1596/230 455/1215/232 454/1214/229
f 832/1596/230 454/1214/229 76/832/228
f 833/1597/233 77/833/231 78/834/234
f 833/1597/233 78/834/234 456/1216/235
f 833/1597/233 456/1216/235 455/1215/232
f 833/1597/233 455/1215/232 77/833/231
f 834/1598/236 78/834/234 79/835/237
f 834/1598/236 79/835/237 457/1217/238
f 834/1598/236 457/1217/238 456/1216/235
f 834/1598/236 456/1216/235 78/834/234
f 835/1599/239 79/835/237 80/836/240
f 835/1599/239 80/836/240 458/1218/241
f 835/1599/239 458/1218/241 457/1217/238
f 835/1599/239 457/1217/238 79/835/237
f 836/1600/242 80/836/240 81/837/243
f 836/1600/242 81/837/243 459/1219/244
f 836/1600/242 459/1219/244 458/1218/241
f 836/1600/242 458/1218/241 80/836/240
f 837/1601/245 81/837/243 82/838/246
f 837/1601/245 82/838/246 460/1220/247
f 837/1601/245 460/1220/247 459/1219/244
f 837/1601/245 459/1219/244 81/837/243
f 838/1602/248 82/838/246 83/839/249
f 838/1602/248 83/839/249 461/1221/250
f 838/1602/248 461/1221/250 460/1220/247
f 838/1602/248 460/1220/247 82/838/246
f 839/1603/251 83/839/249 84/840/252
f 839/1603/251 84/840/252 462/1222/253
f 839/1603/251 462/1222/253 461/1221/250
f 839/1603/251 461/1221/250 83/839/249
f 840/1604/254 84/840/252 85/841/255
f 840/1604/254 85/841/255 463/1223/256
f 840/1604/254 463/1223/256 462/1222/253
f 840/1604/254 462/1222/253 84/840/252
f 841/1605/257 85/841/255 86/842/258
f 841/1605/257 86/842/258 464/1224/259
f 841/1605/257 464/1224/259 463/1223/256
f 841/1605/257 463/1223/256 85/841/255
f 842/1606/260 86/842/258 87/843/261
f 842/1606/260 87/843/261 465/1225/262
f 842/1606/260 465/1225/262 464/1224/259
f 842/1606/260 464/1224/259 86/842/258
f 843/1607/263 87/843/261 88/844/264
f 843/1607/263 88/844/264 466/1226/265
f 843/1607/263 466/1226/265 465/1225/262
f 843/1607/263 465/1225/262 87/843/261
f 844/1608/266 88/844/264 89/845/267
f 844/1608/266 89/845/267 467/1227/268
f 844/1608/266 467/1227/268 466/1226/265
f 844/1608/266 466/1226/265 88/844/264
f 845/1609/269 89/845/267 90/846/270
f 845/1609/269 90/846/270 468/1228/271
f 845/1609/269 468/1228/271 467/1227/268
f 845/1609/269 467/1227/268 89/845/267
f 846/1610/272 90/846/270 91/847/273
f 846/1610/272 91/847/273 469/1229/274
f 846/1610/272 469/1229/274 468/1228/271
f 846/1610/272 468/1228/271 90/846/270
f 847/1611/275 91/847/273 92/848/276
f 847/1611/275 92/848/276 470/1230/277
f 847/1611/275 470/1230/277 469/1229/274
f 847/1611/275 469/1229/274 91/847/273
f 848/1612/278 92/848/276 93/849/279
f 848/1612/278 93/849/279 471/1231/280
f 848/1612/278 471/1231/280 470/1230/277
f 848/1612/278 470/1230/277 92/848/276
f 849/1613/281 93/849/279 94/850/282
f 849/1613/281 94/850/282 472/1232/283
f 849/1613/281 472/1232/283 471/1231/280
f 849/1613/281 471/1231/280 93/849/279
f 850/1614/284 94/850/282 95/851/285
f 850/1614/284 95/851/285 473/1233/286
f 850/1614/284 473/1233/286 472/1232/283
f 850/1614/284 472/1232/283 94/850/282
f 851/1615/287 95/851/285 96/852/288
f 851/1615/287 96/852/288 474/1234/289
f 851/1615/287 474/1234/289 473/1233/286
f 851/1615/287 473/1233/286 95/851/285
f 852/1616/290 96/852/288 97/853/291
f 852/1616/290 97/853/291 475/1235/292
f 852/1616/290 475/1235/292 474/1234/289
f 852/1616/290 474/1234/289 96/852/288
f 853/1617/293 97/853/291 98/854/294
f 853/1617/293 98/854/294 476/1236/295
f 853/1617/293 476/1236/295 475/1235/292
f 853/1617/293 475/1235/292 97/853/291
f 854/1618/296 98/854/294 99/855/297
f 854/1618/296 99/855/297 477/1237/298
f 854/1618/296 477/1237/298 476/1236/295
f 854/1618/296 476/1236/295 98/854/294
f 855/1619/299 99/855/297 100/856/300
f 855/1619/299 100/856/300 478/1238/301
f 855/1619/299 478/1238/301 477/1237/298
f 855/1619/299 477/1237/298 99/855/297
f 856/1620/302 100/856/300 101/857/303
f 856/1620/302 101/857/303 479/1239/304
f 856/1620/302 479/1239/304 478/1238/301
f 856/1620/302 478/1238/301 100/856/300
f 857/1621/305 101/857/303 102/858/306
f 857/1621/305 102/858/306 480/1240/307
f 857/1621/305 480/1240/307 479/1239/304
f 857/1621/305 479/1239/304 101/857/303
f 858/1622/308 102/858/306 103/859/309
f 858/1622/308 103/859/309 481/1241/310
f 858/1622/308 481/1241/310 480/1240/307
f 858/1622/308 480/1240/307 102/858/306
f 859/1623/311 103/859/309 104/860/312
f 859/1623/311 104/860/312 482/1242/313
f 859/1623/311 482/1242/313 481/1241/310
f 859/1623/311 481/1241/310 103/859/309
f 860/1624/314 104/860/312 105/861/315
f 860/1624/314 105/861/315 483/1243/316
f 860/1624/314 483/1243/316 482/1242/313
f 860/1624/314 482/1242/313 104/860/312
f 861/1625/317 105/861/315 106/862/318
f 861/1625/317 106/862/318 484/1244/319
f 861/1625/317 484/1244/319 483/1243/316
f 861/1625/317 483/1243/316 105/861/315
f 862/1626/320 106/862/318 107/863/321
f 862/1626/320 107/863/321 485/1245/322
f 862/1626/320 485/1245/322 484/1244/319
f 862/1626/320 484/1244/319 106/862/318
f 863/1627/323 107/863/321 108/864/324
f 863/1627/323 108/864/324 486/1246/325
f 863/1627/323 486/1246/325 485/1245/322
f 863/1627/323 485/1245/322 107/863/321
f 864/1628/326 108/864/324 109/865/327
f 864/1628/326 109/865/327 487/1247/328
f 864/1628/326 487/1247/328 486/1246/325
f 864/1628/326 486/1246/325 108/864/324
f 865/1629/329 109/865/327 110/866/330
f 865/1629/329 110/866/330 488/1248/331
f 865/1629/329 488/1248/331 487/1247/328
f 865/1629/329 487/1247/328 109/865/327
f 866/1630/332 110/866/330 111/867/333
f 866/1630/332 111/867/333 489/1249/334
f 866/1630/332 489/1249/334 488/1248/331
f 866/1630/332 488/1248/331 110/866/330
f 867/1631/335 111/867/333 112/868/336
f 867/1631/335 112/868/336 490/1250/337
f 867/1631/335 490/1250/337 489/1249/334
f 867/1631/335 489/1249/334 111/867/333
f 868/1632/338 112/868/336 113/869/339
f 868/1632/338 113/869/339 491/1251/340
f 868/1632/338 491/1251/340 490/1250/337
f 868/1632/338 490/1250/337 112/868/336
f 869/1633/341 113/869/339 114/870/342
f 869/1633/341 114/870/342 492/1252/343
f 869/1633/341 492/1252/343 491/1251/340
f 869/1633/341 491/1251/340 113/869/339
f 870/1634/344 114/870/342 115/871/345
f 870/1634/344 115/871/345 493/1253/346
f 870/1634/344 493/1253/346 492/1252/343
f 870/1634/344 492/1252/343 114/870/342
f 871/1635/347 115/871/345 116/872/348
f 871/1635/347 116/872/348 494/1254/349
f 871/1635/347 494/1254/349 493/1253/346
f 871/1635/347 493/1253/346 115/871/345
f 872/1636/350 116/872/348 117/873/351
f 872/1636/350 117/873/351 495/1255/352
f 872/1636/350 495/1255/352 494/1254/349
f 872/1636/350 494/1254/349 116/872/348
f 873/1637/353 117/873/351 118/874/354
f 873/1637/353 118/874/354 496/1256/355
f 873/1637/353 496/1256/355 495/1255/352
f 873/1637/353 495/1255/352 117/873/351
f 874/1638/356 118/874/354 119/875/357
f 874/1638/356 119/875/357 497/1257/358
f 874/1638/356 497/1257/358 496/1256/355
f 874/1638/356 496/1256/355 118/874/354
f 875/1639/359 119/875/357 120/876/360
f 875/1639/359 120/876/360 498/1258/361
f 875/1639/359 498/1258/361 497/1257/358
f 875/1639/359 497/1257/358 119/875/357
f 876/1640/362 120/876/360 121/877/363
f 876/1640/362 121/877/363 499/1259/364
f 876/1640/362 499/1259/364 498/1258/361
f 876/1640/362 498/1258/361 120/876/360
f 877/1641/365 121/877/363 122/878/366
f 877/1641/365 122/878/366 500/1260/367
f 877/1641/365 500/1260/367 499/1259/364
f 877/1641/365 499/1259/364 121/877/363
f 878/1642/368 122/878/366 123/879/369
f 878/1642/368 123/879/369 501/1261/370
f 878/1642/368 501/1261/370 500/1260/367
f 878/1642/368 500/1260/367 122/878/366
f 879/1643/371 123/879/369 124/880/372
f 879/1643/371 124/880/372 502/1262/373
f 879/1643/371 502/1262/373 501/1261/370
f 879/1643/371 501/1261/370 123/879/369
f 880/1644/374 124/880/372 125/881/375
f 880/1644/374 125/881/375 503/1263/376
f 880/1644/374 503/1263/376 502/1262/373
f 880/1644/374 502/1262/373 124/880/372
f 881/1645/377 125/882/375 126/883/378
f 881/1645/377 126/883/378 504/1265/379
f 881/1645/377 504/1265/379 503/1264/376
f 881/1645/377 503/1264/376 125/882/375
f 882/1646/380 126/883/378 127/884/381
f 882/1646/380 127/884/381 505/1266/382
f 882/1646/380 505/1266/382 504/1265/379
f 882/1646/380 504/1265/379 126/883/378
f 883/1647/383 127/884/381 128/885/384
f 883/1647/383 128/885/384 506/1267/385
f 883/1647/383 506/1267/385 505/1266/382
f 883/1647/383 505/1266/382 127/884/381
f 884/1648/386 128/885/384 129/886/387
f 884/1648/386 129/886/387 507/1268/388
f 884/1648/386 507/1268/388 506/1267/385
f 884/1648/386 506/1267/385 128/885/384
f 885/1649/389 129/886/387 130/887/390
f 885/1649/389 130/887/390 508/1269/391
f 885/1649/389 508/1269/391 507/1268/388
f 885/1649/389 507/1268/388 129/886/387
f 886/1650/392 130/887/390 131/888/393
f 886/1650/392 131/888/393 509/1270/394
f 886/1650/392 509/1270/394 508/1269/391
f 886/1650/392 508/1269/391 130/887/390
f 887/1651/395 131/888/393 132/889/396
f 887/1651/395 132/889/396 510/1271/397
f 887/1651/395 510/1271/397 509/1270/394
f 887/1651/395 509/1270/394 131/888/393
f 888/1652/398 132/889/396 133/890/399
f 888/1652/398 133/890/399 511/1272/400
f 888/1652/398 511/1272/400 510/1271/397
f 888/1652/398 510/1271/397 132/889/396
f 889/1653/401 133/890/399 134/891/402
f 889/1653/401 134/891/402 512/1273/403
f 889/1653/401 512/1273/403 511/1272/400
f 889/1653/401 511/1272/400 133/890/399
f 890/1654/404 134/891/402 135/892/405
f 890/1654/404 135/892/405 513/1274/406
f 890/1654/404 513/1274/406 512/1273/403
f 890/1654/404 512/1273/403 134/891/402
f 891/1655/407 135/892/405 136/893/408
f 891/1655/407 136/893/408 514/1275/409
f 891/1655/407 514/1275/409 513/1274/406
f 891/1655/407 513/1274/406 135/892/405
f 892/1656/410 136/893/408 137/894/411
f 892/1656/410 137/894/411 515/1276/412
f 892/1656/410 515/1276/412 514/1275/409
f 892/1656/410 514/1275/409 136/893/408
f 893/1657/413 137/894/411 138/895/414
f 893/1657/413 138/895/414 516/1277/415
f 893/1657/413 516/1277/415 515/1276/412
f 893/1657/413 515/1276/412 137/894/411
f 894/1658/416 138/895/414 139/896/417
f 894/1658/416 139/896/417 517/1278/418
f 894/1658/416 517/1278/418 516/1277/415
f 894/1658/416 516/1277/415 138/895/414
f 895/1659/419 139/896/417 140/897/420
f 895/1659/419 140/897/420 518/1279/421
f 895/1659/419 518/1279/421 517/1278/418
f 895/1659/419 517/1278/418 139/896/417
f 896/1660/422 140/897/420 141/898/423
f 896/1660/422 141/898/423 519/1280/424
f 896/1660/422 519/1280/424 518/1279/421
f 896/1660/422 518/1279/421 140/897/420
f 897/1661/425 141/898/423 142/899/426
f 897/1661/425 142/899/426 520/1281/427
f 897/1661/425 520/1281/427 519/1280/424
f 897/1661/425 519/1280/424 141/898/423
f 898/1662/428 142/899/426 143/900/429
f 898/1662/428 143/900/429 521/1282/430
f 898/1662/428 521/1282/430 520/1281/427
f 898/1662/428 520/1281/427 142/899/426
f 899/1663/431 143/900/429 144/901/432
f 899/1663/431 144/901/432 522/1283/433
f 899/1663/431 522/1283/433 521/1282/430
f 899/1663/431 521/1282/430 143/900/429
f 900/1664/434 144/901/432 145/902/435
f 900/1664/434 145/902/435 523/1284/436
f 900/1664/434 523/1284/436 522/1283/433
f 900/1664/434 522/1283/433 144/901/432
f 901/1665/437 145/902/435 146/903/438
f 901/1665/437 146/903/438 524/1285/439
f 901/1665/437 524/1285/439 523/1284/436
f 901/1665/437 523/1284/436 145/902/435
f 902/1666/440 146/903/438 147/904/441
f 902/1666/440 147/904/441 525/1286/442
f 902/1666/440 525/1286/442 524/1285/439
f 902/1666/440 524/1285/439 146/903/438
f 903/1667/443 147/904/441 148/905/444
f 903/1667/443 148/905/444 526/1287/445
f 903/1667/443 526/1287/445 525/1286/442
f 903/1667/443 525/1286/442 147/904/441
f 904/1668/446 148/905/444 149/906/447
f 904/1668/446 149/906/447 527/1288/448
f 904/1668/446 527/1288/448 526/1287/445
f 904/1668/446 526/1287/445 148/905/444
f 905/1669/449 149/906/447 150/907/450
f 905/1669/449 150/907/450 528/1289/451
f 905/1669/449 528/1289/451 527/1288/448
f 905/1669/449 527/1288/448 149/906/447
f 906/1670/452 150/907/450 151/908/453
f 906/1670/452 151/908/453 529/1290/454
f 906/1670/452 529/1290/454 528/1289/451
f 906/1670/452 528/1289/451 150/907/450
f 907/1671/455 151/908/453 152/909/456
f 907/1671/455 152/909/456 530/1291/457
f 907/1671/455 530/1291/457 529/1290/454
f 907/1671/455 529/1290/454 151/908/453
f 908/1672/458 152/909/456 153/910/459
f 908/1672/458 153/910/459 531/1292/460
f 908/1672/458 531/1292/460 530/1291/457
f 908/1672/458 530/1291/457 152/909/456
f 909/1673/461 153/910/459 154/911/462
f 909/1673/461 154/911/462 532/1293/463
f 909/1673/461 532/1293/463 531/1292/460
f 909/1673/461 531/1292/460 153/910/459
f 910/1674/464 154/911/462 155/912/465
f 910/1674/464 155/912/465 533/1294/466
f 910/1674/464 533/1294/466 532/1293/463
f 910/1674/464 532/1293/463 154/911/462
f 911/1675/467 155/912/465 156/913/468
f 911/1675/467 156/913/468 534/1295/469
f 911/1675/467 534/1295/469 533/1294/466
f 911/1675/467 533/1294/466 155/912/465
f 912/1676/470 156/913/468 157/914/471
f 912/1676/470 157/914/471 535/1296/472
f 912/1676/470 535/1296/472 534/1295/469
f 912/1676/470 534/1295/469 156/913/468
f 913/1677/473 157/914/471 158/915/474
f 913/1677/473 158/915/474 536/1297/475
f 913/1677/473 536/1297/475 535/1296/472
f 913/1677/473 535/1296/472 157/914/471
f 914/1678/476 158/915/474 159/916/477
f 914/1678/476 159/916/477 537/1298/478
f 914/1678/476 537/1298/478 536/1297/475
f 914/1678/476 536/1297/475 158/915/474
f 915/1679/479 159/916/477 160/917/480
f 915/1679/479 160/917/480 538/1299/481
f 915/1679/479 538/1299/481 537/1298/478
f 915/1679/479 537/1298/478 159/916/477
f 916/1680/482 160/917/480 161/918/483
f 916/1680/482 161/918/483 539/1300/484
f 916/1680/482 539/1300/484 538/1299/481
f 916/1680/482 538/1299/481 160/917/480
f 917/1681/485 161/918/483 162/919/486
f 917/1681/485 162/919/486 540/1301/487
f 917/1681/485 540/1301/487 539/1300/484
f 917/1681/485 539/1300/484 161/918/483
f 918/1682/488 162/919/486 163/920/489
f 918/1682/488 163/920/489 541/1302/490
f 918/1682/488 541/1302/490 540/1301/487
f 918/1682/488 540/1301/487 162/919/486
f 919/1683/491 163/920/489 164/921/492
f 919/1683/491 164/921/492 542/1303/493
f 919/1683/491 542/1303/493 541/1302/490
f 919/1683/491 541/1302/490 163/920/489
f 920/1684/494 164/921/492 165/922/495
f 920/1684/494 165/922/495 543/1304/496
f 920/1684/494 543/1304/496 542/1303/493
f 920/1684/494 542/1303/493 164/921/492
f 921/1685/497 165/922/495 166/923/498
f 921/1685/497 166/923/498 544/1305/499
f 921/1685/497 544/1305/499 543/1304/496
f 921/1685/497 543/1304/496 165/922/495
f 922/1686/500 166/923/498 167/924/501
f 922/1686/500 167/924/501 545/1306/502
f 922/1686/500 545/1306/502 544/1305/499
f 922/1686/500 544/1305/499 166/923/498
f 923/1687/503 167/924/501 168/925/504
f 923/1687/503 168/925/504 546/1307/505
f 923/1687/503 546/1307/505 545/1306/502
f 923/1687/503 545/1306/502 167/924/501
f 924/1688/506 168/925/504 169/926/507
f 924/1688/506 169/926/507 547/1308/508
f 924/1688/506 547/1308/508 546/1307/505
f 924/1688/506 546/1307/505 168/925/504
f 925/1689/509 169/926/507 170/927/510
f 925/1689/509 170/927/510 548/1309/511
f 925/1689/509 548/1309/511 547/1308/508
f 925/1689/509 547/1308/508 169/926/507
f 926/1690/512 170/927/510 171/928/513
f 926/1690/512 171/928/513 549/1310/514
f 926/1690/512 549/1310/514 548/1309/511
f 926/1690/512 548/1309/511 170/927/510
f 927/1691/515 171/928/513 172/929/516
f 927/1691/515 172/929/516 550/1311/517
f 927/1691/515 550/1311/517 549/1310/514
f 927/1691/515 549/1310/514 171/928/513
f 928/1692/518 172/929/516 173/930/519
f 928/1692/518 173/930/519 551/1312/520
f 928/1692/518 551/1312/520 550/1311/517
f 928/1692/518 550/1311/517 172/929/516
f 929/1693/521 173/930/519 174/931/522
f 929/1693/521 174/931/522 552/1313/523
f 929/1693/521 552/1313/523 551/1312/520
f 929/1693/521 551/1312/520 173/930/519
f 930/1694/524 174/931/522 175/932/525
f 930/1694/524 175/932/525 553/1314/526
f 930/1694/524 553/1314/526 552/1313/523
f 930/1694/524 552/1313/523 174/931/522
f 931/1695/527 175/932/525 176/933/528
f 931/1695/527 176/933/528 554/1315/529
f 931/1695/527 554/1315/529 553/1314/526
f 931/1695/527 553/1314/526 175/932/525
f 932/1696/530 176/933/528 177/934/531
f 932/1696/530 177/934/531 555/1316/532
f 932/1696/530 555/1316/532 554/1315/529
f 932/1696/530 554/1315/529 176/933/528
f 933/1697/533 177/934/531 178/935/534
f 933/1697/533 178/935/534 556/1317/535
f 933/1697/533 556/1317/535 555/1316/532
f 933/1697/533 555/1316/532 177/934/531
f 934/1698/536 178/935/534 179/936/537
f 934/1698/536 179/936/537 557/1318/538
f 934/1698/536 557/1318/538 556/1317/535
f 934/1698/536 556/1317/535 178/935/534
f 935/1699/539 179/936/537 180/937/540
f 935/1699/539 180/937/540 558/1319/541
f 935/1699/539 558/1319/541 557/1318/538
f 935/1699/539 557/1318/538 179/936/537
f 936/1700/542 180/937/540 181/938/543
f 936/1700/542 181/938/543 559/1320/544
f 936/1700/542 559/1320/544 558/1319/541
f 936/1700/542 558/1319/541 180/937/540
f 937/1701/545 181/938/543 182/939/546
f 937/1701/545 182/939/546 560/1321/547
f 937/1701/545 560/1321/547 559/1320/544
f 937/1701/545 559/1320/544 181/938/543
f 938/1702/548 182/939/546 183/940/549
f 938/1702/548 183/940/549 561/1322/550
f 938/1702/548 561/1322/550 560/1321/547
f 938/1702/548 560/1321/547 182/939/546
f 939/1703/551 183/940/549 184/941/552
f 939/1703/551 184/941/552 562/1323/553
f 939/1703/551 562/1323/553 561/1322/550
f 939/1703/551 561/1322/550 183/940/549
f 940/1704/554 184/941/552 185/942/555
f 940/1704/554 185/942/555 563/1324/556
f 940/1704/554 563/1324/556 562/1323/553
f 940/1704/554 562/1323/553 184/941/552
f 941/1705/557 185/942/555 186/943/558
f 941/1705/557 186/943/558 564/1325/559
f 941/1705/557 564/1325/559 563/1324/556
f 941/1705/557 563/1324/556 185/942/555
f 942/1706/560 186/943/558 187/944/561
f 942/1706/560 187/944/561 565/1326/562
f 942/1706/560 565/1326/562 564/1325/559
f 942/1706/560 564/1325/559 186/943/558
f 943/1707/563 187/944/561 188/945/564
f 943/1707/563 188/945/564 566/1327/565
f 943/1707/563 566/1327/565 565/1326/562
f 943/1707/563 565/1326/562 187/944/561
f 944/1708/566 188/945/564 189/946/567
f 944/1708/566 189/946/567 567/1328/568
f 944/1708/566 567/1328/568 566/1327/565
f 944/1708/566 566/1327/565 188/945/564
f 945/1709/569 189/947/570 190/948/571
f 945/1709/569 190/948/571 568/1330/572
f 945/1709/569 568/1330/572 567/1329/573
f 945/1709/569 567/1329/573 189/947/570
f 946/1710/574 190/948/571 191/949/575
f 946/1710/574 191/949/575 569/1331/576
f 946/1710/574 569/1331/576 568/1330/572
f 946/1710/574 568/1330/572 190/948/571
f 947/1711/577 191/949/575 192/950/578
f 947/1711/577 192/950/578 570/1332/579
f 947/1711/577 570/1332/579 569/1331/576
f 947/1711/577 569/1331/576 191/949/575
f 948/1712/580 192/950/578 193/951/581
f 948/1712/580 193/951/581 571/1333/582
f 948/1712/580 571/1333/582 570/1332/579
f 948/1712/580 570/1332/579 192/950/578
f 949/1713/583 193/951/581 194/952/584
f 949/1713/583 194/952/584 572/1334/585
f 949/1713/583 572/1334/585 571/1333/582
f 949/1713/583 571/1333/582 193/951/581
f 950/1714/586 194/952/584 195/953/587
f 950/1714/586 195/953/587 573/1335/588
f 950/1714/586 573/1335/588 572/1334/585
f 950/1714/586 572/1334/585 194/952/584
f 951/1715/589 195/953/587 196/954/590
f 951/1715/589 196/954/590 574/1336/591
f 951/1715/589 574/1336/591 573/1335/588
f 951/1715/589 573/1335/588 195/953/587
f 952/1716/592 196/954/590 197/955/593
f 952/1716/592 197/955/593 575/1337/594
f 952/1716/592 575/1337/594 574/1336/591
f 952/1716/592 574/1336/591 196/954/590
f 953/1717/595 197/955/593 198/956/596
f 953/1717/595 198/956/596 576/1338/597
f 953/1717/595 576/1338/597 575/1337/594
f 953/1717/595 575/1337/594 197/955/593
f 954/1718/598 198/956/596 199/957/599
f 954/1718/598 199/957/599 577/1339/600
f 954/1718/598 577/1339/600 576/1338/597
f 954/1718/598 576/1338/597 198/956/596
f 955/1719/601 199/957/599 200/958/602
f 955/1719/601 200/958/602 578/1340/603
f 955/1719/601 578/1340/603 577/1339/600
f 955/1719/601 577/1339/600 199/957/599
f 956/1720/604 200/958/602 201/959/605
f 956/1720/604 201/959/605 579/1341/606
f 956/1720/604 579/1341/606 578/1340/603
f 956/1720/604 578/1340/603 200/958/602
f 957/1721/607 201/959/605 202/960/608
f 957/1721/607 202/960/608 580/1342/609
f 957/1721/607 580/1342/609 579/1341/606
f 957/1721/607 579/1341/606 201/959/605
f 958/1722/610 202/960/608 203/961/611
f 958/1722/610 203/961/611 581/1343/612
f 958/1722/610 581/1343/612 580/1342/609
f 958/1722/610 580/1342/609 202/960/608
f 959/1723/613 203/961/611 204/962/614
f 959/1723/613 204/962/614 582/1344/615
f 959/1723/613 582/1344/615 581/1343/612
f 959/1723/613 581/1343/612 203/961/611
f 960/1724/616 204/962/614 205/963/617
f 960/1724/616 205/963/617 583/1345/618
f 960/1724/616 583/1345/618 582/1344/615
f 960/1724/616 582/1344/615 204/962/614
f 961/1725/619 205/963/617 206/964/620
f 961/1725/619 206/964/620 584/1346/621
f 961/1725/619 584/1346/621 583/1345/618
f 961/1725/619 583/1345/618 205/963/617
f 962/1726/622 206/964/620 207/965/623
f 962/1726/622 207/965/623 585/1347/624
f 962/1726/622 585/1347/624 584/1346/621
f 962/1726/622 584/1346/621 206/964/620
f 963/1727/625 207/965/623 208/966/626
f 963/1727/625 208/966/626 586/1348/627
f 963/1727/625 586/1348/627 585/1347/624
f 963/1727/625 585/1347/624 207/965/623
f 964/1728/628 208/966/626 209/967/629
f 964/1728/628 209/967/629 587/1349/630
f 964/1728/628 587/1349/630 586/1348/627
f 964/1728/628 586/1348/627 208/966/626
f 965/1729/631 209/967/629 210/968/632
f 965/1729/631 210/968/632 588/1350/633
f 965/1729/631 588/1350/633 587/1349/630
f 965/1729/631 587/1349/630 209/967/629
f 966/1730/634 210/968/632 211/969/635
f 966/1730/634 211/969/635 589/1351/636
f 966/1730/634 589/1351/636 588/1350/633
f 966/1730/634 588/1350/633 210/968/632
f 967/1731/637 211/969/635 212/970/638
f 967/1731/637 212/970/638 590/1352/639
f 967/1731/637 590/1352/639 589/1351/636
f 967/1731/637 589/1351/636 211/969/635
f 968/1732/640 212/970/638 213/971/641
f 968/1732/640 213/971/641 591/1353/642
f 968/1732/640 591/1353/642 590/1352/639
f 968/1732/640 590/1352/639 212/970/638
f 969/1733/643 213/971/641 214/972/644
f 969/1733/643 214/972/644 592/1354/645
f 969/1733/643 592/1354/645 591/1353/642
f 969/1733/643 591/1353/642 213/971/641
f 970/1734/646 214/972/644 215/973/647
f 970/1734/646 215/973/647 593/1355/648
f 970/1734/646 593/1355/648 592/1354/645
f 970/1734/646 592/1354/645 214/972/644
f 971/1735/649 215/973/647 216/974/650
f 971/1735/649 216/974/650 594/1356/651
f 971/1735/649 594/1356/651 593/1355/648
f 971/1735/649 593/1355/648 215/973/647
f 972/1736/652 216/974/650 217/975/653
f 972/1736/652 217/975/653 595/1357/654
f 972/1736/652 595/1357/654 594/1356/651
f 972/1736/652 594/1356/651 216/974/650
f 973/1737/655 217/975/653 218/976/656
f 973/1737/655 218/976/656 596/1358/657
f 973/1737/655 596/1358/657 595/1357/654
f 973/1737/655 595/1357/654 217/975/653
f 974/1738/658 218/976/656 219/977/659
f 974/1738/658 219/977/659 597/1359/660
f 974/1738/658 597/1359/660 596/1358/657
f 974/1738/658 596/1358/657 218/976/656
f 975/1739/661 219/977/659 220/978/662
f 975/1739/661 220/978/662 598/1360/663
f 975/1739/661 598/1360/663 597/1359/660
f 975/1739/661 597/1359/660 219/977/659
f 976/1740/664 220/978/662 221/979/665
f 976/1740/664 221/979/665 599/1361/666
f 976/1740/664 599/1361/666 598/1360/663
f 976/1740/664 598/1360/663 220/978/662
f 977/1741/667 221/979/665 222/980/668
f 977/1741/667 222/980/668 600/1362/669
f 977/1741/667 600/1362/669 599/1361/666
f 977/1741/667 599/1361/666 221/979/665
f 978/1742/670 222/980/668 223/981/671
f 978/1742/670 223/981/671 601/1363/672
f 978/1742/670 601/1363/672 600/1362/669
f 978/1742/670 600/1362/669 222/980/668
f 979/1743/673 223/981/671 224/982/674
f 979/1743/673 224/982/674 602/1364/675
f 979/1743/673 602/1364/675 601/1363/672
f 979/1743/673 601/1363/672 223/981/671
f 980/1744/676 224/982/674 225/983/677
f 980/1744/676 225/983/677 603/1365/678
f 980/1744/676 603/1365/678 602/1364/675
f 980/1744/676 602/1364/675 224/982/674
f 981/1745/679 225/983/677 226/984/680
f 981/1745/679 226/984/680 604/1366/681
f 981/1745/679 604/1366/681 603/1365/678
f 981/1745/679 603/1365/678 225/983/677
f 982/1746/682 226/984/680 227/985/683
f 982/1746/682 227/985/683 605/1367/684
f 982/1746/682 605/1367/684 604/1366/681
f 982/1746/682 604/1366/681 226/984/680
f 983/1747/685 227/985/683 228/986/686
f 983/1747/685 228/986/686 606/1368/687
f 983/1747/685 606/1368/687 605/1367/684
f 983/1747/685 605/1367/684 227/985/683
f 984/1748/688 228/986/686 229/987/689
f 984/1748/688 229/987/689 607/1369/690
f 984/1748/688 607/1369/690 606/1368/687
f 984/1748/688 606/1368/687 228/986/686
f 985/1749/691 229/987/689 230/988/692
f 985/1749/691 230/988/692 608/1370/693
f 985/1749/691 608/1370/693 607/1369/690
f 985/1749/691 607/1369/690 229/987/689
f 986/1750/694 230/988/692 231/989/695
f 986/1750/694 231/989/695 609/1371/696
f 986/1750/694 609/1371/696 608/1370/693
f 986/1750/694 608/1370/693 230/988/692
f 987/1751/697 231/989/695 232/990/698
f 987/1751/697 232/990/698 610/1372/699
f 987/1751/697 610/1372/699 609/1371/696
f 987/1751/697 609/1371/696 231/989/695
f 988/1752/700 232/990/698 233/991/701
f 988/1752/700 233/991/701 611/1373/702
f 988/1752/700 611/1373/702 610/1372/699
f 988/1752/700 610/1372/699 232/990/698
f 989/1753/703 233/991/701 234/992/704
f 989/1753/703 234/992/704 612/1374/705
f 989/1753/703 612/1374/705 611/1373/702
f 989/1753/703 611/1373/702 233/991/701
f 990/1754/706 234/992/704 235/993/707
f 990/1754/706 235/993/707 613/1375/708
f 990/1754/706 613/1375/708 612/1374/705
f 990/1754/706 612/1374/705 234/992/704
f 991/1755/709 235/993/707 236/994/710
f 991/1755/709 236/994/710 614/1376/711
f 991/1755/709 614/1376/711 613/1375/708
f 991/1755/709 613/1375/708 235/993/707
f 992/1756/712 236/994/710 237/995/713
f 992/1756/712 237/995/713 615/1377/714
f 992/1756/712 615/1377/714 614/1376/711
f 992/1756/712 614/1376/711 236/994/710
f 993/1757/715 237/995/713 238/996/716
f 993/1757/715 238/996/716 616/1378/717
f 993/1757/715 616/1378/717 615/1377/714
f 993/1757/715 615/1377/714 237/995/713
f 994/1758/718 238/996/716 239/997/719
f 994/1758/718 239/997/719 617/1379/720
f 994/1758/718 617/1379/720 616/1378/717
f 994/1758/718 616/1378/717 238/996/716
f 995/1759/721 239/997/719 240/998/722
f 995/1759/721 240/998/722 618/1380/723
f 995/1759/721 618/1380/723 617/1379/720
f 995/1759/721 617/1379/720 239/997/719
f 996/1760/724 240/998/722 241/999/725
f 996/1760/724 241/999/725 619/1381/726
f 996/1760/724 619/1381/726 618/1380/723
f 996/1760/724 618/1380/723 240/998/722
f 997/1761/727 241/999/725 242/1000/728
f 997/1761/727 242/1000/728 620/1382/729
f 997/1761/727 620/1382/729 619/1381/726
f 997/1761/727 619/1381/726 241/999/725
f 998/1762/730 242/1000/728 243/1001/731
f 998/1762/730 243/1001/731 621/1383/732
f 998/1762/730 621/1383/732 620/1382/729
f 998/1762/730 620/1382/729 242/1000/728
f 999/1763/733 243/1001/731 244/1002/734
f 999/1763/733 244/1002/734 622/1384/735
f 999/1763/733 622/1384/735 621/1383/732
f 999/1763/733 621/1383/732 243/1001/731
f 1000/1764/736 244/1002/734 245/1003/737
f 1000/1764/736 245/1003/737 623/1385/738
f 1000/1764/736 623/1385/738 622/1384/735
f 1000/1764/736 622/1384/735 244/1002/734
f 1001/1765/739 245/1003/737 246/1004/740
f 1001/1765/739 246/1004/740 624/1386/741
f 1001/1765/739 624/1386/741 623/1385/738
f 1001/1765/739 623/1385/738 245/1003/737
f 1002/1766/742 246/1004/740 247/1005/743
f 1002/1766/742 247/1005/743 625/1387/744
f 1002/1766/742 625/1387/744 624/1386/741
f 1002/1766/742 624/1386/741 246/1004/740
f 1003/1767/745 247/1005/743 248/1006/746
f 1003/1767/745 248/1006/746 626/1388/747
f 1003/1767/745 626/1388/747 625/1387/744
f 1003/1767/745 625/1387/744 247/1005/743
f 1004/1768/748 248/1006/746 249/1007/749
f 1004/1768/748 249/1007/749 627/1389/750
f 1004/1768/748 627/1389/750 626/1388/747
f 1004/1768/748 626/1388/747 248/1006/746
f 1005/1769/751 249/1007/749 250/1008/752
f 1005/1769/751 250/1008/752 628/1390/753
f 1005/1769/751 628/1390/753 627/1389/750
f 1005/1769/751 627/1389/750 249/1007/749
f 1006/1770/754 250/1008/752 251/1009/755
f 1006/1770/754 251/1009/755 629/1391/756
f 1006/1770/754 629/1391/756 628/1390/753
f 1006/1770/754 628/1390/753 250/1008/752
f 1007/1771/757 251/1009/755 252/1010/758
f 1007/1771/757 252/1010/758 630/1392/759
f 1007/1771/757 630/1392/759 629/1391/756
f 1007/1771/757 629/1391/756 251/1009/755
f 1008/1772/760 252/1010/758 253/1011/761
f 1008/1772/760 253/1011/761 631/1393/762
f 1008/1772/760 631/1393/762 630/1392/759
f 1008/1772/760 630/1392/759 252/1010/758
f 1009/1773/763 253/1011/761 254/1012/764
f 1009/1773/763 254/1012/764 632/1394/765
f 1009/1773/763 632/1394/765 631/1393/762
f 1009/1773/763 631/1393/762 253/1011/761
f 1010/1774/766 254/1012/764 255/1013/767
f 1010/1774/766 255/1013/767 633/1395/768
f 1010/1774/766 633/1395/768 632/1394/765
f 1010/1774/766 632/1394/765 254/1012/764
f 1011/1775/769 255/1013/767 256/1014/770
f 1011/1775/769 256/1014/770 634/1396/771
f 1011/1775/769 634/1396/771 633/1395/768
f 1011/1775/769 633/1395/768 255/1013/767
f 1012/1776/772 256/1014/770 257/1015/773
f 1012/1776/772 257/1015/773 635/1397/774
f 1012/1776/772 635/1397/774 634/1396/771
f 1012/1776/772 634/1396/771 256/1014/770
f 1013/1777/775 257/1015/773 258/1016/776
f 1013/1777/775 258/1016/776 636/1398/777
f 1013/1777/775 636/1398/777 635/1397/774
f 1013/1777/775 635/1397/774 257/1015/773
f 1014/1778/778 258/1016/776 259/1017/779
f 1014/1778/778 259/1017/779 637/1399/780
f 1014/1778/778 637/1399/780 636/1398/777
f 1014/1778/778 636/1398/777 258/1016/776
f 1015/1779/781 259/1017/779 260/1018/782
f 1015/1779/781 260/1018/782 638/1400/783
f 1015/1779/781 638/1400/783 637/1399/780
f 1015/1779/781 637/1399/780 259/1017/779
f 1016/1780/784 260/1018/782 261/1019/785
f 1016/1780/784 261/1019/785 639/1401/786
f 1016/1780/784 639/1401/786 638/1400/783
f 1016/1780/784 638/1400/783 260/1018/782
f 1017/1781/787 261/1019/785 262/1020/788
f 1017/1781/787 262/1020/788 640/1402/789
f 1017/1781/787 640/1402/789 639/1401/786
f 1017/1781/787 639/1401/786 261/1019/785
f 1018/1782/790 262/1020/788 263/1021/791
f 1018/1782/790 263/1021/791 641/1403/792
f 1018/1782/790 641/1403/792 640/1402/789
f 1018/1782/790 640/1402/789 262/1020/788
f 1019/1783/793 263/1021/791 264/1022/794
f 1019/1783/793 264/1022/794 642/1404/795
f 1019/1783/793 642/1404/795 641/1403/792
f 1019/1783/793 641/1403/792 263/1021/791
f 1020/1784/796 264/1022/794 265/1023/797
f 1020/1784/796 265/1023/797 643/1405/798
f 1020/1784/796 643/1405/798 642/1404/795
f 1020/1784/796 642/1404/795 264/1022/794
f 1021/1785/799 265/1023/797 266/1024/800
f 1021/1785/799 266/1024/800 644/1406/801
f 1021/1785/799 644/1406/801 643/1405/798
f 1021/1785/799 643/1405/798 265/1023/797
f 1022/1786/802 266/1024/800 267/1025/803
f 1022/1786/802 267/1025/803 645/1407/804
f 1022/1786/802 645/1407/804 644/1406/801
f 1022/1786/802 644/1406/801 266/1024/800
f 1023/1787/805 267/1025/803 268/1026/806
f 1023/1787/805 268/1026/806 646/1408/807
f 1023/1787/805 646/1408/807 645/1407/804
f 1023/1787/805 645/1407/804 267/1025/803
f 1024/1788/808 268/1026/806 269/1027/809
f 1024/1788/808 269/1027/809 647/1409/810
f 1024/1788/808 647/1409/810 646/1408/807
f 1024/1788/808 646/1408/807 268/1026/806
f 1025/1789/811 269/1027/809 270/1028/812
f 1025/1789/811 270/1028/812 648/1410/813
f 1025/1789/811 648/1410/813 647/1409/810
f 1025/1789/811 647/1409/810 269/1027/809
f 1026/1790/814 270/1028/812 271/1029/815
f 1026/1790/814 271/1029/815 649/1411/816
f 1026/1790/814 649/1411/816 648/1410/813
f 1026/1790/814 648/1410/813 270/1028/812
f 1027/1791/817 271/1029/815 272/1030/818
f 1027/1791/817 272/1030/818 650/1412/819
f 1027/1791/817 650/1412/819 649/1411/816
f 1027/1791/817 649/1411/816 271/1029/815
f 1028/1792/820 272/1030/818 273/1031/821
f 1028/1792/820 273/1031/821 651/1413/822
f 1028/1792/820 651/1413/822 650/1412/819
f 1028/1792/820 650/1412/819 272/1030/818
f 1029/1793/823 273/1031/821 274/1032/824
f 1029/1793/823 274/1032/824 652/1414/825
f 1029/1793/823 652/1414/825 651/1413/822
f 1029/1793/823 651/1413/822 273/1031/821
f 1030/1794/826 274/1032/824 275/1033/827
f 1030/1794/826 275/1033/827 653/1415/828
f 1030/1794/826 653/1415/828 652/1414/825
f 1030/1794/826 652/1414/825 274/1032/824
f 1031/1795/829 275/1033/827 276/1034/830
f 1031/1795/829 276/1034/830 654/1416/831
f 1031/1795/829 654/1416/831 653/1415/828
f 1031/1795/829 653/1415/828 275/1033/827
f 1032/1796/832 276/1034/830 277/1035/833
f 1032/1796/832 277/1035/833 655/1417/834
f 1032/1796/832 655/1417/834 654/1416/831
f 1032/1796/832 654/1416/831 276/1034/830
f 1033/1797/835 277/1035/833 278/1036/836
f 1033/1797/835 278/1036/836 656/1418/837
f 1033/1797/835 656/1418/837 655/1417/834
f 1033/1797/835 655/1417/834 277/1035/833
f 1034/1798/838 278/1036/836 279/1037/839
f 1034/1798/838 279/1037/839 657/1419/840
f 1034/1798/838 657/1419/840 656/1418/837
f 1034/1798/838 656/1418/837 278/1036/836
f 1035/1799/841 279/1037/839 280/1038/842
f 1035/1799/841 280/1038/842 658/1420/843
f 1035/1799/841 658/1420/843 657/1419/840
f 1035/1799/841 657/1419/840 279/1037/839
f 1036/1800/844 280/1038/842 281/1039/845
f 1036/1800/844 281/1039/845 659/1421/846
f 1036/1800/844 659/1421/846 658/1420/843
f 1036/1800/844 658/1420/843 280/1038/842
f 1037/1801/847 281/1039/845 282/1040/848
f 1037/1801/847 282/1040/848 660/1422/849
f 1037/1801/847 660/1422/849 659/1421/846
f 1037/1801/847 659/1421/846 281/1039/845
f 1038/1802/850 282/1040/848 283/1041/851
f 1038/1802/850 283/1041/851 661/1423/852
f 1038/1802/850 661/1423/852 660/1422/849
f 1038/1802/850 660/1422/849 282/1040/848
f 1039/1803/853 283/1041/851 284/1042/854
f 1039/1803/853 284/1042/854 662/1424/855
f 1039/1803/853 662/1424/855 661/1423/852
f 1039/1803/853 661/1423/852 283/1041/851
f 1040/1804/856 284/1042/854 285/1043/857
f 1040/1804/856 285/1043/857 663/1425/858
f 1040/1804/856 663/1425/858 662/1424/855
f 1040/1804/856 662/1424/855 284/1042/854
f 1041/1805/859 285/1043/857 286/1044/860
f 1041/1805/859 286/1044/860 664/1426/861
f 1041/1805/859 664/1426/861 663/1425/858
f 1041/1805/859 663/1425/858 285/1043/857
f 1042/1806/862 286/1044/860 287/1045/863
f 1042/1806/862 287/1045/863 665/1427/864
f 1042/1806/862 665/1427/864 664/1426/861
f 1042/1806/862 664/1426/861 286/1044/860
f 1043/1807/865 287/1045/863 288/1046/866
f 1043/1807/865 288/1046/866 666/1428/867
f 1043/1807/865 666/1428/867 665/1427/864
f 1043/1807/865 665/1427/864 287/1045/863
f 1044/1808/868 288/1046/866 289/1047/869
f 1044/1808/868 289/1047/869 667/1429/870
f 1044/1808/868 667/1429/870 666/1428/867
f 1044/1808/868 666/1428/867 288/1046/866
f 1045/1809/871 289/1047/869 290/1048/872
f 1045/1809/871 290/1048/872 668/1430/873
f 1045/1809/871 668/1430/873 667/1429/870
f 1045/1809/871 667/1429/870 289/1047/869
f 1046/1810/874 290/1048/872 291/1049/875
f 1046/1810/874 291/1049/875 669/1431/876
f 1046/1810/874 669/1431/876 668/1430/873
f 1046/1810/874 668/1430/873 290/1048/872
f 1047/1811/877 291/1049/875 292/1050/878
f 1047/1811/877 292/1050/878 670/1432/879
f 1047/1811/877 670/1432/879 669/1431/876
f 1047/1811/877 669/1431/876 291/1049/875
f 1048/1812/880 292/1050/878 293/1051/881
f 1048/1812/880 293/1051/881 671/1433/882
f 1048/1812/880 671/1433/882 670/1432/879
f 1048/1812/880 670/1432/879 292/1050/878
f 1049/1813/883 293/1051/881 294/1052/884
f 1049/1813/883 294/1052/884 672/1434/885
f 1049/1813/883 672/1434/885 671/1433/882
f 1049/1813/883 671/1433/882 293/1051/881
f 1050/1814/886 294/1052/884 295/1053/887
f 1050/1814/886 295/1053/887 673/1435/888
f 1050/1814/886 673/1435/888 672/1434/885
f 1050/1814/886 672/1434/885 294/1052/884
f 1051/1815/889 295/1053/887 296/1054/890
f 1051/1815/889 296/1054/890 674/1436/891
f 1051/1815/889 674/1436/891 673/1435/888
f 1051/1815/889 673/1435/888 295/1053/887
f 1052/1816/892 296/1054/890 297/1055/893
f 1052/1816/892 297/1055/893 675/1437/894
f 1052/1816/892 675/1437/894 674/1436/891
f 1052/1816/892 674/1436/891 296/1054/890
f 1053/1817/895 297/1055/893 298/1056/896
f 1053/1817/895 298/1056/896 676/1438/897
f 1053/1817/895 676/1438/897 675/1437/894
f 1053/1817/895 675/1437/894 297/1055/893
f 1054/1818/898 298/1056/896 299/1057/899
f 1054/1818/898 299/1057/899 677/1439/900
f 1054/1818/898 677/1439/900 676/1438/897
f 1054/1818/898 676/1438/897 298/1056/896
f 1055/1819/901 299/1057/899 300/1058/902
f 1055/1819/901 300/1058/902 678/1440/903
f 1055/1819/901 678/1440/903 677/1439/900
f 1055/1819/901 677/1439/900 299/1057/899
f 1056/1820/904 300/1058/902 301/1059/905
f 1056/1820/904 301/1059/905 679/1441/906
f 1056/1820/904 679/1441/906 678/1440/903
f 1056/1820/904 678/1440/903 300/1058/902
f 1057/1821/907 301/1059/905 302/1060/908
f 1057/1821/907 302/1060/908 680/1442/909
f 1057/1821/907 680/1442/909 679/1441/906
f 1057/1821/907 679/1441/906 301/1059/905
f 1058/1822/910 302/1060/908 303/1061/911
f 1058/1822/910 303/1061/911 681/1443/912
f 1058/1822/910 681/1443/912 680/1442/909
f 1058/1822/910 680/1442/909 302/1060/908
f 1059/1823/913 303/1061/911 304/1062/914
f 1059/1823/913 304/1062/914 682/1444/915
f 1059/1823/913 682/1444/915 681/1443/912
f 1059/1823/913 681/1443/912 303/1061/911
f 1060/1824/916 304/1062/914 305/1063/917
f 1060/1824/916 305/1063/917 683/1445/918
f 1060/1824/916 683/1445/918 682/1444/915
f 1060/1824/916 682/1444/915 304/1062/914
f 1061/1825/919 305/1063/917 306/1064/920
f 1061/1825/919 306/1064/920 684/1446/921
f 1061/1825/919 684/1446/921 683/1445/918
f 1061/1825/919 683/1445/918 305/1063/917
f 1062/1826/922 306/1064/920 307/1065/923
f 1062/1826/922 307/1065/923 685/1447/924
f 1062/1826/922 685/1447/924 684/1446/921
f 1062/1826/922 684/1446/921 306/1064/920
f 1063/1827/925 307/1065/923 308/1066/926
f 1063/1827/925 308/1066/926 686/1448/927
f 1063/1827/925 686/1448/927 685/1447/924
f 1063/1827/925 685/1447/924 307/1065/923
f 1064/1828/928 308/1066/926 309/1067/929
f 1064/1828/928 309/1067/929 687/1449/930
f 1064/1828/928 687/1449/930 686/1448/927
f 1064/1828/928 686/1448/927 308/1066/926
f 1065/1829/931 309/1067/929 310/1068/932
f 1065/1829/931 310/1068/932 688/1450/933
f 1065/1829/931 688/1450/933 687/1449/930
f 1065/1829/931 687/1449/930 309/1067/929
f 1066/1830/934 310/1068/932 311/1069/935
f 1066/1830/934 311/1069/935 689/1451/936
f 1066/1830/934 689/1451/936 688/1450/933
f 1066/1830/934 688/1450/933 310/1068/932
f 1067/1831/937 311/1069/935 312/1070/938
f 1067/1831/937 312/1070/938 690/1452/939
f 1067/1831/937 690/1452/939 689/1451/936
f 1067/1831/937 689/1451/936 311/1069/935
f 1068/1832/940 312/1070/938 313/1071/941
f 1068/1832/940 313/1071/941 691/1453/942
f 1068/1832/940 691/1453/942 690/1452/939
f 1068/1832/940 690/1452/939 312/1070/938
f 1069/1833/943 313/1071/941 314/1072/944
f 1069/1833/943 314/1072/944 692/1454/945
f 1069/1833/943 692/1454/945 691/1453/942
f 1069/1833/943 691/1453/942 313/1071/941
f 1070/1834/946 314/1072/944 315/1073/947
f 1070/1834/946 315/1073/947 693/1455/948
f 1070/1834/946 693/1455/948 692/1454/945
f 1070/1834/946 692/1454/945 314/1072/944
f 1071/1835/949 315/1073/947 316/1074/950
f 1071/1835/949 316/1074/950 694/1456/951
f 1071/1835/949 694/1456/951 693/1455/948
f 1071/1835/949 693/1455/948 315/1073/947
f 1072/1836/952 316/1075/950 317/1076/953
f 1072/1836/952 317/1076/953 695/1458/954
f 1072/1836/952 695/1458/954 694/1457/951
f 1072/1836/952 694/1457/951 316/1075/950
f 1073/1837/955 317/1076/953 318/1077/956
f 1073/1837/955 318/1077/956 696/1459/957
f 1073/1837/955 696/1459/957 695/1458/954
f 1073/1837/955 695/1458/954 317/1076/953
f 1074/1838/958 318/1077/956 319/1078/959
f 1074/1838/958 319/1078/959 697/1460/960
f 1074/1838/958 697/1460/960 696/1459/957
f 1074/1838/958 696/1459/957 318/1077/956
f 1075/1839/961 319/1078/959 320/1079/962
f 1075/1839/961 320/1079/962 698/1461/963
f 1075/1839/961 698/1461/963 697/1460/960
f 1075/1839/961 697/1460/960 319/1078/959
f 1076/1840/964 320/1079/962 321/1080/965
f 1076/1840/964 321/1080/965 699/1462/966
f 1076/1840/964 699/1462/966 698/1461/963
f 1076/1840/964 698/1461/963 320/1079/962
f 1077/1841/967 321/1080/965 322/1081/968
f 1077/1841/967 322/1081/968 700/1463/969
f 1077/1841/967 700/1463/969 699/1462/966
f 1077/1841/967 699/1462/966 321/1080/965
f 1078/1842/970 322/1081/968 323/1082/971
f 1078/1842/970 323/1082/971 701/1464/972
f 1078/1842/970 701/1464/972 700/1463/969
f 1078/1842/970 700/1463/969 322/1081/968
f 1079/1843/973 323/1082/971 324/1083/974
f 1079/1843/973 324/1083/974 702/1465/975
f 1079/1843/973 702/1465/975 701/1464/972
f 1079/1843/973 701/1464/972 323/1082/971
f 1080/1844/976 324/1083/974 325/1084/977
f 1080/1844/976 325/1084/977 703/1466/978
f 1080/1844/976 703/1466/978 702/1465/975
f 1080/1844/976 702/1465/975 324/1083/974
f 1081/1845/979 325/1084/977 326/1085/980
f 1081/1845/979 326/1085/980 704/1467/981
f 1081/1845/979 704/1467/981 703/1466/978
f 1081/1845/979 703/1466/978 325/1084/977
f 1082/1846/982 326/1085/980 327/1086/983
f 1082/1846/982 327/1086/983 705/1468/984
f 1082/1846/982 705/1468/984 704/1467/981
f 1082/1846/982 704/1467/981 326/1085/980
f 1083/1847/985 327/1086/983 328/1087/986
f 1083/1847/985 328/1087/986 706/1469/987
f 1083/1847/985 706/1469/987 705/1468/984
f 1083/1847/985 705/1468/984 327/1086/983
f 1084/1848/988 328/1087/986 329/1088/989
f 1084/1848/988 329/1088/989 707/1470/990
f 1084/1848/988 707/1470/990 706/1469/987
f 1084/1848/988 706/1469/987 328/1087/986
f 1085/1849/991 329/1088/989 330/1089/992
f 1085/1849/991 330/1089/992 708/1471/993
f 1085/1849/991 708/1471/993 707/1470/990
f 1085/1849/991 707/1470/990 329/1088/989
f 1086/1850/994 330/1089/992 331/1090/995
f 1086/1850/994 331/1090/995 709/1472/996
f 1086/1850/994 709/1472/996 708/1471/993
f 1086/1850/994 708/1471/993 330/1089/992
f 1087/1851/997 331/1090/995 332/1091/998
f 1087/1851/997 332/1091/998 710/1473/999
f 1087/1851/997 710/1473/999 709/1472/996
f 1087/1851/997 709/1472/996 331/1090/995
f 1088/1852/1000 332/1091/998 333/1092/1001
f 1088/1852/1000 333/1092/1001 711/1474/1002
f 1088/1852/1000 711/1474/1002 710/1473/999
f 1088/1852/1000 710/1473/999 332/1091/998
f 1089/1853/1003 333/1092/1001 334/1093/1004
f 1089/1853/1003 334/1093/1004 712/1475/1005
f 1089/1853/1003 712/1475/1005 711/1474/1002
f 1089/1853/1003 711/1474/1002 333/1092/1001
f 1090/1854/1006 334/1093/1004 335/1094/1007
f 1090/1854/1006 335/1094/1007 713/1476/1008
f 1090/1854/1006 713/1476/1008 712/1475/1005
f 1090/1854/1006 712/1475/1005 334/1093/1004
f 1091/1855/1009 335/1094/1007 336/1095/1010
f 1091/1855/1009 336/1095/1010 714/1477/1011
f 1091/1855/1009 714/1477/1011 713/1476/1008
f 1091/1855/1009 713/1476/1008 335/1094/1007
f 1092/1856/1012 336/1095/1010 337/1096/1013
f 1092/1856/1012 337/1096/1013 715/1478/1014
f 1092/1856/1012 715/1478/1014 714/1477/1011
f 1092/1856/1012 714/1477/1011 336/1095/1010
f 1093/1857/1015 337/1096/1013 338/1097/1016
f 1093/1857/1015 338/1097/1016 716/1479/1017
f 1093/1857/1015 716/1479/1017 715/1478/1014
f 1093/1857/1015 715/1478/1014 337/1096/1013
f 1094/1858/1018 338/1097/1016 339/1098/1019
f 1094/1858/1018 339/1098/1019 717/1480/1020
f 1094/1858/1018 717/1480/1020 716/1479/1017
f 1094/1858/1018 716/1479/1017 338/1097/1016
f 1095/1859/1021 339/1098/1019 340/1099/1022
f 1095/1859/1021 340/1099/1022 718/1481/1023
f 1095/1859/1021 718/1481/1023 717/1480/1020
f 1095/1859/1021 717/1480/1020 339/1098/1019
f 1096/1860/1024 340/1099/1022 341/1100/1025
f 1096/1860/1024 341/1100/1025 719/1482/1026
f 1096/1860/1024 719/1482/1026 718/1481/1023
f 1096/1860/1024 718/1481/1023 340/1099/1022
f 1097/1861/1027 341/1100/1025 342/1101/1028
f 1097/1861/1027 342/1101/1028 720/1483/1029
f 1097/1861/1027 720/1483/1029 719/1482/1026
f 1097/1861/1027 719/1482/1026 341/1100/1025
f 1098/1862/1030 342/1101/1028 343/1102/1031
f 1098/1862/1030 343/1102/1031 721/1484/1032
f 1098/1862/1030 721/1484/1032 720/1483/1029
f 1098/1862/1030 720/1483/1029 342/1101/1028
f 1099/1863/1033 343/1102/1031 344/1103/1034
f 1099/1863/1033 344/1103/1034 722/1485/1035
f 1099/1863/1033 722/1485/1035 721/1484/1032
f 1099/1863/1033 721/1484/1032 343/1102/1031
f 1100/1864/1036 344/1103/1034 345/1104/1037
f 1100/1864/1036 345/1104/1037 723/1486/1038
f 1100/1864/1036 723/1486/1038 722/1485/1035
f 1100/1864/1036 722/1485/1035 344/1103/1034
f 1101/1865/1039 345/1104/1037 346/1105/1040
f 1101/1865/1039 346/1105/1040 724/1487/1041
f 1101/1865/1039 724/1487/1041 723/1486/1038
f 1101/1865/1039 723/1486/1038 345/1104/1037
f 1102/1866/1042 346/1105/1040 347/1106/1043
f 1102/1866/1042 347/1106/1043 725/1488/1044
f 1102/1866/1042 725/1488/1044 724/1487/1041
f 1102/1866/1042 724/1487/1041 346/1105/1040
f 1103/1867/1045 347/1106/1043 348/1107/1046
f 1103/1867/1045 348/1107/1046 726/1489/1047
f 1103/1867/1045 726/1489/1047 725/1488/1044
f 1103/1867/1045 725/1488/1044 347/1106/1043
f 1104/1868/1048 348/1107/1046 349/1108/1049
f 1104/1868/1048 349/1108/1049 727/1490/1050
f 1104/1868/1048 727/1490/1050 726/1489/1047
f 1104/1868/1048 726/1489/1047 348/1107/1046
f 1105/1869/1051 349/1108/1049 350/1109/1052
f 1105/1869/1051 350/1109/1052 728/1491/1053
f 1105/1869/1051 728/1491/1053 727/1490/1050
f 1105/1869/1051 727/1490/1050 349/1108/1049
f 1106/1870/1054 350/1109/1052 351/1110/1055
f 1106/1870/1054 351/1110/1055 729/1492/1056
f 1106/1870/1054 729/1492/1056 728/1491/1053
f 1106/1870/1054 728/1491/1053 350/1109/1052
f 1107/1871/1057 351/1110/1055 352/1111/1058
f 1107/1871/1057 352/1111/1058 730/1493/1059
f 1107/1871/1057 730/1493/1059 729/1492/1056
f 1107/1871/1057 729/1492/1056 351/1110/1055
f 1108/1872/1060 352/1111/1058 353/1112/1061
f 1108/1872/1060 353/1112/1061 731/1494/1062
f 1108/1872/1060 731/1494/1062 730/1493/1059
f 1108/1872/1060 730/1493/1059 352/1111/1058
f 1109/1873/1063 353/1112/1061 354/1113/1064
f 1109/1873/1063 354/1113/1064 732/1495/1065
f 1109/1873/1063 732/1495/1065 731/1494/1062
f 1109/1873/1063 731/1494/1062 353/1112/1061
f 1110/1874/1066 354/1113/1064 355/1114/1067
f 1110/1874/1066 355/1114/1067 733/1496/1068
f 1110/1874/1066 733/1496/1068 732/1495/1065
f 1110/1874/1066 732/1495/1065 354/1113/1064
f 1111/1875/1069 355/1114/1067 356/1115/1070
f 1111/1875/1069 356/1115/1070 734/1497/1071
f 1111/1875/1069 734/1497/1071 733/1496/1068
f 1111/1875/1069 733/1496/1068 355/1114/1067
f 1112/1876/1072 356/1115/1070 357/1116/1073
f 1112/1876/1072 357/1116/1073 735/1498/1074
f 1112/1876/1072 735/1498/1074 734/1497/1071
f 1112/1876/1072 734/1497/1071 356/1115/1070
f 1113/1877/1075 357/1116/1073 358/1117/1076
f 1113/1877/1075 358/1117/1076 736/1499/1077
f 1113/1877/1075 736/1499/1077 735/1498/1074
f 1113/1877/1075 735/1498/1074 357/1116/1073
f 1114/1878/1078 358/1117/1076 359/1118/1079
f 1114/1878/1078 359/1118/1079 737/1500/1080
f 1114/1878/1078 737/1500/1080 736/1499/1077
f 1114/1878/1078 736/1499/1077 358/1117/1076
f 1115/1879/1081 359/1118/1079 360/1119/1082
f 1115/1879/1081 360/1119/1082 738/1501/1083
f 1115/1879/1081 738/1501/1083 737/1500/1080
f 1115/1879/1081 737/1500/1080 359/1118/1079
f 1116/1880/1084 360/1119/1082 361/1120/1085
f 1116/1880/1084 361/1120/1085 739/1502/1086
f 1116/1880/1084 739/1502/1086 738/1501/1083
f 1116/1880/1084 738/1501/1083 360/1119/1082
f 1117/1881/1087 361/1120/1085 362/1121/1088
f 1117/1881/1087 362/1121/1088 740/1503/1089
f 1117/1881/1087 740/1503/1089 739/1502/1086
f 1117/1881/1087 739/1502/1086 361/1120/1085
f 1118/1882/1090 362/1121/1088 363/1122/1091
f 1118/1882/1090 363/1122/1091 741/1504/1092
f 1118/1882/1090 741/1504/1092 740/1503/1089
f 1118/1882/1090 740/1503/1089 362/1121/1088
f 1119/1883/1093 363/1122/1091 364/1123/1094
f 1119/1883/1093 364/1123/1094 742/1505/1095
f 1119/1883/1093 742/1505/1095 741/1504/1092
f 1119/1883/1093 741/1504/1092 363/1122/1091
f 1120/1884/1096 364/1123/1094 365/1124/1097
f 1120/1884/1096 365/1124/1097 743/1506/1098
f 1120/1884/1096 743/1506/1098 742/1505/1095
f 1120/1884/1096 742/1505/1095 364/1123/1094
f 1121/1885/1099 365/1124/1097 366/1125/1100
f 1121/1885/1099 366/1125/1100 744/1507/1101
f 1121/1885/1099 744/1507/1101 743/1506/1098
f 1121/1885/1099 743/1506/1098 365/1124/1097
f 1122/1886/1102 366/1125/1100 367/1126/1103
f 1122/1886/1102 367/1126/1103 745/1508/1104
f 1122/1886/1102 745/1508/1104 744/1507/1101
f 1122/1886/1102 744/1507/1101 366/1125/1100
f 1123/1887/1105 367/1126/1103 368/1127/1106
f 1123/1887/1105 368/1127/1106 746/1509/1107
f 1123/1887/1105 746/1509/1107 745/1508/1104
f 1123/1887/1105 745/1508/1104 367/1126/1103
f 1124/1888/1108 368/1127/1106 369/1128/1109
f 1124/1888/1108 369/1128/1109 747/1510/1110
f 1124/1888/1108 747/1510/1110 746/1509/1107
f 1124/1888/1108 746/1509/1107 368/1127/1106
f 1125/1889/1111 369/1128/1109 370/1129/1112
f 1125/1889/1111 370/1129/1112 748/1511/1113
f 1125/1889/1111 748/1511/1113 747/1510/1110
f 1125/1889/1111 747/1510/1110 369/1128/1109
f 1126/1890/1114 370/1129/1112 371/1130/1115
f 1126/1890/1114 371/1130/1115 749/1512/1116
f 1126/1890/1114 749/1512/1116 748/1511/1113
f 1126/1890/1114 748/1511/1113 370/1129/1112
f 1127/1891/1117 371/1130/1115 372/1131/1118
f 1127/1891/1117 372/1131/1118 750/1513/1119
f 1127/1891/1117 750/1513/1119 749/1512/1116
f 1127/1891/1117 749/1512/1116 371/1130/1115
f 1128/1892/1120 372/1131/1118 373/1132/1121
f 1128/1892/1120 373/1132/1121 751/1514/1122
f 1128/1892/1120 751/1514/1122 750/1513/1119
f 1128/1892/1120 750/1513/1119 372/1131/1118
f 1129/1893/1123 373/1132/1121 374/1133/1124
f 1129/1893/1123 374/1133/1124 752/1515/1125
f 1129/1893/1123 752/1515/1125 751/1514/1122
f 1129/1893/1123 751/1514/1122 373/1132/1121
f 1130/1894/1126 374/1133/1124 375/1134/1127
f 1130/1894/1126 375/1134/1127 753/1516/1128
f 1130/1894/1126 753/1516/1128 752/1515/1125
f 1130/1894/1126 752/1515/1125 374/1133/1124
f 1131/1895/1129 375/1134/1127 376/1135/1130
f 1131/1895/1129 376/1135/1130 754/1517/1131
f 1131/1895/1129 754/1517/1131 753/1516/1128
f 1131/1895/1129 753/1516/1128 375/1134/1127
f 1132/1896/1132 376/1135/1130 377/1136/1133
f 1132/1896/1132 377/1136/1133 755/1518/1134
f 1132/1896/1132 755/1518/1134 754/1517/1131
f 1132/1896/1132 754/1517/1131 376/1135/1130
f 1133/1897/1135 377/1136/1133 378/1137/1136
f 1133/1897/1135 378/1137/1136 756/1519/1137
f 1133/1897/1135 756/1519/1137 755/1518/1134
f 1133/1897/1135 755/1518/1134 377/1136/1133
f 1134/1898/1138 378/1137/1136 1/1138/1139
f 1134/1898/1138 1/1138/1139 379/1520/1140
f 1134/1898/1138 379/1520/1140 756/1519/1137
f 1134/1898/1138 756/1519/1137 378/1137/1136
