mtllib Deluxe Mesa.mtl
# Vertex Positions: 
g groupNumber_0
v 13.6783 -0.0591723 -16.9263
v 12.7282 -0.0503473 -16.9263
v 12.7134 -0.0478502 -16.9263
v 12.6963 -0.0320229 -16.9263
v 12.7023 -0.00243894 -16.9263
v 12.7282 0.00623955 -16.9263
v 13.3866 0.00623955 -16.9263
v 13.4024 0.00966634 -16.9263
v 13.4211 0.0311083 -16.9263
v 13.4213 0.058433 -16.9263
v 13.403 0.0788554 -16.9263
v 13.3866 0.0821311 -16.9263
v 12.5636 0.0821311 -16.9263
v 12.4998 0.0754132 -16.9263
v 12.4389 0.0553803 -16.9263
v 12.3705 0.024648 -16.9263
v 12.3433 0.0138343 -16.9263
v 12.3162 0.00598101 -16.9263
v 12.1908 -0.019766 -16.9263
v 12.064 -0.0381593 -16.9263
v 11.9364 -0.0491968 -16.9263
v 11.8083 -0.0528764 -16.9263
v 11.6832 -0.049369 -16.9263
v 11.5585 -0.0388455 -16.9263
v 11.4347 -0.0213039 -16.9263
v 11.3122 0.00325767 -16.9263
v 11.2893 0.00956401 -16.9263
v 11.2661 0.0179258 -16.9263
v 11.1621 0.0599652 -16.9263
v 11.1063 0.0765616 -16.9263
v 11.0482 0.0821311 -16.9263
v 9.62577 0.0821311 -16.9263
v 9.57103 0.0771757 -16.9263
v 9.51807 0.0623955 -16.9263
v 9.38029 0.0101694 -16.9263
v 9.35873 0.00283969 -16.9263
v 9.33751 -0.0027061 -16.9263
v 9.21961 -0.0254024 -16.9263
v 9.10052 -0.0416121 -16.9263
v 8.98063 -0.0513369 -16.9263
v 8.86034 -0.0545782 -16.9263
v 8.73317 -0.0509561 -16.9263
v 8.60647 -0.040091 -16.9263
v 8.48069 -0.0219847 -16.9263
v 8.35631 0.00336108 -16.9263
v 8.31775 0.015461 -16.9263
v 8.28002 0.033404 -16.9263
v 8.26227 0.0433494 -16.9263
v 8.19049 0.0722547 -16.9263
v 8.11373 0.0821311 -16.9263
v 6.66005 0.0821311 -16.9263
v 6.60357 0.0768568 -16.9263
v 6.54905 0.0611373 -16.9263
v 6.4146 0.00841134 -16.9263
v 6.39061 5.38664e-05 -16.9263
v 6.36679 -0.0061189 -16.9263
v 6.25302 -0.0272194 -16.9263
v 6.13818 -0.0422847 -16.9263
v 6.02263 -0.05132 -16.9263
v 5.90672 -0.0543306 -16.9263
v 5.77464 -0.0504237 -16.9263
v 5.64306 -0.038708 -16.9263
v 5.5125 -0.0191914 -16.9263
v 5.38349 0.00811832 -16.9263
v 5.34614 0.020104 -16.9263
v 5.30944 0.0376614 -16.9263
v 5.22756 0.0722396 -16.9263
v 5.15077 0.0821311 -16.9263
v 3.75049 0.0821311 -16.9263
v 3.70032 0.0779728 -16.9263
v 3.65152 0.065567 -16.9263
v 3.47998 0.00648086 -16.9263
v 3.46234 0.000935066 -16.9263
v 3.44499 -0.00344726 -16.9263
v 3.3274 -0.0260135 -16.9263
v 3.20864 -0.0421304 -16.9263
v 3.0891 -0.0517996 -16.9263
v 2.96917 -0.0550223 -16.9263
v 2.83896 -0.0512249 -16.9263
v 2.70924 -0.0398337 -16.9263
v 2.58049 -0.0208506 -16.9263
v 2.45321 0.00572246 -16.9263
v 2.42365 0.0145819 -16.9263
v 2.39416 0.0269059 -16.9263
v 2.3408 0.0524157 -16.9263
v 2.27691 0.0745644 -16.9263
v 2.20973 0.0821311 -16.9263
v 0.745506 0.0821311 -16.9263
v 0.702888 0.0791368 -16.9263
v 0.661354 0.0702639 -16.9263
v 0.621467 0.0556771 -16.9263
v 0.583794 0.0355413 -16.9263
v 0.525441 0.00406562 -16.9263
v 0.477067 -0.0109106 -16.9263
v 0.334109 -0.0382245 -16.9263
v 0.197497 -0.0577139 -16.9263
v 0.0665451 -0.0693955 -16.9263
v -0.0594348 -0.0732856 -16.9263
v -0.252888 -0.0632909 -16.9263
v -0.438147 -0.0333523 -16.9263
v -0.495236 -0.0136813 -16.9263
v -0.549029 0.0194598 -16.9263
v -0.590817 0.0463041 -16.9263
v -0.636311 0.0659527 -16.9263
v -0.684375 0.0780227 -16.9263
v -0.733871 0.0821311 -16.9263
v -2.14553 0.0821311 -16.9263
v -2.21316 0.0744631 -16.9263
v -2.27745 0.0520192 -16.9263
v -2.34471 0.0196149 -16.9263
v -2.37719 0.0061189 -16.9263
v -2.40988 -0.00318871 -16.9263
v -2.52673 -0.0254583 -16.9263
v -2.64476 -0.0413626 -16.9263
v -2.76357 -0.0509037 -16.9263
v -2.88278 -0.0540836 -16.9263
v -3.00879 -0.050532 -16.9263
v -3.13433 -0.0398786 -16.9263
v -3.25896 -0.0221261 -16.9263
v -3.38222 0.00272334 -16.9263
v -3.42042 0.0145927 -16.9263
v -3.4579 0.0322147 -16.9263
v -3.47934 0.0440905 -16.9263
v -3.55055 0.0724443 -16.9263
v -3.62656 0.0821311 -16.9263
v -5.10254 0.0821311 -16.9263
v -5.14381 0.0793157 -16.9263
v -5.18414 0.0709706 -16.9263
v -5.22297 0.0572478 -16.9263
v -5.25975 0.0382991 -16.9263
v -5.27449 0.0293879 -16.9263
v -5.31868 0.00726512 -16.9263
v -5.36432 -0.00668769 -16.9263
v -5.47746 -0.0275466 -16.9263
v -5.5917 -0.0424407 -16.9263
v -5.70668 -0.051374 -16.9263
v -5.82204 -0.0543508 -16.9263
v -5.94817 -0.0507939 -16.9263
v -6.07383 -0.0401266 -16.9263
v -6.19855 -0.0223547 -16.9263
v -6.32184 0.00251651 -16.9263
v -6.35882 0.0139162 -16.9263
v -6.39516 0.0306807 -16.9263
v -6.42255 0.0455039 -16.9263
v -6.49261 0.0728019 -16.9263
v -6.5672 0.0821311 -16.9263
v -8.0434 0.0821311 -16.9263
v -8.0853 0.0792327 -16.9263
v -8.12619 0.0706431 -16.9263
v -8.16552 0.0565206 -16.9263
v -8.20273 0.0370236 -16.9263
v -8.25633 0.00877113 -16.9263
v -8.30267 -0.0056018 -16.9263
v -8.41711 -0.0269531 -16.9263
v -8.53269 -0.0421999 -16.9263
v -8.64902 -0.0513454 -16.9263
v -8.76573 -0.0543932 -16.9263
v -8.8926 -0.0507932 -16.9263
v -9.01901 -0.0399963 -16.9263
v -9.14446 -0.0220066 -16.9263
v -9.26849 0.00317149 -16.9263
v -9.29654 0.011307 -16.9263
v -9.32454 0.0224934 -16.9263
v -9.39561 0.0548288 -16.9263
v -9.45711 0.0752732 -16.9263
v -9.5215 0.0821311 -16.9263
v -10.9942 0.0821311 -16.9263
v -11.0648 0.0737758 -16.9263
v -11.1316 0.0493131 -16.9263
v -11.1874 0.0210283 -16.9263
v -11.2246 0.00512997 -16.9263
v -11.2623 -0.0052226 -16.9263
v -11.3698 -0.0239153 -16.9263
v -11.4775 -0.0372682 -16.9263
v -11.5855 -0.0452805 -16.9263
v -11.6935 -0.0479515 -16.9263
v -11.8014 -0.04529 -16.9263
v -11.9092 -0.0373048 -16.9263
v -12.0168 -0.0239953 -16.9263
v -12.1241 -0.0053605 -16.9263
v -12.164 0.00579787 -16.9263
v -12.2031 0.0231484 -16.9263
v -12.2481 0.0469173 -16.9263
v -12.317 0.0731661 -16.9263
v -12.3901 0.0821311 -16.9263
v -13.6783 0.0821311 -16.9263
v -12.3901 0.0733061 -16.9263
v -12.3191 0.0645996 -16.9263
v -12.2523 0.0391265 -16.9263
v -12.2073 0.0153576 -16.9263
v -12.1669 -0.00251436 -16.9263
v -12.1258 -0.0140131 -16.9263
v -12.018 -0.0327309 -16.9263
v -11.91 -0.0461013 -16.9263
v -11.8018 -0.0541238 -16.9263
v -11.6935 -0.056798 -16.9263
v -11.585 -0.0541156 -16.9263
v -11.4766 -0.0460679 -16.9263
v -11.3684 -0.0326546 -16.9263
v -11.2606 -0.0138752 -16.9263
v -11.2217 -0.00321673 -16.9263
v -11.1834 0.0131686 -16.9263
v -11.1276 0.0414534 -16.9263
v -11.0628 0.0651943 -16.9263
v -10.9942 0.0733061 -16.9263
v -9.5215 0.0733061 -16.9263
v -9.45899 0.0666507 -16.9263
v -9.39926 0.0467966 -16.9263
v -9.3282 0.0144613 -16.9263
v -9.2994 0.00295387 -16.9263
v -9.27051 -0.00541221 -16.9263
v -9.14597 -0.0306985 -16.9263
v -9.02001 -0.0487667 -16.9263
v -8.8931 -0.0596114 -16.9263
v -8.76571 -0.0632275 -16.9263
v -8.64854 -0.0601666 -16.9263
v -8.53175 -0.0509811 -16.9263
v -8.41572 -0.0356669 -16.9263
v -8.30081 -0.01422 -16.9263
v -8.25305 0.000588186 -16.9263
v -8.20699 0.0240447 -16.9263
v -8.16198 0.0484373 -16.9263
v -8.12379 0.0621499 -16.9263
v -8.08408 0.0704912 -16.9263
v -8.0434 0.0733061 -16.9263
v -6.5672 0.0733061 -16.9263
v -6.49478 0.0642527 -16.9263
v -6.42675 0.0377476 -16.9263
v -6.39937 0.0229243 -16.9263
v -6.36195 0.00566213 -16.9263
v -6.32384 -0.00606719 -16.9263
v -6.20005 -0.0310555 -16.9263
v -6.07484 -0.0489103 -16.9263
v -5.94868 -0.0596267 -16.9263
v -5.82204 -0.0631999 -16.9263
v -5.70622 -0.0602095 -16.9263
v -5.59078 -0.0512356 -16.9263
v -5.47608 -0.0362748 -16.9263
v -5.3625 -0.0153231 -16.9263
v -5.31544 -0.00094369 -16.9263
v -5.26994 0.0218384 -16.9263
v -5.2552 0.0307496 -16.9263
v -5.21948 0.0491427 -16.9263
v -5.18177 0.0624666 -16.9263
v -5.14261 0.0705712 -16.9263
v -5.10254 0.0733061 -16.9263
v -3.62656 0.0733061 -16.9263
v -3.55275 0.0638994 -16.9263
v -3.48362 0.0363687 -16.9263
v -3.46218 0.0244928 -16.9263
v -3.42359 0.00635589 -16.9263
v -3.38422 -0.00586035 -16.9263
v -3.26046 -0.030818 -16.9263
v -3.13532 -0.048649 -16.9263
v -3.00926 -0.05935 -16.9263
v -2.88274 -0.0629178 -16.9263
v -2.76306 -0.0597247 -16.9263
v -2.64378 -0.0501438 -16.9263
v -2.52529 -0.0341721 -16.9263
v -2.40798 -0.0118069 -16.9263
v -2.37431 -0.00222995 -16.9263
v -2.34088 0.0116518 -16.9263
v -2.27363 0.0440561 -16.9263
v -2.21121 0.0658557 -16.9263
v -2.14553 0.0733061 -16.9263
v -0.733871 0.0733061 -16.9263
v -0.685814 0.0693159 -16.9263
v -0.639149 0.0575952 -16.9263
v -0.594979 0.0385189 -16.9263
v -0.554407 0.0124619 -16.9263
v -0.498951 -0.0216833 -16.9263
v -0.440043 -0.0419705 -16.9263
v -0.253826 -0.0720823 -16.9263
v -0.0594136 -0.0821311 -16.9263
v 0.0670302 -0.0782249 -16.9263
v 0.19844 -0.0664978 -16.9263
v 0.335508 -0.0469367 -16.9263
v 0.478929 -0.0195288 -16.9263
v 0.528767 -0.00410655 -16.9263
v 0.576073 0.0202872 -16.9263
v 0.625059 0.0476156 -16.9263
v 0.663788 0.0617815 -16.9263
v 0.70412 0.0703983 -16.9263
v 0.745506 0.0733061 -16.9263
v 2.20973 0.0733061 -16.9263
v 2.27496 0.065957 -16.9263
v 2.337 0.0444525 -16.9263
v 2.39037 0.0189427 -16.9263
v 2.42069 0.00626325 -16.9263
v 2.45114 -0.00286124 -16.9263
v 2.57895 -0.0295426 -16.9263
v 2.70823 -0.0486041 -16.9263
v 2.83847 -0.060043 -16.9263
v 2.9692 -0.0638566 -16.9263
v 3.0896 -0.0606207 -16.9263
v 3.20961 -0.0509117 -16.9263
v 3.32885 -0.0347273 -16.9263
v 3.44692 -0.0120654 -16.9263
v 3.46474 -0.00755167 -16.9263
v 3.48288 -0.00186153 -16.9263
v 3.65441 0.0572246 -16.9263
v 3.70176 0.0692663 -16.9263
v 3.75049 0.0733061 -16.9263
v 5.15077 0.0733061 -16.9263
v 5.22533 0.063699 -16.9263
v 5.2951 0.035593 -16.9263
v 5.34291 0.0118974 -16.9263
v 5.38142 -0.000465383 -16.9263
v 5.51094 -0.0278645 -16.9263
v 5.64201 -0.047448 -16.9263
v 5.77413 -0.0592057 -16.9263
v 5.90675 -0.0631272 -16.9263
v 6.02312 -0.0601062 -16.9263
v 6.13913 -0.0510389 -16.9263
v 6.25442 -0.0359181 -16.9263
v 6.36865 -0.0147371 -16.9263
v 6.39316 -0.00839624 -16.9263
v 6.41784 0.000206835 -16.9263
v 6.55229 0.0529328 -16.9263
v 6.60521 0.0681869 -16.9263
v 6.66005 0.0733061 -16.9263
v 8.11373 0.0733061 -16.9263
v 8.18826 0.0637206 -16.9263
v 8.25796 0.035662 -16.9263
v 8.27571 0.0257166 -16.9263
v 8.31456 0.00724142 -16.9263
v 8.35431 -0.0052226 -16.9263
v 8.47916 -0.0306728 -16.9263
v 8.60543 -0.0488532 -16.9263
v 8.73264 -0.0597624 -16.9263
v 8.86031 -0.063399 -16.9263
v 8.98109 -0.0601449 -16.9263
v 9.10147 -0.0503818 -16.9263
v 9.22105 -0.0341086 -16.9263
v 9.33944 -0.0113243 -16.9263
v 9.36124 -0.00561473 -16.9263
v 9.38339 0.00193047 -16.9263
v 9.52118 0.0541566 -16.9263
v 9.5726 0.068495 -16.9263
v 9.62577 0.0733061 -16.9263
v 11.0482 0.0733061 -16.9263
v 11.1046 0.0679025 -16.9263
v 11.1588 0.0517952 -16.9263
v 11.2628 0.00975576 -16.9263
v 11.2866 0.00114837 -16.9263
v 11.3102 -0.00532603 -16.9263
v 11.4332 -0.030012 -16.9263
v 11.5575 -0.0476425 -16.9263
v 11.6827 -0.0582193 -16.9263
v 11.8083 -0.0617445 -16.9263
v 11.9369 -0.0580471 -16.9263
v 12.0651 -0.0469563 -16.9263
v 12.1923 -0.0284741 -16.9263
v 12.3182 -0.00260269 -16.9263
v 12.3461 0.005479 -16.9263
v 12.3742 0.0165986 -16.9263
v 12.4425 0.047331 -16.9263
v 12.5017 0.0667822 -16.9263
v 12.5636 0.0733061 -16.9263
v 13.3866 0.0733061 -16.9263
v 13.4079 0.064479 -16.9263
v 13.4146 0.0451419 -16.9263
v 13.4075 0.0244993 -16.9263
v 13.3866 0.0150645 -16.9263
v 12.7282 0.0150645 -16.9263
v 12.7091 0.0118325 -16.9263
v 12.6878 -0.0083281 -16.9263
v 12.688 -0.0352634 -16.9263
v 12.7096 -0.0559168 -16.9263
v 12.7282 -0.0591723 -16.9263
v 13.6783 -0.0591723 16.9263
v 12.7282 -0.0503473 16.9263
v 12.7134 -0.0478502 16.9263
v 12.6963 -0.0320229 16.9263
v 12.7023 -0.00243894 16.9263
v 12.7282 0.00623955 16.9263
v 13.3866 0.00623955 16.9263
v 13.4024 0.00966634 16.9263
v 13.4211 0.0311083 16.9263
v 13.4213 0.058433 16.9263
v 13.403 0.0788554 16.9263
v 13.3866 0.0821311 16.9263
v 12.5636 0.0821311 16.9263
v 12.4998 0.0754132 16.9263
v 12.4389 0.0553803 16.9263
v 12.3705 0.024648 16.9263
v 12.3433 0.0138343 16.9263
v 12.3162 0.00598101 16.9263
v 12.1908 -0.019766 16.9263
v 12.064 -0.0381593 16.9263
v 11.9364 -0.0491968 16.9263
v 11.8083 -0.0528764 16.9263
v 11.6832 -0.049369 16.9263
v 11.5585 -0.0388455 16.9263
v 11.4347 -0.0213039 16.9263
v 11.3122 0.00325767 16.9263
v 11.2893 0.00956401 16.9263
v 11.2661 0.0179258 16.9263
v 11.1621 0.0599652 16.9263
v 11.1063 0.0765616 16.9263
v 11.0482 0.0821311 16.9263
v 9.62577 0.0821311 16.9263
v 9.57103 0.0771757 16.9263
v 9.51807 0.0623955 16.9263
v 9.38029 0.0101694 16.9263
v 9.35873 0.00283969 16.9263
v 9.33751 -0.0027061 16.9263
v 9.21961 -0.0254024 16.9263
v 9.10052 -0.0416121 16.9263
v 8.98063 -0.0513369 16.9263
v 8.86034 -0.0545782 16.9263
v 8.73317 -0.0509561 16.9263
v 8.60647 -0.040091 16.9263
v 8.48069 -0.0219847 16.9263
v 8.35631 0.00336108 16.9263
v 8.31775 0.015461 16.9263
v 8.28002 0.033404 16.9263
v 8.26227 0.0433494 16.9263
v 8.19049 0.0722547 16.9263
v 8.11373 0.0821311 16.9263
v 6.66005 0.0821311 16.9263
v 6.60357 0.0768568 16.9263
v 6.54905 0.0611373 16.9263
v 6.4146 0.00841134 16.9263
v 6.39061 5.38664e-05 16.9263
v 6.36679 -0.0061189 16.9263
v 6.25302 -0.0272194 16.9263
v 6.13818 -0.0422847 16.9263
v 6.02263 -0.05132 16.9263
v 5.90672 -0.0543306 16.9263
v 5.77464 -0.0504237 16.9263
v 5.64306 -0.038708 16.9263
v 5.5125 -0.0191914 16.9263
v 5.38349 0.00811832 16.9263
v 5.34614 0.020104 16.9263
v 5.30944 0.0376614 16.9263
v 5.22756 0.0722396 16.9263
v 5.15077 0.0821311 16.9263
v 3.75049 0.0821311 16.9263
v 3.70032 0.0779728 16.9263
v 3.65152 0.065567 16.9263
v 3.47998 0.00648086 16.9263
v 3.46234 0.000935066 16.9263
v 3.44499 -0.00344726 16.9263
v 3.3274 -0.0260135 16.9263
v 3.20864 -0.0421304 16.9263
v 3.0891 -0.0517996 16.9263
v 2.96917 -0.0550223 16.9263
v 2.83896 -0.0512249 16.9263
v 2.70924 -0.0398337 16.9263
v 2.58049 -0.0208506 16.9263
v 2.45321 0.00572246 16.9263
v 2.42365 0.0145819 16.9263
v 2.39416 0.0269059 16.9263
v 2.3408 0.0524157 16.9263
v 2.27691 0.0745644 16.9263
v 2.20973 0.0821311 16.9263
v 0.745506 0.0821311 16.9263
v 0.702888 0.0791368 16.9263
v 0.661354 0.0702639 16.9263
v 0.621467 0.0556771 16.9263
v 0.583794 0.0355413 16.9263
v 0.525441 0.00406562 16.9263
v 0.477067 -0.0109106 16.9263
v 0.334109 -0.0382245 16.9263
v 0.197497 -0.0577139 16.9263
v 0.0665451 -0.0693955 16.9263
v -0.0594348 -0.0732856 16.9263
v -0.252888 -0.0632909 16.9263
v -0.438147 -0.0333523 16.9263
v -0.495236 -0.0136813 16.9263
v -0.549029 0.0194598 16.9263
v -0.590817 0.0463041 16.9263
v -0.636311 0.0659527 16.9263
v -0.684375 0.0780227 16.9263
v -0.733871 0.0821311 16.9263
v -2.14553 0.0821311 16.9263
v -2.21316 0.0744631 16.9263
v -2.27745 0.0520192 16.9263
v -2.34471 0.0196149 16.9263
v -2.37719 0.0061189 16.9263
v -2.40988 -0.00318871 16.9263
v -2.52673 -0.0254583 16.9263
v -2.64476 -0.0413626 16.9263
v -2.76357 -0.0509037 16.9263
v -2.88278 -0.0540836 16.9263
v -3.00879 -0.050532 16.9263
v -3.13433 -0.0398786 16.9263
v -3.25896 -0.0221261 16.9263
v -3.38222 0.00272334 16.9263
v -3.42042 0.0145927 16.9263
v -3.4579 0.0322147 16.9263
v -3.47934 0.0440905 16.9263
v -3.55055 0.0724443 16.9263
v -3.62656 0.0821311 16.9263
v -5.10254 0.0821311 16.9263
v -5.14381 0.0793157 16.9263
v -5.18414 0.0709706 16.9263
v -5.22297 0.0572478 16.9263
v -5.25975 0.0382991 16.9263
v -5.27449 0.0293879 16.9263
v -5.31868 0.00726512 16.9263
v -5.36432 -0.00668769 16.9263
v -5.47746 -0.0275466 16.9263
v -5.5917 -0.0424407 16.9263
v -5.70668 -0.051374 16.9263
v -5.82204 -0.0543508 16.9263
v -5.94817 -0.0507939 16.9263
v -6.07383 -0.0401266 16.9263
v -6.19855 -0.0223547 16.9263
v -6.32184 0.00251651 16.9263
v -6.35882 0.0139162 16.9263
v -6.39516 0.0306807 16.9263
v -6.42255 0.0455039 16.9263
v -6.49261 0.0728019 16.9263
v -6.5672 0.0821311 16.9263
v -8.0434 0.0821311 16.9263
v -8.0853 0.0792327 16.9263
v -8.12619 0.0706431 16.9263
v -8.16552 0.0565206 16.9263
v -8.20273 0.0370236 16.9263
v -8.25633 0.00877113 16.9263
v -8.30267 -0.0056018 16.9263
v -8.41711 -0.0269531 16.9263
v -8.53269 -0.0421999 16.9263
v -8.64902 -0.0513454 16.9263
v -8.76573 -0.0543932 16.9263
v -8.8926 -0.0507932 16.9263
v -9.01901 -0.0399963 16.9263
v -9.14446 -0.0220066 16.9263
v -9.26849 0.00317149 16.9263
v -9.29654 0.011307 16.9263
v -9.32454 0.0224934 16.9263
v -9.39561 0.0548288 16.9263
v -9.45711 0.0752732 16.9263
v -9.5215 0.0821311 16.9263
v -10.9942 0.0821311 16.9263
v -11.0648 0.0737758 16.9263
v -11.1316 0.0493131 16.9263
v -11.1874 0.0210283 16.9263
v -11.2246 0.00512997 16.9263
v -11.2623 -0.0052226 16.9263
v -11.3698 -0.0239153 16.9263
v -11.4775 -0.0372682 16.9263
v -11.5855 -0.0452805 16.9263
v -11.6935 -0.0479515 16.9263
v -11.8014 -0.04529 16.9263
v -11.9092 -0.0373048 16.9263
v -12.0168 -0.0239953 16.9263
v -12.1241 -0.0053605 16.9263
v -12.164 0.00579787 16.9263
v -12.2031 0.0231484 16.9263
v -12.2481 0.0469173 16.9263
v -12.317 0.0731661 16.9263
v -12.3901 0.0821311 16.9263
v -13.6783 0.0821311 16.9263
v -12.3901 0.0733061 16.9263
v -12.3191 0.0645996 16.9263
v -12.2523 0.0391265 16.9263
v -12.2073 0.0153576 16.9263
v -12.1669 -0.00251436 16.9263
v -12.1258 -0.0140131 16.9263
v -12.018 -0.0327309 16.9263
v -11.91 -0.0461013 16.9263
v -11.8018 -0.0541238 16.9263
v -11.6935 -0.056798 16.9263
v -11.585 -0.0541156 16.9263
v -11.4766 -0.0460679 16.9263
v -11.3684 -0.0326546 16.9263
v -11.2606 -0.0138752 16.9263
v -11.2217 -0.00321673 16.9263
v -11.1834 0.0131686 16.9263
v -11.1276 0.0414534 16.9263
v -11.0628 0.0651943 16.9263
v -10.9942 0.0733061 16.9263
v -9.5215 0.0733061 16.9263
v -9.45899 0.0666507 16.9263
v -9.39926 0.0467966 16.9263
v -9.3282 0.0144613 16.9263
v -9.2994 0.00295387 16.9263
v -9.27051 -0.00541221 16.9263
v -9.14597 -0.0306985 16.9263
v -9.02001 -0.0487667 16.9263
v -8.8931 -0.0596114 16.9263
v -8.76571 -0.0632275 16.9263
v -8.64854 -0.0601666 16.9263
v -8.53175 -0.0509811 16.9263
v -8.41572 -0.0356669 16.9263
v -8.30081 -0.01422 16.9263
v -8.25305 0.000588186 16.9263
v -8.20699 0.0240447 16.9263
v -8.16198 0.0484373 16.9263
v -8.12379 0.0621499 16.9263
v -8.08408 0.0704912 16.9263
v -8.0434 0.0733061 16.9263
v -6.5672 0.0733061 16.9263
v -6.49478 0.0642527 16.9263
v -6.42675 0.0377476 16.9263
v -6.39937 0.0229243 16.9263
v -6.36195 0.00566213 16.9263
v -6.32384 -0.00606719 16.9263
v -6.20005 -0.0310555 16.9263
v -6.07484 -0.0489103 16.9263
v -5.94868 -0.0596267 16.9263
v -5.82204 -0.0631999 16.9263
v -5.70622 -0.0602095 16.9263
v -5.59078 -0.0512356 16.9263
v -5.47608 -0.0362748 16.9263
v -5.3625 -0.0153231 16.9263
v -5.31544 -0.00094369 16.9263
v -5.26994 0.0218384 16.9263
v -5.2552 0.0307496 16.9263
v -5.21948 0.0491427 16.9263
v -5.18177 0.0624666 16.9263
v -5.14261 0.0705712 16.9263
v -5.10254 0.0733061 16.9263
v -3.62656 0.0733061 16.9263
v -3.55275 0.0638994 16.9263
v -3.48362 0.0363687 16.9263
v -3.46218 0.0244928 16.9263
v -3.42359 0.00635589 16.9263
v -3.38422 -0.00586035 16.9263
v -3.26046 -0.030818 16.9263
v -3.13532 -0.048649 16.9263
v -3.00926 -0.05935 16.9263
v -2.88274 -0.0629178 16.9263
v -2.76306 -0.0597247 16.9263
v -2.64378 -0.0501438 16.9263
v -2.52529 -0.0341721 16.9263
v -2.40798 -0.0118069 16.9263
v -2.37431 -0.00222995 16.9263
v -2.34088 0.0116518 16.9263
v -2.27363 0.0440561 16.9263
v -2.21121 0.0658557 16.9263
v -2.14553 0.0733061 16.9263
v -0.733871 0.0733061 16.9263
v -0.685814 0.0693159 16.9263
v -0.639149 0.0575952 16.9263
v -0.594979 0.0385189 16.9263
v -0.554407 0.0124619 16.9263
v -0.498951 -0.0216833 16.9263
v -0.440043 -0.0419705 16.9263
v -0.253826 -0.0720823 16.9263
v -0.0594136 -0.0821311 16.9263
v 0.0670302 -0.0782249 16.9263
v 0.19844 -0.0664978 16.9263
v 0.335508 -0.0469367 16.9263
v 0.478929 -0.0195288 16.9263
v 0.528767 -0.00410655 16.9263
v 0.576073 0.0202872 16.9263
v 0.625059 0.0476156 16.9263
v 0.663788 0.0617815 16.9263
v 0.70412 0.0703983 16.9263
v 0.745506 0.0733061 16.9263
v 2.20973 0.0733061 16.9263
v 2.27496 0.065957 16.9263
v 2.337 0.0444525 16.9263
v 2.39037 0.0189427 16.9263
v 2.42069 0.00626325 16.9263
v 2.45114 -0.00286124 16.9263
v 2.57895 -0.0295426 16.9263
v 2.70823 -0.0486041 16.9263
v 2.83847 -0.060043 16.9263
v 2.9692 -0.0638566 16.9263
v 3.0896 -0.0606207 16.9263
v 3.20961 -0.0509117 16.9263
v 3.32885 -0.0347273 16.9263
v 3.44692 -0.0120654 16.9263
v 3.46474 -0.00755167 16.9263
v 3.48288 -0.00186153 16.9263
v 3.65441 0.0572246 16.9263
v 3.70176 0.0692663 16.9263
v 3.75049 0.0733061 16.9263
v 5.15077 0.0733061 16.9263
v 5.22533 0.063699 16.9263
v 5.2951 0.035593 16.9263
v 5.34291 0.0118974 16.9263
v 5.38142 -0.000465383 16.9263
v 5.51094 -0.0278645 16.9263
v 5.64201 -0.047448 16.9263
v 5.77413 -0.0592057 16.9263
v 5.90675 -0.0631272 16.9263
v 6.02312 -0.0601062 16.9263
v 6.13913 -0.0510389 16.9263
v 6.25442 -0.0359181 16.9263
v 6.36865 -0.0147371 16.9263
v 6.39316 -0.00839624 16.9263
v 6.41784 0.000206835 16.9263
v 6.55229 0.0529328 16.9263
v 6.60521 0.0681869 16.9263
v 6.66005 0.0733061 16.9263
v 8.11373 0.0733061 16.9263
v 8.18826 0.0637206 16.9263
v 8.25796 0.035662 16.9263
v 8.27571 0.0257166 16.9263
v 8.31456 0.00724142 16.9263
v 8.35431 -0.0052226 16.9263
v 8.47916 -0.0306728 16.9263
v 8.60543 -0.0488532 16.9263
v 8.73264 -0.0597624 16.9263
v 8.86031 -0.063399 16.9263
v 8.98109 -0.0601449 16.9263
v 9.10147 -0.0503818 16.9263
v 9.22105 -0.0341086 16.9263
v 9.33944 -0.0113243 16.9263
v 9.36124 -0.00561473 16.9263
v 9.38339 0.00193047 16.9263
v 9.52118 0.0541566 16.9263
v 9.5726 0.068495 16.9263
v 9.62577 0.0733061 16.9263
v 11.0482 0.0733061 16.9263
v 11.1046 0.0679025 16.9263
v 11.1588 0.0517952 16.9263
v 11.2628 0.00975576 16.9263
v 11.2866 0.00114837 16.9263
v 11.3102 -0.00532603 16.9263
v 11.4332 -0.030012 16.9263
v 11.5575 -0.0476425 16.9263
v 11.6827 -0.0582193 16.9263
v 11.8083 -0.0617445 16.9263
v 11.9369 -0.0580471 16.9263
v 12.0651 -0.0469563 16.9263
v 12.1923 -0.0284741 16.9263
v 12.3182 -0.00260269 16.9263
v 12.3461 0.005479 16.9263
v 12.3742 0.0165986 16.9263
v 12.4425 0.047331 16.9263
v 12.5017 0.0667822 16.9263
v 12.5636 0.0733061 16.9263
v 13.3866 0.0733061 16.9263
v 13.4079 0.064479 16.9263
v 13.4146 0.0451419 16.9263
v 13.4075 0.0244993 16.9263
v 13.3866 0.0150645 16.9263
v 12.7282 0.0150645 16.9263
v 12.7091 0.0118325 16.9263
v 12.6878 -0.0083281 16.9263
v 12.688 -0.0352634 16.9263
v 12.7096 -0.0559168 16.9263
v 12.7282 -0.0591723 16.9263
v 13.2033 -0.0547598 0
v 12.7208 -0.0490988 0
v 12.7048 -0.0399366 0
v 12.6993 -0.0172309 0
v 12.7153 0.0019003 0
v 13.0574 0.00623955 0
v 13.3945 0.00795295 0
v 13.4117 0.0203873 0
v 13.4212 0.0447707 0
v 13.4121 0.0686442 0
v 13.3948 0.0804932 0
v 12.9751 0.0821311 0
v 12.5317 0.0787722 0
v 12.4693 0.0653968 0
v 12.4047 0.0400141 0
v 12.3569 0.0192411 0
v 12.3297 0.00990766 0
v 12.2535 -0.00689249 0
v 12.1274 -0.0289626 0
v 12.0002 -0.043678 0
v 11.8723 -0.0510366 0
v 11.7457 -0.0511227 0
v 11.6208 -0.0441073 0
v 11.4966 -0.0300747 0
v 11.3735 -0.00902313 0
v 11.3007 0.00641084 0
v 11.2777 0.0137449 0
v 11.2141 0.0389455 0
v 11.1342 0.0682634 0
v 11.0772 0.0793464 0
v 10.337 0.0821311 0
v 9.5984 0.0796534 0
v 9.54455 0.0697856 0
v 9.44918 0.0362825 0
v 9.36951 0.00650457 0
v 9.34812 6.67963e-05 0
v 9.27856 -0.0140542 0
v 9.16006 -0.0335072 0
v 9.04057 -0.0464745 0
v 8.92048 -0.0529575 0
v 8.79676 -0.0527671 0
v 8.66982 -0.0455235 0
v 8.54358 -0.0310379 0
v 8.4185 -0.00931181 0
v 8.33703 0.00941103 0
v 8.29889 0.0244325 0
v 8.27115 0.0383767 0
v 8.22638 0.057802 0
v 8.15211 0.0771929 0
v 7.38689 0.0821311 0
v 6.63181 0.0794939 0
v 6.57631 0.068997 0
v 6.48182 0.0347743 0
v 6.4026 0.0042326 0
v 6.3787 -0.00303252 0
v 6.3099 -0.0166692 0
v 6.1956 -0.0347521 0
v 6.08041 -0.0468024 0
v 5.96468 -0.0528253 0
v 5.84068 -0.0523771 0
v 5.70885 -0.0445658 0
v 5.57778 -0.0289497 0
v 5.448 -0.00553653 0
v 5.36482 0.0141112 0
v 5.32779 0.0288827 0
v 5.2685 0.0549505 0
v 5.18916 0.0771854 0
v 4.45063 0.0821311 0
v 3.7254 0.080052 0
v 3.67592 0.0717699 0
v 3.56575 0.0360239 0
v 3.47116 0.00370796 0
v 3.45367 -0.0012561 0
v 3.3862 -0.0147304 0
v 3.26802 -0.034072 0
v 3.14887 -0.046965 0
v 3.02914 -0.0534109 0
v 2.90407 -0.0531236 0
v 2.7741 -0.0455293 0
v 2.64487 -0.0303422 0
v 2.51685 -0.00756409 0
v 2.43843 0.0101522 0
v 2.4089 0.0207439 0
v 2.36748 0.0396608 0
v 2.30885 0.06349 0
v 2.24332 0.0783477 0
v 1.47762 0.0821311 0
v 0.724197 0.080634 0
v 0.682121 0.0747004 0
v 0.64141 0.0629705 0
v 0.602631 0.0456092 0
v 0.554618 0.0198035 0
v 0.501254 -0.00342248 0
v 0.405588 -0.0245676 0
v 0.265803 -0.0479692 0
v 0.132021 -0.0635547 0
v 0.00355514 -0.0713405 0
v -0.156162 -0.0682883 0
v -0.345518 -0.0483216 0
v -0.466692 -0.0235168 0
v -0.522133 0.00288924 0
v -0.569923 0.0328819 0
v -0.613564 0.0561284 0
v -0.660343 0.0719877 0
v -0.709123 0.0800769 0
v -1.4397 0.0821311 0
v -2.17935 0.0782971 0
v -2.24531 0.0632412 0
v -2.31108 0.0358171 0
v -2.36095 0.0128669 0
v -2.39354 0.00146509 0
v -2.4683 -0.0143235 0
v -2.58574 -0.0334104 0
v -2.70416 -0.0461332 0
v -2.82318 -0.0524937 0
v -2.94579 -0.0523078 0
v -3.07156 -0.0452053 0
v -3.19665 -0.0310024 0
v -3.32059 -0.00970137 0
v -3.40132 0.00865802 0
v -3.43916 0.0234037 0
v -3.46862 0.0381526 0
v -3.51495 0.0582674 0
v -3.58856 0.0772877 0
v -4.36455 0.0821311 0
v -5.12318 0.0807234 0
v -5.16397 0.0751431 0
v -5.20355 0.0641092 0
v -5.24136 0.0477735 0
v -5.26712 0.0338435 0
v -5.29658 0.0183265 0
v -5.3415 0.000288714 0
v -5.42089 -0.0171172 0
v -5.53458 -0.0349937 0
v -5.64919 -0.0469073 0
v -5.76436 -0.0528624 0
v -5.88511 -0.0525723 0
v -6.011 -0.0454602 0
v -6.13619 -0.0312406 0
v -6.26019 -0.00991908 0
v -6.34033 0.00821635 0
v -6.37699 0.0222984 0
v -6.40885 0.0380923 0
v -6.45758 0.0591529 0
v -6.5299 0.0774665 0
v -7.3053 0.0821311 0
v -8.06435 0.0806819 0
v -8.10574 0.0749379 0
v -8.14586 0.0635819 0
v -8.18413 0.0467721 0
v -8.22953 0.0228974 0
v -8.2795 0.00158467 0
v -8.35989 -0.0162775 0
v -8.4749 -0.0345765 0
v -8.59085 -0.0467727 0
v -8.70738 -0.0528693 0
v -8.82917 -0.0525932 0
v -8.9558 -0.0453947 0
v -9.08173 -0.0310014 0
v -9.20648 -0.00941754 0
v -9.28252 0.00723926 0
v -9.31054 0.0169002 0
v -9.36008 0.0386611 0
v -9.42636 0.065051 0
v -9.48931 0.0787022 0
v -10.2579 0.0821311 0
v -11.0295 0.0779535 0
v -11.0982 0.0615445 0
v -11.1595 0.0351707 0
v -11.206 0.0130791 0
v -11.2434 -4.63186e-05 0
v -11.316 -0.0145689 0
v -11.4236 -0.0305917 0
v -11.5315 -0.0412744 0
v -11.6395 -0.046616 0
v -11.7475 -0.0466207 0
v -11.8553 -0.0412974 0
v -11.963 -0.03065 0
v -12.0704 -0.0146779 0
v -12.144 0.000218682 0
v -12.1836 0.0144731 0
v -12.2256 0.0350328 0
v -12.2826 0.0600417 0
v -12.3536 0.0776486 0
v -13.0342 0.0821311 0
v -13.0342 0.0777186 0
v -12.3546 0.0689529 0
v -12.2857 0.051863 0
v -12.2298 0.027242 0
v -12.1871 0.00642161 0
v -12.1464 -0.00826374 0
v -12.0719 -0.023372 0
v -11.964 -0.0394161 0
v -11.8559 -0.0501125 0
v -11.7476 -0.0554609 0
v -11.6392 -0.0554568 0
v -11.5308 -0.0500917 0
v -11.4225 -0.0393612 0
v -11.3145 -0.0232649 0
v -11.2411 -0.00854599 0
v -11.2026 0.00497591 0
v -11.1555 0.027311 0
v -11.0952 0.0533238 0
v -11.0285 0.0692502 0
v -10.2579 0.0733061 0
v -9.49025 0.0699784 0
v -9.42913 0.0567237 0
v -9.36373 0.030629 0
v -9.3138 0.00870758 0
v -9.28495 -0.00122917 0
v -9.20824 -0.0180554 0
v -9.08299 -0.0397326 0
v -8.95655 -0.0541891 0
v -8.8294 -0.0614195 0
v -8.70713 -0.0616971 0
v -8.59015 -0.0555738 0
v -8.47373 -0.043324 0
v -8.35826 -0.0249434 0
v -8.27693 -0.00681589 0
v -8.23002 0.0123164 0
v -8.18449 0.036241 0
v -8.14288 0.0552936 0
v -8.10394 0.0663205 0
v -8.06374 0.0718987 0
v -7.3053 0.0733061 0
v -6.53099 0.0687794 0
v -6.46077 0.0510001 0
v -6.41306 0.0303359 0
v -6.38066 0.0142932 0
v -6.34289 -0.000202529 0
v -6.26194 -0.0185614 0
v -6.13744 -0.0399829 0
v -6.01176 -0.0542685 0
v -5.88536 -0.0614133 0
v -5.76413 -0.0617047 0
v -5.6485 -0.0557226 0
v -5.53343 -0.0437552 0
v -5.41929 -0.0257989 0
v -5.33897 -0.00813339 0
v -5.29269 0.0104474 0
v -5.26257 0.026294 0
v -5.23734 0.0399461 0
v -5.20062 0.0558046 0
v -5.16219 0.0665189 0
v -5.12257 0.0719386 0
v -4.36455 0.0733061 0
v -3.58966 0.0686027 0
v -3.51819 0.050134 0
v -3.4729 0.0304307 0
v -3.44288 0.0154244 0
v -3.4039 0.000247771 0
v -3.32234 -0.0183392 0
v -3.19789 -0.0397335 0
v -3.07229 -0.0539995 0
v -2.946 -0.0611339 0
v -2.8229 -0.0613212 0
v -2.70342 -0.0549342 0
v -2.58454 -0.0421579 0
v -2.46664 -0.0229895 0
v -2.39115 -0.00701842 0
v -2.3576 0.00471091 0
v -2.30725 0.0278539 0
v -2.24242 0.0549559 0
v -2.17837 0.0695809 0
v -1.4397 0.0733061 0
v -0.709842 0.071311 0
v -0.662481 0.0634555 0
v -0.617064 0.048057 0
v -0.574693 0.0254904 0
v -0.526679 -0.00461072 0
v -0.469497 -0.0318269 0
v -0.346935 -0.0570264 0
v -0.15662 -0.0771067 0
v 0.00380829 -0.080178 0
v 0.132735 -0.0723613 0
v 0.266974 -0.0567172 0
v 0.407218 -0.0332327 0
v 0.503848 -0.0118177 0
v 0.55242 0.0080903 0
v 0.600566 0.0339514 0
v 0.644424 0.0546986 0
v 0.683954 0.0660899 0
v 0.724813 0.0718522 0
v 1.47762 0.0733061 0
v 2.24235 0.0696315 0
v 2.30598 0.0552047 0
v 2.36369 0.0316976 0
v 2.40553 0.012603 0
v 2.43592 0.00170101 0
v 2.51505 -0.0162019 0
v 2.64359 -0.0390734 0
v 2.77335 -0.0543236 0
v 2.90383 -0.0619498 0
v 3.0294 -0.0622387 0
v 3.14961 -0.0557662 0
v 3.26923 -0.0428195 0
v 3.38788 -0.0233964 0
v 3.45583 -0.00980855 0
v 3.47381 -0.0047066 0
v 3.56864 0.0276815 0
v 3.67809 0.0632455 0
v 3.72613 0.0712862 0
v 4.45063 0.0733061 0
v 5.18805 0.0685026 0
v 5.26022 0.049646 0
v 5.31901 0.0237452 0
v 5.36217 0.005716 0
v 5.44618 -0.014165 0
v 5.57648 -0.0376563 0
v 5.70807 -0.0533268 0
v 5.84044 -0.0611664 0
v 5.96494 -0.0616167 0
v 6.08113 -0.0555725 0
v 6.19678 -0.0434785 0
v 6.31154 -0.0253276 0
v 6.3809 -0.0115666 0
v 6.4055 -0.0040947 0
v 6.48507 0.0265698 0
v 6.57875 0.0605598 0
v 6.63263 0.0707465 0
v 7.38689 0.0733061 0
v 8.15099 0.0685133 0
v 8.22311 0.0496913 0
v 8.26684 0.0306893 0
v 8.29514 0.016479 0
v 8.33444 0.00100941 0
v 8.41674 -0.0179477 0
v 8.5423 -0.039763 0
v 8.66903 -0.0543078 0
v 8.79647 -0.0615807 0
v 8.9207 -0.061772 0
v 9.04128 -0.0552634 0
v 9.16126 -0.0422452 0
v 9.28024 -0.0227165 0
v 9.35034 -0.0084695 0
v 9.37232 -0.00184213 0
v 9.45228 0.0280435 0
v 9.54689 0.0613258 0
v 9.59919 0.0709006 0
v 10.337 0.0733061 0
v 11.0764 0.0706043 0
v 11.1317 0.0598488 0
v 11.2108 0.0307755 0
v 11.2747 0.00545206 0
v 11.2984 -0.00208883 0
v 11.3717 -0.017669 0
v 11.4954 -0.0388273 0
v 11.6201 -0.0529309 0
v 11.7455 -0.0599819 0
v 11.8726 -0.0598958 0
v 12.001 -0.0525017 0
v 12.1287 -0.0377152 0
v 12.2553 -0.0155384 0
v 12.3321 0.00143816 0
v 12.3601 0.0110388 0
v 12.4083 0.0319648 0
v 12.4721 0.0570566 0
v 12.5326 0.0700441 0
v 12.9751 0.0733061 0
v 13.3972 0.0688925 0
v 13.4112 0.0548105 0
v 13.4111 0.0348206 0
v 13.3971 0.0197819 0
v 13.0574 0.0150645 0
v 12.7186 0.0134485 0
v 12.6984 0.00175218 0
v 12.6879 -0.0217957 0
v 12.6988 -0.0455901 0
v 12.7189 -0.0575446 0
v 13.2033 -0.0591723 0


# Vertex Texture Coordinates :
vt 0.439631 0.000368925
vt 0.424365 0.000510734
vt 0.424127 0.00055086
vt 0.423851 0.000805188
vt 0.423948 0.00128057
vt 0.424365 0.00142003
vt 0.434944 0.00142003
vt 0.435199 0.00147509
vt 0.435498 0.00181964
vt 0.435501 0.00225873
vt 0.435209 0.00258689
vt 0.434944 0.00263953
vt 0.421719 0.00263953
vt 0.420694 0.00253158
vt 0.419715 0.00220967
vt 0.418618 0.00171583
vt 0.418179 0.00154207
vt 0.417744 0.00141587
vt 0.415729 0.00100215
vt 0.413692 0.000706583
vt 0.411641 0.000529221
vt 0.409582 0.000470093
vt 0.407572 0.000526454
vt 0.405569 0.000695556
vt 0.40358 0.000977432
vt 0.401611 0.00137211
vt 0.401243 0.00147345
vt 0.400871 0.00160781
vt 0.399199 0.00228335
vt 0.398302 0.00255003
vt 0.397369 0.00263953
vt 0.374512 0.00263953
vt 0.373632 0.0025599
vt 0.372781 0.0023224
vt 0.370567 0.00148318
vt 0.370221 0.0013654
vt 0.36988 0.00127628
vt 0.367985 0.000911574
vt 0.366071 0.0006511
vt 0.364145 0.000494832
vt 0.362212 0.000442748
vt 0.360169 0.000500952
vt 0.358132 0.000675542
vt 0.356111 0.000966493
vt 0.354113 0.00137377
vt 0.353493 0.00156821
vt 0.352887 0.00185653
vt 0.352602 0.00201635
vt 0.351448 0.00248083
vt 0.350215 0.00263953
vt 0.326855 0.00263953
vt 0.325948 0.00255478
vt 0.325072 0.00230218
vt 0.322911 0.00145493
vt 0.322526 0.00132063
vt 0.322143 0.00122144
vt 0.320315 0.000882376
vt 0.31847 0.000640292
vt 0.316613 0.000495103
vt 0.31475 0.000446726
vt 0.312628 0.000509507
vt 0.310513 0.000697767
vt 0.308416 0.00101138
vt 0.306342 0.00145022
vt 0.305742 0.00164282
vt 0.305153 0.00192495
vt 0.303837 0.00248058
vt 0.302603 0.00263953
vt 0.280102 0.00263953
vt 0.279296 0.00257271
vt 0.278511 0.00237336
vt 0.275755 0.00142391
vt 0.275472 0.00133479
vt 0.275193 0.00126437
vt 0.273303 0.000901754
vt 0.271395 0.000642771
vt 0.269474 0.000487397
vt 0.267547 0.000435611
vt 0.265454 0.000496633
vt 0.26337 0.000679677
vt 0.261301 0.000984716
vt 0.259256 0.00141172
vt 0.258781 0.00155408
vt 0.258307 0.00175212
vt 0.257449 0.00216203
vt 0.256423 0.00251794
vt 0.255343 0.00263953
vt 0.231815 0.00263953
vt 0.23113 0.00259141
vt 0.230462 0.00244884
vt 0.229822 0.00221444
vt 0.229216 0.00189088
vt 0.228278 0.0013851
vt 0.227501 0.00114444
vt 0.225204 0.000705535
vt 0.223009 0.000392359
vt 0.220904 0.000204649
vt 0.21888 0.000142138
vt 0.215771 0.000302743
vt 0.212795 0.000783827
vt 0.211877 0.00109992
vt 0.211013 0.00163246
vt 0.210341 0.00206382
vt 0.20961 0.00237956
vt 0.208838 0.00257351
vt 0.208043 0.00263953
vt 0.185359 0.00263953
vt 0.184272 0.00251631
vt 0.183239 0.00215566
vt 0.182158 0.00163496
vt 0.181636 0.00141809
vt 0.181111 0.00126853
vt 0.179233 0.000910676
vt 0.177337 0.000655109
vt 0.175427 0.000501793
vt 0.173512 0.000450695
vt 0.171487 0.000507767
vt 0.16947 0.000678955
vt 0.167467 0.000964221
vt 0.165486 0.00136353
vt 0.164872 0.00155426
vt 0.16427 0.00183742
vt 0.163926 0.00202826
vt 0.162781 0.00248387
vt 0.16156 0.00263953
vt 0.137842 0.00263953
vt 0.137179 0.00259429
vt 0.136531 0.00246019
vt 0.135907 0.00223968
vt 0.135316 0.00193519
vt 0.135079 0.001792
vt 0.134369 0.00143651
vt 0.133636 0.0012123
vt 0.131818 0.000877118
vt 0.129982 0.000637786
vt 0.128134 0.000494236
vt 0.126281 0.000446401
vt 0.124254 0.000503558
vt 0.122235 0.00067497
vt 0.120231 0.000960548
vt 0.11825 0.0013602
vt 0.117655 0.00154338
vt 0.117071 0.00181277
vt 0.116631 0.00205097
vt 0.115505 0.00248962
vt 0.114307 0.00263953
vt 0.0905857 0.00263953
vt 0.0899125 0.00259296
vt 0.0892554 0.00245493
vt 0.0886233 0.00222799
vt 0.0880254 0.0019147
vt 0.0871641 0.00146071
vt 0.0864195 0.00122975
vt 0.0845805 0.000886655
vt 0.0827234 0.000641655
vt 0.0808541 0.000494695
vt 0.0789786 0.00044572
vt 0.0769399 0.000503568
vt 0.0749087 0.000677065
vt 0.0728928 0.000966141
vt 0.0708998 0.00137073
vt 0.070449 0.00150146
vt 0.069999 0.00168121
vt 0.0688571 0.00220081
vt 0.0678688 0.00252933
vt 0.0668341 0.00263953
vt 0.0431689 0.00263953
vt 0.0420344 0.00250527
vt 0.0409614 0.00211218
vt 0.0400643 0.00165767
vt 0.0394671 0.0014022
vt 0.0388615 0.00123584
vt 0.0371344 0.00093547
vt 0.0354027 0.000720902
vt 0.0336679 0.000592152
vt 0.0319316 0.000549232
vt 0.0301983 0.000592
vt 0.0284666 0.000720314
vt 0.0267378 0.000934185
vt 0.0250135 0.00123363
vt 0.0243721 0.00141293
vt 0.0237427 0.00169174
vt 0.0230198 0.00207368
vt 0.0219135 0.00249547
vt 0.0207382 0.00263953
vt 3.90376e-05 0.00263953
vt 0.0207382 0.00249772
vt 0.0218794 0.00235782
vt 0.0229534 0.00194849
vt 0.0236763 0.00156655
vt 0.0243247 0.00127936
vt 0.0249858 0.00109459
vt 0.0267173 0.000793812
vt 0.0284533 0.000578963
vt 0.0301924 0.00045005
vt 0.0319328 0.000407077
vt 0.0336759 0.000450182
vt 0.0354173 0.0005795
vt 0.0371556 0.000795039
vt 0.0388892 0.0010968
vt 0.0395133 0.00126808
vt 0.0401286 0.00153137
vt 0.0410257 0.00198588
vt 0.0420674 0.00236737
vt 0.0431689 0.00249772
vt 0.0668341 0.00249772
vt 0.0678387 0.00239078
vt 0.0687984 0.00207174
vt 0.0699403 0.00155214
vt 0.0704031 0.00136723
vt 0.0708673 0.0012328
vt 0.0728685 0.00082647
vt 0.0748926 0.000536133
vt 0.076932 0.000361869
vt 0.0789789 0.000303762
vt 0.0808617 0.000352948
vt 0.0827384 0.00050055
vt 0.084603 0.000746634
vt 0.0864494 0.00109126
vt 0.0872169 0.00132922
vt 0.087957 0.00170614
vt 0.0886803 0.0020981
vt 0.089294 0.00231845
vt 0.089932 0.00245249
vt 0.0905857 0.00249772
vt 0.114307 0.00249772
vt 0.115471 0.00235224
vt 0.116564 0.00192633
vt 0.117004 0.00168814
vt 0.117605 0.00141075
vt 0.118217 0.00122227
vt 0.120207 0.000820734
vt 0.122219 0.000533825
vt 0.124246 0.000361623
vt 0.126281 0.000304205
vt 0.128142 0.000352259
vt 0.129997 0.000496459
vt 0.13184 0.000736866
vt 0.133665 0.00107354
vt 0.134421 0.0013046
vt 0.135153 0.00167069
vt 0.135389 0.00181388
vt 0.135963 0.00210944
vt 0.136569 0.00232354
vt 0.137199 0.00245377
vt 0.137842 0.00249772
vt 0.16156 0.00249772
vt 0.162746 0.00234656
vt 0.163857 0.00190417
vt 0.164201 0.00171334
vt 0.164821 0.0014219
vt 0.165454 0.00122559
vt 0.167443 0.00082455
vt 0.169454 0.000538024
vt 0.171479 0.000366069
vt 0.173512 0.000308739
vt 0.175436 0.000360048
vt 0.177352 0.000514005
vt 0.179256 0.000770654
vt 0.181141 0.00113004
vt 0.181682 0.00128393
vt 0.18222 0.001507
vt 0.1833 0.0020277
vt 0.184303 0.002378
vt 0.185359 0.00249772
vt 0.208043 0.00249772
vt 0.208815 0.0024336
vt 0.209565 0.00224526
vt 0.210274 0.00193873
vt 0.210926 0.00152001
vt 0.211818 0.000971336
vt 0.212764 0.000645341
vt 0.215756 0.000161474
vt 0.21888 0
vt 0.220912 6.27685e-05
vt 0.223024 0.000251212
vt 0.225226 0.000565539
vt 0.227531 0.00100596
vt 0.228332 0.00125378
vt 0.229092 0.00164576
vt 0.229879 0.0020849
vt 0.230502 0.00231253
vt 0.23115 0.002451
vt 0.231815 0.00249772
vt 0.255343 0.00249772
vt 0.256391 0.00237963
vt 0.257388 0.00203407
vt 0.258246 0.00162416
vt 0.258733 0.00142041
vt 0.259223 0.00127379
vt 0.261276 0.000845045
vt 0.263354 0.000538745
vt 0.265447 0.000354933
vt 0.267547 0.000293653
vt 0.269482 0.00034565
vt 0.27141 0.000501665
vt 0.273326 0.000761732
vt 0.275224 0.00112589
vt 0.27551 0.00119842
vt 0.275802 0.00128985
vt 0.278558 0.00223931
vt 0.279319 0.00243281
vt 0.280102 0.00249772
vt 0.302603 0.00249772
vt 0.303801 0.00234334
vt 0.304922 0.00189171
vt 0.30569 0.00151094
vt 0.306309 0.00131229
vt 0.30839 0.00087201
vt 0.310497 0.000557322
vt 0.31262 0.000368389
vt 0.314751 0.000305375
vt 0.316621 0.000353918
vt 0.318485 0.000499621
vt 0.320338 0.000742597
vt 0.322173 0.00108296
vt 0.322567 0.00118485
vt 0.322964 0.00132309
vt 0.325124 0.00217034
vt 0.325974 0.00241546
vt 0.326855 0.00249772
vt 0.350215 0.00249772
vt 0.351412 0.00234369
vt 0.352532 0.00189282
vt 0.352818 0.00173301
vt 0.353442 0.00143613
vt 0.354081 0.00123584
vt 0.356087 0.000826883
vt 0.358116 0.000534743
vt 0.36016 0.000359443
vt 0.362212 0.000301006
vt 0.364152 0.000353296
vt 0.366087 0.000510179
vt 0.368008 0.000771673
vt 0.369911 0.0011378
vt 0.370261 0.00122954
vt 0.370617 0.00135079
vt 0.372831 0.00219001
vt 0.373657 0.00242041
vt 0.374512 0.00249772
vt 0.397369 0.00249772
vt 0.398274 0.00241089
vt 0.399146 0.00215206
vt 0.400818 0.00147653
vt 0.4012 0.00133822
vt 0.401579 0.00123418
vt 0.403556 0.000837502
vt 0.405553 0.000554198
vt 0.407564 0.000384238
vt 0.409583 0.000327592
vt 0.411649 0.000387006
vt 0.413709 0.000565225
vt 0.415754 0.000862215
vt 0.417776 0.00127794
vt 0.418225 0.00140781
vt 0.418676 0.00158649
vt 0.419773 0.00208033
vt 0.420724 0.00239289
vt 0.421719 0.00249772
vt 0.434944 0.00249772
vt 0.435286 0.00235588
vt 0.435395 0.00204515
vt 0.43528 0.00171344
vt 0.434944 0.00156184
vt 0.424365 0.00156184
vt 0.424057 0.0015099
vt 0.423716 0.00118594
vt 0.423719 0.000753118
vt 0.424066 0.000421238
vt 0.424365 0.000368925
vt 0.446403 0.000368925
vt 0.461669 0.000510734
vt 0.461907 0.00055086
vt 0.462183 0.000805188
vt 0.462086 0.00128057
vt 0.461669 0.00142003
vt 0.45109 0.00142003
vt 0.450835 0.00147509
vt 0.450536 0.00181964
vt 0.450533 0.00225873
vt 0.450826 0.00258689
vt 0.45109 0.00263953
vt 0.464315 0.00263953
vt 0.46534 0.00253158
vt 0.466319 0.00220967
vt 0.467417 0.00171583
vt 0.467855 0.00154207
vt 0.468291 0.00141587
vt 0.470305 0.00100215
vt 0.472342 0.000706583
vt 0.474394 0.000529221
vt 0.476453 0.000470093
vt 0.478462 0.000526454
vt 0.480465 0.000695556
vt 0.482455 0.000977432
vt 0.484424 0.00137211
vt 0.484792 0.00147345
vt 0.485164 0.00160781
vt 0.486835 0.00228335
vt 0.487733 0.00255003
vt 0.488666 0.00263953
vt 0.511523 0.00263953
vt 0.512403 0.0025599
vt 0.513253 0.0023224
vt 0.515468 0.00148318
vt 0.515814 0.0013654
vt 0.516155 0.00127628
vt 0.518049 0.000911574
vt 0.519963 0.0006511
vt 0.52189 0.000494832
vt 0.523823 0.000442748
vt 0.525866 0.000500952
vt 0.527902 0.000675542
vt 0.529923 0.000966493
vt 0.531922 0.00137377
vt 0.532541 0.00156821
vt 0.533148 0.00185653
vt 0.533433 0.00201635
vt 0.534586 0.00248083
vt 0.53582 0.00263953
vt 0.559179 0.00263953
vt 0.560087 0.00255478
vt 0.560963 0.00230218
vt 0.563123 0.00145493
vt 0.563509 0.00132063
vt 0.563891 0.00122144
vt 0.56572 0.000882376
vt 0.567565 0.000640292
vt 0.569422 0.000495103
vt 0.571284 0.000446726
vt 0.573407 0.000509507
vt 0.575521 0.000697767
vt 0.577619 0.00101138
vt 0.579692 0.00145022
vt 0.580292 0.00164282
vt 0.580882 0.00192495
vt 0.582198 0.00248058
vt 0.583432 0.00263953
vt 0.605933 0.00263953
vt 0.606739 0.00257271
vt 0.607523 0.00237336
vt 0.61028 0.00142391
vt 0.610563 0.00133479
vt 0.610842 0.00126437
vt 0.612731 0.000901754
vt 0.61464 0.000642771
vt 0.616561 0.000487397
vt 0.618488 0.000435611
vt 0.62058 0.000496633
vt 0.622665 0.000679677
vt 0.624733 0.000984716
vt 0.626779 0.00141172
vt 0.627254 0.00155408
vt 0.627728 0.00175212
vt 0.628585 0.00216203
vt 0.629612 0.00251794
vt 0.630691 0.00263953
vt 0.65422 0.00263953
vt 0.654905 0.00259141
vt 0.655572 0.00244884
vt 0.656213 0.00221444
vt 0.656818 0.00189088
vt 0.657756 0.0013851
vt 0.658533 0.00114444
vt 0.660831 0.000705535
vt 0.663026 0.000392359
vt 0.66513 0.000204649
vt 0.667154 0.000142138
vt 0.670263 0.000302743
vt 0.67324 0.000783827
vt 0.674157 0.00109992
vt 0.675022 0.00163246
vt 0.675693 0.00206382
vt 0.676424 0.00237956
vt 0.677197 0.00257351
vt 0.677992 0.00263953
vt 0.700676 0.00263953
vt 0.701763 0.00251631
vt 0.702796 0.00215566
vt 0.703877 0.00163496
vt 0.704398 0.00141809
vt 0.704924 0.00126853
vt 0.706801 0.000910676
vt 0.708698 0.000655109
vt 0.710607 0.000501793
vt 0.712523 0.000450695
vt 0.714548 0.000507767
vt 0.716565 0.000678955
vt 0.718568 0.000964221
vt 0.720548 0.00136353
vt 0.721162 0.00155426
vt 0.721764 0.00183742
vt 0.722109 0.00202826
vt 0.723253 0.00248387
vt 0.724475 0.00263953
vt 0.748192 0.00263953
vt 0.748855 0.00259429
vt 0.749503 0.00246019
vt 0.750127 0.00223968
vt 0.750718 0.00193519
vt 0.750955 0.001792
vt 0.751665 0.00143651
vt 0.752399 0.0012123
vt 0.754217 0.000877118
vt 0.756052 0.000637786
vt 0.7579 0.000494236
vt 0.759754 0.000446401
vt 0.761781 0.000503558
vt 0.7638 0.00067497
vt 0.765804 0.000960548
vt 0.767785 0.0013602
vt 0.768379 0.00154338
vt 0.768963 0.00181277
vt 0.769403 0.00205097
vt 0.770529 0.00248962
vt 0.771728 0.00263953
vt 0.795449 0.00263953
vt 0.796122 0.00259296
vt 0.796779 0.00245493
vt 0.797411 0.00222799
vt 0.798009 0.0019147
vt 0.79887 0.00146071
vt 0.799615 0.00122975
vt 0.801454 0.000886655
vt 0.803311 0.000641655
vt 0.80518 0.000494695
vt 0.807056 0.00044572
vt 0.809095 0.000503568
vt 0.811126 0.000677065
vt 0.813142 0.000966141
vt 0.815135 0.00137073
vt 0.815586 0.00150146
vt 0.816035 0.00168121
vt 0.817177 0.00220081
vt 0.818166 0.00252933
vt 0.8192 0.00263953
vt 0.842866 0.00263953
vt 0.844 0.00250527
vt 0.845073 0.00211218
vt 0.84597 0.00165767
vt 0.846567 0.0014022
vt 0.847173 0.00123584
vt 0.8489 0.00093547
vt 0.850632 0.000720902
vt 0.852367 0.000592152
vt 0.854103 0.000549232
vt 0.855836 0.000592
vt 0.857568 0.000720314
vt 0.859297 0.000934185
vt 0.861021 0.00123363
vt 0.861662 0.00141293
vt 0.862292 0.00169174
vt 0.863015 0.00207368
vt 0.864121 0.00249547
vt 0.865296 0.00263953
vt 0.885995 0.00263953
vt 0.865296 0.00249772
vt 0.864155 0.00235782
vt 0.863081 0.00194849
vt 0.862358 0.00156655
vt 0.86171 0.00127936
vt 0.861049 0.00109459
vt 0.859317 0.000793812
vt 0.857581 0.000578963
vt 0.855842 0.00045005
vt 0.854102 0.000407077
vt 0.852359 0.000450182
vt 0.850617 0.0005795
vt 0.848879 0.000795039
vt 0.847145 0.0010968
vt 0.846521 0.00126808
vt 0.845906 0.00153137
vt 0.845009 0.00198588
vt 0.843967 0.00236737
vt 0.842866 0.00249772
vt 0.8192 0.00249772
vt 0.818196 0.00239078
vt 0.817236 0.00207174
vt 0.816094 0.00155214
vt 0.815631 0.00136723
vt 0.815167 0.0012328
vt 0.813166 0.00082647
vt 0.811142 0.000536133
vt 0.809103 0.000361869
vt 0.807056 0.000303762
vt 0.805173 0.000352948
vt 0.803296 0.00050055
vt 0.801432 0.000746634
vt 0.799585 0.00109126
vt 0.798818 0.00132922
vt 0.798078 0.00170614
vt 0.797354 0.0020981
vt 0.796741 0.00231845
vt 0.796103 0.00245249
vt 0.795449 0.00249772
vt 0.771728 0.00249772
vt 0.770564 0.00235224
vt 0.769471 0.00192633
vt 0.769031 0.00168814
vt 0.76843 0.00141075
vt 0.767817 0.00122227
vt 0.765828 0.000820734
vt 0.763816 0.000533825
vt 0.761789 0.000361623
vt 0.759754 0.000304205
vt 0.757893 0.000352259
vt 0.756038 0.000496459
vt 0.754195 0.000736866
vt 0.752369 0.00107354
vt 0.751613 0.0013046
vt 0.750882 0.00167069
vt 0.750645 0.00181388
vt 0.750071 0.00210944
vt 0.749465 0.00232354
vt 0.748836 0.00245377
vt 0.748192 0.00249772
vt 0.724475 0.00249772
vt 0.723289 0.00234656
vt 0.722178 0.00190417
vt 0.721833 0.00171334
vt 0.721213 0.0014219
vt 0.72058 0.00122559
vt 0.718592 0.00082455
vt 0.716581 0.000538024
vt 0.714555 0.000366069
vt 0.712522 0.000308739
vt 0.710599 0.000360048
vt 0.708682 0.000514005
vt 0.706778 0.000770654
vt 0.704893 0.00113004
vt 0.704352 0.00128393
vt 0.703815 0.001507
vt 0.702734 0.0020277
vt 0.701731 0.002378
vt 0.700676 0.00249772
vt 0.677992 0.00249772
vt 0.67722 0.0024336
vt 0.67647 0.00224526
vt 0.67576 0.00193873
vt 0.675108 0.00152001
vt 0.674217 0.000971336
vt 0.67327 0.000645341
vt 0.670278 0.000161474
vt 0.667154 0
vt 0.665122 6.27685e-05
vt 0.663011 0.000251212
vt 0.660808 0.000565539
vt 0.658503 0.00100596
vt 0.657703 0.00125378
vt 0.656942 0.00164576
vt 0.656155 0.0020849
vt 0.655533 0.00231253
vt 0.654885 0.002451
vt 0.65422 0.00249772
vt 0.630691 0.00249772
vt 0.629643 0.00237963
vt 0.628646 0.00203407
vt 0.627789 0.00162416
vt 0.627301 0.00142041
vt 0.626812 0.00127379
vt 0.624758 0.000845045
vt 0.622681 0.000538745
vt 0.620588 0.000354933
vt 0.618487 0.000293653
vt 0.616553 0.00034565
vt 0.614624 0.000501665
vt 0.612708 0.000761732
vt 0.610811 0.00112589
vt 0.610524 0.00119842
vt 0.610233 0.00128985
vt 0.607477 0.00223931
vt 0.606716 0.00243281
vt 0.605933 0.00249772
vt 0.583432 0.00249772
vt 0.582234 0.00234334
vt 0.581112 0.00189171
vt 0.580344 0.00151094
vt 0.579725 0.00131229
vt 0.577644 0.00087201
vt 0.575538 0.000557322
vt 0.573415 0.000368389
vt 0.571284 0.000305375
vt 0.569414 0.000353918
vt 0.56755 0.000499621
vt 0.565697 0.000742597
vt 0.563861 0.00108296
vt 0.563468 0.00118485
vt 0.563071 0.00132309
vt 0.560911 0.00217034
vt 0.56006 0.00241546
vt 0.559179 0.00249772
vt 0.53582 0.00249772
vt 0.534622 0.00234369
vt 0.533502 0.00189282
vt 0.533217 0.00173301
vt 0.532593 0.00143613
vt 0.531954 0.00123584
vt 0.529948 0.000826883
vt 0.527919 0.000534743
vt 0.525875 0.000359443
vt 0.523823 0.000301006
vt 0.521882 0.000353296
vt 0.519948 0.000510179
vt 0.518026 0.000771673
vt 0.516124 0.0011378
vt 0.515774 0.00122954
vt 0.515418 0.00135079
vt 0.513204 0.00219001
vt 0.512377 0.00242041
vt 0.511523 0.00249772
vt 0.488666 0.00249772
vt 0.48776 0.00241089
vt 0.486889 0.00215206
vt 0.485217 0.00147653
vt 0.484834 0.00133822
vt 0.484456 0.00123418
vt 0.482479 0.000837502
vt 0.480481 0.000554198
vt 0.47847 0.000384238
vt 0.476452 0.000327592
vt 0.474385 0.000387006
vt 0.472326 0.000565225
vt 0.470281 0.000862215
vt 0.468258 0.00127794
vt 0.46781 0.00140781
vt 0.467359 0.00158649
vt 0.466261 0.00208033
vt 0.46531 0.00239289
vt 0.464315 0.00249772
vt 0.45109 0.00249772
vt 0.450748 0.00235588
vt 0.45064 0.00204515
vt 0.450754 0.00171344
vt 0.45109 0.00156184
vt 0.461669 0.00156184
vt 0.461978 0.0015099
vt 0.462319 0.00118594
vt 0.462316 0.000753118
vt 0.461969 0.000421238
vt 0.461669 0.000368925
vt 0 0.00928818
vt 0.0152667 0.00928818
vt 0.015508 0.00928818
vt 0.0158833 0.00928818
vt 0.0225734 0.00928818
vt 0.0230586 0.00928818
vt 0.0297621 0.00928818
vt 0.0302016 0.00928818
vt 0.0407808 0.00928818
vt 0.0410414 0.00928818
vt 0.0414975 0.00928818
vt 0.0419366 0.00928818
vt 0.0423763 0.00928818
vt 0.0426458 0.00928818
vt 0.0558711 0.00928818
vt 0.0569015 0.00928818
vt 0.057932 0.00928818
vt 0.0591358 0.00928818
vt 0.0596075 0.00928818
vt 0.0600605 0.00928818
vt 0.0621174 0.00928818
vt 0.0641755 0.00928818
vt 0.0662347 0.00928818
vt 0.0682943 0.00928818
vt 0.070305 0.00928818
vt 0.0723152 0.00928818
vt 0.0743244 0.00928818
vt 0.0763323 0.00928818
vt 0.0767142 0.00928818
vt 0.0771096 0.00928818
vt 0.0789127 0.00928818
vt 0.079849 0.00928818
vt 0.080786 0.00928818
vt 0.103643 0.00928818
vt 0.104526 0.00928818
vt 0.10541 0.00928818
vt 0.107778 0.00928818
vt 0.108144 0.00928818
vt 0.108496 0.00928818
vt 0.110425 0.00928818
vt 0.112357 0.00928818
vt 0.11429 0.00928818
vt 0.116223 0.00928818
vt 0.118267 0.00928818
vt 0.120311 0.00928818
vt 0.122353 0.00928818
vt 0.124393 0.00928818
vt 0.125042 0.00928818
vt 0.125713 0.00928818
vt 0.12604 0.00928818
vt 0.127284 0.00928818
vt 0.128527 0.00928818
vt 0.151887 0.00928818
vt 0.152798 0.00928818
vt 0.15371 0.00928818
vt 0.15603 0.00928818
vt 0.156439 0.00928818
vt 0.156834 0.00928818
vt 0.158694 0.00928818
vt 0.160555 0.00928818
vt 0.162417 0.00928818
vt 0.16428 0.00928818
vt 0.166404 0.00928818
vt 0.168526 0.00928818
vt 0.170648 0.00928818
vt 0.172767 0.00928818
vt 0.173397 0.00928818
vt 0.174051 0.00928818
vt 0.175479 0.00928818
vt 0.176723 0.00928818
vt 0.199224 0.00928818
vt 0.200033 0.00928818
vt 0.200842 0.00928818
vt 0.203758 0.00928818
vt 0.204055 0.00928818
vt 0.204342 0.00928818
vt 0.206266 0.00928818
vt 0.208192 0.00928818
vt 0.210119 0.00928818
vt 0.212047 0.00928818
vt 0.21414 0.00928818
vt 0.216233 0.00928818
vt 0.218324 0.00928818
vt 0.220414 0.00928818
vt 0.220909 0.00928818
vt 0.221423 0.00928818
vt 0.222373 0.00928818
vt 0.22346 0.00928818
vt 0.224546 0.00928818
vt 0.248075 0.00928818
vt 0.248761 0.00928818
vt 0.249444 0.00928818
vt 0.250126 0.00928818
vt 0.250813 0.00928818
vt 0.251878 0.00928818
vt 0.252692 0.00928818
vt 0.255031 0.00928818
vt 0.257248 0.00928818
vt 0.259361 0.00928818
vt 0.261386 0.00928818
vt 0.264499 0.00928818
vt 0.267514 0.00928818
vt 0.268485 0.00928818
vt 0.2695 0.00928818
vt 0.270298 0.00928818
vt 0.271094 0.00928818
vt 0.271891 0.00928818
vt 0.272689 0.00928818
vt 0.295373 0.00928818
vt 0.296467 0.00928818
vt 0.297561 0.00928818
vt 0.29876 0.00928818
vt 0.299326 0.00928818
vt 0.299872 0.00928818
vt 0.301783 0.00928818
vt 0.303697 0.00928818
vt 0.305612 0.00928818
vt 0.307529 0.00928818
vt 0.309554 0.00928818
vt 0.311579 0.00928818
vt 0.313602 0.00928818
vt 0.315622 0.00928818
vt 0.316265 0.00928818
vt 0.31693 0.00928818
vt 0.317324 0.00928818
vt 0.318556 0.00928818
vt 0.319787 0.00928818
vt 0.343505 0.00928818
vt 0.350197 0.00928818
vt 0.350861 0.00928818
vt 0.351523 0.00928818
vt 0.352185 0.00928818
vt 0.35285 0.00928818
vt 0.353127 0.00928818
vt 0.353921 0.00928818
vt 0.354688 0.00928818
vt 0.356536 0.00928818
vt 0.358387 0.00928818
vt 0.360241 0.00928818
vt 0.362095 0.00928818
vt 0.364123 0.00928818
vt 0.366149 0.00928818
vt 0.368173 0.00928818
vt 0.370194 0.00928818
vt 0.370816 0.00928818
vt 0.371459 0.00928818
vt 0.37196 0.00928818
vt 0.373168 0.00928818
vt 0.374376 0.00928818
vt 0.398097 0.00928818
vt 0.398772 0.00928818
vt 0.399443 0.00928818
vt 0.400115 0.00928818
vt 0.40079 0.00928818
vt 0.401764 0.00928818
vt 0.402543 0.00928818
vt 0.404414 0.00928818
vt 0.406287 0.00928818
vt 0.408162 0.00928818
vt 0.410038 0.00928818
vt 0.412078 0.00928818
vt 0.414116 0.00928818
vt 0.416153 0.00928818
vt 0.418187 0.00928818
vt 0.418656 0.00928818
vt 0.419141 0.00928818
vt 0.420395 0.00928818
vt 0.421437 0.00928818
vt 0.422477 0.00928818
vt 0.446142 0.00928818
vt 0.447285 0.00928818
vt 0.448427 0.00928818
vt 0.449433 0.00928818
vt 0.450083 0.00928818
vt 0.450711 0.00928818
vt 0.452464 0.00928818
vt 0.454209 0.00928818
vt 0.455948 0.00928818
vt 0.457685 0.00928818
vt 0.459419 0.00928818
vt 0.461155 0.00928818
vt 0.462897 0.00928818
vt 0.464648 0.00928818
vt 0.465313 0.00928818
vt 0.466002 0.00928818
vt 0.466819 0.00928818
vt 0.468003 0.00928818
vt 0.469188 0.00928818
vt 0.489887 0.00928818
vt 0.496587 0.00928818
vt 0.517287 0.00928818
vt 0.518437 0.00928818
vt 0.519586 0.00928818
vt 0.520404 0.00928818
vt 0.521113 0.00928818
vt 0.521799 0.00928818
vt 0.523557 0.00928818
vt 0.525306 0.00928818
vt 0.52705 0.00928818
vt 0.528791 0.00928818
vt 0.530534 0.00928818
vt 0.532281 0.00928818
vt 0.534032 0.00928818
vt 0.535792 0.00928818
vt 0.536439 0.00928818
vt 0.537108 0.00928818
vt 0.538114 0.00928818
vt 0.539223 0.00928818
vt 0.540333 0.00928818
vt 0.563998 0.00928818
vt 0.565008 0.00928818
vt 0.566019 0.00928818
vt 0.567274 0.00928818
vt 0.567772 0.00928818
vt 0.568256 0.00928818
vt 0.570298 0.00928818
vt 0.572342 0.00928818
vt 0.574389 0.00928818
vt 0.576437 0.00928818
vt 0.57832 0.00928818
vt 0.580203 0.00928818
vt 0.582084 0.00928818
vt 0.583962 0.00928818
vt 0.584766 0.00928818
vt 0.585596 0.00928818
vt 0.586419 0.00928818
vt 0.587071 0.00928818
vt 0.587723 0.00928818
vt 0.588378 0.00928818
vt 0.612099 0.00928818
vt 0.613272 0.00928818
vt 0.614445 0.00928818
vt 0.614945 0.00928818
vt 0.615608 0.00928818
vt 0.616248 0.00928818
vt 0.618278 0.00928818
vt 0.62031 0.00928818
vt 0.622345 0.00928818
vt 0.62438 0.00928818
vt 0.626242 0.00928818
vt 0.628103 0.00928818
vt 0.629961 0.00928818
vt 0.631817 0.00928818
vt 0.632608 0.00928818
vt 0.633426 0.00928818
vt 0.633702 0.00928818
vt 0.634348 0.00928818
vt 0.634991 0.00928818
vt 0.635633 0.00928818
vt 0.636279 0.00928818
vt 0.659996 0.00928818
vt 0.661192 0.00928818
vt 0.662388 0.00928818
vt 0.662782 0.00928818
vt 0.663467 0.00928818
vt 0.664129 0.00928818
vt 0.666158 0.00928818
vt 0.668189 0.00928818
vt 0.670222 0.00928818
vt 0.672256 0.00928818
vt 0.67418 0.00928818
vt 0.676102 0.00928818
vt 0.678024 0.00928818
vt 0.679943 0.00928818
vt 0.680505 0.00928818
vt 0.681087 0.00928818
vt 0.682286 0.00928818
vt 0.683349 0.00928818
vt 0.684411 0.00928818
vt 0.707095 0.00928818
vt 0.70787 0.00928818
vt 0.708643 0.00928818
vt 0.709416 0.00928818
vt 0.710191 0.00928818
vt 0.711237 0.00928818
vt 0.712239 0.00928818
vt 0.71527 0.00928818
vt 0.718398 0.00928818
vt 0.720431 0.00928818
vt 0.722551 0.00928818
vt 0.724776 0.00928818
vt 0.727122 0.00928818
vt 0.72796 0.00928818
vt 0.728816 0.00928818
vt 0.729717 0.00928818
vt 0.73038 0.00928818
vt 0.731042 0.00928818
vt 0.731709 0.00928818
vt 0.755238 0.00928818
vt 0.756292 0.00928818
vt 0.757348 0.00928818
vt 0.758298 0.00928818
vt 0.758826 0.00928818
vt 0.759337 0.00928818
vt 0.761435 0.00928818
vt 0.763535 0.00928818
vt 0.765636 0.00928818
vt 0.767737 0.00928818
vt 0.769673 0.00928818
vt 0.771608 0.00928818
vt 0.773541 0.00928818
vt 0.775473 0.00928818
vt 0.775768 0.00928818
vt 0.776074 0.00928818
vt 0.778989 0.00928818
vt 0.779774 0.00928818
vt 0.78056 0.00928818
vt 0.803061 0.00928818
vt 0.804269 0.00928818
vt 0.805478 0.00928818
vt 0.806335 0.00928818
vt 0.806985 0.00928818
vt 0.809112 0.00928818
vt 0.811242 0.00928818
vt 0.817947 0.00928818
vt 0.820078 0.00928818
vt 0.82221 0.00928818
vt 0.824081 0.00928818
vt 0.825951 0.00928818
vt 0.827819 0.00928818
vt 0.829686 0.00928818
vt 0.830093 0.00928818
vt 0.830513 0.00928818
vt 0.832833 0.00928818
vt 0.833719 0.00928818
vt 0.834604 0.00928818
vt 0.857963 0.00928818
vt 0.85917 0.00928818
vt 0.860378 0.00928818
vt 0.860705 0.00928818
vt 0.861396 0.00928818
vt 0.862065 0.00928818
vt 0.864113 0.00928818
vt 0.866163 0.00928818
vt 0.868214 0.00928818
vt 0.870267 0.00928818
vt 0.872208 0.00928818
vt 0.874149 0.00928818
vt 0.876088 0.00928818
vt 0.878025 0.00928818
vt 0.878388 0.00928818
vt 0.878764 0.00928818
vt 0.881131 0.00928818
vt 0.881989 0.00928818
vt 0.882847 0.00928818
vt 0.905704 0.00928818
vt 0.906614 0.00928818
vt 0.907523 0.00928818
vt 0.909326 0.00928818
vt 0.909733 0.00928818
vt 0.910126 0.00928818
vt 0.912142 0.00928818
vt 0.91416 0.00928818
vt 0.916178 0.00928818
vt 0.918197 0.00928818
vt 0.920264 0.00928818
vt 0.922332 0.00928818
vt 0.924398 0.00928818
vt 0.926463 0.00928818
vt 0.92693 0.00928818
vt 0.927415 0.00928818
vt 0.928618 0.00928818
vt 0.929619 0.00928818
vt 0.93062 0.00928818
vt 0.943845 0.00928818
vt 0.944215 0.00928818
vt 0.95093 0.00928818
vt 0.951259 0.00928818
vt 0.951609 0.00928818
vt 0.958353 0.00928818
vt 0.958721 0.00928818
vt 0.969301 0.00928818
vt 0.969613 0.00928818
vt 0.970084 0.00928818
vt 0.976818 0.00928818
vt 0.97725 0.00928818
vt 0.98395 0.00928818
vt 0.98443 0.00928818
vt 0.984734 0.00928818
vt 1 0.00928818
vt 0 0.553266
vt 0.0152667 0.553266
vt 0.015508 0.553266
vt 0.0158833 0.553266
vt 0.0225734 0.553266
vt 0.0230586 0.553266
vt 0.0297621 0.553266
vt 0.0302016 0.553266
vt 0.0407808 0.553266
vt 0.0410414 0.553266
vt 0.0414975 0.553266
vt 0.0419366 0.553266
vt 0.0423763 0.553266
vt 0.0426458 0.553266
vt 0.0558711 0.553266
vt 0.0569015 0.553266
vt 0.057932 0.553266
vt 0.0591358 0.553266
vt 0.0596075 0.553266
vt 0.0600605 0.553266
vt 0.0621174 0.553266
vt 0.0641755 0.553266
vt 0.0662347 0.553266
vt 0.0682943 0.553266
vt 0.070305 0.553266
vt 0.0723152 0.553266
vt 0.0743244 0.553266
vt 0.0763323 0.553266
vt 0.0767142 0.553266
vt 0.0771096 0.553266
vt 0.0789127 0.553266
vt 0.079849 0.553266
vt 0.080786 0.553266
vt 0.103643 0.553266
vt 0.104526 0.553266
vt 0.10541 0.553266
vt 0.107778 0.553266
vt 0.108144 0.553266
vt 0.108496 0.553266
vt 0.110425 0.553266
vt 0.112357 0.553266
vt 0.11429 0.553266
vt 0.116223 0.553266
vt 0.118267 0.553266
vt 0.120311 0.553266
vt 0.122353 0.553266
vt 0.124393 0.553266
vt 0.125042 0.553266
vt 0.125713 0.553266
vt 0.12604 0.553266
vt 0.127284 0.553266
vt 0.128527 0.553266
vt 0.151887 0.553266
vt 0.152798 0.553266
vt 0.15371 0.553266
vt 0.15603 0.553266
vt 0.156439 0.553266
vt 0.156834 0.553266
vt 0.158694 0.553266
vt 0.160555 0.553266
vt 0.162417 0.553266
vt 0.16428 0.553266
vt 0.166404 0.553266
vt 0.168526 0.553266
vt 0.170648 0.553266
vt 0.172767 0.553266
vt 0.173397 0.553266
vt 0.174051 0.553266
vt 0.175479 0.553266
vt 0.176723 0.553266
vt 0.199224 0.553266
vt 0.200033 0.553266
vt 0.200842 0.553266
vt 0.203758 0.553266
vt 0.204055 0.553266
vt 0.204342 0.553266
vt 0.206266 0.553266
vt 0.208192 0.553266
vt 0.210119 0.553266
vt 0.212047 0.553266
vt 0.21414 0.553266
vt 0.216233 0.553266
vt 0.218324 0.553266
vt 0.220414 0.553266
vt 0.220909 0.553266
vt 0.221423 0.553266
vt 0.222373 0.553266
vt 0.22346 0.553266
vt 0.224546 0.553266
vt 0.248075 0.553266
vt 0.248761 0.553266
vt 0.249444 0.553266
vt 0.250126 0.553266
vt 0.250813 0.553266
vt 0.251878 0.553266
vt 0.252692 0.553266
vt 0.255031 0.553266
vt 0.257248 0.553266
vt 0.259361 0.553266
vt 0.261386 0.553266
vt 0.264499 0.553266
vt 0.267514 0.553266
vt 0.268485 0.553266
vt 0.2695 0.553266
vt 0.270298 0.553266
vt 0.271094 0.553266
vt 0.271891 0.553266
vt 0.272689 0.553266
vt 0.295373 0.553266
vt 0.296467 0.553266
vt 0.297561 0.553266
vt 0.29876 0.553266
vt 0.299326 0.553266
vt 0.299872 0.553266
vt 0.301783 0.553266
vt 0.303697 0.553266
vt 0.305612 0.553266
vt 0.307529 0.553266
vt 0.309554 0.553266
vt 0.311579 0.553266
vt 0.313602 0.553266
vt 0.315622 0.553266
vt 0.316265 0.553266
vt 0.31693 0.553266
vt 0.317324 0.553266
vt 0.318556 0.553266
vt 0.319787 0.553266
vt 0.343505 0.553266
vt 0.350197 0.553266
vt 0.350861 0.553266
vt 0.351523 0.553266
vt 0.352185 0.553266
vt 0.35285 0.553266
vt 0.353127 0.553266
vt 0.353921 0.553266
vt 0.354688 0.553266
vt 0.356536 0.553266
vt 0.358387 0.553266
vt 0.360241 0.553266
vt 0.362095 0.553266
vt 0.364123 0.553266
vt 0.366149 0.553266
vt 0.368173 0.553266
vt 0.370194 0.553266
vt 0.370816 0.553266
vt 0.371459 0.553266
vt 0.37196 0.553266
vt 0.373168 0.553266
vt 0.374376 0.553266
vt 0.398097 0.553266
vt 0.398772 0.553266
vt 0.399443 0.553266
vt 0.400115 0.553266
vt 0.40079 0.553266
vt 0.401764 0.553266
vt 0.402543 0.553266
vt 0.404414 0.553266
vt 0.406287 0.553266
vt 0.408162 0.553266
vt 0.410038 0.553266
vt 0.412078 0.553266
vt 0.414116 0.553266
vt 0.416153 0.553266
vt 0.418187 0.553266
vt 0.418656 0.553266
vt 0.419141 0.553266
vt 0.420395 0.553266
vt 0.421437 0.553266
vt 0.422477 0.553266
vt 0.446142 0.553266
vt 0.447285 0.553266
vt 0.448427 0.553266
vt 0.449433 0.553266
vt 0.450083 0.553266
vt 0.450711 0.553266
vt 0.452464 0.553266
vt 0.454209 0.553266
vt 0.455948 0.553266
vt 0.457685 0.553266
vt 0.459419 0.553266
vt 0.461155 0.553266
vt 0.462897 0.553266
vt 0.464648 0.553266
vt 0.465313 0.553266
vt 0.466002 0.553266
vt 0.466819 0.553266
vt 0.468003 0.553266
vt 0.469188 0.553266
vt 0.489887 0.553266
vt 0.496587 0.553266
vt 0.517287 0.553266
vt 0.518437 0.553266
vt 0.519586 0.553266
vt 0.520404 0.553266
vt 0.521113 0.553266
vt 0.521799 0.553266
vt 0.523557 0.553266
vt 0.525306 0.553266
vt 0.52705 0.553266
vt 0.528791 0.553266
vt 0.530534 0.553266
vt 0.532281 0.553266
vt 0.534032 0.553266
vt 0.535792 0.553266
vt 0.536439 0.553266
vt 0.537108 0.553266
vt 0.538114 0.553266
vt 0.539223 0.553266
vt 0.540333 0.553266
vt 0.563998 0.553266
vt 0.565008 0.553266
vt 0.566019 0.553266
vt 0.567274 0.553266
vt 0.567772 0.553266
vt 0.568256 0.553266
vt 0.570298 0.553266
vt 0.572342 0.553266
vt 0.574389 0.553266
vt 0.576437 0.553266
vt 0.57832 0.553266
vt 0.580203 0.553266
vt 0.582084 0.553266
vt 0.583962 0.553266
vt 0.584766 0.553266
vt 0.585596 0.553266
vt 0.586419 0.553266
vt 0.587071 0.553266
vt 0.587723 0.553266
vt 0.588378 0.553266
vt 0.612099 0.553266
vt 0.613272 0.553266
vt 0.614445 0.553266
vt 0.614945 0.553266
vt 0.615608 0.553266
vt 0.616248 0.553266
vt 0.618278 0.553266
vt 0.62031 0.553266
vt 0.622345 0.553266
vt 0.62438 0.553266
vt 0.626242 0.553266
vt 0.628103 0.553266
vt 0.629961 0.553266
vt 0.631817 0.553266
vt 0.632608 0.553266
vt 0.633426 0.553266
vt 0.633702 0.553266
vt 0.634348 0.553266
vt 0.634991 0.553266
vt 0.635633 0.553266
vt 0.636279 0.553266
vt 0.659996 0.553266
vt 0.661192 0.553266
vt 0.662388 0.553266
vt 0.662782 0.553266
vt 0.663467 0.553266
vt 0.664129 0.553266
vt 0.666158 0.553266
vt 0.668189 0.553266
vt 0.670222 0.553266
vt 0.672256 0.553266
vt 0.67418 0.553266
vt 0.676102 0.553266
vt 0.678024 0.553266
vt 0.679943 0.553266
vt 0.680505 0.553266
vt 0.681087 0.553266
vt 0.682286 0.553266
vt 0.683349 0.553266
vt 0.684411 0.553266
vt 0.707095 0.553266
vt 0.70787 0.553266
vt 0.708643 0.553266
vt 0.709416 0.553266
vt 0.710191 0.553266
vt 0.711237 0.553266
vt 0.712239 0.553266
vt 0.71527 0.553266
vt 0.718398 0.553266
vt 0.720431 0.553266
vt 0.722551 0.553266
vt 0.724776 0.553266
vt 0.727122 0.553266
vt 0.72796 0.553266
vt 0.728816 0.553266
vt 0.729717 0.553266
vt 0.73038 0.553266
vt 0.731042 0.553266
vt 0.731709 0.553266
vt 0.755238 0.553266
vt 0.756292 0.553266
vt 0.757348 0.553266
vt 0.758298 0.553266
vt 0.758826 0.553266
vt 0.759337 0.553266
vt 0.761435 0.553266
vt 0.763535 0.553266
vt 0.765636 0.553266
vt 0.767737 0.553266
vt 0.769673 0.553266
vt 0.771608 0.553266
vt 0.773541 0.553266
vt 0.775473 0.553266
vt 0.775768 0.553266
vt 0.776074 0.553266
vt 0.778989 0.553266
vt 0.779774 0.553266
vt 0.78056 0.553266
vt 0.803061 0.553266
vt 0.804269 0.553266
vt 0.805478 0.553266
vt 0.806335 0.553266
vt 0.806985 0.553266
vt 0.809112 0.553266
vt 0.811242 0.553266
vt 0.817947 0.553266
vt 0.820078 0.553266
vt 0.82221 0.553266
vt 0.824081 0.553266
vt 0.825951 0.553266
vt 0.827819 0.553266
vt 0.829686 0.553266
vt 0.830093 0.553266
vt 0.830513 0.553266
vt 0.832833 0.553266
vt 0.833719 0.553266
vt 0.834604 0.553266
vt 0.857963 0.553266
vt 0.85917 0.553266
vt 0.860378 0.553266
vt 0.860705 0.553266
vt 0.861396 0.553266
vt 0.862065 0.553266
vt 0.864113 0.553266
vt 0.866163 0.553266
vt 0.868214 0.553266
vt 0.870267 0.553266
vt 0.872208 0.553266
vt 0.874149 0.553266
vt 0.876088 0.553266
vt 0.878025 0.553266
vt 0.878388 0.553266
vt 0.878764 0.553266
vt 0.881131 0.553266
vt 0.881989 0.553266
vt 0.882847 0.553266
vt 0.905704 0.553266
vt 0.906614 0.553266
vt 0.907523 0.553266
vt 0.909326 0.553266
vt 0.909733 0.553266
vt 0.910126 0.553266
vt 0.912142 0.553266
vt 0.91416 0.553266
vt 0.916178 0.553266
vt 0.918197 0.553266
vt 0.920264 0.553266
vt 0.922332 0.553266
vt 0.924398 0.553266
vt 0.926463 0.553266
vt 0.92693 0.553266
vt 0.927415 0.553266
vt 0.928618 0.553266
vt 0.929619 0.553266
vt 0.93062 0.553266
vt 0.943845 0.553266
vt 0.944215 0.553266
vt 0.95093 0.553266
vt 0.951259 0.553266
vt 0.951609 0.553266
vt 0.958353 0.553266
vt 0.958721 0.553266
vt 0.969301 0.553266
vt 0.969613 0.553266
vt 0.970084 0.553266
vt 0.976818 0.553266
vt 0.97725 0.553266
vt 0.98395 0.553266
vt 0.98443 0.553266
vt 0.984734 0.553266
vt 1 0.553266
vt 0.00763336 0.281277
vt 0.0153874 0.281277
vt 0.0156956 0.281277
vt 0.022816 0.281277
vt 0.0299818 0.281277
vt 0.0354912 0.281277
vt 0.0409111 0.281277
vt 0.0412694 0.281277
vt 0.0417171 0.281277
vt 0.0421565 0.281277
vt 0.042511 0.281277
vt 0.0492585 0.281277
vt 0.0563863 0.281277
vt 0.0574167 0.281277
vt 0.0585339 0.281277
vt 0.0593717 0.281277
vt 0.059834 0.281277
vt 0.0610889 0.281277
vt 0.0631465 0.281277
vt 0.0652051 0.281277
vt 0.0672645 0.281277
vt 0.0692997 0.281277
vt 0.0713101 0.281277
vt 0.0733198 0.281277
vt 0.0753283 0.281277
vt 0.0765233 0.281277
vt 0.0769119 0.281277
vt 0.0780112 0.281277
vt 0.0793809 0.281277
vt 0.0803175 0.281277
vt 0.0922147 0.281277
vt 0.104085 0.281277
vt 0.104968 0.281277
vt 0.106594 0.281277
vt 0.107961 0.281277
vt 0.10832 0.281277
vt 0.109461 0.281277
vt 0.111391 0.281277
vt 0.113323 0.281277
vt 0.115256 0.281277
vt 0.117245 0.281277
vt 0.119289 0.281277
vt 0.121332 0.281277
vt 0.123373 0.281277
vt 0.124717 0.281277
vt 0.125378 0.281277
vt 0.125877 0.281277
vt 0.126662 0.281277
vt 0.127906 0.281277
vt 0.140207 0.281277
vt 0.152342 0.281277
vt 0.153254 0.281277
vt 0.15487 0.281277
vt 0.156235 0.281277
vt 0.156637 0.281277
vt 0.157764 0.281277
vt 0.159624 0.281277
vt 0.161486 0.281277
vt 0.163349 0.281277
vt 0.165342 0.281277
vt 0.167465 0.281277
vt 0.169587 0.281277
vt 0.171707 0.281277
vt 0.173082 0.281277
vt 0.173724 0.281277
vt 0.174765 0.281277
vt 0.176101 0.281277
vt 0.187974 0.281277
vt 0.199629 0.281277
vt 0.200438 0.281277
vt 0.2023 0.281277
vt 0.203906 0.281277
vt 0.204199 0.281277
vt 0.205304 0.281277
vt 0.207229 0.281277
vt 0.209156 0.281277
vt 0.211083 0.281277
vt 0.213094 0.281277
vt 0.215187 0.281277
vt 0.217279 0.281277
vt 0.219369 0.281277
vt 0.220662 0.281277
vt 0.221166 0.281277
vt 0.221898 0.281277
vt 0.222917 0.281277
vt 0.224003 0.281277
vt 0.236311 0.281277
vt 0.248418 0.281277
vt 0.249103 0.281277
vt 0.249785 0.281277
vt 0.25047 0.281277
vt 0.251346 0.281277
vt 0.252285 0.281277
vt 0.253861 0.281277
vt 0.256139 0.281277
vt 0.258304 0.281277
vt 0.260373 0.281277
vt 0.262942 0.281277
vt 0.266007 0.281277
vt 0.268 0.281277
vt 0.268992 0.281277
vt 0.269899 0.281277
vt 0.270696 0.281277
vt 0.271493 0.281277
vt 0.27229 0.281277
vt 0.284031 0.281277
vt 0.29592 0.281277
vt 0.297014 0.281277
vt 0.298161 0.281277
vt 0.299043 0.281277
vt 0.299599 0.281277
vt 0.300827 0.281277
vt 0.30274 0.281277
vt 0.304655 0.281277
vt 0.30657 0.281277
vt 0.308541 0.281277
vt 0.310566 0.281277
vt 0.31259 0.281277
vt 0.314612 0.281277
vt 0.315944 0.281277
vt 0.316598 0.281277
vt 0.317127 0.281277
vt 0.31794 0.281277
vt 0.319172 0.281277
vt 0.331646 0.281277
vt 0.350529 0.281277
vt 0.351192 0.281277
vt 0.351854 0.281277
vt 0.352517 0.281277
vt 0.352988 0.281277
vt 0.353524 0.281277
vt 0.354304 0.281277
vt 0.355612 0.281277
vt 0.357462 0.281277
vt 0.359314 0.281277
vt 0.361168 0.281277
vt 0.363109 0.281277
vt 0.365136 0.281277
vt 0.367161 0.281277
vt 0.369184 0.281277
vt 0.370505 0.281277
vt 0.371138 0.281277
vt 0.37171 0.281277
vt 0.372564 0.281277
vt 0.373772 0.281277
vt 0.386237 0.281277
vt 0.398435 0.281277
vt 0.399108 0.281277
vt 0.399779 0.281277
vt 0.400452 0.281277
vt 0.401277 0.281277
vt 0.402153 0.281277
vt 0.403479 0.281277
vt 0.405351 0.281277
vt 0.407225 0.281277
vt 0.4091 0.281277
vt 0.411058 0.281277
vt 0.413097 0.281277
vt 0.415135 0.281277
vt 0.41717 0.281277
vt 0.418421 0.281277
vt 0.418898 0.281277
vt 0.419768 0.281277
vt 0.420916 0.281277
vt 0.421957 0.281277
vt 0.43431 0.281277
vt 0.446714 0.281277
vt 0.447856 0.281277
vt 0.44893 0.281277
vt 0.449758 0.281277
vt 0.450397 0.281277
vt 0.451587 0.281277
vt 0.453336 0.281277
vt 0.455078 0.281277
vt 0.456817 0.281277
vt 0.458552 0.281277
vt 0.460287 0.281277
vt 0.462026 0.281277
vt 0.463772 0.281277
vt 0.46498 0.281277
vt 0.465658 0.281277
vt 0.466411 0.281277
vt 0.467411 0.281277
vt 0.468596 0.281277
vt 0.479537 0.281277
vt 0.506937 0.281277
vt 0.517862 0.281277
vt 0.519011 0.281277
vt 0.519995 0.281277
vt 0.520758 0.281277
vt 0.521456 0.281277
vt 0.522678 0.281277
vt 0.524431 0.281277
vt 0.526178 0.281277
vt 0.52792 0.281277
vt 0.529663 0.281277
vt 0.531407 0.281277
vt 0.533156 0.281277
vt 0.534912 0.281277
vt 0.536115 0.281277
vt 0.536774 0.281277
vt 0.537611 0.281277
vt 0.538669 0.281277
vt 0.539778 0.281277
vt 0.552165 0.281277
vt 0.564503 0.281277
vt 0.565514 0.281277
vt 0.566647 0.281277
vt 0.567523 0.281277
vt 0.568014 0.281277
vt 0.569277 0.281277
vt 0.57132 0.281277
vt 0.573366 0.281277
vt 0.575413 0.281277
vt 0.577379 0.281277
vt 0.579262 0.281277
vt 0.581143 0.281277
vt 0.583023 0.281277
vt 0.584364 0.281277
vt 0.585181 0.281277
vt 0.586007 0.281277
vt 0.586745 0.281277
vt 0.587397 0.281277
vt 0.58805 0.281277
vt 0.600239 0.281277
vt 0.612686 0.281277
vt 0.613858 0.281277
vt 0.614695 0.281277
vt 0.615277 0.281277
vt 0.615928 0.281277
vt 0.617263 0.281277
vt 0.619294 0.281277
vt 0.621327 0.281277
vt 0.623362 0.281277
vt 0.625311 0.281277
vt 0.627172 0.281277
vt 0.629032 0.281277
vt 0.630889 0.281277
vt 0.632213 0.281277
vt 0.633017 0.281277
vt 0.633564 0.281277
vt 0.634025 0.281277
vt 0.634669 0.281277
vt 0.635312 0.281277
vt 0.635956 0.281277
vt 0.648138 0.281277
vt 0.660594 0.281277
vt 0.66179 0.281277
vt 0.662585 0.281277
vt 0.663124 0.281277
vt 0.663798 0.281277
vt 0.665143 0.281277
vt 0.667173 0.281277
vt 0.669205 0.281277
vt 0.671239 0.281277
vt 0.673218 0.281277
vt 0.675141 0.281277
vt 0.677063 0.281277
vt 0.678983 0.281277
vt 0.680224 0.281277
vt 0.680796 0.281277
vt 0.681687 0.281277
vt 0.682818 0.281277
vt 0.68388 0.281277
vt 0.695753 0.281277
vt 0.707482 0.281277
vt 0.708256 0.281277
vt 0.70903 0.281277
vt 0.709804 0.281277
vt 0.710714 0.281277
vt 0.711738 0.281277
vt 0.713754 0.281277
vt 0.716834 0.281277
vt 0.719414 0.281277
vt 0.721491 0.281277
vt 0.723663 0.281277
vt 0.725949 0.281277
vt 0.727541 0.281277
vt 0.728388 0.281277
vt 0.729266 0.281277
vt 0.730048 0.281277
vt 0.730711 0.281277
vt 0.731376 0.281277
vt 0.743473 0.281277
vt 0.755765 0.281277
vt 0.75682 0.281277
vt 0.757823 0.281277
vt 0.758562 0.281277
vt 0.759082 0.281277
vt 0.760386 0.281277
vt 0.762485 0.281277
vt 0.764585 0.281277
vt 0.766687 0.281277
vt 0.768705 0.281277
vt 0.77064 0.281277
vt 0.772574 0.281277
vt 0.774507 0.281277
vt 0.775621 0.281277
vt 0.775921 0.281277
vt 0.777532 0.281277
vt 0.779382 0.281277
vt 0.780167 0.281277
vt 0.791811 0.281277
vt 0.803665 0.281277
vt 0.804873 0.281277
vt 0.805907 0.281277
vt 0.80666 0.281277
vt 0.808049 0.281277
vt 0.810177 0.281277
vt 0.819013 0.281277
vt 0.821144 0.281277
vt 0.823146 0.281277
vt 0.825016 0.281277
vt 0.826885 0.281277
vt 0.828753 0.281277
vt 0.829889 0.281277
vt 0.830303 0.281277
vt 0.831673 0.281277
vt 0.833276 0.281277
vt 0.834161 0.281277
vt 0.846283 0.281277
vt 0.858566 0.281277
vt 0.859774 0.281277
vt 0.860541 0.281277
vt 0.86105 0.281277
vt 0.861731 0.281277
vt 0.863089 0.281277
vt 0.865138 0.281277
vt 0.867188 0.281277
vt 0.86924 0.281277
vt 0.871237 0.281277
vt 0.873179 0.281277
vt 0.875118 0.281277
vt 0.877057 0.281277
vt 0.878207 0.281277
vt 0.878576 0.281277
vt 0.879948 0.281277
vt 0.88156 0.281277
vt 0.882418 0.281277
vt 0.894276 0.281277
vt 0.906159 0.281277
vt 0.907069 0.281277
vt 0.908425 0.281277
vt 0.90953 0.281277
vt 0.909929 0.281277
vt 0.911134 0.281277
vt 0.913151 0.281277
vt 0.915169 0.281277
vt 0.917187 0.281277
vt 0.919231 0.281277
vt 0.921298 0.281277
vt 0.923365 0.281277
vt 0.92543 0.281277
vt 0.926696 0.281277
vt 0.927172 0.281277
vt 0.928016 0.281277
vt 0.929119 0.281277
vt 0.930119 0.281277
vt 0.937232 0.281277
vt 0.94403 0.281277
vt 0.951094 0.281277
vt 0.951434 0.281277
vt 0.958537 0.281277
vt 0.964011 0.281277
vt 0.969457 0.281277
vt 0.969848 0.281277
vt 0.977034 0.281277
vt 0.98419 0.281277
vt 0.984582 0.281277
vt 0.992367 0.281277


# Vertex Surface Normals: 
vn 0 0 1
vn 0 0 -1
vn 0.00928876 0.999957 0
vn 0.00928876 0.999957 -4.26415e-19
vn 0.0880747 0.996114 -8.27125e-18
vn 0.0880747 0.996114 8.27125e-18
vn 0.00928876 0.999957 4.26415e-19
vn 0.166313 0.986073 0
vn 0.440214 0.897893 -8.22775e-18
vn 0.440214 0.897893 8.22775e-18
vn 0.677667 0.735369 0
vn 0.677667 0.735369 2.90358e-19
vn 0.677667 0.735369 -2.90358e-19
vn 0.979762 -0.200166 0
vn 0.979762 -0.200166 0
vn 0.979762 -0.200166 0
vn 0.979762 -0.200166 0
vn 0.979762 -0.200166 0
vn 0.317315 -0.94832 0
vn 0.317315 -0.94832 0
vn 0.160748 -0.986996 0
vn 0.160748 -0.986996 0
vn 0.317315 -0.94832 0
vn 0 -1 0
vn 0.106255 -0.994339 9.46357e-20
vn 0.106255 -0.994339 -9.46357e-20
vn 0.211307 -0.97742 0
vn 0.509407 -0.860526 9.91845e-20
vn 0.509407 -0.860526 -9.91845e-20
vn 0.755278 -0.655404 0
vn 0.935546 -0.353206 0
vn 0.935546 -0.353206 0
vn 0.999974 -0.00727398 0
vn 0.935739 0.352693 0
vn 0.935739 0.352693 0
vn 0.746394 0.665505 0
vn 0.496541 0.868013 1.97247e-19
vn 0.496541 0.868013 -1.97247e-19
vn 0.195329 0.980738 0
vn 0.0981381 0.995173 1.87953e-19
vn 0.0981381 0.995173 -1.87953e-19
vn 0 1 0
vn -0.0524584 0.998623 0
vn -0.0524584 0.998623 0
vn -0.104772 0.994496 0
vn -0.209759 0.977753 0
vn -0.209759 0.977753 0
vn -0.312375 0.949959 0
vn -0.361792 0.932259 9.8886e-18
vn -0.361792 0.932259 -9.8886e-18
vn -0.410212 0.91199 0
vn -0.389426 0.921058 9.8057e-19
vn -0.389426 0.921058 -9.8057e-19
vn -0.36844 0.929652 0
vn -0.323858 0.946106 -1.56826e-17
vn -0.323858 0.946106 1.56826e-17
vn -0.278544 0.960423 0
vn -0.240036 0.970764 -1.15805e-17
vn -0.240036 0.970764 1.15805e-17
vn -0.201146 0.979561 0
vn -0.172449 0.985018 -4.80312e-18
vn -0.172449 0.985018 4.80312e-18
vn -0.143605 0.989635 0
vn -0.114917 0.993375 2.07126e-18
vn -0.114917 0.993375 -2.07126e-18
vn -0.0861337 0.996284 0
vn -0.0574445 0.998349 1.37925e-18
vn -0.0574445 0.998349 -1.37925e-18
vn -0.0287077 0.999588 0
vn -0.000338691 1 -3.1861e-19
vn -0.000338691 1 3.1861e-19
vn 0.0280306 0.999607 0
vn 0.0560996 0.998425 3.73385e-19
vn 0.0560996 0.998425 -3.73385e-19
vn 0.0841243 0.996455 0
vn 0.112253 0.99368 6.75844e-18
vn 0.112253 0.99368 -6.75844e-18
vn 0.140293 0.99011 0
vn 0.168494 0.985703 6.65011e-18
vn 0.168494 0.985703 -6.65011e-18
vn 0.196558 0.980492 0
vn 0.231114 0.972927 -1.084e-19
vn 0.231114 0.972927 1.084e-19
vn 0.26538 0.964144 0
vn 0.302818 0.953048 -8.16308e-18
vn 0.302818 0.953048 8.16308e-18
vn 0.339795 0.9405 0
vn 0.357283 0.933996 8.6923e-19
vn 0.357283 0.933996 -8.6923e-19
vn 0.374646 0.927168 0
vn 0.330122 0.943938 9.03617e-18
vn 0.330122 0.943938 -9.03617e-18
vn 0.28485 0.958572 0
vn 0.19107 0.981576 1.86815e-19
vn 0.19107 0.981576 -1.86815e-19
vn 0.0955082 0.995429 0
vn 0.0478088 0.998857 1.86157e-19
vn 0.0478088 0.998857 -1.86157e-19
vn 0 1 0
vn -0.0451266 0.998981 0
vn -0.0451266 0.998981 0
vn -0.0901612 0.995927 0
vn -0.180244 0.983622 0
vn -0.180244 0.983622 0
vn -0.268836 0.963186 0
vn -0.311949 0.950099 0
vn -0.311949 0.950099 0
vn -0.354429 0.935083 0
vn -0.338214 0.941069 -7.77435e-18
vn -0.338214 0.941069 7.77435e-18
vn -0.321899 0.946774 0
vn -0.287552 0.957765 -1.67587e-18
vn -0.287552 0.957765 1.67587e-18
vn -0.25283 0.967511 0
vn -0.221051 0.975262 1.634e-18
vn -0.221051 0.975262 -1.634e-18
vn -0.189037 0.98197 0
vn -0.162014 0.986788 -1.22168e-18
vn -0.162014 0.986788 1.22168e-18
vn -0.134869 0.990863 0
vn -0.107899 0.994162 1.2861e-18
vn -0.107899 0.994162 -1.2861e-18
vn -0.0808501 0.996726 0
vn -0.0539127 0.998546 -2.79763e-18
vn -0.0539127 0.998546 2.79763e-18
vn -0.0269359 0.999637 0
vn 0.000768014 1 -3.4353e-19
vn 0.000768014 1 3.4353e-19
vn 0.0284713 0.999595 0
vn 0.0569773 0.998375 4.94974e-19
vn 0.0569773 0.998375 -4.94974e-19
vn 0.0854369 0.996344 0
vn 0.114009 0.99348 3.43151e-18
vn 0.114009 0.99348 -3.43151e-18
vn 0.142487 0.989797 0
vn 0.171152 0.985245 3.43154e-18
vn 0.171152 0.985245 -3.43154e-18
vn 0.199673 0.979863 0
vn 0.249876 0.968278 0
vn 0.249876 0.968278 0
vn 0.299416 0.954123 0
vn 0.365335 0.930876 0
vn 0.365335 0.930876 0
vn 0.429469 0.903081 0
vn 0.459356 0.888252 0
vn 0.459356 0.888252 0
vn 0.488732 0.872434 0
vn 0.432028 0.90186 -9.12397e-18
vn 0.432028 0.90186 9.12397e-18
vn 0.37356 0.927606 0
vn 0.252631 0.967563 -9.1798e-18
vn 0.252631 0.967563 9.1798e-18
vn 0.127604 0.991825 0
vn 0.0639327 0.997954 0
vn 0.0639327 0.997954 0
vn 0 1 0
vn -0.0465372 0.998917 0
vn -0.0465372 0.998917 0
vn -0.0929736 0.995669 0
vn -0.185828 0.982582 0
vn -0.185828 0.982582 0
vn -0.277047 0.960856 0
vn -0.321424 0.946935 4.42761e-18
vn -0.321424 0.946935 -4.42761e-18
vn -0.365106 0.930966 0
vn -0.347064 0.937842 8.39394e-18
vn -0.347064 0.937842 -8.39394e-18
vn -0.328892 0.944367 0
vn -0.290133 0.956986 7.00037e-18
vn -0.290133 0.956986 -7.00037e-18
vn -0.250892 0.968015 0
vn -0.216758 0.976225 3.2142e-18
vn -0.216758 0.976225 -3.2142e-18
vn -0.182357 0.983232 0
vn -0.156271 0.987714 3.74388e-19
vn -0.156271 0.987714 -3.74388e-19
vn -0.130075 0.991504 0
vn -0.104051 0.994572 1.87104e-19
vn -0.104051 0.994572 -1.87104e-19
vn -0.0779554 0.996957 0
vn -0.0519772 0.998648 3.12452e-19
vn -0.0519772 0.998648 -3.12452e-19
vn -0.0259638 0.999663 0
vn 0.00180206 0.999998 3.12467e-19
vn 0.00180206 0.999998 -3.12467e-19
vn 0.0295666 0.999563 0
vn 0.0591534 0.998249 1.94763e-19
vn 0.0591534 0.998249 -1.94763e-19
vn 0.0886883 0.996059 0
vn 0.11832 0.992975 1.94764e-19
vn 0.11832 0.992975 -1.94764e-19
vn 0.147847 0.98901 0
vn 0.177553 0.984111 -2.50559e-18
vn 0.177553 0.984111 2.50559e-18
vn 0.207097 0.97832 0
vn 0.256671 0.966499 -6.21137e-18
vn 0.256671 0.966499 6.21137e-18
vn 0.305579 0.952167 0
vn 0.369416 0.929264 1.50353e-18
vn 0.369416 0.929264 -1.50353e-18
vn 0.431555 0.902087 0
vn 0.410405 0.911904 5.35475e-19
vn 0.410405 0.911904 -5.35475e-19
vn 0.389031 0.921225 0
vn 0.260787 0.965396 -4.70689e-18
vn 0.260787 0.965396 4.70689e-18
vn 0.127746 0.991807 0
vn 0.0640043 0.99795 0
vn 0.0640043 0.99795 0
vn 0 1 0
vn -0.0413349 0.999145 0
vn -0.0413349 0.999145 0
vn -0.0825992 0.996583 0
vn -0.165059 0.986284 -1.89109e-19
vn -0.165059 0.986284 1.89109e-19
vn -0.24638 0.969173 0
vn -0.286272 0.958148 -1.28938e-19
vn -0.286272 0.958148 1.28938e-19
vn -0.325674 0.945482 0
vn -0.312846 0.949804 -1.70589e-18
vn -0.312846 0.949804 1.70589e-18
vn -0.29996 0.953952 0
vn -0.27252 0.96215 -1.67131e-18
vn -0.27252 0.96215 1.67131e-18
vn -0.244857 0.969559 0
vn -0.216753 0.976226 1.15807e-18
vn -0.216753 0.976226 -1.15807e-18
vn -0.188469 0.982079 0
vn -0.161535 0.986867 1.26666e-18
vn -0.161535 0.986867 -1.26666e-18
vn -0.134481 0.990916 0
vn -0.107591 0.994195 3.95384e-19
vn -0.107591 0.994195 -3.95384e-19
vn -0.0806227 0.996745 0
vn -0.0537611 0.998554 -1.5795e-19
vn -0.0537611 0.998554 1.5795e-19
vn -0.0268605 0.999639 0
vn 0.00114682 0.999999 -5.26656e-19
vn 0.00114682 0.999999 5.26656e-19
vn 0.0291532 0.999575 0
vn 0.0583391 0.998297 -1.76729e-19
vn 0.0583391 0.998297 1.76729e-19
vn 0.0874751 0.996167 0
vn 0.116721 0.993165 -1.87296e-19
vn 0.116721 0.993165 1.87296e-19
vn 0.145866 0.989304 0
vn 0.175195 0.984534 9.79146e-19
vn 0.175195 0.984534 -9.79146e-19
vn 0.204369 0.978894 0
vn 0.245935 0.969286 1.21097e-18
vn 0.245935 0.969286 -1.21097e-18
vn 0.287053 0.957915 0
vn 0.336798 0.941577 -2.29296e-18
vn 0.336798 0.941577 2.29296e-18
vn 0.38562 0.922658 0
vn 0.408583 0.912721 -2.33448e-18
vn 0.408583 0.912721 2.33448e-18
vn 0.431291 0.902213 0
vn 0.380014 0.924981 0
vn 0.380014 0.924981 0
vn 0.327542 0.944837 0
vn 0.221094 0.975253 1.81536e-19
vn 0.221094 0.975253 -1.81536e-19
vn 0.111936 0.993715 0
vn 0.0560559 0.998428 1.80708e-19
vn 0.0560559 0.998428 -1.80708e-19
vn 0 1 0
vn -0.0350649 0.999385 1.07172e-19
vn -0.0350649 0.999385 -1.07172e-19
vn -0.0700867 0.997541 0
vn -0.139844 0.990174 1.0737e-19
vn -0.139844 0.990174 -1.0737e-19
vn -0.208913 0.977934 0
vn -0.276866 0.960908 0
vn -0.276866 0.960908 0
vn -0.34346 0.939167 0
vn -0.408426 0.912791 0
vn -0.408426 0.912791 0
vn -0.471384 0.881928 0
vn -0.473062 0.881029 0
vn -0.473062 0.881029 0
vn -0.474737 0.880128 0
vn -0.387069 0.922051 0
vn -0.387069 0.922051 0
vn -0.295745 0.955267 0
vn -0.242082 0.970256 7.44945e-20
vn -0.242082 0.970256 -7.44945e-20
vn -0.187668 0.982233 0
vn -0.164496 0.986378 7.43995e-20
vn -0.164496 0.986378 -7.43995e-20
vn -0.141233 0.989976 0
vn -0.115082 0.993356 1.85378e-19
vn -0.115082 0.993356 -1.85378e-19
vn -0.0888515 0.996045 0
vn -0.0598833 0.998205 8.86906e-20
vn -0.0598833 0.998205 -8.86906e-20
vn -0.0308645 0.999524 0
vn 0.0103745 0.999946 -4.45997e-19
vn 0.0103745 0.999946 4.45997e-19
vn 0.0515959 0.998668 0
vn 0.105721 0.994396 -1.47437e-19
vn 0.105721 0.994396 1.47437e-19
vn 0.159534 0.987192 0
vn 0.243548 0.969889 2.02484e-19
vn 0.243548 0.969889 -2.02484e-19
vn 0.325771 0.945449 0
vn 0.427746 0.903899 8.63248e-20
vn 0.427746 0.903899 -8.63248e-20
vn 0.524535 0.851389 0
vn 0.532528 0.846412 -3.16228e-18
vn 0.532528 0.846412 3.16228e-18
vn 0.540474 0.841361 0
vn 0.470051 0.882639 -3.36859e-18
vn 0.470051 0.882639 3.36859e-18
vn 0.396495 0.918037 0
vn 0.321078 0.947053 1.18014e-18
vn 0.321078 0.947053 -1.18014e-18
vn 0.243565 0.969885 0
vn 0.163687 0.986512 1.29001e-18
vn 0.163687 0.986512 -1.29001e-18
vn 0.0827202 0.996573 0
vn 0.0413956 0.999143 0
vn 0.0413956 0.999143 0
vn 0 1 0
vn -0.0564136 0.998407 0
vn -0.0564136 0.998407 0
vn -0.112647 0.993635 0
vn -0.222505 0.974932 1.82231e-18
vn -0.222505 0.974932 -1.82231e-18
vn -0.329599 0.944121 0
vn -0.382437 0.923982 -8.40222e-19
vn -0.382437 0.923982 8.40222e-19
vn -0.434052 0.900888 0
vn -0.409028 0.912522 -4.96482e-18
vn -0.409028 0.912522 4.96482e-18
vn -0.383693 0.923461 0
vn -0.329329 0.944215 9.90108e-19
vn -0.329329 0.944215 -9.90108e-19
vn -0.27385 0.961772 0
vn -0.230762 0.97301 4.44405e-18
vn -0.230762 0.97301 -4.44405e-18
vn -0.187216 0.982319 0
vn -0.160439 0.987046 1.93462e-18
vn -0.160439 0.987046 -1.93462e-18
vn -0.133544 0.991043 0
vn -0.106833 0.994277 7.9604e-19
vn -0.106833 0.994277 -7.9604e-19
vn -0.0800439 0.996791 0
vn -0.0533733 0.998575 -1.90222e-19
vn -0.0533733 0.998575 1.90222e-19
vn -0.0266646 0.999644 0
vn 0.000756031 1 -2.22133e-21
vn 0.000756031 1 2.22133e-21
vn 0.0281761 0.999603 0
vn 0.0563863 0.998409 1.88008e-19
vn 0.0563863 0.998409 -1.88008e-19
vn 0.0845515 0.996419 0
vn 0.11283 0.993614 0
vn 0.11283 0.993614 0
vn 0.141018 0.990007 0
vn 0.169398 0.985548 1.72333e-19
vn 0.169398 0.985548 -1.72333e-19
vn 0.197637 0.980275 0
vn 0.247488 0.968891 3.71883e-18
vn 0.247488 0.968891 -3.71883e-18
vn 0.296692 0.954973 0
vn 0.361953 0.932196 3.55018e-18
vn 0.361953 0.932196 -3.55018e-18
vn 0.425484 0.904966 0
vn 0.455246 0.890366 5.85463e-18
vn 0.455246 0.890366 -5.85463e-18
vn 0.484508 0.874787 0
vn 0.428078 0.903742 1.02561e-17
vn 0.428078 0.903742 -1.02561e-17
vn 0.369927 0.929061 0
vn 0.250162 0.968204 3.07331e-18
vn 0.250162 0.968204 -3.07331e-18
vn 0.126426 0.991976 0
vn 0.0633401 0.997992 -1.3378e-18
vn 0.0633401 0.997992 1.3378e-18
vn 0 1 0
vn -0.034049 0.99942 0
vn -0.034049 0.99942 0
vn -0.0680585 0.997681 0
vn -0.135664 0.990755 -1.89749e-19
vn -0.135664 0.990755 1.89749e-19
vn -0.202643 0.979253 0
vn -0.268542 0.963268 -1.89747e-19
vn -0.268542 0.963268 1.89747e-19
vn -0.333207 0.942854 0
vn -0.396496 0.918037 5.45206e-18
vn -0.396496 0.918037 -5.45206e-18
vn -0.457952 0.888977 0
vn -0.487978 0.872856 5.44262e-18
vn -0.487978 0.872856 -5.44262e-18
vn -0.517437 0.855721 0
vn -0.482944 0.875651 -5.40857e-18
vn -0.482944 0.875651 5.40857e-18
vn -0.447684 0.894192 0
vn -0.371299 0.928514 -5.42329e-18
vn -0.371299 0.928514 5.42329e-18
vn -0.292309 0.956324 0
vn -0.237201 0.971461 -1.88617e-19
vn -0.237201 0.971461 1.88617e-19
vn -0.181318 0.983425 0
vn -0.155352 0.987859 -3.76474e-19
vn -0.155352 0.987859 3.76474e-19
vn -0.129279 0.991608 0
vn -0.103404 0.994639 -1.88098e-19
vn -0.103404 0.994639 1.88098e-19
vn -0.077459 0.996996 0
vn -0.0516451 0.998666 3.11027e-19
vn -0.0516451 0.998666 -3.11027e-19
vn -0.0257965 0.999667 0
vn 0.00119723 0.999999 1.60786e-19
vn 0.00119723 0.999999 -1.60786e-19
vn 0.0281901 0.999603 0
vn 0.05641 0.998408 3.22924e-20
vn 0.05641 0.998408 -3.22924e-20
vn 0.0845848 0.996416 0
vn 0.112876 0.993609 -1.51594e-18
vn 0.112876 0.993609 1.51594e-18
vn 0.141075 0.989999 0
vn 0.16948 0.985534 -1.6985e-18
vn 0.16948 0.985534 1.6985e-18
vn 0.197744 0.980254 0
vn 0.246455 0.969154 -8.76957e-20
vn 0.246455 0.969154 8.76957e-20
vn 0.294551 0.955636 0
vn 0.357525 0.933904 -1.02236e-17
vn 0.357525 0.933904 1.02236e-17
vn 0.418911 0.908027 0
vn 0.447674 0.894197 -1.01185e-17
vn 0.447674 0.894197 1.01185e-17
vn 0.47598 0.879456 0
vn 0.420328 0.907372 8.6665e-18
vn 0.420328 0.907372 -8.6665e-18
vn 0.363046 0.931771 0
vn 0.24545 0.969409 8.90687e-18
vn 0.24545 0.969409 -8.90687e-18
vn 0.124112 0.992268 0
vn 0.0621765 0.998065 1.89641e-19
vn 0.0621765 0.998065 -1.89641e-19
vn 0 1 0
vn -0.03453 0.999404 0
vn -0.03453 0.999404 0
vn -0.0690188 0.997615 0
vn -0.137617 0.990486 4.96802e-18
vn -0.137617 0.990486 -4.96802e-18
vn -0.20556 0.978645 0
vn -0.272389 0.962187 -3.21069e-18
vn -0.272389 0.962187 3.21069e-18
vn -0.337927 0.941172 0
vn -0.401972 0.915652 -8.2596e-18
vn -0.401972 0.915652 8.2596e-18
vn -0.464106 0.885779 0
vn -0.465203 0.885204 -8.06847e-20
vn -0.465203 0.885204 8.06847e-20
vn -0.466299 0.884627 0
vn -0.382902 0.923789 -7.26797e-18
vn -0.382902 0.923789 7.26797e-18
vn -0.296254 0.955109 0
vn -0.240234 0.970715 -7.15618e-18
vn -0.240234 0.970715 7.15618e-18
vn -0.183401 0.983038 0
vn -0.157151 0.987575 -9.28203e-20
vn -0.157151 0.987575 9.28203e-20
vn -0.130789 0.99141 0
vn -0.104619 0.994512 -2.06618e-18
vn -0.104619 0.994512 2.06618e-18
vn -0.0783754 0.996924 0
vn -0.0522578 0.998634 -2.50959e-18
vn -0.0522578 0.998634 2.50959e-18
vn -0.0261043 0.999659 0
vn 0.00113011 0.999999 -1.99499e-18
vn 0.00113011 0.999999 1.99499e-18
vn 0.0283637 0.999598 0
vn 0.0567585 0.998388 -1.3657e-18
vn 0.0567585 0.998388 1.3657e-18
vn 0.0851073 0.996372 0
vn 0.113572 0.99353 0
vn 0.113572 0.99353 0
vn 0.141943 0.989875 0
vn 0.170514 0.985355 -1.49805e-19
vn 0.170514 0.985355 1.49805e-19
vn 0.198943 0.980011 0
vn 0.238941 0.971034 -1.49868e-19
vn 0.238941 0.971034 1.49868e-19
vn 0.278538 0.960425 0
vn 0.325156 0.94566 1.7933e-17
vn 0.325156 0.94566 -1.7933e-17
vn 0.370996 0.928634 0
vn 0.392682 0.919674 7.91811e-18
vn 0.392682 0.919674 -7.91811e-18
vn 0.414152 0.910208 0
vn 0.365305 0.930888 -1.76315e-17
vn 0.365305 0.930888 1.76315e-17
vn 0.31543 0.948949 0
vn 0.21189 0.977293 -1.00339e-17
vn 0.21189 0.977293 1.00339e-17
vn 0.105909 0.994376 0
vn 0.0530292 0.998593 -2.36836e-18
vn 0.0530292 0.998593 2.36836e-18
vn 0 1 0
vn -0.0588655 0.998266 -2.83542e-18
vn -0.0588655 0.998266 2.83542e-18
vn -0.117527 0.99307 0
vn -0.232341 0.972634 1.37648e-17
vn -0.232341 0.972634 -1.37648e-17
vn -0.343995 0.938972 0
vn -0.398661 0.917099 1.65737e-17
vn -0.398661 0.917099 -1.65737e-17
vn -0.451944 0.892046 0
vn -0.422822 0.906213 -9.4529e-18
vn -0.422822 0.906213 9.4529e-18
vn -0.393256 0.919429 0
vn -0.329834 0.944039 -9.51327e-18
vn -0.329834 0.944039 9.51327e-18
vn -0.264885 0.96428 0
vn -0.218367 0.975867 -4.22511e-18
vn -0.218367 0.975867 4.22511e-18
vn -0.171348 0.985211 0
vn -0.147201 0.989107 -7.19027e-18
vn -0.147201 0.989107 7.19027e-18
vn -0.122967 0.992411 0
vn -0.0985199 0.995135 -1.192e-18
vn -0.0985199 0.995135 1.192e-18
vn -0.0740135 0.997257 0
vn -0.0493772 0.99878 9.93537e-19
vn -0.0493772 0.99878 -9.93537e-19
vn -0.0247108 0.999695 0
vn -2.15289e-05 1 -5.94921e-19
vn -2.15289e-05 1 5.94921e-19
vn 0.0246678 0.999696 0
vn 0.0492943 0.998784 1.88314e-19
vn 0.0492943 0.998784 -1.88314e-19
vn 0.073891 0.997266 0
vn 0.098363 0.995151 1.87425e-19
vn 0.098363 0.995151 -1.87425e-19
vn 0.122776 0.992434 0
vn 0.146982 0.989139 -4.01622e-18
vn 0.146982 0.989139 4.01622e-18
vn 0.1711 0.985254 0
vn 0.220445 0.9754 -4.17496e-18
vn 0.220445 0.9754 4.17496e-18
vn 0.269231 0.963076 0
vn 0.338017 0.94114 3.27992e-20
vn 0.338017 0.94114 -3.27992e-20
vn 0.405041 0.914298 0
vn 0.436359 0.899773 -1.12767e-17
vn 0.436359 0.899773 1.12767e-17
vn 0.467156 0.884175 0
vn 0.412459 0.910976 -1.98762e-17
vn 0.412459 0.910976 1.98762e-17
vn 0.356233 0.934397 0
vn 0.24071 0.970597 -8.63269e-18
vn 0.24071 0.970597 8.63269e-18
vn 0.121659 0.992572 0
vn 0.0609429 0.998141 0
vn 0.0609429 0.998141 0
vn 0 1 0
vn 0 1 0
vn 0 1 0
vn -0.0068508 -0.999977 0
vn -0.0068508 -0.999977 3.12463e-19
vn -0.0643707 -0.997926 1.56491e-19
vn -0.0643707 -0.997926 -1.56491e-19
vn -0.0068508 -0.999977 -3.12463e-19
vn -0.121677 -0.99257 0
vn -0.240675 -0.970606 0
vn -0.240675 -0.970606 0
vn -0.356149 -0.934429 0
vn -0.412419 -0.910994 -1.12909e-17
vn -0.412419 -0.910994 1.12909e-17
vn -0.467156 -0.884175 0
vn -0.436317 -0.899793 -1.12767e-17
vn -0.436317 -0.899793 1.12767e-17
vn -0.404956 -0.914336 0
vn -0.337949 -0.941165 -7.95536e-20
vn -0.337949 -0.941165 7.95536e-20
vn -0.269181 -0.96309 0
vn -0.220441 -0.9754 1.97264e-20
vn -0.220441 -0.9754 -1.97264e-20
vn -0.171143 -0.985246 0
vn -0.147026 -0.989133 -2.86227e-18
vn -0.147026 -0.989133 2.86227e-18
vn -0.122821 -0.992429 0
vn -0.0984037 -0.995147 -1.36367e-18
vn -0.0984037 -0.995147 1.36367e-18
vn -0.0739272 -0.997264 0
vn -0.0493199 -0.998783 1.59769e-18
vn -0.0493199 -0.998783 -1.59769e-18
vn -0.0246827 -0.999695 0
vn 1.97817e-05 -1 -3.74509e-19
vn 1.97817e-05 -1 3.74509e-19
vn 0.0247222 -0.999694 0
vn 0.0494044 -0.998779 -3.74509e-19
vn 0.0494044 -0.998779 3.74509e-19
vn 0.0740564 -0.997254 0
vn 0.0985847 -0.995129 -2.96988e-18
vn 0.0985847 -0.995129 2.96988e-18
vn 0.123053 -0.9924 0
vn 0.147316 -0.989089 1.08719e-18
vn 0.147316 -0.989089 -1.08719e-18
vn 0.17149 -0.985186 0
vn 0.218299 -0.975882 -2.32554e-18
vn 0.218299 -0.975882 2.32554e-18
vn 0.264611 -0.964355 0
vn 0.32979 -0.944054 -1.59056e-17
vn 0.32979 -0.944054 1.59056e-17
vn 0.393432 -0.919354 0
vn 0.422909 -0.906172 1.40352e-18
vn 0.422909 -0.906172 -1.40352e-18
vn 0.451944 -0.892046 0
vn 0.398609 -0.917121 1.92291e-17
vn 0.398609 -0.917121 -1.92291e-17
vn 0.34389 -0.93901 0
vn 0.232281 -0.972649 8.35993e-18
vn 0.232281 -0.972649 -8.35993e-18
vn 0.117517 -0.993071 0
vn 0.0588604 -0.998266 0
vn 0.0588604 -0.998266 0
vn 0 -1 0
vn -0.0530047 -0.998594 -2.74161e-18
vn -0.0530047 -0.998594 2.74161e-18
vn -0.10586 -0.994381 0
vn -0.211881 -0.977296 5.00017e-18
vn -0.211881 -0.977296 -5.00017e-18
vn -0.315457 -0.94894 0
vn -0.365318 -0.930883 1.77297e-17
vn -0.365318 -0.930883 -1.77297e-17
vn -0.414152 -0.910208 0
vn -0.392706 -0.919664 1.04307e-18
vn -0.392706 -0.919664 -1.04307e-18
vn -0.371043 -0.928615 0
vn -0.324991 -0.945717 -1.56899e-17
vn -0.324991 -0.945717 1.56899e-17
vn -0.278154 -0.960537 0
vn -0.238768 -0.971077 -1.634e-17
vn -0.238768 -0.971077 1.634e-17
vn -0.198984 -0.980003 0
vn -0.170556 -0.985348 -6.18562e-18
vn -0.170556 -0.985348 6.18562e-18
vn -0.141986 -0.989869 0
vn -0.113609 -0.993525 1.19402e-18
vn -0.113609 -0.993525 -1.19402e-18
vn -0.08514 -0.996369 0
vn -0.0567811 -0.998387 -3.59812e-18
vn -0.0567811 -0.998387 3.59812e-18
vn -0.0283762 -0.999597 0
vn -0.00113132 -0.999999 -1.1777e-18
vn -0.00113132 -0.999999 1.1777e-18
vn 0.0261144 -0.999659 0
vn 0.0522789 -0.998633 1.87766e-19
vn 0.0522789 -0.998633 -1.87766e-19
vn 0.0784076 -0.996921 0
vn 0.104662 -0.994508 -3.33267e-18
vn 0.104662 -0.994508 3.33267e-18
vn 0.130844 -0.991403 0
vn 0.157217 -0.987564 -7.85152e-18
vn 0.157217 -0.987564 7.85152e-18
vn 0.183478 -0.983024 0
vn 0.240211 -0.970721 -4.47054e-18
vn 0.240211 -0.970721 4.47054e-18
vn 0.296135 -0.955146 0
vn 0.376352 -0.926477 -1.09487e-17
vn 0.376352 -0.926477 1.09487e-17
vn 0.453838 -0.891084 0
vn 0.465181 -0.885216 -1.0964e-17
vn 0.465181 -0.885216 1.0964e-17
vn 0.476448 -0.879203 0
vn 0.408372 -0.912816 0
vn 0.408372 -0.912816 0
vn 0.337942 -0.941167 0
vn 0.272412 -0.962181 -4.97442e-18
vn 0.272412 -0.962181 4.97442e-18
vn 0.205593 -0.978638 0
vn 0.137637 -0.990483 -3.30396e-18
vn 0.137637 -0.990483 3.30396e-18
vn 0.0690265 -0.997615 0
vn 0.0345339 -0.999404 1.66754e-18
vn 0.0345339 -0.999404 -1.66754e-18
vn 0 -1 0
vn -0.0621448 -0.998067 -2.80898e-18
vn -0.0621448 -0.998067 2.80898e-18
vn -0.124049 -0.992276 0
vn -0.245427 -0.969415 -1.15409e-17
vn -0.245427 -0.969415 1.15409e-17
vn -0.363061 -0.931765 0
vn -0.420335 -0.907369 -8.66613e-18
vn -0.420335 -0.907369 8.66613e-18
vn -0.47598 -0.879456 0
vn -0.447681 -0.894193 0
vn -0.447681 -0.894193 0
vn -0.418926 -0.908021 0
vn -0.357327 -0.933979 0
vn -0.357327 -0.933979 0
vn -0.294131 -0.955765 0
vn -0.246308 -0.969192 2.38264e-18
vn -0.246308 -0.969192 -2.38264e-18
vn -0.197877 -0.980227 0
vn -0.169592 -0.985514 2.38069e-18
vn -0.169592 -0.985514 -2.38069e-18
vn -0.141166 -0.989986 0
vn -0.112947 -0.993601 1.01605e-18
vn -0.112947 -0.993601 -1.01605e-18
vn -0.0846364 -0.996412 0
vn -0.056444 -0.998406 1.01605e-18
vn -0.056444 -0.998406 -1.01605e-18
vn -0.0282064 -0.999602 0
vn -0.00119817 -0.999999 -3.12713e-19
vn -0.00119817 -0.999999 3.12713e-19
vn 0.0258109 -0.999667 0
vn 0.0516727 -0.998664 -6.87e-19
vn 0.0516727 -0.998664 6.87e-19
vn 0.0774998 -0.996992 0
vn 0.103456 -0.994634 -1.94333e-18
vn 0.103456 -0.994634 1.94333e-18
vn 0.129342 -0.9916 0
vn 0.155424 -0.987848 -1.56905e-18
vn 0.155424 -0.987848 1.56905e-18
vn 0.181399 -0.98341 0
vn 0.23719 -0.971463 0
vn 0.23719 -0.971463 0
vn 0.292209 -0.956355 0
vn 0.371278 -0.928522 -8.02063e-20
vn 0.371278 -0.928522 8.02063e-20
vn 0.447739 -0.894164 0
vn 0.48297 -0.875637 -7.99878e-20
vn 0.48297 -0.875637 7.99878e-20
vn 0.517436 -0.855722 0
vn 0.487873 -0.872914 0
vn 0.487873 -0.872914 0
vn 0.45774 -0.889086 0
vn 0.396356 -0.918097 4.02659e-18
vn 0.396356 -0.918097 -4.02659e-18
vn 0.333145 -0.942876 0
vn 0.268527 -0.963272 4.02655e-18
vn 0.268527 -0.963272 -4.02655e-18
vn 0.202677 -0.979246 0
vn 0.1357 -0.99075 0
vn 0.1357 -0.99075 0
vn 0.0680968 -0.997679 0
vn 0.0340682 -0.99942 0
vn 0.0340682 -0.99942 0
vn 0 -1 0
vn -0.0633437 -0.997992 -1.91611e-19
vn -0.0633437 -0.997992 1.91611e-19
vn -0.126433 -0.991975 0
vn -0.250179 -0.9682 -2.66172e-19
vn -0.250179 -0.9682 2.66172e-19
vn -0.369953 -0.929051 0
vn -0.428091 -0.903736 -7.2979e-20
vn -0.428091 -0.903736 7.2979e-20
vn -0.484508 -0.874787 0
vn -0.455202 -0.890388 0
vn -0.455202 -0.890388 0
vn -0.425393 -0.905009 0
vn -0.361727 -0.932284 0
vn -0.361727 -0.932284 0
vn -0.296325 -0.955087 0
vn -0.247328 -0.968932 2.38345e-18
vn -0.247328 -0.968932 -2.38345e-18
vn -0.197689 -0.980265 0
vn -0.169446 -0.98554 2.27421e-18
vn -0.169446 -0.98554 -2.27421e-18
vn -0.141063 -0.990001 0
vn -0.112868 -0.99361 9.09734e-19
vn -0.112868 -0.99361 -9.09734e-19
vn -0.0845824 -0.996416 0
vn -0.0564076 -0.998408 6.74488e-19
vn -0.0564076 -0.998408 -6.74488e-19
vn -0.0281878 -0.999603 0
vn -0.000758642 -1 -3.42365e-19
vn -0.000758642 -1 3.42365e-19
vn 0.0266711 -0.999644 0
vn 0.0533877 -0.998574 9.62008e-19
vn 0.0533877 -0.998574 -9.62008e-19
vn 0.0800661 -0.99679 0
vn 0.106865 -0.994274 9.62013e-19
vn 0.106865 -0.994274 -9.62013e-19
vn 0.133586 -0.991037 0
vn 0.160493 -0.987037 2.04138e-19
vn 0.160493 -0.987037 -2.04138e-19
vn 0.187282 -0.982306 0
vn 0.230647 -0.973037 2.04263e-19
vn 0.230647 -0.973037 -2.04263e-19
vn 0.273559 -0.961855 0
vn 0.329098 -0.944296 -2.30784e-18
vn 0.329098 -0.944296 2.30784e-18
vn 0.383521 -0.923532 0
vn 0.408943 -0.91256 -4.91939e-18
vn 0.408943 -0.91256 4.91939e-18
vn 0.434052 -0.900888 0
vn 0.382489 -0.92396 -2.61775e-18
vn 0.382489 -0.92396 2.61775e-18
vn 0.329706 -0.944084 0
vn 0.222592 -0.974912 6.80802e-19
vn 0.222592 -0.974912 -6.80802e-19
vn 0.112714 -0.993628 0
vn 0.0564468 -0.998406 6.77653e-19
vn 0.0564468 -0.998406 -6.77653e-19
vn 0 -1 0
vn -0.0414081 -0.999142 1.89921e-19
vn -0.0414081 -0.999142 -1.89921e-19
vn -0.0827451 -0.996571 0
vn -0.163719 -0.986507 1.66043e-18
vn -0.163719 -0.986507 -1.66043e-18
vn -0.243602 -0.969875 0
vn -0.321093 -0.947048 1.55475e-18
vn -0.321093 -0.947048 -1.55475e-18
vn -0.396489 -0.918039 0
vn -0.470001 -0.882666 8.48118e-20
vn -0.470001 -0.882666 -8.48118e-20
vn -0.540384 -0.841418 0
vn -0.532368 -0.846513 -4.16213e-20
vn -0.532368 -0.846513 4.16213e-20
vn -0.524304 -0.851531 0
vn -0.427553 -0.903991 1.75277e-18
vn -0.427553 -0.903991 -1.75277e-18
vn -0.325622 -0.9455 0
vn -0.243519 -0.969896 1.61769e-18
vn -0.243519 -0.969896 -1.61769e-18
vn -0.15963 -0.987177 0
vn -0.10578 -0.99439 8.54861e-21
vn -0.10578 -0.99439 -8.54861e-21
vn -0.0516189 -0.998667 0
vn -0.0103793 -0.999946 -6.70535e-21
vn -0.0103793 -0.999946 6.70535e-21
vn 0.0308779 -0.999523 0
vn 0.0599083 -0.998204 2.74523e-19
vn 0.0599083 -0.998204 -2.74523e-19
vn 0.0888881 -0.996042 0
vn 0.115124 -0.993351 4.61827e-19
vn 0.115124 -0.993351 -4.61827e-19
vn 0.141279 -0.98997 0
vn 0.164538 -0.986371 -2.96633e-19
vn 0.164538 -0.986371 2.96633e-19
vn 0.187705 -0.982225 0
vn 0.242033 -0.970268 -4.79175e-19
vn 0.242033 -0.970268 4.79175e-19
vn 0.295612 -0.955308 0
vn 0.37843 -0.92563 -1.82589e-19
vn 0.37843 -0.92563 1.82589e-19
vn 0.458319 -0.888788 0
vn 0.472818 -0.88116 0
vn 0.472818 -0.88116 0
vn 0.48719 -0.873296 0
vn 0.416654 -0.909065 0
vn 0.416654 -0.909065 0
vn 0.343511 -0.939149 0
vn 0.276901 -0.960898 -3.13081e-19
vn 0.276901 -0.960898 3.13081e-19
vn 0.208932 -0.97793 0
vn 0.139855 -0.990172 -3.13083e-19
vn 0.139855 -0.990172 3.13083e-19
vn 0.0700892 -0.997541 0
vn 0.0350662 -0.999385 0
vn 0.0350662 -0.999385 0
vn 0 -1 0
vn -0.0560694 -0.998427 0
vn -0.0560694 -0.998427 0
vn -0.111962 -0.993712 0
vn -0.221073 -0.975257 -1.97264e-18
vn -0.221073 -0.975257 1.97264e-18
vn -0.327476 -0.94486 0
vn -0.379982 -0.924994 -1.96366e-18
vn -0.379982 -0.924994 1.96366e-18
vn -0.431291 -0.902213 0
vn -0.408662 -0.912686 0
vn -0.408662 -0.912686 0
vn -0.385778 -0.922591 0
vn -0.336865 -0.941553 -1.64458e-18
vn -0.336865 -0.941553 1.64458e-18
vn -0.287025 -0.957923 0
vn -0.245913 -0.969292 -1.72682e-18
vn -0.245913 -0.969292 1.72682e-18
vn -0.204353 -0.978897 0
vn -0.175191 -0.984534 6.21717e-19
vn -0.175191 -0.984534 -6.21717e-19
vn -0.145874 -0.989303 0
vn -0.116732 -0.993163 5.18257e-19
vn -0.116732 -0.993163 -5.18257e-19
vn -0.0874895 -0.996165 0
vn -0.0583497 -0.998296 -1.86425e-19
vn -0.0583497 -0.998296 1.86425e-19
vn -0.0291601 -0.999575 0
vn -0.00114787 -0.999999 1.8834e-19
vn -0.00114787 -0.999999 -1.8834e-19
vn 0.0268652 -0.999639 0
vn 0.0537708 -0.998553 1.88334e-19
vn 0.0537708 -0.998553 -1.88334e-19
vn 0.0806375 -0.996743 0
vn 0.107609 -0.994193 8.10374e-19
vn 0.107609 -0.994193 -8.10374e-19
vn 0.134502 -0.990913 0
vn 0.161557 -0.986863 9.00497e-19
vn 0.161557 -0.986863 -9.00497e-19
vn 0.18849 -0.982075 0
vn 0.217094 -0.976151 -1.29842e-18
vn 0.217094 -0.976151 1.29842e-18
vn 0.245513 -0.969393 0
vn 0.272569 -0.962136 -1.43312e-18
vn 0.272569 -0.962136 1.43312e-18
vn 0.299411 -0.954124 0
vn 0.312572 -0.949894 1.92329e-18
vn 0.312572 -0.949894 -1.92329e-18
vn 0.325674 -0.945482 0
vn 0.28631 -0.958137 1.9694e-18
vn 0.28631 -0.958137 -1.9694e-18
vn 0.246456 -0.969154 0
vn 0.165113 -0.986275 0
vn 0.165113 -0.986275 0
vn 0.0826297 -0.99658 0
vn 0.0413502 -0.999145 0
vn 0.0413502 -0.999145 0
vn 0 -1 0
vn -0.0640284 -0.997948 1.54421e-18
vn -0.0640284 -0.997948 -1.54421e-18
vn -0.127794 -0.991801 0
vn -0.252758 -0.967529 1.44467e-18
vn -0.252758 -0.967529 -1.44467e-18
vn -0.373626 -0.927579 0
vn -0.409157 -0.912464 -5.47235e-18
vn -0.409157 -0.912464 5.47235e-18
vn -0.444077 -0.895988 0
vn -0.375919 -0.926652 -9.12345e-18
vn -0.375919 -0.926652 9.12345e-18
vn -0.305661 -0.95214 0
vn -0.256651 -0.966504 -3.7836e-18
vn -0.256651 -0.966504 3.7836e-18
vn -0.206971 -0.978347 0
vn -0.177449 -0.98413 -1.4309e-19
vn -0.177449 -0.98413 1.4309e-19
vn -0.147766 -0.989022 0
vn -0.118259 -0.992983 -1.17415e-18
vn -0.118259 -0.992983 1.17415e-18
vn -0.0886468 -0.996063 0
vn -0.0591268 -0.99825 -7.14779e-19
vn -0.0591268 -0.99825 7.14779e-19
vn -0.029555 -0.999563 0
vn -0.00180253 -0.999998 4.59241e-20
vn -0.00180253 -0.999998 -4.59241e-20
vn 0.0259513 -0.999663 0
vn 0.0519552 -0.998649 -1.24238e-18
vn 0.0519552 -0.998649 1.24238e-18
vn 0.0779239 -0.996959 0
vn 0.104015 -0.994576 2.40002e-18
vn 0.104015 -0.994576 -2.40002e-18
vn 0.130035 -0.991509 0
vn 0.156233 -0.98772 5.61622e-18
vn 0.156233 -0.98772 -5.61622e-18
vn 0.182321 -0.983239 0
vn 0.216542 -0.976273 2.28562e-18
vn 0.216542 -0.976273 -2.28562e-18
vn 0.250498 -0.968117 0
vn 0.290034 -0.957016 -9.0862e-20
vn 0.290034 -0.957016 9.0862e-20
vn 0.32908 -0.944302 0
vn 0.347157 -0.937807 4.33283e-18
vn 0.347157 -0.937807 -4.33283e-18
vn 0.365106 -0.930966 0
vn 0.321377 -0.946951 4.42762e-18
vn 0.321377 -0.946951 -4.42762e-18
vn 0.276952 -0.960884 0
vn 0.185766 -0.982594 -1.12475e-18
vn 0.185766 -0.982594 1.12475e-18
vn 0.0929479 -0.995671 0
vn 0.0465244 -0.998917 -1.12102e-18
vn 0.0465244 -0.998917 1.12102e-18
vn 0 -1 0
vn -0.0639084 -0.997956 0
vn -0.0639084 -0.997956 0
vn -0.127556 -0.991831 0
vn -0.252545 -0.967585 1.09087e-19
vn -0.252545 -0.967585 -1.09087e-19
vn -0.373442 -0.927654 0
vn -0.43197 -0.901888 1.08424e-19
vn -0.43197 -0.901888 -1.08424e-19
vn -0.488732 -0.872434 0
vn -0.45937 -0.888245 0
vn -0.45937 -0.888245 0
vn -0.429496 -0.903069 0
vn -0.365238 -0.930914 -3.26254e-20
vn -0.365238 -0.930914 3.26254e-20
vn -0.299188 -0.954194 0
vn -0.24979 -0.9683 -4.75556e-18
vn -0.24979 -0.9683 4.75556e-18
vn -0.199732 -0.979851 0
vn -0.171196 -0.985237 -4.71873e-18
vn -0.171196 -0.985237 4.71873e-18
vn -0.142516 -0.989793 0
vn -0.114028 -0.993478 2.0577e-18
vn -0.114028 -0.993478 -2.0577e-18
vn -0.0854464 -0.996343 0
vn -0.0569824 -0.998375 2.74152e-18
vn -0.0569824 -0.998375 -2.74152e-18
vn -0.028472 -0.999595 0
vn -0.0007694 -1 8.71575e-19
vn -0.0007694 -1 -8.71575e-19
vn 0.0269338 -0.999637 0
vn 0.0539058 -0.998546 3.78387e-19
vn 0.0539058 -0.998546 -3.78387e-19
vn 0.0808384 -0.996727 0
vn 0.107879 -0.994164 1.90632e-19
vn 0.107879 -0.994164 -1.90632e-19
vn 0.134841 -0.990867 0
vn 0.161975 -0.986795 -4.38106e-18
vn 0.161975 -0.986795 4.38106e-18
vn 0.188986 -0.98198 0
vn 0.221248 -0.975217 -1.04994e-17
vn 0.221248 -0.975217 1.04994e-17
vn 0.25327 -0.967396 0
vn 0.288084 -0.957605 -1.39137e-17
vn 0.288084 -0.957605 1.39137e-17
vn 0.32252 -0.946563 0
vn 0.338523 -0.940958 -7.79147e-18
vn 0.338523 -0.940958 7.79147e-18
vn 0.354429 -0.935083 0
vn 0.311812 -0.950144 -6.49352e-18
vn 0.311812 -0.950144 6.49352e-18
vn 0.268559 -0.963263 0
vn 0.180088 -0.983651 -6.51373e-18
vn 0.180088 -0.983651 6.51373e-18
vn 0.0901318 -0.99593 0
vn 0.0451118 -0.998982 0
vn 0.0451118 -0.998982 0
vn 0 -1 0
vn -0.0477788 -0.998858 -2.30709e-18
vn -0.0477788 -0.998858 2.30709e-18
vn -0.0954485 -0.995434 0
vn -0.190966 -0.981597 -2.31524e-18
vn -0.190966 -0.981597 2.31524e-18
vn -0.284705 -0.958615 0
vn -0.33005 -0.943963 9.08452e-18
vn -0.33005 -0.943963 -9.08452e-18
vn -0.374646 -0.927168 0
vn -0.357357 -0.933968 9.12515e-19
vn -0.357357 -0.933968 -9.12515e-19
vn -0.339946 -0.940445 0
vn -0.302731 -0.953076 -8.16816e-18
vn -0.302731 -0.953076 8.16816e-18
vn -0.26505 -0.964235 0
vn -0.231034 -0.972946 -4.74968e-18
vn -0.231034 -0.972946 4.74968e-18
vn -0.196733 -0.980457 0
vn -0.168647 -0.985676 -1.13283e-17
vn -0.168647 -0.985676 1.13283e-17
vn -0.140424 -0.990091 0
vn -0.11236 -0.993668 -4.3586e-18
vn -0.11236 -0.993668 4.3586e-18
vn -0.0842063 -0.996448 0
vn -0.0561547 -0.998422 1.5419e-18
vn -0.0561547 -0.998422 -1.5419e-18
vn -0.0280588 -0.999606 0
vn 0.000337711 -1 -2.06293e-18
vn 0.000337711 -1 2.06293e-18
vn 0.028734 -0.999587 0
vn 0.0574979 -0.998346 8.79339e-19
vn 0.0574979 -0.998346 -8.79339e-19
vn 0.0862142 -0.996277 0
vn 0.115026 -0.993363 2.34748e-18
vn 0.115026 -0.993363 -2.34748e-18
vn 0.143741 -0.989615 0
vn 0.172613 -0.98499 -2.1131e-20
vn 0.172613 -0.98499 2.1131e-20
vn 0.201337 -0.979522 0
vn 0.239905 -0.970796 -6.86563e-18
vn 0.239905 -0.970796 6.86563e-18
vn 0.278098 -0.960553 0
vn 0.323567 -0.946205 2.14108e-18
vn 0.323567 -0.946205 -2.14108e-18
vn 0.3683 -0.929707 0
vn 0.389444 -0.92105 8.89589e-18
vn 0.389444 -0.92105 -8.89589e-18
vn 0.410384 -0.911913 0
vn 0.361784 -0.932262 8.71275e-20
vn 0.361784 -0.932262 -8.71275e-20
vn 0.312179 -0.950023 0
vn 0.209672 -0.977772 -2.4523e-18
vn 0.209672 -0.977772 2.4523e-18
vn 0.1048 -0.994493 0
vn 0.0524723 -0.998622 -2.52896e-18
vn 0.0524723 -0.998622 2.52896e-18
vn 0 -1 0
vn -0.195354 -0.980733 9.60523e-18
vn -0.195354 -0.980733 -9.60523e-18
vn -0.38318 -0.923674 0
vn -0.38318 -0.923674 1.88403e-17
vn -0.38318 -0.923674 -1.88403e-17
vn -0.944161 -0.329484 0
vn -0.944161 -0.329484 9.11115e-17
vn -0.999998 -0.00202544 4.8216e-17
vn -0.999998 -0.00202544 -4.8216e-17
vn -0.944161 -0.329484 -9.11115e-17
vn -0.945488 0.325656 0
vn -0.945488 0.325656 0
vn -0.945488 0.325656 0
vn -0.411177 0.911556 0
vn -0.411177 0.911556 1.98459e-17
vn -0.210291 0.977639 1.01499e-17
vn -0.210291 0.977639 -1.01499e-17
vn -0.411177 0.911556 -1.98459e-17
vn 0 1 0
vn -0.0833743 0.996518 -4.81102e-20
vn -0.0833743 0.996518 4.81102e-20
vn -0.166168 0.986097 0
vn -0.446706 0.894681 -7.433e-20
vn -0.446706 0.894681 7.433e-20
vn -0.688354 0.725375 0
vn -0.688354 0.725375 -4.63035e-20
vn -0.688354 0.725375 4.63035e-20
vn -0.999977 -0.00683908 0
vn -0.999977 -0.00683908 0
vn -0.999977 -0.00683908 0
vn -0.999977 -0.00683908 0
vn -0.999977 -0.00683908 0
vn -0.690871 -0.722978 0
vn -0.690871 -0.722978 -3.3342e-17
vn -0.450974 -0.892537 -2.1766e-17
vn -0.450974 -0.892537 2.1766e-17
vn -0.690871 -0.722978 3.3342e-17
vn -0.172158 -0.985069 0
vn -0.0864024 -0.99626 -4.17144e-18
vn -0.0864024 -0.99626 4.17144e-18
vn 0 -1 0
vn 0 -1 0
vn 0 -1 0


# Faces: 
usemtl material0
f 565/195/1 546/176/1 547/177/1
f 546/176/1 565/195/1 566/196/1
f 545/175/1 566/196/1 567/197/1
f 546/176/1 566/196/1 545/175/1
f 564/194/1 547/177/1 548/178/1
f 564/194/1 565/195/1 547/177/1
f 564/194/1 548/178/1 563/193/1
f 568/198/1 544/174/1 567/197/1
f 545/175/1 567/197/1 544/174/1
f 583/213/1 529/159/1 530/160/1
f 583/213/1 528/158/1 529/159/1
f 584/214/1 585/215/1 527/157/1
f 527/157/1 585/215/1 526/156/1
f 584/214/1 527/157/1 528/158/1
f 525/155/1 526/156/1 586/216/1
f 586/216/1 526/156/1 585/215/1
f 525/155/1 586/216/1 587/217/1
f 524/154/1 525/155/1 587/217/1
f 604/234/1 509/139/1 603/233/1
f 508/138/1 509/139/1 604/234/1
f 604/234/1 605/235/1 508/138/1
f 584/214/1 528/158/1 583/213/1
f 603/233/1 509/139/1 510/140/1
f 563/193/1 549/179/1 562/192/1
f 563/193/1 548/178/1 549/179/1
f 568/198/1 543/173/1 544/174/1
f 568/198/1 569/199/1 543/173/1
f 543/173/1 569/199/1 542/172/1
f 561/191/1 562/192/1 550/180/1
f 562/192/1 549/179/1 550/180/1
f 551/181/1 561/191/1 550/180/1
f 542/172/1 570/200/1 571/201/1
f 570/200/1 542/172/1 569/199/1
f 571/201/1 541/171/1 542/172/1
f 583/213/1 530/160/1 582/212/1
f 581/211/1 582/212/1 531/161/1
f 510/140/1 602/232/1 603/233/1
f 588/218/1 523/153/1 524/154/1
f 510/140/1 511/141/1 602/232/1
f 531/161/1 582/212/1 530/160/1
f 523/153/1 588/218/1 589/219/1
f 523/153/1 589/219/1 590/220/1
f 511/141/1 601/231/1 602/232/1
f 523/153/1 590/220/1 522/152/1
f 588/218/1 524/154/1 587/217/1
f 511/141/1 600/230/1 601/231/1
f 605/235/1 507/137/1 508/138/1
f 506/136/1 507/137/1 605/235/1
f 625/255/1 626/256/1 486/116/1
f 506/136/1 605/235/1 606/236/1
f 606/236/1 505/135/1 506/136/1
f 606/236/1 607/237/1 505/135/1
f 504/134/1 505/135/1 607/237/1
f 625/255/1 487/117/1 624/254/1
f 488/118/1 624/254/1 487/117/1
f 487/117/1 625/255/1 486/116/1
f 626/256/1 485/115/1 486/116/1
f 469/99/1 643/273/1 644/274/1
f 468/98/1 644/274/1 645/275/1
f 468/98/1 469/99/1 644/274/1
f 467/97/1 645/275/1 646/276/1
f 645/275/1 467/97/1 468/98/1
f 466/96/1 467/97/1 646/276/1
f 484/114/1 485/115/1 627/257/1
f 627/257/1 485/115/1 626/256/1
f 647/277/1 466/96/1 646/276/1
f 470/100/1 643/273/1 469/99/1
f 628/258/1 484/114/1 627/257/1
f 465/95/1 466/96/1 647/277/1
f 503/133/1 504/134/1 608/238/1
f 608/238/1 504/134/1 607/237/1
f 489/119/1 623/253/1 488/118/1
f 623/253/1 624/254/1 488/118/1
f 503/133/1 609/239/1 610/240/1
f 609/239/1 503/133/1 608/238/1
f 623/253/1 490/120/1 622/252/1
f 489/119/1 490/120/1 623/253/1
f 502/132/1 503/133/1 610/240/1
f 482/112/1 483/113/1 629/259/1
f 483/113/1 484/114/1 628/258/1
f 643/273/1 470/100/1 642/272/1
f 641/271/1 470/100/1 471/101/1
f 642/272/1 470/100/1 641/271/1
f 628/258/1 629/259/1 483/113/1
f 482/112/1 630/260/1 631/261/1
f 630/260/1 482/112/1 629/259/1
f 464/94/1 648/278/1 649/279/1
f 640/270/1 641/271/1 471/101/1
f 648/278/1 464/94/1 465/95/1
f 481/111/1 482/112/1 631/261/1
f 465/95/1 647/277/1 648/278/1
f 490/120/1 621/251/1 622/252/1
f 552/182/1 560/190/1 551/181/1
f 541/171/1 572/202/1 540/170/1
f 540/170/1 572/202/1 539/169/1
f 560/190/1 553/183/1 559/189/1
f 553/183/1 560/190/1 552/182/1
f 559/189/1 553/183/1 554/184/1
f 573/203/1 538/168/1 539/169/1
f 539/169/1 572/202/1 573/203/1
f 541/171/1 571/201/1 572/202/1
f 533/163/1 579/209/1 532/162/1
f 532/162/1 579/209/1 580/210/1
f 533/163/1 534/164/1 578/208/1
f 531/161/1 532/162/1 580/210/1
f 580/210/1 581/211/1 531/161/1
f 521/151/1 522/152/1 591/221/1
f 521/151/1 591/221/1 592/222/1
f 593/223/1 520/150/1 592/222/1
f 592/222/1 520/150/1 521/151/1
f 591/221/1 522/152/1 590/220/1
f 533/163/1 578/208/1 579/209/1
f 578/208/1 534/164/1 577/207/1
f 557/187/1 558/188/1 554/184/1
f 554/184/1 558/188/1 559/189/1
f 557/187/1 554/184/1 555/185/1
f 538/168/1 573/203/1 574/204/1
f 575/205/1 538/168/1 574/204/1
f 557/187/1 555/185/1 556/186/1
f 537/167/1 576/206/1 536/166/1
f 537/167/1 538/168/1 575/205/1
f 536/166/1 576/206/1 577/207/1
f 575/205/1 576/206/1 537/167/1
f 519/149/1 593/223/1 594/224/1
f 534/164/1 535/165/1 577/207/1
f 515/145/1 597/227/1 598/228/1
f 519/149/1 594/224/1 518/148/1
f 515/145/1 596/226/1 597/227/1
f 518/148/1 594/224/1 595/225/1
f 518/148/1 595/225/1 517/147/1
f 517/147/1 596/226/1 516/146/1
f 596/226/1 517/147/1 595/225/1
f 516/146/1 596/226/1 515/145/1
f 577/207/1 535/165/1 536/166/1
f 519/149/1 520/150/1 593/223/1
f 598/228/1 514/144/1 515/145/1
f 560/190/1 561/191/1 551/181/1
f 599/229/1 600/230/1 512/142/1
f 512/142/1 600/230/1 511/141/1
f 599/229/1 512/142/1 513/143/1
f 611/241/1 501/131/1 502/132/1
f 513/143/1 514/144/1 599/229/1
f 612/242/1 613/243/1 500/130/1
f 612/242/1 500/130/1 501/131/1
f 612/242/1 501/131/1 611/241/1
f 502/132/1 610/240/1 611/241/1
f 599/229/1 514/144/1 598/228/1
f 490/120/1 491/121/1 621/251/1
f 621/251/1 491/121/1 620/250/1
f 632/262/1 481/111/1 631/261/1
f 472/102/1 640/270/1 471/101/1
f 480/110/1 481/111/1 632/262/1
f 640/270/1 473/103/1 639/269/1
f 619/249/1 492/122/1 493/123/1
f 492/122/1 619/249/1 620/250/1
f 620/250/1 491/121/1 492/122/1
f 632/262/1 633/263/1 480/110/1
f 619/249/1 493/123/1 618/248/1
f 640/270/1 472/102/1 473/103/1
f 633/263/1 479/109/1 480/110/1
f 498/128/1 499/129/1 614/244/1
f 613/243/1 499/129/1 500/130/1
f 614/244/1 499/129/1 613/243/1
f 497/127/1 614/244/1 615/245/1
f 498/128/1 614/244/1 497/127/1
f 615/245/1 496/126/1 497/127/1
f 496/126/1 615/245/1 616/246/1
f 496/126/1 616/246/1 617/247/1
f 617/247/1 494/124/1 495/125/1
f 617/247/1 495/125/1 496/126/1
f 618/248/1 494/124/1 617/247/1
f 493/123/1 494/124/1 618/248/1
f 633/263/1 634/264/1 479/109/1
f 479/109/1 634/264/1 478/108/1
f 639/269/1 474/104/1 638/268/1
f 638/268/1 474/104/1 637/267/1
f 637/267/1 474/104/1 475/105/1
f 478/108/1 635/265/1 477/107/1
f 635/265/1 478/108/1 634/264/1
f 477/107/1 635/265/1 636/266/1
f 636/266/1 475/105/1 476/106/1
f 475/105/1 636/266/1 637/267/1
f 636/266/1 476/106/1 477/107/1
f 473/103/1 474/104/1 639/269/1
f 663/293/1 448/78/1 449/79/1
f 448/78/1 663/293/1 664/294/1
f 664/294/1 665/295/1 447/77/1
f 447/77/1 665/295/1 446/76/1
f 664/294/1 447/77/1 448/78/1
f 662/292/1 449/79/1 450/80/1
f 449/79/1 662/292/1 663/293/1
f 662/292/1 450/80/1 661/291/1
f 445/75/1 446/76/1 666/296/1
f 665/295/1 666/296/1 446/76/1
f 667/297/1 445/75/1 666/296/1
f 681/311/1 682/312/1 430/60/1
f 430/60/1 682/312/1 429/59/1
f 681/311/1 430/60/1 431/61/1
f 428/58/1 429/59/1 683/313/1
f 683/313/1 429/59/1 682/312/1
f 428/58/1 683/313/1 684/314/1
f 680/310/1 431/61/1 432/62/1
f 431/61/1 680/310/1 681/311/1
f 428/58/1 684/314/1 427/57/1
f 684/314/1 685/315/1 427/57/1
f 433/63/1 680/310/1 432/62/1
f 661/291/1 451/81/1 452/82/1
f 661/291/1 450/80/1 451/81/1
f 445/75/1 667/297/1 444/74/1
f 667/297/1 668/298/1 444/74/1
f 669/299/1 443/73/1 668/298/1
f 649/279/1 650/280/1 463/93/1
f 649/279/1 463/93/1 464/94/1
f 452/82/1 660/290/1 661/291/1
f 443/73/1 444/74/1 668/298/1
f 452/82/1 659/289/1 660/290/1
f 443/73/1 669/299/1 442/72/1
f 680/310/1 433/63/1 679/309/1
f 679/309/1 433/63/1 678/308/1
f 426/56/1 686/316/1 687/317/1
f 426/56/1 427/57/1 685/315/1
f 426/56/1 687/317/1 425/55/1
f 686/316/1 426/56/1 685/315/1
f 678/308/1 433/63/1 434/64/1
f 688/318/1 425/55/1 687/317/1
f 415/45/1 697/327/1 698/328/1
f 424/54/1 425/55/1 688/318/1
f 669/299/1 670/300/1 442/72/1
f 697/327/1 415/45/1 696/326/1
f 698/328/1 414/44/1 415/45/1
f 412/42/1 700/330/1 701/331/1
f 411/41/1 702/332/1 410/40/1
f 702/332/1 411/41/1 701/331/1
f 410/40/1 702/332/1 703/333/1
f 412/42/1 701/331/1 411/41/1
f 700/330/1 413/43/1 699/329/1
f 413/43/1 700/330/1 412/42/1
f 699/329/1 413/43/1 414/44/1
f 408/38/1 409/39/1 703/333/1
f 409/39/1 410/40/1 703/333/1
f 392/22/1 719/349/1 720/350/1
f 721/351/1 391/21/1 720/350/1
f 373/3/1 739/369/1 740/370/1
f 372/2/1 740/370/1 371/1/1
f 392/22/1 393/23/1 719/349/1
f 392/22/1 720/350/1 391/21/1
f 390/20/1 391/21/1 721/351/1
f 722/352/1 390/20/1 721/351/1
f 372/2/1 373/3/1 740/370/1
f 718/348/1 393/23/1 394/24/1
f 719/349/1 393/23/1 718/348/1
f 373/3/1 374/4/1 739/369/1
f 407/37/1 704/334/1 705/335/1
f 704/334/1 407/37/1 408/38/1
f 703/333/1 704/334/1 408/38/1
f 706/336/1 407/37/1 705/335/1
f 706/336/1 406/36/1 407/37/1
f 706/336/1 707/337/1 406/36/1
f 405/35/1 406/36/1 707/337/1
f 715/345/1 716/346/1 396/26/1
f 396/26/1 716/346/1 717/347/1
f 715/345/1 396/26/1 397/27/1
f 394/24/1 395/25/1 717/347/1
f 389/19/1 722/352/1 723/353/1
f 374/4/1 738/368/1 739/369/1
f 737/367/1 738/368/1 374/4/1
f 389/19/1 390/20/1 722/352/1
f 389/19/1 723/353/1 724/354/1
f 724/354/1 388/18/1 389/19/1
f 375/5/1 737/367/1 374/4/1
f 736/366/1 737/367/1 375/5/1
f 717/347/1 395/25/1 396/26/1
f 718/348/1 394/24/1 717/347/1
f 699/329/1 414/44/1 698/328/1
f 725/355/1 388/18/1 724/354/1
f 658/288/1 453/83/1 454/84/1
f 453/83/1 658/288/1 659/289/1
f 659/289/1 452/82/1 453/83/1
f 657/287/1 658/288/1 454/84/1
f 462/92/1 651/281/1 461/91/1
f 462/92/1 650/280/1 651/281/1
f 461/91/1 651/281/1 652/282/1
f 455/85/1 657/287/1 454/84/1
f 455/85/1 656/286/1 657/287/1
f 461/91/1 652/282/1 460/90/1
f 650/280/1 462/92/1 463/93/1
f 441/71/1 670/300/1 671/301/1
f 436/66/1 676/306/1 677/307/1
f 434/64/1 435/65/1 677/307/1
f 436/66/1 677/307/1 435/65/1
f 678/308/1 434/64/1 677/307/1
f 437/67/1 675/305/1 676/306/1
f 436/66/1 437/67/1 676/306/1
f 441/71/1 442/72/1 670/300/1
f 422/52/1 423/53/1 689/319/1
f 424/54/1 688/318/1 423/53/1
f 688/318/1 689/319/1 423/53/1
f 459/89/1 460/90/1 653/283/1
f 460/90/1 652/282/1 653/283/1
f 656/286/1 455/85/1 456/86/1
f 459/89/1 653/283/1 654/284/1
f 654/284/1 458/88/1 459/89/1
f 458/88/1 654/284/1 655/285/1
f 458/88/1 655/285/1 457/87/1
f 456/86/1 457/87/1 655/285/1
f 456/86/1 655/285/1 656/286/1
f 671/301/1 440/70/1 441/71/1
f 671/301/1 672/302/1 440/70/1
f 673/303/1 674/304/1 438/68/1
f 673/303/1 439/69/1 440/70/1
f 674/304/1 437/67/1 438/68/1
f 437/67/1 674/304/1 675/305/1
f 691/321/1 421/51/1 690/320/1
f 673/303/1 438/68/1 439/69/1
f 421/51/1 692/322/1 420/50/1
f 421/51/1 422/52/1 690/320/1
f 419/49/1 420/50/1 692/322/1
f 692/322/1 421/51/1 691/321/1
f 673/303/1 440/70/1 672/302/1
f 690/320/1 422/52/1 689/319/1
f 692/322/1 693/323/1 419/49/1
f 415/45/1 416/46/1 696/326/1
f 398/28/1 714/344/1 397/27/1
f 714/344/1 715/345/1 397/27/1
f 694/324/1 695/325/1 418/48/1
f 694/324/1 419/49/1 693/323/1
f 418/48/1 695/325/1 417/47/1
f 694/324/1 418/48/1 419/49/1
f 416/46/1 417/47/1 695/325/1
f 695/325/1 696/326/1 416/46/1
f 714/344/1 398/28/1 399/29/1
f 388/18/1 725/355/1 387/17/1
f 725/355/1 726/356/1 387/17/1
f 736/366/1 376/6/1 735/365/1
f 734/364/1 735/365/1 377/7/1
f 377/7/1 735/365/1 376/6/1
f 734/364/1 377/7/1 378/8/1
f 376/6/1 736/366/1 375/5/1
f 386/16/1 726/356/1 727/357/1
f 726/356/1 386/16/1 387/17/1
f 733/363/1 379/9/1 732/362/1
f 379/9/1 733/363/1 378/8/1
f 732/362/1 379/9/1 380/10/1
f 734/364/1 378/8/1 733/363/1
f 404/34/1 405/35/1 708/338/1
f 404/34/1 708/338/1 709/339/1
f 708/338/1 405/35/1 707/337/1
f 712/342/1 713/343/1 400/30/1
f 403/33/1 404/34/1 709/339/1
f 403/33/1 710/340/1 402/32/1
f 710/340/1 403/33/1 709/339/1
f 402/32/1 710/340/1 711/341/1
f 712/342/1 401/31/1 711/341/1
f 401/31/1 712/342/1 400/30/1
f 711/341/1 401/31/1 402/32/1
f 713/343/1 399/29/1 400/30/1
f 714/344/1 399/29/1 713/343/1
f 385/15/1 727/357/1 728/358/1
f 731/361/1 380/10/1 381/11/1
f 731/361/1 732/362/1 380/10/1
f 384/14/1 385/15/1 728/358/1
f 728/358/1 383/13/1 384/14/1
f 383/13/1 728/358/1 729/359/1
f 730/360/1 381/11/1 382/12/1
f 381/11/1 730/360/1 731/361/1
f 383/13/1 729/359/1 382/12/1
f 729/359/1 730/360/1 382/12/1
f 727/357/1 385/15/1 386/16/1
f 176/546/2 195/565/2 177/547/2
f 195/565/2 176/546/2 196/566/2
f 196/566/2 175/545/2 197/567/2
f 196/566/2 176/546/2 175/545/2
f 177/547/2 194/564/2 178/548/2
f 195/565/2 194/564/2 177/547/2
f 178/548/2 194/564/2 193/563/2
f 174/544/2 198/568/2 197/567/2
f 197/567/2 175/545/2 174/544/2
f 159/529/2 213/583/2 160/530/2
f 158/528/2 213/583/2 159/529/2
f 215/585/2 214/584/2 157/527/2
f 215/585/2 157/527/2 156/526/2
f 157/527/2 214/584/2 158/528/2
f 156/526/2 155/525/2 216/586/2
f 156/526/2 216/586/2 215/585/2
f 216/586/2 155/525/2 217/587/2
f 155/525/2 154/524/2 217/587/2
f 139/509/2 234/604/2 233/603/2
f 139/509/2 138/508/2 234/604/2
f 235/605/2 234/604/2 138/508/2
f 158/528/2 214/584/2 213/583/2
f 139/509/2 233/603/2 140/510/2
f 179/549/2 193/563/2 192/562/2
f 178/548/2 193/563/2 179/549/2
f 173/543/2 198/568/2 174/544/2
f 199/569/2 198/568/2 173/543/2
f 199/569/2 173/543/2 172/542/2
f 192/562/2 191/561/2 180/550/2
f 179/549/2 192/562/2 180/550/2
f 191/561/2 181/551/2 180/550/2
f 200/570/2 172/542/2 201/571/2
f 172/542/2 200/570/2 199/569/2
f 171/541/2 201/571/2 172/542/2
f 160/530/2 213/583/2 212/582/2
f 212/582/2 211/581/2 161/531/2
f 232/602/2 140/510/2 233/603/2
f 153/523/2 218/588/2 154/524/2
f 141/511/2 140/510/2 232/602/2
f 212/582/2 161/531/2 160/530/2
f 218/588/2 153/523/2 219/589/2
f 219/589/2 153/523/2 220/590/2
f 231/601/2 141/511/2 232/602/2
f 220/590/2 153/523/2 152/522/2
f 154/524/2 218/588/2 217/587/2
f 230/600/2 141/511/2 231/601/2
f 137/507/2 235/605/2 138/508/2
f 137/507/2 136/506/2 235/605/2
f 256/626/2 255/625/2 116/486/2
f 235/605/2 136/506/2 236/606/2
f 135/505/2 236/606/2 136/506/2
f 237/607/2 236/606/2 135/505/2
f 135/505/2 134/504/2 237/607/2
f 117/487/2 255/625/2 254/624/2
f 254/624/2 118/488/2 117/487/2
f 255/625/2 117/487/2 116/486/2
f 115/485/2 256/626/2 116/486/2
f 273/643/2 99/469/2 274/644/2
f 274/644/2 98/468/2 275/645/2
f 99/469/2 98/468/2 274/644/2
f 275/645/2 97/467/2 276/646/2
f 97/467/2 275/645/2 98/468/2
f 97/467/2 96/466/2 276/646/2
f 115/485/2 114/484/2 257/627/2
f 115/485/2 257/627/2 256/626/2
f 96/466/2 277/647/2 276/646/2
f 273/643/2 100/470/2 99/469/2
f 114/484/2 258/628/2 257/627/2
f 96/466/2 95/465/2 277/647/2
f 134/504/2 133/503/2 238/608/2
f 134/504/2 238/608/2 237/607/2
f 253/623/2 119/489/2 118/488/2
f 254/624/2 253/623/2 118/488/2
f 239/609/2 133/503/2 240/610/2
f 133/503/2 239/609/2 238/608/2
f 120/490/2 253/623/2 252/622/2
f 120/490/2 119/489/2 253/623/2
f 133/503/2 132/502/2 240/610/2
f 113/483/2 112/482/2 259/629/2
f 114/484/2 113/483/2 258/628/2
f 100/470/2 273/643/2 272/642/2
f 100/470/2 271/641/2 101/471/2
f 100/470/2 272/642/2 271/641/2
f 259/629/2 258/628/2 113/483/2
f 260/630/2 112/482/2 261/631/2
f 112/482/2 260/630/2 259/629/2
f 278/648/2 94/464/2 279/649/2
f 271/641/2 270/640/2 101/471/2
f 94/464/2 278/648/2 95/465/2
f 112/482/2 111/481/2 261/631/2
f 277/647/2 95/465/2 278/648/2
f 251/621/2 120/490/2 252/622/2
f 190/560/2 182/552/2 181/551/2
f 202/572/2 171/541/2 170/540/2
f 202/572/2 170/540/2 169/539/2
f 183/553/2 190/560/2 189/559/2
f 190/560/2 183/553/2 182/552/2
f 183/553/2 189/559/2 184/554/2
f 168/538/2 203/573/2 169/539/2
f 202/572/2 169/539/2 203/573/2
f 201/571/2 171/541/2 202/572/2
f 209/579/2 163/533/2 162/532/2
f 209/579/2 162/532/2 210/580/2
f 164/534/2 163/533/2 208/578/2
f 162/532/2 161/531/2 210/580/2
f 211/581/2 210/580/2 161/531/2
f 152/522/2 151/521/2 221/591/2
f 221/591/2 151/521/2 222/592/2
f 150/520/2 223/593/2 222/592/2
f 150/520/2 222/592/2 151/521/2
f 152/522/2 221/591/2 220/590/2
f 208/578/2 163/533/2 209/579/2
f 164/534/2 208/578/2 207/577/2
f 188/558/2 187/557/2 184/554/2
f 188/558/2 184/554/2 189/559/2
f 184/554/2 187/557/2 185/555/2
f 203/573/2 168/538/2 204/574/2
f 168/538/2 205/575/2 204/574/2
f 185/555/2 187/557/2 186/556/2
f 206/576/2 167/537/2 166/536/2
f 168/538/2 167/537/2 205/575/2
f 206/576/2 166/536/2 207/577/2
f 206/576/2 205/575/2 167/537/2
f 223/593/2 149/519/2 224/594/2
f 165/535/2 164/534/2 207/577/2
f 227/597/2 145/515/2 228/598/2
f 224/594/2 149/519/2 148/518/2
f 226/596/2 145/515/2 227/597/2
f 224/594/2 148/518/2 225/595/2
f 225/595/2 148/518/2 147/517/2
f 226/596/2 147/517/2 146/516/2
f 147/517/2 226/596/2 225/595/2
f 226/596/2 146/516/2 145/515/2
f 165/535/2 207/577/2 166/536/2
f 150/520/2 149/519/2 223/593/2
f 144/514/2 228/598/2 145/515/2
f 191/561/2 190/560/2 181/551/2
f 230/600/2 229/599/2 142/512/2
f 230/600/2 142/512/2 141/511/2
f 142/512/2 229/599/2 143/513/2
f 131/501/2 241/611/2 132/502/2
f 144/514/2 143/513/2 229/599/2
f 243/613/2 242/612/2 130/500/2
f 130/500/2 242/612/2 131/501/2
f 131/501/2 242/612/2 241/611/2
f 240/610/2 132/502/2 241/611/2
f 144/514/2 229/599/2 228/598/2
f 121/491/2 120/490/2 251/621/2
f 121/491/2 251/621/2 250/620/2
f 111/481/2 262/632/2 261/631/2
f 270/640/2 102/472/2 101/471/2
f 111/481/2 110/480/2 262/632/2
f 103/473/2 270/640/2 269/639/2
f 122/492/2 249/619/2 123/493/2
f 249/619/2 122/492/2 250/620/2
f 121/491/2 250/620/2 122/492/2
f 263/633/2 262/632/2 110/480/2
f 123/493/2 249/619/2 248/618/2
f 102/472/2 270/640/2 103/473/2
f 109/479/2 263/633/2 110/480/2
f 129/499/2 128/498/2 244/614/2
f 129/499/2 243/613/2 130/500/2
f 129/499/2 244/614/2 243/613/2
f 244/614/2 127/497/2 245/615/2
f 244/614/2 128/498/2 127/497/2
f 126/496/2 245/615/2 127/497/2
f 245/615/2 126/496/2 246/616/2
f 246/616/2 126/496/2 247/617/2
f 124/494/2 247/617/2 125/495/2
f 125/495/2 247/617/2 126/496/2
f 124/494/2 248/618/2 247/617/2
f 124/494/2 123/493/2 248/618/2
f 264/634/2 263/633/2 109/479/2
f 264/634/2 109/479/2 108/478/2
f 104/474/2 269/639/2 268/638/2
f 104/474/2 268/638/2 267/637/2
f 104/474/2 267/637/2 105/475/2
f 265/635/2 108/478/2 107/477/2
f 108/478/2 265/635/2 264/634/2
f 265/635/2 107/477/2 266/636/2
f 105/475/2 266/636/2 106/476/2
f 266/636/2 105/475/2 267/637/2
f 106/476/2 266/636/2 107/477/2
f 104/474/2 103/473/2 269/639/2
f 78/448/2 293/663/2 79/449/2
f 293/663/2 78/448/2 294/664/2
f 295/665/2 294/664/2 77/447/2
f 295/665/2 77/447/2 76/446/2
f 77/447/2 294/664/2 78/448/2
f 79/449/2 292/662/2 80/450/2
f 292/662/2 79/449/2 293/663/2
f 80/450/2 292/662/2 291/661/2
f 76/446/2 75/445/2 296/666/2
f 296/666/2 295/665/2 76/446/2
f 75/445/2 297/667/2 296/666/2
f 312/682/2 311/681/2 60/430/2
f 312/682/2 60/430/2 59/429/2
f 60/430/2 311/681/2 61/431/2
f 59/429/2 58/428/2 313/683/2
f 59/429/2 313/683/2 312/682/2
f 313/683/2 58/428/2 314/684/2
f 61/431/2 310/680/2 62/432/2
f 310/680/2 61/431/2 311/681/2
f 314/684/2 58/428/2 57/427/2
f 315/685/2 314/684/2 57/427/2
f 310/680/2 63/433/2 62/432/2
f 81/451/2 291/661/2 82/452/2
f 80/450/2 291/661/2 81/451/2
f 297/667/2 75/445/2 74/444/2
f 298/668/2 297/667/2 74/444/2
f 73/443/2 299/669/2 298/668/2
f 280/650/2 279/649/2 93/463/2
f 93/463/2 279/649/2 94/464/2
f 290/660/2 82/452/2 291/661/2
f 74/444/2 73/443/2 298/668/2
f 289/659/2 82/452/2 290/660/2
f 299/669/2 73/443/2 72/442/2
f 63/433/2 310/680/2 309/679/2
f 63/433/2 309/679/2 308/678/2
f 316/686/2 56/426/2 317/687/2
f 57/427/2 56/426/2 315/685/2
f 317/687/2 56/426/2 55/425/2
f 56/426/2 316/686/2 315/685/2
f 63/433/2 308/678/2 64/434/2
f 55/425/2 318/688/2 317/687/2
f 327/697/2 45/415/2 328/698/2
f 55/425/2 54/424/2 318/688/2
f 300/670/2 299/669/2 72/442/2
f 45/415/2 327/697/2 326/696/2
f 44/414/2 328/698/2 45/415/2
f 330/700/2 42/412/2 331/701/2
f 332/702/2 41/411/2 40/410/2
f 41/411/2 332/702/2 331/701/2
f 332/702/2 40/410/2 333/703/2
f 331/701/2 42/412/2 41/411/2
f 43/413/2 330/700/2 329/699/2
f 330/700/2 43/413/2 42/412/2
f 43/413/2 329/699/2 44/414/2
f 39/409/2 38/408/2 333/703/2
f 40/410/2 39/409/2 333/703/2
f 349/719/2 22/392/2 350/720/2
f 21/391/2 351/721/2 350/720/2
f 369/739/2 3/373/2 370/740/2
f 370/740/2 2/372/2 1/371/2
f 23/393/2 22/392/2 349/719/2
f 350/720/2 22/392/2 21/391/2
f 21/391/2 20/390/2 351/721/2
f 20/390/2 352/722/2 351/721/2
f 3/373/2 2/372/2 370/740/2
f 23/393/2 348/718/2 24/394/2
f 23/393/2 349/719/2 348/718/2
f 4/374/2 3/373/2 369/739/2
f 334/704/2 37/407/2 335/705/2
f 37/407/2 334/704/2 38/408/2
f 334/704/2 333/703/2 38/408/2
f 37/407/2 336/706/2 335/705/2
f 36/406/2 336/706/2 37/407/2
f 337/707/2 336/706/2 36/406/2
f 36/406/2 35/405/2 337/707/2
f 346/716/2 345/715/2 26/396/2
f 346/716/2 26/396/2 347/717/2
f 26/396/2 345/715/2 27/397/2
f 25/395/2 24/394/2 347/717/2
f 352/722/2 19/389/2 353/723/2
f 368/738/2 4/374/2 369/739/2
f 368/738/2 367/737/2 4/374/2
f 20/390/2 19/389/2 352/722/2
f 353/723/2 19/389/2 354/724/2
f 18/388/2 354/724/2 19/389/2
f 367/737/2 5/375/2 4/374/2
f 367/737/2 366/736/2 5/375/2
f 25/395/2 347/717/2 26/396/2
f 24/394/2 348/718/2 347/717/2
f 44/414/2 329/699/2 328/698/2
f 18/388/2 355/725/2 354/724/2
f 83/453/2 288/658/2 84/454/2
f 288/658/2 83/453/2 289/659/2
f 82/452/2 289/659/2 83/453/2
f 288/658/2 287/657/2 84/454/2
f 281/651/2 92/462/2 91/461/2
f 280/650/2 92/462/2 281/651/2
f 281/651/2 91/461/2 282/652/2
f 287/657/2 85/455/2 84/454/2
f 286/656/2 85/455/2 287/657/2
f 282/652/2 91/461/2 90/460/2
f 92/462/2 280/650/2 93/463/2
f 300/670/2 71/441/2 301/671/2
f 306/676/2 66/436/2 307/677/2
f 65/435/2 64/434/2 307/677/2
f 307/677/2 66/436/2 65/435/2
f 64/434/2 308/678/2 307/677/2
f 305/675/2 67/437/2 306/676/2
f 67/437/2 66/436/2 306/676/2
f 72/442/2 71/441/2 300/670/2
f 53/423/2 52/422/2 319/689/2
f 318/688/2 54/424/2 53/423/2
f 319/689/2 318/688/2 53/423/2
f 90/460/2 89/459/2 283/653/2
f 282/652/2 90/460/2 283/653/2
f 85/455/2 286/656/2 86/456/2
f 283/653/2 89/459/2 284/654/2
f 88/458/2 284/654/2 89/459/2
f 284/654/2 88/458/2 285/655/2
f 285/655/2 88/458/2 87/457/2
f 87/457/2 86/456/2 285/655/2
f 285/655/2 86/456/2 286/656/2
f 70/440/2 301/671/2 71/441/2
f 302/672/2 301/671/2 70/440/2
f 304/674/2 303/673/2 68/438/2
f 69/439/2 303/673/2 70/440/2
f 67/437/2 304/674/2 68/438/2
f 304/674/2 67/437/2 305/675/2
f 51/421/2 321/691/2 320/690/2
f 68/438/2 303/673/2 69/439/2
f 322/692/2 51/421/2 50/420/2
f 52/422/2 51/421/2 320/690/2
f 50/420/2 49/419/2 322/692/2
f 51/421/2 322/692/2 321/691/2
f 70/440/2 303/673/2 302/672/2
f 52/422/2 320/690/2 319/689/2
f 323/693/2 322/692/2 49/419/2
f 46/416/2 45/415/2 326/696/2
f 344/714/2 28/398/2 27/397/2
f 345/715/2 344/714/2 27/397/2
f 325/695/2 324/694/2 48/418/2
f 49/419/2 324/694/2 323/693/2
f 325/695/2 48/418/2 47/417/2
f 48/418/2 324/694/2 49/419/2
f 47/417/2 46/416/2 325/695/2
f 326/696/2 325/695/2 46/416/2
f 28/398/2 344/714/2 29/399/2
f 355/725/2 18/388/2 17/387/2
f 356/726/2 355/725/2 17/387/2
f 6/376/2 366/736/2 365/735/2
f 365/735/2 364/734/2 7/377/2
f 365/735/2 7/377/2 6/376/2
f 7/377/2 364/734/2 8/378/2
f 366/736/2 6/376/2 5/375/2
f 356/726/2 16/386/2 357/727/2
f 16/386/2 356/726/2 17/387/2
f 9/379/2 363/733/2 362/732/2
f 363/733/2 9/379/2 8/378/2
f 9/379/2 362/732/2 10/380/2
f 8/378/2 364/734/2 363/733/2
f 35/405/2 34/404/2 338/708/2
f 338/708/2 34/404/2 339/709/2
f 35/405/2 338/708/2 337/707/2
f 343/713/2 342/712/2 30/400/2
f 34/404/2 33/403/2 339/709/2
f 340/710/2 33/403/2 32/402/2
f 33/403/2 340/710/2 339/709/2
f 340/710/2 32/402/2 341/711/2
f 31/401/2 342/712/2 341/711/2
f 342/712/2 31/401/2 30/400/2
f 31/401/2 341/711/2 32/402/2
f 29/399/2 343/713/2 30/400/2
f 29/399/2 344/714/2 343/713/2
f 357/727/2 15/385/2 358/728/2
f 10/380/2 361/731/2 11/381/2
f 362/732/2 361/731/2 10/380/2
f 15/385/2 14/384/2 358/728/2
f 13/383/2 358/728/2 14/384/2
f 358/728/2 13/383/2 359/729/2
f 11/381/2 360/730/2 12/382/2
f 360/730/2 11/381/2 361/731/2
f 359/729/2 13/383/2 12/382/2
f 360/730/2 359/729/2 12/382/2
f 15/385/2 357/727/2 16/386/2
f 741/1501/3 1/741/4 2/742/5
f 741/1501/3 2/742/5 372/1122/6
f 741/1501/3 372/1122/6 371/1121/7
f 741/1501/3 371/1121/7 1/741/4
f 742/1502/8 2/742/5 3/743/9
f 742/1502/8 3/743/9 373/1123/10
f 742/1502/8 373/1123/10 372/1122/6
f 742/1502/8 372/1122/6 2/742/5
f 743/1503/11 3/743/9 4/744/12
f 743/1503/11 4/744/12 374/1124/13
f 743/1503/11 374/1124/13 373/1123/10
f 743/1503/11 373/1123/10 3/743/9
f 744/1504/14 4/745/15 5/746/16
f 744/1504/14 5/746/16 375/1126/17
f 744/1504/14 375/1126/17 374/1125/18
f 744/1504/14 374/1125/18 4/745/15
f 745/1505/19 5/747/20 6/748/21
f 745/1505/19 6/748/21 376/1128/22
f 745/1505/19 376/1128/22 375/1127/23
f 745/1505/19 375/1127/23 5/747/20
f 746/1506/24 6/748/21 7/749/25
f 746/1506/24 7/749/25 377/1129/26
f 746/1506/24 377/1129/26 376/1128/22
f 746/1506/24 376/1128/22 6/748/21
f 747/1507/27 7/749/25 8/750/28
f 747/1507/27 8/750/28 378/1130/29
f 747/1507/27 378/1130/29 377/1129/26
f 747/1507/27 377/1129/26 7/749/25
f 748/1508/30 8/750/28 9/751/31
f 748/1508/30 9/751/31 379/1131/32
f 748/1508/30 379/1131/32 378/1130/29
f 748/1508/30 378/1130/29 8/750/28
f 749/1509/33 9/751/31 10/752/34
f 749/1509/33 10/752/34 380/1132/35
f 749/1509/33 380/1132/35 379/1131/32
f 749/1509/33 379/1131/32 9/751/31
f 750/1510/36 10/752/34 11/753/37
f 750/1510/36 11/753/37 381/1133/38
f 750/1510/36 381/1133/38 380/1132/35
f 750/1510/36 380/1132/35 10/752/34
f 751/1511/39 11/753/37 12/754/40
f 751/1511/39 12/754/40 382/1134/41
f 751/1511/39 382/1134/41 381/1133/38
f 751/1511/39 381/1133/38 11/753/37
f 752/1512/42 12/754/40 13/755/43
f 752/1512/42 13/755/43 383/1135/44
f 752/1512/42 383/1135/44 382/1134/41
f 752/1512/42 382/1134/41 12/754/40
f 753/1513/45 13/755/43 14/756/46
f 753/1513/45 14/756/46 384/1136/47
f 753/1513/45 384/1136/47 383/1135/44
f 753/1513/45 383/1135/44 13/755/43
f 754/1514/48 14/756/46 15/757/49
f 754/1514/48 15/757/49 385/1137/50
f 754/1514/48 385/1137/50 384/1136/47
f 754/1514/48 384/1136/47 14/756/46
f 755/1515/51 15/757/49 16/758/52
f 755/1515/51 16/758/52 386/1138/53
f 755/1515/51 386/1138/53 385/1137/50
f 755/1515/51 385/1137/50 15/757/49
f 756/1516/54 16/758/52 17/759/55
f 756/1516/54 17/759/55 387/1139/56
f 756/1516/54 387/1139/56 386/1138/53
f 756/1516/54 386/1138/53 16/758/52
f 757/1517/57 17/759/55 18/760/58
f 757/1517/57 18/760/58 388/1140/59
f 757/1517/57 388/1140/59 387/1139/56
f 757/1517/57 387/1139/56 17/759/55
f 758/1518/60 18/760/58 19/761/61
f 758/1518/60 19/761/61 389/1141/62
f 758/1518/60 389/1141/62 388/1140/59
f 758/1518/60 388/1140/59 18/760/58
f 759/1519/63 19/761/61 20/762/64
f 759/1519/63 20/762/64 390/1142/65
f 759/1519/63 390/1142/65 389/1141/62
f 759/1519/63 389/1141/62 19/761/61
f 760/1520/66 20/762/64 21/763/67
f 760/1520/66 21/763/67 391/1143/68
f 760/1520/66 391/1143/68 390/1142/65
f 760/1520/66 390/1142/65 20/762/64
f 761/1521/69 21/763/67 22/764/70
f 761/1521/69 22/764/70 392/1144/71
f 761/1521/69 392/1144/71 391/1143/68
f 761/1521/69 391/1143/68 21/763/67
f 762/1522/72 22/764/70 23/765/73
f 762/1522/72 23/765/73 393/1145/74
f 762/1522/72 393/1145/74 392/1144/71
f 762/1522/72 392/1144/71 22/764/70
f 763/1523/75 23/765/73 24/766/76
f 763/1523/75 24/766/76 394/1146/77
f 763/1523/75 394/1146/77 393/1145/74
f 763/1523/75 393/1145/74 23/765/73
f 764/1524/78 24/766/76 25/767/79
f 764/1524/78 25/767/79 395/1147/80
f 764/1524/78 395/1147/80 394/1146/77
f 764/1524/78 394/1146/77 24/766/76
f 765/1525/81 25/767/79 26/768/82
f 765/1525/81 26/768/82 396/1148/83
f 765/1525/81 396/1148/83 395/1147/80
f 765/1525/81 395/1147/80 25/767/79
f 766/1526/84 26/768/82 27/769/85
f 766/1526/84 27/769/85 397/1149/86
f 766/1526/84 397/1149/86 396/1148/83
f 766/1526/84 396/1148/83 26/768/82
f 767/1527/87 27/769/85 28/770/88
f 767/1527/87 28/770/88 398/1150/89
f 767/1527/87 398/1150/89 397/1149/86
f 767/1527/87 397/1149/86 27/769/85
f 768/1528/90 28/770/88 29/771/91
f 768/1528/90 29/771/91 399/1151/92
f 768/1528/90 399/1151/92 398/1150/89
f 768/1528/90 398/1150/89 28/770/88
f 769/1529/93 29/771/91 30/772/94
f 769/1529/93 30/772/94 400/1152/95
f 769/1529/93 400/1152/95 399/1151/92
f 769/1529/93 399/1151/92 29/771/91
f 770/1530/96 30/772/94 31/773/97
f 770/1530/96 31/773/97 401/1153/98
f 770/1530/96 401/1153/98 400/1152/95
f 770/1530/96 400/1152/95 30/772/94
f 771/1531/99 31/773/97 32/774/100
f 771/1531/99 32/774/100 402/1154/101
f 771/1531/99 402/1154/101 401/1153/98
f 771/1531/99 401/1153/98 31/773/97
f 772/1532/102 32/774/100 33/775/103
f 772/1532/102 33/775/103 403/1155/104
f 772/1532/102 403/1155/104 402/1154/101
f 772/1532/102 402/1154/101 32/774/100
f 773/1533/105 33/775/103 34/776/106
f 773/1533/105 34/776/106 404/1156/107
f 773/1533/105 404/1156/107 403/1155/104
f 773/1533/105 403/1155/104 33/775/103
f 774/1534/108 34/776/106 35/777/109
f 774/1534/108 35/777/109 405/1157/110
f 774/1534/108 405/1157/110 404/1156/107
f 774/1534/108 404/1156/107 34/776/106
f 775/1535/111 35/777/109 36/778/112
f 775/1535/111 36/778/112 406/1158/113
f 775/1535/111 406/1158/113 405/1157/110
f 775/1535/111 405/1157/110 35/777/109
f 776/1536/114 36/778/112 37/779/115
f 776/1536/114 37/779/115 407/1159/116
f 776/1536/114 407/1159/116 406/1158/113
f 776/1536/114 406/1158/113 36/778/112
f 777/1537/117 37/779/115 38/780/118
f 777/1537/117 38/780/118 408/1160/119
f 777/1537/117 408/1160/119 407/1159/116
f 777/1537/117 407/1159/116 37/779/115
f 778/1538/120 38/780/118 39/781/121
f 778/1538/120 39/781/121 409/1161/122
f 778/1538/120 409/1161/122 408/1160/119
f 778/1538/120 408/1160/119 38/780/118
f 779/1539/123 39/781/121 40/782/124
f 779/1539/123 40/782/124 410/1162/125
f 779/1539/123 410/1162/125 409/1161/122
f 779/1539/123 409/1161/122 39/781/121
f 780/1540/126 40/782/124 41/783/127
f 780/1540/126 41/783/127 411/1163/128
f 780/1540/126 411/1163/128 410/1162/125
f 780/1540/126 410/1162/125 40/782/124
f 781/1541/129 41/783/127 42/784/130
f 781/1541/129 42/784/130 412/1164/131
f 781/1541/129 412/1164/131 411/1163/128
f 781/1541/129 411/1163/128 41/783/127
f 782/1542/132 42/784/130 43/785/133
f 782/1542/132 43/785/133 413/1165/134
f 782/1542/132 413/1165/134 412/1164/131
f 782/1542/132 412/1164/131 42/784/130
f 783/1543/135 43/785/133 44/786/136
f 783/1543/135 44/786/136 414/1166/137
f 783/1543/135 414/1166/137 413/1165/134
f 783/1543/135 413/1165/134 43/785/133
f 784/1544/138 44/786/136 45/787/139
f 784/1544/138 45/787/139 415/1167/140
f 784/1544/138 415/1167/140 414/1166/137
f 784/1544/138 414/1166/137 44/786/136
f 785/1545/141 45/787/139 46/788/142
f 785/1545/141 46/788/142 416/1168/143
f 785/1545/141 416/1168/143 415/1167/140
f 785/1545/141 415/1167/140 45/787/139
f 786/1546/144 46/788/142 47/789/145
f 786/1546/144 47/789/145 417/1169/146
f 786/1546/144 417/1169/146 416/1168/143
f 786/1546/144 416/1168/143 46/788/142
f 787/1547/147 47/789/145 48/790/148
f 787/1547/147 48/790/148 418/1170/149
f 787/1547/147 418/1170/149 417/1169/146
f 787/1547/147 417/1169/146 47/789/145
f 788/1548/150 48/790/148 49/791/151
f 788/1548/150 49/791/151 419/1171/152
f 788/1548/150 419/1171/152 418/1170/149
f 788/1548/150 418/1170/149 48/790/148
f 789/1549/153 49/791/151 50/792/154
f 789/1549/153 50/792/154 420/1172/155
f 789/1549/153 420/1172/155 419/1171/152
f 789/1549/153 419/1171/152 49/791/151
f 790/1550/156 50/792/154 51/793/157
f 790/1550/156 51/793/157 421/1173/158
f 790/1550/156 421/1173/158 420/1172/155
f 790/1550/156 420/1172/155 50/792/154
f 791/1551/159 51/793/157 52/794/160
f 791/1551/159 52/794/160 422/1174/161
f 791/1551/159 422/1174/161 421/1173/158
f 791/1551/159 421/1173/158 51/793/157
f 792/1552/162 52/794/160 53/795/163
f 792/1552/162 53/795/163 423/1175/164
f 792/1552/162 423/1175/164 422/1174/161
f 792/1552/162 422/1174/161 52/794/160
f 793/1553/165 53/795/163 54/796/166
f 793/1553/165 54/796/166 424/1176/167
f 793/1553/165 424/1176/167 423/1175/164
f 793/1553/165 423/1175/164 53/795/163
f 794/1554/168 54/796/166 55/797/169
f 794/1554/168 55/797/169 425/1177/170
f 794/1554/168 425/1177/170 424/1176/167
f 794/1554/168 424/1176/167 54/796/166
f 795/1555/171 55/797/169 56/798/172
f 795/1555/171 56/798/172 426/1178/173
f 795/1555/171 426/1178/173 425/1177/170
f 795/1555/171 425/1177/170 55/797/169
f 796/1556/174 56/798/172 57/799/175
f 796/1556/174 57/799/175 427/1179/176
f 796/1556/174 427/1179/176 426/1178/173
f 796/1556/174 426/1178/173 56/798/172
f 797/1557/177 57/799/175 58/800/178
f 797/1557/177 58/800/178 428/1180/179
f 797/1557/177 428/1180/179 427/1179/176
f 797/1557/177 427/1179/176 57/799/175
f 798/1558/180 58/800/178 59/801/181
f 798/1558/180 59/801/181 429/1181/182
f 798/1558/180 429/1181/182 428/1180/179
f 798/1558/180 428/1180/179 58/800/178
f 799/1559/183 59/801/181 60/802/184
f 799/1559/183 60/802/184 430/1182/185
f 799/1559/183 430/1182/185 429/1181/182
f 799/1559/183 429/1181/182 59/801/181
f 800/1560/186 60/802/184 61/803/187
f 800/1560/186 61/803/187 431/1183/188
f 800/1560/186 431/1183/188 430/1182/185
f 800/1560/186 430/1182/185 60/802/184
f 801/1561/189 61/803/187 62/804/190
f 801/1561/189 62/804/190 432/1184/191
f 801/1561/189 432/1184/191 431/1183/188
f 801/1561/189 431/1183/188 61/803/187
f 802/1562/192 62/804/190 63/805/193
f 802/1562/192 63/805/193 433/1185/194
f 802/1562/192 433/1185/194 432/1184/191
f 802/1562/192 432/1184/191 62/804/190
f 803/1563/195 63/805/193 64/806/196
f 803/1563/195 64/806/196 434/1186/197
f 803/1563/195 434/1186/197 433/1185/194
f 803/1563/195 433/1185/194 63/805/193
f 804/1564/198 64/806/196 65/807/199
f 804/1564/198 65/807/199 435/1187/200
f 804/1564/198 435/1187/200 434/1186/197
f 804/1564/198 434/1186/197 64/806/196
f 805/1565/201 65/807/199 66/808/202
f 805/1565/201 66/808/202 436/1188/203
f 805/1565/201 436/1188/203 435/1187/200
f 805/1565/201 435/1187/200 65/807/199
f 806/1566/204 66/808/202 67/809/205
f 806/1566/204 67/809/205 437/1189/206
f 806/1566/204 437/1189/206 436/1188/203
f 806/1566/204 436/1188/203 66/808/202
f 807/1567/207 67/809/205 68/810/208
f 807/1567/207 68/810/208 438/1190/209
f 807/1567/207 438/1190/209 437/1189/206
f 807/1567/207 437/1189/206 67/809/205
f 808/1568/210 68/810/208 69/811/211
f 808/1568/210 69/811/211 439/1191/212
f 808/1568/210 439/1191/212 438/1190/209
f 808/1568/210 438/1190/209 68/810/208
f 809/1569/213 69/811/211 70/812/214
f 809/1569/213 70/812/214 440/1192/215
f 809/1569/213 440/1192/215 439/1191/212
f 809/1569/213 439/1191/212 69/811/211
f 810/1570/216 70/812/214 71/813/217
f 810/1570/216 71/813/217 441/1193/218
f 810/1570/216 441/1193/218 440/1192/215
f 810/1570/216 440/1192/215 70/812/214
f 811/1571/219 71/813/217 72/814/220
f 811/1571/219 72/814/220 442/1194/221
f 811/1571/219 442/1194/221 441/1193/218
f 811/1571/219 441/1193/218 71/813/217
f 812/1572/222 72/814/220 73/815/223
f 812/1572/222 73/815/223 443/1195/224
f 812/1572/222 443/1195/224 442/1194/221
f 812/1572/222 442/1194/221 72/814/220
f 813/1573/225 73/815/223 74/816/226
f 813/1573/225 74/816/226 444/1196/227
f 813/1573/225 444/1196/227 443/1195/224
f 813/1573/225 443/1195/224 73/815/223
f 814/1574/228 74/816/226 75/817/229
f 814/1574/228 75/817/229 445/1197/230
f 814/1574/228 445/1197/230 444/1196/227
f 814/1574/228 444/1196/227 74/816/226
f 815/1575/231 75/817/229 76/818/232
f 815/1575/231 76/818/232 446/1198/233
f 815/1575/231 446/1198/233 445/1197/230
f 815/1575/231 445/1197/230 75/817/229
f 816/1576/234 76/818/232 77/819/235
f 816/1576/234 77/819/235 447/1199/236
f 816/1576/234 447/1199/236 446/1198/233
f 816/1576/234 446/1198/233 76/818/232
f 817/1577/237 77/819/235 78/820/238
f 817/1577/237 78/820/238 448/1200/239
f 817/1577/237 448/1200/239 447/1199/236
f 817/1577/237 447/1199/236 77/819/235
f 818/1578/240 78/820/238 79/821/241
f 818/1578/240 79/821/241 449/1201/242
f 818/1578/240 449/1201/242 448/1200/239
f 818/1578/240 448/1200/239 78/820/238
f 819/1579/243 79/821/241 80/822/244
f 819/1579/243 80/822/244 450/1202/245
f 819/1579/243 450/1202/245 449/1201/242
f 819/1579/243 449/1201/242 79/821/241
f 820/1580/246 80/822/244 81/823/247
f 820/1580/246 81/823/247 451/1203/248
f 820/1580/246 451/1203/248 450/1202/245
f 820/1580/246 450/1202/245 80/822/244
f 821/1581/249 81/823/247 82/824/250
f 821/1581/249 82/824/250 452/1204/251
f 821/1581/249 452/1204/251 451/1203/248
f 821/1581/249 451/1203/248 81/823/247
f 822/1582/252 82/824/250 83/825/253
f 822/1582/252 83/825/253 453/1205/254
f 822/1582/252 453/1205/254 452/1204/251
f 822/1582/252 452/1204/251 82/824/250
f 823/1583/255 83/825/253 84/826/256
f 823/1583/255 84/826/256 454/1206/257
f 823/1583/255 454/1206/257 453/1205/254
f 823/1583/255 453/1205/254 83/825/253
f 824/1584/258 84/826/256 85/827/259
f 824/1584/258 85/827/259 455/1207/260
f 824/1584/258 455/1207/260 454/1206/257
f 824/1584/258 454/1206/257 84/826/256
f 825/1585/261 85/827/259 86/828/262
f 825/1585/261 86/828/262 456/1208/263
f 825/1585/261 456/1208/263 455/1207/260
f 825/1585/261 455/1207/260 85/827/259
f 826/1586/264 86/828/262 87/829/265
f 826/1586/264 87/829/265 457/1209/266
f 826/1586/264 457/1209/266 456/1208/263
f 826/1586/264 456/1208/263 86/828/262
f 827/1587/267 87/829/265 88/830/268
f 827/1587/267 88/830/268 458/1210/269
f 827/1587/267 458/1210/269 457/1209/266
f 827/1587/267 457/1209/266 87/829/265
f 828/1588/270 88/830/268 89/831/271
f 828/1588/270 89/831/271 459/1211/272
f 828/1588/270 459/1211/272 458/1210/269
f 828/1588/270 458/1210/269 88/830/268
f 829/1589/273 89/831/271 90/832/274
f 829/1589/273 90/832/274 460/1212/275
f 829/1589/273 460/1212/275 459/1211/272
f 829/1589/273 459/1211/272 89/831/271
f 830/1590/276 90/832/274 91/833/277
f 830/1590/276 91/833/277 461/1213/278
f 830/1590/276 461/1213/278 460/1212/275
f 830/1590/276 460/1212/275 90/832/274
f 831/1591/279 91/833/277 92/834/280
f 831/1591/279 92/834/280 462/1214/281
f 831/1591/279 462/1214/281 461/1213/278
f 831/1591/279 461/1213/278 91/833/277
f 832/1592/282 92/834/280 93/835/283
f 832/1592/282 93/835/283 463/1215/284
f 832/1592/282 463/1215/284 462/1214/281
f 832/1592/282 462/1214/281 92/834/280
f 833/1593/285 93/835/283 94/836/286
f 833/1593/285 94/836/286 464/1216/287
f 833/1593/285 464/1216/287 463/1215/284
f 833/1593/285 463/1215/284 93/835/283
f 834/1594/288 94/836/286 95/837/289
f 834/1594/288 95/837/289 465/1217/290
f 834/1594/288 465/1217/290 464/1216/287
f 834/1594/288 464/1216/287 94/836/286
f 835/1595/291 95/837/289 96/838/292
f 835/1595/291 96/838/292 466/1218/293
f 835/1595/291 466/1218/293 465/1217/290
f 835/1595/291 465/1217/290 95/837/289
f 836/1596/294 96/838/292 97/839/295
f 836/1596/294 97/839/295 467/1219/296
f 836/1596/294 467/1219/296 466/1218/293
f 836/1596/294 466/1218/293 96/838/292
f 837/1597/297 97/839/295 98/840/298
f 837/1597/297 98/840/298 468/1220/299
f 837/1597/297 468/1220/299 467/1219/296
f 837/1597/297 467/1219/296 97/839/295
f 838/1598/300 98/840/298 99/841/301
f 838/1598/300 99/841/301 469/1221/302
f 838/1598/300 469/1221/302 468/1220/299
f 838/1598/300 468/1220/299 98/840/298
f 839/1599/303 99/841/301 100/842/304
f 839/1599/303 100/842/304 470/1222/305
f 839/1599/303 470/1222/305 469/1221/302
f 839/1599/303 469/1221/302 99/841/301
f 840/1600/306 100/842/304 101/843/307
f 840/1600/306 101/843/307 471/1223/308
f 840/1600/306 471/1223/308 470/1222/305
f 840/1600/306 470/1222/305 100/842/304
f 841/1601/309 101/843/307 102/844/310
f 841/1601/309 102/844/310 472/1224/311
f 841/1601/309 472/1224/311 471/1223/308
f 841/1601/309 471/1223/308 101/843/307
f 842/1602/312 102/844/310 103/845/313
f 842/1602/312 103/845/313 473/1225/314
f 842/1602/312 473/1225/314 472/1224/311
f 842/1602/312 472/1224/311 102/844/310
f 843/1603/315 103/845/313 104/846/316
f 843/1603/315 104/846/316 474/1226/317
f 843/1603/315 474/1226/317 473/1225/314
f 843/1603/315 473/1225/314 103/845/313
f 844/1604/318 104/846/316 105/847/319
f 844/1604/318 105/847/319 475/1227/320
f 844/1604/318 475/1227/320 474/1226/317
f 844/1604/318 474/1226/317 104/846/316
f 845/1605/321 105/847/319 106/848/322
f 845/1605/321 106/848/322 476/1228/323
f 845/1605/321 476/1228/323 475/1227/320
f 845/1605/321 475/1227/320 105/847/319
f 846/1606/324 106/848/322 107/849/325
f 846/1606/324 107/849/325 477/1229/326
f 846/1606/324 477/1229/326 476/1228/323
f 846/1606/324 476/1228/323 106/848/322
f 847/1607/327 107/849/325 108/850/328
f 847/1607/327 108/850/328 478/1230/329
f 847/1607/327 478/1230/329 477/1229/326
f 847/1607/327 477/1229/326 107/849/325
f 848/1608/330 108/850/328 109/851/331
f 848/1608/330 109/851/331 479/1231/332
f 848/1608/330 479/1231/332 478/1230/329
f 848/1608/330 478/1230/329 108/850/328
f 849/1609/333 109/851/331 110/852/334
f 849/1609/333 110/852/334 480/1232/335
f 849/1609/333 480/1232/335 479/1231/332
f 849/1609/333 479/1231/332 109/851/331
f 850/1610/336 110/852/334 111/853/337
f 850/1610/336 111/853/337 481/1233/338
f 850/1610/336 481/1233/338 480/1232/335
f 850/1610/336 480/1232/335 110/852/334
f 851/1611/339 111/853/337 112/854/340
f 851/1611/339 112/854/340 482/1234/341
f 851/1611/339 482/1234/341 481/1233/338
f 851/1611/339 481/1233/338 111/853/337
f 852/1612/342 112/854/340 113/855/343
f 852/1612/342 113/855/343 483/1235/344
f 852/1612/342 483/1235/344 482/1234/341
f 852/1612/342 482/1234/341 112/854/340
f 853/1613/345 113/855/343 114/856/346
f 853/1613/345 114/856/346 484/1236/347
f 853/1613/345 484/1236/347 483/1235/344
f 853/1613/345 483/1235/344 113/855/343
f 854/1614/348 114/856/346 115/857/349
f 854/1614/348 115/857/349 485/1237/350
f 854/1614/348 485/1237/350 484/1236/347
f 854/1614/348 484/1236/347 114/856/346
f 855/1615/351 115/857/349 116/858/352
f 855/1615/351 116/858/352 486/1238/353
f 855/1615/351 486/1238/353 485/1237/350
f 855/1615/351 485/1237/350 115/857/349
f 856/1616/354 116/858/352 117/859/355
f 856/1616/354 117/859/355 487/1239/356
f 856/1616/354 487/1239/356 486/1238/353
f 856/1616/354 486/1238/353 116/858/352
f 857/1617/357 117/859/355 118/860/358
f 857/1617/357 118/860/358 488/1240/359
f 857/1617/357 488/1240/359 487/1239/356
f 857/1617/357 487/1239/356 117/859/355
f 858/1618/360 118/860/358 119/861/361
f 858/1618/360 119/861/361 489/1241/362
f 858/1618/360 489/1241/362 488/1240/359
f 858/1618/360 488/1240/359 118/860/358
f 859/1619/363 119/861/361 120/862/364
f 859/1619/363 120/862/364 490/1242/365
f 859/1619/363 490/1242/365 489/1241/362
f 859/1619/363 489/1241/362 119/861/361
f 860/1620/366 120/862/364 121/863/367
f 860/1620/366 121/863/367 491/1243/368
f 860/1620/366 491/1243/368 490/1242/365
f 860/1620/366 490/1242/365 120/862/364
f 861/1621/369 121/863/367 122/864/370
f 861/1621/369 122/864/370 492/1244/371
f 861/1621/369 492/1244/371 491/1243/368
f 861/1621/369 491/1243/368 121/863/367
f 862/1622/372 122/864/370 123/865/373
f 862/1622/372 123/865/373 493/1245/374
f 862/1622/372 493/1245/374 492/1244/371
f 862/1622/372 492/1244/371 122/864/370
f 863/1623/375 123/865/373 124/866/376
f 863/1623/375 124/866/376 494/1246/377
f 863/1623/375 494/1246/377 493/1245/374
f 863/1623/375 493/1245/374 123/865/373
f 864/1624/378 124/866/376 125/867/379
f 864/1624/378 125/867/379 495/1247/380
f 864/1624/378 495/1247/380 494/1246/377
f 864/1624/378 494/1246/377 124/866/376
f 865/1625/381 125/867/379 126/868/382
f 865/1625/381 126/868/382 496/1248/383
f 865/1625/381 496/1248/383 495/1247/380
f 865/1625/381 495/1247/380 125/867/379
f 866/1626/384 126/869/382 127/870/385
f 866/1626/384 127/870/385 497/1250/386
f 866/1626/384 497/1250/386 496/1249/383
f 866/1626/384 496/1249/383 126/869/382
f 867/1627/387 127/870/385 128/871/388
f 867/1627/387 128/871/388 498/1251/389
f 867/1627/387 498/1251/389 497/1250/386
f 867/1627/387 497/1250/386 127/870/385
f 868/1628/390 128/871/388 129/872/391
f 868/1628/390 129/872/391 499/1252/392
f 868/1628/390 499/1252/392 498/1251/389
f 868/1628/390 498/1251/389 128/871/388
f 869/1629/393 129/872/391 130/873/394
f 869/1629/393 130/873/394 500/1253/395
f 869/1629/393 500/1253/395 499/1252/392
f 869/1629/393 499/1252/392 129/872/391
f 870/1630/396 130/873/394 131/874/397
f 870/1630/396 131/874/397 501/1254/398
f 870/1630/396 501/1254/398 500/1253/395
f 870/1630/396 500/1253/395 130/873/394
f 871/1631/399 131/874/397 132/875/400
f 871/1631/399 132/875/400 502/1255/401
f 871/1631/399 502/1255/401 501/1254/398
f 871/1631/399 501/1254/398 131/874/397
f 872/1632/402 132/875/400 133/876/403
f 872/1632/402 133/876/403 503/1256/404
f 872/1632/402 503/1256/404 502/1255/401
f 872/1632/402 502/1255/401 132/875/400
f 873/1633/405 133/876/403 134/877/406
f 873/1633/405 134/877/406 504/1257/407
f 873/1633/405 504/1257/407 503/1256/404
f 873/1633/405 503/1256/404 133/876/403
f 874/1634/408 134/877/406 135/878/409
f 874/1634/408 135/878/409 505/1258/410
f 874/1634/408 505/1258/410 504/1257/407
f 874/1634/408 504/1257/407 134/877/406
f 875/1635/411 135/878/409 136/879/412
f 875/1635/411 136/879/412 506/1259/413
f 875/1635/411 506/1259/413 505/1258/410
f 875/1635/411 505/1258/410 135/878/409
f 876/1636/414 136/879/412 137/880/415
f 876/1636/414 137/880/415 507/1260/416
f 876/1636/414 507/1260/416 506/1259/413
f 876/1636/414 506/1259/413 136/879/412
f 877/1637/417 137/880/415 138/881/418
f 877/1637/417 138/881/418 508/1261/419
f 877/1637/417 508/1261/419 507/1260/416
f 877/1637/417 507/1260/416 137/880/415
f 878/1638/420 138/881/418 139/882/421
f 878/1638/420 139/882/421 509/1262/422
f 878/1638/420 509/1262/422 508/1261/419
f 878/1638/420 508/1261/419 138/881/418
f 879/1639/423 139/882/421 140/883/424
f 879/1639/423 140/883/424 510/1263/425
f 879/1639/423 510/1263/425 509/1262/422
f 879/1639/423 509/1262/422 139/882/421
f 880/1640/426 140/883/424 141/884/427
f 880/1640/426 141/884/427 511/1264/428
f 880/1640/426 511/1264/428 510/1263/425
f 880/1640/426 510/1263/425 140/883/424
f 881/1641/429 141/884/427 142/885/430
f 881/1641/429 142/885/430 512/1265/431
f 881/1641/429 512/1265/431 511/1264/428
f 881/1641/429 511/1264/428 141/884/427
f 882/1642/432 142/885/430 143/886/433
f 882/1642/432 143/886/433 513/1266/434
f 882/1642/432 513/1266/434 512/1265/431
f 882/1642/432 512/1265/431 142/885/430
f 883/1643/435 143/886/433 144/887/436
f 883/1643/435 144/887/436 514/1267/437
f 883/1643/435 514/1267/437 513/1266/434
f 883/1643/435 513/1266/434 143/886/433
f 884/1644/438 144/887/436 145/888/439
f 884/1644/438 145/888/439 515/1268/440
f 884/1644/438 515/1268/440 514/1267/437
f 884/1644/438 514/1267/437 144/887/436
f 885/1645/441 145/888/439 146/889/442
f 885/1645/441 146/889/442 516/1269/443
f 885/1645/441 516/1269/443 515/1268/440
f 885/1645/441 515/1268/440 145/888/439
f 886/1646/444 146/889/442 147/890/445
f 886/1646/444 147/890/445 517/1270/446
f 886/1646/444 517/1270/446 516/1269/443
f 886/1646/444 516/1269/443 146/889/442
f 887/1647/447 147/890/445 148/891/448
f 887/1647/447 148/891/448 518/1271/449
f 887/1647/447 518/1271/449 517/1270/446
f 887/1647/447 517/1270/446 147/890/445
f 888/1648/450 148/891/448 149/892/451
f 888/1648/450 149/892/451 519/1272/452
f 888/1648/450 519/1272/452 518/1271/449
f 888/1648/450 518/1271/449 148/891/448
f 889/1649/453 149/892/451 150/893/454
f 889/1649/453 150/893/454 520/1273/455
f 889/1649/453 520/1273/455 519/1272/452
f 889/1649/453 519/1272/452 149/892/451
f 890/1650/456 150/893/454 151/894/457
f 890/1650/456 151/894/457 521/1274/458
f 890/1650/456 521/1274/458 520/1273/455
f 890/1650/456 520/1273/455 150/893/454
f 891/1651/459 151/894/457 152/895/460
f 891/1651/459 152/895/460 522/1275/461
f 891/1651/459 522/1275/461 521/1274/458
f 891/1651/459 521/1274/458 151/894/457
f 892/1652/462 152/895/460 153/896/463
f 892/1652/462 153/896/463 523/1276/464
f 892/1652/462 523/1276/464 522/1275/461
f 892/1652/462 522/1275/461 152/895/460
f 893/1653/465 153/896/463 154/897/466
f 893/1653/465 154/897/466 524/1277/467
f 893/1653/465 524/1277/467 523/1276/464
f 893/1653/465 523/1276/464 153/896/463
f 894/1654/468 154/897/466 155/898/469
f 894/1654/468 155/898/469 525/1278/470
f 894/1654/468 525/1278/470 524/1277/467
f 894/1654/468 524/1277/467 154/897/466
f 895/1655/471 155/898/469 156/899/472
f 895/1655/471 156/899/472 526/1279/473
f 895/1655/471 526/1279/473 525/1278/470
f 895/1655/471 525/1278/470 155/898/469
f 896/1656/474 156/899/472 157/900/475
f 896/1656/474 157/900/475 527/1280/476
f 896/1656/474 527/1280/476 526/1279/473
f 896/1656/474 526/1279/473 156/899/472
f 897/1657/477 157/900/475 158/901/478
f 897/1657/477 158/901/478 528/1281/479
f 897/1657/477 528/1281/479 527/1280/476
f 897/1657/477 527/1280/476 157/900/475
f 898/1658/480 158/901/478 159/902/481
f 898/1658/480 159/902/481 529/1282/482
f 898/1658/480 529/1282/482 528/1281/479
f 898/1658/480 528/1281/479 158/901/478
f 899/1659/483 159/902/481 160/903/484
f 899/1659/483 160/903/484 530/1283/485
f 899/1659/483 530/1283/485 529/1282/482
f 899/1659/483 529/1282/482 159/902/481
f 900/1660/486 160/903/484 161/904/487
f 900/1660/486 161/904/487 531/1284/488
f 900/1660/486 531/1284/488 530/1283/485
f 900/1660/486 530/1283/485 160/903/484
f 901/1661/489 161/904/487 162/905/490
f 901/1661/489 162/905/490 532/1285/491
f 901/1661/489 532/1285/491 531/1284/488
f 901/1661/489 531/1284/488 161/904/487
f 902/1662/492 162/905/490 163/906/493
f 902/1662/492 163/906/493 533/1286/494
f 902/1662/492 533/1286/494 532/1285/491
f 902/1662/492 532/1285/491 162/905/490
f 903/1663/495 163/906/493 164/907/496
f 903/1663/495 164/907/496 534/1287/497
f 903/1663/495 534/1287/497 533/1286/494
f 903/1663/495 533/1286/494 163/906/493
f 904/1664/498 164/907/496 165/908/499
f 904/1664/498 165/908/499 535/1288/500
f 904/1664/498 535/1288/500 534/1287/497
f 904/1664/498 534/1287/497 164/907/496
f 905/1665/501 165/908/499 166/909/502
f 905/1665/501 166/909/502 536/1289/503
f 905/1665/501 536/1289/503 535/1288/500
f 905/1665/501 535/1288/500 165/908/499
f 906/1666/504 166/909/502 167/910/505
f 906/1666/504 167/910/505 537/1290/506
f 906/1666/504 537/1290/506 536/1289/503
f 906/1666/504 536/1289/503 166/909/502
f 907/1667/507 167/910/505 168/911/508
f 907/1667/507 168/911/508 538/1291/509
f 907/1667/507 538/1291/509 537/1290/506
f 907/1667/507 537/1290/506 167/910/505
f 908/1668/510 168/911/508 169/912/511
f 908/1668/510 169/912/511 539/1292/512
f 908/1668/510 539/1292/512 538/1291/509
f 908/1668/510 538/1291/509 168/911/508
f 909/1669/513 169/912/511 170/913/514
f 909/1669/513 170/913/514 540/1293/515
f 909/1669/513 540/1293/515 539/1292/512
f 909/1669/513 539/1292/512 169/912/511
f 910/1670/516 170/913/514 171/914/517
f 910/1670/516 171/914/517 541/1294/518
f 910/1670/516 541/1294/518 540/1293/515
f 910/1670/516 540/1293/515 170/913/514
f 911/1671/519 171/914/517 172/915/520
f 911/1671/519 172/915/520 542/1295/521
f 911/1671/519 542/1295/521 541/1294/518
f 911/1671/519 541/1294/518 171/914/517
f 912/1672/522 172/915/520 173/916/523
f 912/1672/522 173/916/523 543/1296/524
f 912/1672/522 543/1296/524 542/1295/521
f 912/1672/522 542/1295/521 172/915/520
f 913/1673/525 173/916/523 174/917/526
f 913/1673/525 174/917/526 544/1297/527
f 913/1673/525 544/1297/527 543/1296/524
f 913/1673/525 543/1296/524 173/916/523
f 914/1674/528 174/917/526 175/918/529
f 914/1674/528 175/918/529 545/1298/530
f 914/1674/528 545/1298/530 544/1297/527
f 914/1674/528 544/1297/527 174/917/526
f 915/1675/531 175/918/529 176/919/532
f 915/1675/531 176/919/532 546/1299/533
f 915/1675/531 546/1299/533 545/1298/530
f 915/1675/531 545/1298/530 175/918/529
f 916/1676/534 176/919/532 177/920/535
f 916/1676/534 177/920/535 547/1300/536
f 916/1676/534 547/1300/536 546/1299/533
f 916/1676/534 546/1299/533 176/919/532
f 917/1677/537 177/920/535 178/921/538
f 917/1677/537 178/921/538 548/1301/539
f 917/1677/537 548/1301/539 547/1300/536
f 917/1677/537 547/1300/536 177/920/535
f 918/1678/540 178/921/538 179/922/541
f 918/1678/540 179/922/541 549/1302/542
f 918/1678/540 549/1302/542 548/1301/539
f 918/1678/540 548/1301/539 178/921/538
f 919/1679/543 179/922/541 180/923/544
f 919/1679/543 180/923/544 550/1303/545
f 919/1679/543 550/1303/545 549/1302/542
f 919/1679/543 549/1302/542 179/922/541
f 920/1680/546 180/923/544 181/924/547
f 920/1680/546 181/924/547 551/1304/548
f 920/1680/546 551/1304/548 550/1303/545
f 920/1680/546 550/1303/545 180/923/544
f 921/1681/549 181/924/547 182/925/550
f 921/1681/549 182/925/550 552/1305/551
f 921/1681/549 552/1305/551 551/1304/548
f 921/1681/549 551/1304/548 181/924/547
f 922/1682/552 182/925/550 183/926/553
f 922/1682/552 183/926/553 553/1306/554
f 922/1682/552 553/1306/554 552/1305/551
f 922/1682/552 552/1305/551 182/925/550
f 923/1683/555 183/926/553 184/927/556
f 923/1683/555 184/927/556 554/1307/557
f 923/1683/555 554/1307/557 553/1306/554
f 923/1683/555 553/1306/554 183/926/553
f 924/1684/558 184/927/556 185/928/559
f 924/1684/558 185/928/559 555/1308/560
f 924/1684/558 555/1308/560 554/1307/557
f 924/1684/558 554/1307/557 184/927/556
f 925/1685/561 185/928/559 186/929/562
f 925/1685/561 186/929/562 556/1309/563
f 925/1685/561 556/1309/563 555/1308/560
f 925/1685/561 555/1308/560 185/928/559
f 926/1686/564 186/930/565 187/931/566
f 926/1686/564 187/931/566 557/1311/567
f 926/1686/564 557/1311/567 556/1310/568
f 926/1686/564 556/1310/568 186/930/565
f 927/1687/569 187/931/566 188/932/570
f 927/1687/569 188/932/570 558/1312/571
f 927/1687/569 558/1312/571 557/1311/567
f 927/1687/569 557/1311/567 187/931/566
f 928/1688/572 188/932/570 189/933/573
f 928/1688/572 189/933/573 559/1313/574
f 928/1688/572 559/1313/574 558/1312/571
f 928/1688/572 558/1312/571 188/932/570
f 929/1689/575 189/933/573 190/934/576
f 929/1689/575 190/934/576 560/1314/577
f 929/1689/575 560/1314/577 559/1313/574
f 929/1689/575 559/1313/574 189/933/573
f 930/1690/578 190/934/576 191/935/579
f 930/1690/578 191/935/579 561/1315/580
f 930/1690/578 561/1315/580 560/1314/577
f 930/1690/578 560/1314/577 190/934/576
f 931/1691/581 191/935/579 192/936/582
f 931/1691/581 192/936/582 562/1316/583
f 931/1691/581 562/1316/583 561/1315/580
f 931/1691/581 561/1315/580 191/935/579
f 932/1692/584 192/936/582 193/937/585
f 932/1692/584 193/937/585 563/1317/586
f 932/1692/584 563/1317/586 562/1316/583
f 932/1692/584 562/1316/583 192/936/582
f 933/1693/587 193/937/585 194/938/588
f 933/1693/587 194/938/588 564/1318/589
f 933/1693/587 564/1318/589 563/1317/586
f 933/1693/587 563/1317/586 193/937/585
f 934/1694/590 194/938/588 195/939/591
f 934/1694/590 195/939/591 565/1319/592
f 934/1694/590 565/1319/592 564/1318/589
f 934/1694/590 564/1318/589 194/938/588
f 935/1695/593 195/939/591 196/940/594
f 935/1695/593 196/940/594 566/1320/595
f 935/1695/593 566/1320/595 565/1319/592
f 935/1695/593 565/1319/592 195/939/591
f 936/1696/596 196/940/594 197/941/597
f 936/1696/596 197/941/597 567/1321/598
f 936/1696/596 567/1321/598 566/1320/595
f 936/1696/596 566/1320/595 196/940/594
f 937/1697/599 197/941/597 198/942/600
f 937/1697/599 198/942/600 568/1322/601
f 937/1697/599 568/1322/601 567/1321/598
f 937/1697/599 567/1321/598 197/941/597
f 938/1698/602 198/942/600 199/943/603
f 938/1698/602 199/943/603 569/1323/604
f 938/1698/602 569/1323/604 568/1322/601
f 938/1698/602 568/1322/601 198/942/600
f 939/1699/605 199/943/603 200/944/606
f 939/1699/605 200/944/606 570/1324/607
f 939/1699/605 570/1324/607 569/1323/604
f 939/1699/605 569/1323/604 199/943/603
f 940/1700/608 200/944/606 201/945/609
f 940/1700/608 201/945/609 571/1325/610
f 940/1700/608 571/1325/610 570/1324/607
f 940/1700/608 570/1324/607 200/944/606
f 941/1701/611 201/945/609 202/946/612
f 941/1701/611 202/946/612 572/1326/613
f 941/1701/611 572/1326/613 571/1325/610
f 941/1701/611 571/1325/610 201/945/609
f 942/1702/614 202/946/612 203/947/615
f 942/1702/614 203/947/615 573/1327/616
f 942/1702/614 573/1327/616 572/1326/613
f 942/1702/614 572/1326/613 202/946/612
f 943/1703/617 203/947/615 204/948/618
f 943/1703/617 204/948/618 574/1328/619
f 943/1703/617 574/1328/619 573/1327/616
f 943/1703/617 573/1327/616 203/947/615
f 944/1704/620 204/948/618 205/949/621
f 944/1704/620 205/949/621 575/1329/622
f 944/1704/620 575/1329/622 574/1328/619
f 944/1704/620 574/1328/619 204/948/618
f 945/1705/623 205/949/621 206/950/624
f 945/1705/623 206/950/624 576/1330/625
f 945/1705/623 576/1330/625 575/1329/622
f 945/1705/623 575/1329/622 205/949/621
f 946/1706/626 206/950/624 207/951/627
f 946/1706/626 207/951/627 577/1331/628
f 946/1706/626 577/1331/628 576/1330/625
f 946/1706/626 576/1330/625 206/950/624
f 947/1707/629 207/951/627 208/952/630
f 947/1707/629 208/952/630 578/1332/631
f 947/1707/629 578/1332/631 577/1331/628
f 947/1707/629 577/1331/628 207/951/627
f 948/1708/632 208/952/630 209/953/633
f 948/1708/632 209/953/633 579/1333/634
f 948/1708/632 579/1333/634 578/1332/631
f 948/1708/632 578/1332/631 208/952/630
f 949/1709/635 209/953/633 210/954/636
f 949/1709/635 210/954/636 580/1334/637
f 949/1709/635 580/1334/637 579/1333/634
f 949/1709/635 579/1333/634 209/953/633
f 950/1710/638 210/954/636 211/955/639
f 950/1710/638 211/955/639 581/1335/640
f 950/1710/638 581/1335/640 580/1334/637
f 950/1710/638 580/1334/637 210/954/636
f 951/1711/641 211/955/639 212/956/642
f 951/1711/641 212/956/642 582/1336/643
f 951/1711/641 582/1336/643 581/1335/640
f 951/1711/641 581/1335/640 211/955/639
f 952/1712/644 212/956/642 213/957/645
f 952/1712/644 213/957/645 583/1337/646
f 952/1712/644 583/1337/646 582/1336/643
f 952/1712/644 582/1336/643 212/956/642
f 953/1713/647 213/957/645 214/958/648
f 953/1713/647 214/958/648 584/1338/649
f 953/1713/647 584/1338/649 583/1337/646
f 953/1713/647 583/1337/646 213/957/645
f 954/1714/650 214/958/648 215/959/651
f 954/1714/650 215/959/651 585/1339/652
f 954/1714/650 585/1339/652 584/1338/649
f 954/1714/650 584/1338/649 214/958/648
f 955/1715/653 215/959/651 216/960/654
f 955/1715/653 216/960/654 586/1340/655
f 955/1715/653 586/1340/655 585/1339/652
f 955/1715/653 585/1339/652 215/959/651
f 956/1716/656 216/960/654 217/961/657
f 956/1716/656 217/961/657 587/1341/658
f 956/1716/656 587/1341/658 586/1340/655
f 956/1716/656 586/1340/655 216/960/654
f 957/1717/659 217/961/657 218/962/660
f 957/1717/659 218/962/660 588/1342/661
f 957/1717/659 588/1342/661 587/1341/658
f 957/1717/659 587/1341/658 217/961/657
f 958/1718/662 218/962/660 219/963/663
f 958/1718/662 219/963/663 589/1343/664
f 958/1718/662 589/1343/664 588/1342/661
f 958/1718/662 588/1342/661 218/962/660
f 959/1719/665 219/963/663 220/964/666
f 959/1719/665 220/964/666 590/1344/667
f 959/1719/665 590/1344/667 589/1343/664
f 959/1719/665 589/1343/664 219/963/663
f 960/1720/668 220/964/666 221/965/669
f 960/1720/668 221/965/669 591/1345/670
f 960/1720/668 591/1345/670 590/1344/667
f 960/1720/668 590/1344/667 220/964/666
f 961/1721/671 221/965/669 222/966/672
f 961/1721/671 222/966/672 592/1346/673
f 961/1721/671 592/1346/673 591/1345/670
f 961/1721/671 591/1345/670 221/965/669
f 962/1722/674 222/966/672 223/967/675
f 962/1722/674 223/967/675 593/1347/676
f 962/1722/674 593/1347/676 592/1346/673
f 962/1722/674 592/1346/673 222/966/672
f 963/1723/677 223/967/675 224/968/678
f 963/1723/677 224/968/678 594/1348/679
f 963/1723/677 594/1348/679 593/1347/676
f 963/1723/677 593/1347/676 223/967/675
f 964/1724/680 224/968/678 225/969/681
f 964/1724/680 225/969/681 595/1349/682
f 964/1724/680 595/1349/682 594/1348/679
f 964/1724/680 594/1348/679 224/968/678
f 965/1725/683 225/969/681 226/970/684
f 965/1725/683 226/970/684 596/1350/685
f 965/1725/683 596/1350/685 595/1349/682
f 965/1725/683 595/1349/682 225/969/681
f 966/1726/686 226/970/684 227/971/687
f 966/1726/686 227/971/687 597/1351/688
f 966/1726/686 597/1351/688 596/1350/685
f 966/1726/686 596/1350/685 226/970/684
f 967/1727/689 227/971/687 228/972/690
f 967/1727/689 228/972/690 598/1352/691
f 967/1727/689 598/1352/691 597/1351/688
f 967/1727/689 597/1351/688 227/971/687
f 968/1728/692 228/972/690 229/973/693
f 968/1728/692 229/973/693 599/1353/694
f 968/1728/692 599/1353/694 598/1352/691
f 968/1728/692 598/1352/691 228/972/690
f 969/1729/695 229/973/693 230/974/696
f 969/1729/695 230/974/696 600/1354/697
f 969/1729/695 600/1354/697 599/1353/694
f 969/1729/695 599/1353/694 229/973/693
f 970/1730/698 230/974/696 231/975/699
f 970/1730/698 231/975/699 601/1355/700
f 970/1730/698 601/1355/700 600/1354/697
f 970/1730/698 600/1354/697 230/974/696
f 971/1731/701 231/975/699 232/976/702
f 971/1731/701 232/976/702 602/1356/703
f 971/1731/701 602/1356/703 601/1355/700
f 971/1731/701 601/1355/700 231/975/699
f 972/1732/704 232/976/702 233/977/705
f 972/1732/704 233/977/705 603/1357/706
f 972/1732/704 603/1357/706 602/1356/703
f 972/1732/704 602/1356/703 232/976/702
f 973/1733/707 233/977/705 234/978/708
f 973/1733/707 234/978/708 604/1358/709
f 973/1733/707 604/1358/709 603/1357/706
f 973/1733/707 603/1357/706 233/977/705
f 974/1734/710 234/978/708 235/979/711
f 974/1734/710 235/979/711 605/1359/712
f 974/1734/710 605/1359/712 604/1358/709
f 974/1734/710 604/1358/709 234/978/708
f 975/1735/713 235/979/711 236/980/714
f 975/1735/713 236/980/714 606/1360/715
f 975/1735/713 606/1360/715 605/1359/712
f 975/1735/713 605/1359/712 235/979/711
f 976/1736/716 236/980/714 237/981/717
f 976/1736/716 237/981/717 607/1361/718
f 976/1736/716 607/1361/718 606/1360/715
f 976/1736/716 606/1360/715 236/980/714
f 977/1737/719 237/981/717 238/982/720
f 977/1737/719 238/982/720 608/1362/721
f 977/1737/719 608/1362/721 607/1361/718
f 977/1737/719 607/1361/718 237/981/717
f 978/1738/722 238/982/720 239/983/723
f 978/1738/722 239/983/723 609/1363/724
f 978/1738/722 609/1363/724 608/1362/721
f 978/1738/722 608/1362/721 238/982/720
f 979/1739/725 239/983/723 240/984/726
f 979/1739/725 240/984/726 610/1364/727
f 979/1739/725 610/1364/727 609/1363/724
f 979/1739/725 609/1363/724 239/983/723
f 980/1740/728 240/984/726 241/985/729
f 980/1740/728 241/985/729 611/1365/730
f 980/1740/728 611/1365/730 610/1364/727
f 980/1740/728 610/1364/727 240/984/726
f 981/1741/731 241/985/729 242/986/732
f 981/1741/731 242/986/732 612/1366/733
f 981/1741/731 612/1366/733 611/1365/730
f 981/1741/731 611/1365/730 241/985/729
f 982/1742/734 242/986/732 243/987/735
f 982/1742/734 243/987/735 613/1367/736
f 982/1742/734 613/1367/736 612/1366/733
f 982/1742/734 612/1366/733 242/986/732
f 983/1743/737 243/987/735 244/988/738
f 983/1743/737 244/988/738 614/1368/739
f 983/1743/737 614/1368/739 613/1367/736
f 983/1743/737 613/1367/736 243/987/735
f 984/1744/740 244/988/738 245/989/741
f 984/1744/740 245/989/741 615/1369/742
f 984/1744/740 615/1369/742 614/1368/739
f 984/1744/740 614/1368/739 244/988/738
f 985/1745/743 245/989/741 246/990/744
f 985/1745/743 246/990/744 616/1370/745
f 985/1745/743 616/1370/745 615/1369/742
f 985/1745/743 615/1369/742 245/989/741
f 986/1746/746 246/990/744 247/991/747
f 986/1746/746 247/991/747 617/1371/748
f 986/1746/746 617/1371/748 616/1370/745
f 986/1746/746 616/1370/745 246/990/744
f 987/1747/749 247/991/747 248/992/750
f 987/1747/749 248/992/750 618/1372/751
f 987/1747/749 618/1372/751 617/1371/748
f 987/1747/749 617/1371/748 247/991/747
f 988/1748/752 248/992/750 249/993/753
f 988/1748/752 249/993/753 619/1373/754
f 988/1748/752 619/1373/754 618/1372/751
f 988/1748/752 618/1372/751 248/992/750
f 989/1749/755 249/993/753 250/994/756
f 989/1749/755 250/994/756 620/1374/757
f 989/1749/755 620/1374/757 619/1373/754
f 989/1749/755 619/1373/754 249/993/753
f 990/1750/758 250/994/756 251/995/759
f 990/1750/758 251/995/759 621/1375/760
f 990/1750/758 621/1375/760 620/1374/757
f 990/1750/758 620/1374/757 250/994/756
f 991/1751/761 251/995/759 252/996/762
f 991/1751/761 252/996/762 622/1376/763
f 991/1751/761 622/1376/763 621/1375/760
f 991/1751/761 621/1375/760 251/995/759
f 992/1752/764 252/996/762 253/997/765
f 992/1752/764 253/997/765 623/1377/766
f 992/1752/764 623/1377/766 622/1376/763
f 992/1752/764 622/1376/763 252/996/762
f 993/1753/767 253/997/765 254/998/768
f 993/1753/767 254/998/768 624/1378/769
f 993/1753/767 624/1378/769 623/1377/766
f 993/1753/767 623/1377/766 253/997/765
f 994/1754/770 254/998/768 255/999/771
f 994/1754/770 255/999/771 625/1379/772
f 994/1754/770 625/1379/772 624/1378/769
f 994/1754/770 624/1378/769 254/998/768
f 995/1755/773 255/999/771 256/1000/774
f 995/1755/773 256/1000/774 626/1380/775
f 995/1755/773 626/1380/775 625/1379/772
f 995/1755/773 625/1379/772 255/999/771
f 996/1756/776 256/1000/774 257/1001/777
f 996/1756/776 257/1001/777 627/1381/778
f 996/1756/776 627/1381/778 626/1380/775
f 996/1756/776 626/1380/775 256/1000/774
f 997/1757/779 257/1001/777 258/1002/780
f 997/1757/779 258/1002/780 628/1382/781
f 997/1757/779 628/1382/781 627/1381/778
f 997/1757/779 627/1381/778 257/1001/777
f 998/1758/782 258/1002/780 259/1003/783
f 998/1758/782 259/1003/783 629/1383/784
f 998/1758/782 629/1383/784 628/1382/781
f 998/1758/782 628/1382/781 258/1002/780
f 999/1759/785 259/1003/783 260/1004/786
f 999/1759/785 260/1004/786 630/1384/787
f 999/1759/785 630/1384/787 629/1383/784
f 999/1759/785 629/1383/784 259/1003/783
f 1000/1760/788 260/1004/786 261/1005/789
f 1000/1760/788 261/1005/789 631/1385/790
f 1000/1760/788 631/1385/790 630/1384/787
f 1000/1760/788 630/1384/787 260/1004/786
f 1001/1761/791 261/1005/789 262/1006/792
f 1001/1761/791 262/1006/792 632/1386/793
f 1001/1761/791 632/1386/793 631/1385/790
f 1001/1761/791 631/1385/790 261/1005/789
f 1002/1762/794 262/1006/792 263/1007/795
f 1002/1762/794 263/1007/795 633/1387/796
f 1002/1762/794 633/1387/796 632/1386/793
f 1002/1762/794 632/1386/793 262/1006/792
f 1003/1763/797 263/1007/795 264/1008/798
f 1003/1763/797 264/1008/798 634/1388/799
f 1003/1763/797 634/1388/799 633/1387/796
f 1003/1763/797 633/1387/796 263/1007/795
f 1004/1764/800 264/1008/798 265/1009/801
f 1004/1764/800 265/1009/801 635/1389/802
f 1004/1764/800 635/1389/802 634/1388/799
f 1004/1764/800 634/1388/799 264/1008/798
f 1005/1765/803 265/1009/801 266/1010/804
f 1005/1765/803 266/1010/804 636/1390/805
f 1005/1765/803 636/1390/805 635/1389/802
f 1005/1765/803 635/1389/802 265/1009/801
f 1006/1766/806 266/1010/804 267/1011/807
f 1006/1766/806 267/1011/807 637/1391/808
f 1006/1766/806 637/1391/808 636/1390/805
f 1006/1766/806 636/1390/805 266/1010/804
f 1007/1767/809 267/1011/807 268/1012/810
f 1007/1767/809 268/1012/810 638/1392/811
f 1007/1767/809 638/1392/811 637/1391/808
f 1007/1767/809 637/1391/808 267/1011/807
f 1008/1768/812 268/1012/810 269/1013/813
f 1008/1768/812 269/1013/813 639/1393/814
f 1008/1768/812 639/1393/814 638/1392/811
f 1008/1768/812 638/1392/811 268/1012/810
f 1009/1769/815 269/1013/813 270/1014/816
f 1009/1769/815 270/1014/816 640/1394/817
f 1009/1769/815 640/1394/817 639/1393/814
f 1009/1769/815 639/1393/814 269/1013/813
f 1010/1770/818 270/1014/816 271/1015/819
f 1010/1770/818 271/1015/819 641/1395/820
f 1010/1770/818 641/1395/820 640/1394/817
f 1010/1770/818 640/1394/817 270/1014/816
f 1011/1771/821 271/1015/819 272/1016/822
f 1011/1771/821 272/1016/822 642/1396/823
f 1011/1771/821 642/1396/823 641/1395/820
f 1011/1771/821 641/1395/820 271/1015/819
f 1012/1772/824 272/1016/822 273/1017/825
f 1012/1772/824 273/1017/825 643/1397/826
f 1012/1772/824 643/1397/826 642/1396/823
f 1012/1772/824 642/1396/823 272/1016/822
f 1013/1773/827 273/1017/825 274/1018/828
f 1013/1773/827 274/1018/828 644/1398/829
f 1013/1773/827 644/1398/829 643/1397/826
f 1013/1773/827 643/1397/826 273/1017/825
f 1014/1774/830 274/1018/828 275/1019/831
f 1014/1774/830 275/1019/831 645/1399/832
f 1014/1774/830 645/1399/832 644/1398/829
f 1014/1774/830 644/1398/829 274/1018/828
f 1015/1775/833 275/1019/831 276/1020/834
f 1015/1775/833 276/1020/834 646/1400/835
f 1015/1775/833 646/1400/835 645/1399/832
f 1015/1775/833 645/1399/832 275/1019/831
f 1016/1776/836 276/1020/834 277/1021/837
f 1016/1776/836 277/1021/837 647/1401/838
f 1016/1776/836 647/1401/838 646/1400/835
f 1016/1776/836 646/1400/835 276/1020/834
f 1017/1777/839 277/1021/837 278/1022/840
f 1017/1777/839 278/1022/840 648/1402/841
f 1017/1777/839 648/1402/841 647/1401/838
f 1017/1777/839 647/1401/838 277/1021/837
f 1018/1778/842 278/1022/840 279/1023/843
f 1018/1778/842 279/1023/843 649/1403/844
f 1018/1778/842 649/1403/844 648/1402/841
f 1018/1778/842 648/1402/841 278/1022/840
f 1019/1779/845 279/1023/843 280/1024/846
f 1019/1779/845 280/1024/846 650/1404/847
f 1019/1779/845 650/1404/847 649/1403/844
f 1019/1779/845 649/1403/844 279/1023/843
f 1020/1780/848 280/1024/846 281/1025/849
f 1020/1780/848 281/1025/849 651/1405/850
f 1020/1780/848 651/1405/850 650/1404/847
f 1020/1780/848 650/1404/847 280/1024/846
f 1021/1781/851 281/1025/849 282/1026/852
f 1021/1781/851 282/1026/852 652/1406/853
f 1021/1781/851 652/1406/853 651/1405/850
f 1021/1781/851 651/1405/850 281/1025/849
f 1022/1782/854 282/1026/852 283/1027/855
f 1022/1782/854 283/1027/855 653/1407/856
f 1022/1782/854 653/1407/856 652/1406/853
f 1022/1782/854 652/1406/853 282/1026/852
f 1023/1783/857 283/1027/855 284/1028/858
f 1023/1783/857 284/1028/858 654/1408/859
f 1023/1783/857 654/1408/859 653/1407/856
f 1023/1783/857 653/1407/856 283/1027/855
f 1024/1784/860 284/1028/858 285/1029/861
f 1024/1784/860 285/1029/861 655/1409/862
f 1024/1784/860 655/1409/862 654/1408/859
f 1024/1784/860 654/1408/859 284/1028/858
f 1025/1785/863 285/1029/861 286/1030/864
f 1025/1785/863 286/1030/864 656/1410/865
f 1025/1785/863 656/1410/865 655/1409/862
f 1025/1785/863 655/1409/862 285/1029/861
f 1026/1786/866 286/1030/864 287/1031/867
f 1026/1786/866 287/1031/867 657/1411/868
f 1026/1786/866 657/1411/868 656/1410/865
f 1026/1786/866 656/1410/865 286/1030/864
f 1027/1787/869 287/1031/867 288/1032/870
f 1027/1787/869 288/1032/870 658/1412/871
f 1027/1787/869 658/1412/871 657/1411/868
f 1027/1787/869 657/1411/868 287/1031/867
f 1028/1788/872 288/1032/870 289/1033/873
f 1028/1788/872 289/1033/873 659/1413/874
f 1028/1788/872 659/1413/874 658/1412/871
f 1028/1788/872 658/1412/871 288/1032/870
f 1029/1789/875 289/1033/873 290/1034/876
f 1029/1789/875 290/1034/876 660/1414/877
f 1029/1789/875 660/1414/877 659/1413/874
f 1029/1789/875 659/1413/874 289/1033/873
f 1030/1790/878 290/1034/876 291/1035/879
f 1030/1790/878 291/1035/879 661/1415/880
f 1030/1790/878 661/1415/880 660/1414/877
f 1030/1790/878 660/1414/877 290/1034/876
f 1031/1791/881 291/1035/879 292/1036/882
f 1031/1791/881 292/1036/882 662/1416/883
f 1031/1791/881 662/1416/883 661/1415/880
f 1031/1791/881 661/1415/880 291/1035/879
f 1032/1792/884 292/1036/882 293/1037/885
f 1032/1792/884 293/1037/885 663/1417/886
f 1032/1792/884 663/1417/886 662/1416/883
f 1032/1792/884 662/1416/883 292/1036/882
f 1033/1793/887 293/1037/885 294/1038/888
f 1033/1793/887 294/1038/888 664/1418/889
f 1033/1793/887 664/1418/889 663/1417/886
f 1033/1793/887 663/1417/886 293/1037/885
f 1034/1794/890 294/1038/888 295/1039/891
f 1034/1794/890 295/1039/891 665/1419/892
f 1034/1794/890 665/1419/892 664/1418/889
f 1034/1794/890 664/1418/889 294/1038/888
f 1035/1795/893 295/1039/891 296/1040/894
f 1035/1795/893 296/1040/894 666/1420/895
f 1035/1795/893 666/1420/895 665/1419/892
f 1035/1795/893 665/1419/892 295/1039/891
f 1036/1796/896 296/1040/894 297/1041/897
f 1036/1796/896 297/1041/897 667/1421/898
f 1036/1796/896 667/1421/898 666/1420/895
f 1036/1796/896 666/1420/895 296/1040/894
f 1037/1797/899 297/1041/897 298/1042/900
f 1037/1797/899 298/1042/900 668/1422/901
f 1037/1797/899 668/1422/901 667/1421/898
f 1037/1797/899 667/1421/898 297/1041/897
f 1038/1798/902 298/1042/900 299/1043/903
f 1038/1798/902 299/1043/903 669/1423/904
f 1038/1798/902 669/1423/904 668/1422/901
f 1038/1798/902 668/1422/901 298/1042/900
f 1039/1799/905 299/1043/903 300/1044/906
f 1039/1799/905 300/1044/906 670/1424/907
f 1039/1799/905 670/1424/907 669/1423/904
f 1039/1799/905 669/1423/904 299/1043/903
f 1040/1800/908 300/1044/906 301/1045/909
f 1040/1800/908 301/1045/909 671/1425/910
f 1040/1800/908 671/1425/910 670/1424/907
f 1040/1800/908 670/1424/907 300/1044/906
f 1041/1801/911 301/1045/909 302/1046/912
f 1041/1801/911 302/1046/912 672/1426/913
f 1041/1801/911 672/1426/913 671/1425/910
f 1041/1801/911 671/1425/910 301/1045/909
f 1042/1802/914 302/1046/912 303/1047/915
f 1042/1802/914 303/1047/915 673/1427/916
f 1042/1802/914 673/1427/916 672/1426/913
f 1042/1802/914 672/1426/913 302/1046/912
f 1043/1803/917 303/1047/915 304/1048/918
f 1043/1803/917 304/1048/918 674/1428/919
f 1043/1803/917 674/1428/919 673/1427/916
f 1043/1803/917 673/1427/916 303/1047/915
f 1044/1804/920 304/1048/918 305/1049/921
f 1044/1804/920 305/1049/921 675/1429/922
f 1044/1804/920 675/1429/922 674/1428/919
f 1044/1804/920 674/1428/919 304/1048/918
f 1045/1805/923 305/1049/921 306/1050/924
f 1045/1805/923 306/1050/924 676/1430/925
f 1045/1805/923 676/1430/925 675/1429/922
f 1045/1805/923 675/1429/922 305/1049/921
f 1046/1806/926 306/1050/924 307/1051/927
f 1046/1806/926 307/1051/927 677/1431/928
f 1046/1806/926 677/1431/928 676/1430/925
f 1046/1806/926 676/1430/925 306/1050/924
f 1047/1807/929 307/1051/927 308/1052/930
f 1047/1807/929 308/1052/930 678/1432/931
f 1047/1807/929 678/1432/931 677/1431/928
f 1047/1807/929 677/1431/928 307/1051/927
f 1048/1808/932 308/1052/930 309/1053/933
f 1048/1808/932 309/1053/933 679/1433/934
f 1048/1808/932 679/1433/934 678/1432/931
f 1048/1808/932 678/1432/931 308/1052/930
f 1049/1809/935 309/1053/933 310/1054/936
f 1049/1809/935 310/1054/936 680/1434/937
f 1049/1809/935 680/1434/937 679/1433/934
f 1049/1809/935 679/1433/934 309/1053/933
f 1050/1810/938 310/1055/936 311/1056/939
f 1050/1810/938 311/1056/939 681/1436/940
f 1050/1810/938 681/1436/940 680/1435/937
f 1050/1810/938 680/1435/937 310/1055/936
f 1051/1811/941 311/1056/939 312/1057/942
f 1051/1811/941 312/1057/942 682/1437/943
f 1051/1811/941 682/1437/943 681/1436/940
f 1051/1811/941 681/1436/940 311/1056/939
f 1052/1812/944 312/1057/942 313/1058/945
f 1052/1812/944 313/1058/945 683/1438/946
f 1052/1812/944 683/1438/946 682/1437/943
f 1052/1812/944 682/1437/943 312/1057/942
f 1053/1813/947 313/1058/945 314/1059/948
f 1053/1813/947 314/1059/948 684/1439/949
f 1053/1813/947 684/1439/949 683/1438/946
f 1053/1813/947 683/1438/946 313/1058/945
f 1054/1814/950 314/1059/948 315/1060/951
f 1054/1814/950 315/1060/951 685/1440/952
f 1054/1814/950 685/1440/952 684/1439/949
f 1054/1814/950 684/1439/949 314/1059/948
f 1055/1815/953 315/1060/951 316/1061/954
f 1055/1815/953 316/1061/954 686/1441/955
f 1055/1815/953 686/1441/955 685/1440/952
f 1055/1815/953 685/1440/952 315/1060/951
f 1056/1816/956 316/1061/954 317/1062/957
f 1056/1816/956 317/1062/957 687/1442/958
f 1056/1816/956 687/1442/958 686/1441/955
f 1056/1816/956 686/1441/955 316/1061/954
f 1057/1817/959 317/1062/957 318/1063/960
f 1057/1817/959 318/1063/960 688/1443/961
f 1057/1817/959 688/1443/961 687/1442/958
f 1057/1817/959 687/1442/958 317/1062/957
f 1058/1818/962 318/1063/960 319/1064/963
f 1058/1818/962 319/1064/963 689/1444/964
f 1058/1818/962 689/1444/964 688/1443/961
f 1058/1818/962 688/1443/961 318/1063/960
f 1059/1819/965 319/1064/963 320/1065/966
f 1059/1819/965 320/1065/966 690/1445/967
f 1059/1819/965 690/1445/967 689/1444/964
f 1059/1819/965 689/1444/964 319/1064/963
f 1060/1820/968 320/1065/966 321/1066/969
f 1060/1820/968 321/1066/969 691/1446/970
f 1060/1820/968 691/1446/970 690/1445/967
f 1060/1820/968 690/1445/967 320/1065/966
f 1061/1821/971 321/1066/969 322/1067/972
f 1061/1821/971 322/1067/972 692/1447/973
f 1061/1821/971 692/1447/973 691/1446/970
f 1061/1821/971 691/1446/970 321/1066/969
f 1062/1822/974 322/1067/972 323/1068/975
f 1062/1822/974 323/1068/975 693/1448/976
f 1062/1822/974 693/1448/976 692/1447/973
f 1062/1822/974 692/1447/973 322/1067/972
f 1063/1823/977 323/1068/975 324/1069/978
f 1063/1823/977 324/1069/978 694/1449/979
f 1063/1823/977 694/1449/979 693/1448/976
f 1063/1823/977 693/1448/976 323/1068/975
f 1064/1824/980 324/1069/978 325/1070/981
f 1064/1824/980 325/1070/981 695/1450/982
f 1064/1824/980 695/1450/982 694/1449/979
f 1064/1824/980 694/1449/979 324/1069/978
f 1065/1825/983 325/1070/981 326/1071/984
f 1065/1825/983 326/1071/984 696/1451/985
f 1065/1825/983 696/1451/985 695/1450/982
f 1065/1825/983 695/1450/982 325/1070/981
f 1066/1826/986 326/1071/984 327/1072/987
f 1066/1826/986 327/1072/987 697/1452/988
f 1066/1826/986 697/1452/988 696/1451/985
f 1066/1826/986 696/1451/985 326/1071/984
f 1067/1827/989 327/1072/987 328/1073/990
f 1067/1827/989 328/1073/990 698/1453/991
f 1067/1827/989 698/1453/991 697/1452/988
f 1067/1827/989 697/1452/988 327/1072/987
f 1068/1828/992 328/1073/990 329/1074/993
f 1068/1828/992 329/1074/993 699/1454/994
f 1068/1828/992 699/1454/994 698/1453/991
f 1068/1828/992 698/1453/991 328/1073/990
f 1069/1829/995 329/1074/993 330/1075/996
f 1069/1829/995 330/1075/996 700/1455/997
f 1069/1829/995 700/1455/997 699/1454/994
f 1069/1829/995 699/1454/994 329/1074/993
f 1070/1830/998 330/1075/996 331/1076/999
f 1070/1830/998 331/1076/999 701/1456/1000
f 1070/1830/998 701/1456/1000 700/1455/997
f 1070/1830/998 700/1455/997 330/1075/996
f 1071/1831/1001 331/1076/999 332/1077/1002
f 1071/1831/1001 332/1077/1002 702/1457/1003
f 1071/1831/1001 702/1457/1003 701/1456/1000
f 1071/1831/1001 701/1456/1000 331/1076/999
f 1072/1832/1004 332/1077/1002 333/1078/1005
f 1072/1832/1004 333/1078/1005 703/1458/1006
f 1072/1832/1004 703/1458/1006 702/1457/1003
f 1072/1832/1004 702/1457/1003 332/1077/1002
f 1073/1833/1007 333/1078/1005 334/1079/1008
f 1073/1833/1007 334/1079/1008 704/1459/1009
f 1073/1833/1007 704/1459/1009 703/1458/1006
f 1073/1833/1007 703/1458/1006 333/1078/1005
f 1074/1834/1010 334/1079/1008 335/1080/1011
f 1074/1834/1010 335/1080/1011 705/1460/1012
f 1074/1834/1010 705/1460/1012 704/1459/1009
f 1074/1834/1010 704/1459/1009 334/1079/1008
f 1075/1835/1013 335/1080/1011 336/1081/1014
f 1075/1835/1013 336/1081/1014 706/1461/1015
f 1075/1835/1013 706/1461/1015 705/1460/1012
f 1075/1835/1013 705/1460/1012 335/1080/1011
f 1076/1836/1016 336/1081/1014 337/1082/1017
f 1076/1836/1016 337/1082/1017 707/1462/1018
f 1076/1836/1016 707/1462/1018 706/1461/1015
f 1076/1836/1016 706/1461/1015 336/1081/1014
f 1077/1837/1019 337/1082/1017 338/1083/1020
f 1077/1837/1019 338/1083/1020 708/1463/1021
f 1077/1837/1019 708/1463/1021 707/1462/1018
f 1077/1837/1019 707/1462/1018 337/1082/1017
f 1078/1838/1022 338/1083/1020 339/1084/1023
f 1078/1838/1022 339/1084/1023 709/1464/1024
f 1078/1838/1022 709/1464/1024 708/1463/1021
f 1078/1838/1022 708/1463/1021 338/1083/1020
f 1079/1839/1025 339/1084/1023 340/1085/1026
f 1079/1839/1025 340/1085/1026 710/1465/1027
f 1079/1839/1025 710/1465/1027 709/1464/1024
f 1079/1839/1025 709/1464/1024 339/1084/1023
f 1080/1840/1028 340/1085/1026 341/1086/1029
f 1080/1840/1028 341/1086/1029 711/1466/1030
f 1080/1840/1028 711/1466/1030 710/1465/1027
f 1080/1840/1028 710/1465/1027 340/1085/1026
f 1081/1841/1031 341/1086/1029 342/1087/1032
f 1081/1841/1031 342/1087/1032 712/1467/1033
f 1081/1841/1031 712/1467/1033 711/1466/1030
f 1081/1841/1031 711/1466/1030 341/1086/1029
f 1082/1842/1034 342/1087/1032 343/1088/1035
f 1082/1842/1034 343/1088/1035 713/1468/1036
f 1082/1842/1034 713/1468/1036 712/1467/1033
f 1082/1842/1034 712/1467/1033 342/1087/1032
f 1083/1843/1037 343/1088/1035 344/1089/1038
f 1083/1843/1037 344/1089/1038 714/1469/1039
f 1083/1843/1037 714/1469/1039 713/1468/1036
f 1083/1843/1037 713/1468/1036 343/1088/1035
f 1084/1844/1040 344/1089/1038 345/1090/1041
f 1084/1844/1040 345/1090/1041 715/1470/1042
f 1084/1844/1040 715/1470/1042 714/1469/1039
f 1084/1844/1040 714/1469/1039 344/1089/1038
f 1085/1845/1043 345/1090/1041 346/1091/1044
f 1085/1845/1043 346/1091/1044 716/1471/1045
f 1085/1845/1043 716/1471/1045 715/1470/1042
f 1085/1845/1043 715/1470/1042 345/1090/1041
f 1086/1846/1046 346/1091/1044 347/1092/1047
f 1086/1846/1046 347/1092/1047 717/1472/1048
f 1086/1846/1046 717/1472/1048 716/1471/1045
f 1086/1846/1046 716/1471/1045 346/1091/1044
f 1087/1847/1049 347/1092/1047 348/1093/1050
f 1087/1847/1049 348/1093/1050 718/1473/1051
f 1087/1847/1049 718/1473/1051 717/1472/1048
f 1087/1847/1049 717/1472/1048 347/1092/1047
f 1088/1848/1052 348/1093/1050 349/1094/1053
f 1088/1848/1052 349/1094/1053 719/1474/1054
f 1088/1848/1052 719/1474/1054 718/1473/1051
f 1088/1848/1052 718/1473/1051 348/1093/1050
f 1089/1849/1055 349/1094/1053 350/1095/1056
f 1089/1849/1055 350/1095/1056 720/1475/1057
f 1089/1849/1055 720/1475/1057 719/1474/1054
f 1089/1849/1055 719/1474/1054 349/1094/1053
f 1090/1850/1058 350/1095/1056 351/1096/1059
f 1090/1850/1058 351/1096/1059 721/1476/1060
f 1090/1850/1058 721/1476/1060 720/1475/1057
f 1090/1850/1058 720/1475/1057 350/1095/1056
f 1091/1851/1061 351/1096/1059 352/1097/1062
f 1091/1851/1061 352/1097/1062 722/1477/1063
f 1091/1851/1061 722/1477/1063 721/1476/1060
f 1091/1851/1061 721/1476/1060 351/1096/1059
f 1092/1852/1064 352/1097/1062 353/1098/1065
f 1092/1852/1064 353/1098/1065 723/1478/1066
f 1092/1852/1064 723/1478/1066 722/1477/1063
f 1092/1852/1064 722/1477/1063 352/1097/1062
f 1093/1853/1067 353/1098/1065 354/1099/1068
f 1093/1853/1067 354/1099/1068 724/1479/1069
f 1093/1853/1067 724/1479/1069 723/1478/1066
f 1093/1853/1067 723/1478/1066 353/1098/1065
f 1094/1854/1070 354/1099/1068 355/1100/1071
f 1094/1854/1070 355/1100/1071 725/1480/1072
f 1094/1854/1070 725/1480/1072 724/1479/1069
f 1094/1854/1070 724/1479/1069 354/1099/1068
f 1095/1855/1073 355/1100/1071 356/1101/1074
f 1095/1855/1073 356/1101/1074 726/1481/1075
f 1095/1855/1073 726/1481/1075 725/1480/1072
f 1095/1855/1073 725/1480/1072 355/1100/1071
f 1096/1856/1076 356/1101/1074 357/1102/1077
f 1096/1856/1076 357/1102/1077 727/1482/1078
f 1096/1856/1076 727/1482/1078 726/1481/1075
f 1096/1856/1076 726/1481/1075 356/1101/1074
f 1097/1857/1079 357/1102/1077 358/1103/1080
f 1097/1857/1079 358/1103/1080 728/1483/1081
f 1097/1857/1079 728/1483/1081 727/1482/1078
f 1097/1857/1079 727/1482/1078 357/1102/1077
f 1098/1858/1082 358/1103/1080 359/1104/1083
f 1098/1858/1082 359/1104/1083 729/1484/1084
f 1098/1858/1082 729/1484/1084 728/1483/1081
f 1098/1858/1082 728/1483/1081 358/1103/1080
f 1099/1859/1085 359/1104/1083 360/1105/1086
f 1099/1859/1085 360/1105/1086 730/1485/1087
f 1099/1859/1085 730/1485/1087 729/1484/1084
f 1099/1859/1085 729/1484/1084 359/1104/1083
f 1100/1860/1088 360/1105/1086 361/1106/1089
f 1100/1860/1088 361/1106/1089 731/1486/1090
f 1100/1860/1088 731/1486/1090 730/1485/1087
f 1100/1860/1088 730/1485/1087 360/1105/1086
f 1101/1861/1091 361/1107/1092 362/1108/1093
f 1101/1861/1091 362/1108/1093 732/1488/1094
f 1101/1861/1091 732/1488/1094 731/1487/1095
f 1101/1861/1091 731/1487/1095 361/1107/1092
f 1102/1862/1096 362/1108/1093 363/1109/1097
f 1102/1862/1096 363/1109/1097 733/1489/1098
f 1102/1862/1096 733/1489/1098 732/1488/1094
f 1102/1862/1096 732/1488/1094 362/1108/1093
f 1103/1863/1099 363/1110/1100 364/1111/1101
f 1103/1863/1099 364/1111/1101 734/1491/1102
f 1103/1863/1099 734/1491/1102 733/1490/1103
f 1103/1863/1099 733/1490/1103 363/1110/1100
f 1104/1864/1104 364/1111/1101 365/1112/1105
f 1104/1864/1104 365/1112/1105 735/1492/1106
f 1104/1864/1104 735/1492/1106 734/1491/1102
f 1104/1864/1104 734/1491/1102 364/1111/1101
f 1105/1865/1107 365/1112/1105 366/1113/1108
f 1105/1865/1107 366/1113/1108 736/1493/1109
f 1105/1865/1107 736/1493/1109 735/1492/1106
f 1105/1865/1107 735/1492/1106 365/1112/1105
f 1106/1866/1110 366/1113/1108 367/1114/1111
f 1106/1866/1110 367/1114/1111 737/1494/1112
f 1106/1866/1110 737/1494/1112 736/1493/1109
f 1106/1866/1110 736/1493/1109 366/1113/1108
f 1107/1867/1113 367/1115/1114 368/1116/1115
f 1107/1867/1113 368/1116/1115 738/1496/1116
f 1107/1867/1113 738/1496/1116 737/1495/1117
f 1107/1867/1113 737/1495/1117 367/1115/1114
f 1108/1868/1118 368/1117/1119 369/1118/1120
f 1108/1868/1118 369/1118/1120 739/1498/1121
f 1108/1868/1118 739/1498/1121 738/1497/1122
f 1108/1868/1118 738/1497/1122 368/1117/1119
f 1109/1869/1123 369/1118/1120 370/1119/1124
f 1109/1869/1123 370/1119/1124 740/1499/1125
f 1109/1869/1123 740/1499/1125 739/1498/1121
f 1109/1869/1123 739/1498/1121 369/1118/1120
f 1110/1870/1126 370/1119/1124 1/1120/1127
f 1110/1870/1126 1/1120/1127 371/1500/1128
f 1110/1870/1126 371/1500/1128 740/1499/1125
f 1110/1870/1126 740/1499/1125 370/1119/1124
