mtllib DIAMOND RIB Wall Lap.mtl
# Vertex Positions: 
g groupNumber_0
v 11.8853 -0.236238 -16.9263
v 11.8853 -0.221236 -16.9263
v 11.7335 -0.221236 -16.9263
v 11.3447 0.23911 -16.9263
v 11.1184 0.23911 -16.9263
v 11.074 0.194703 -16.9263
v 11.0596 0.18516 -16.9263
v 11.0432 0.181979 -16.9263
v 11.0268 0.18516 -16.9263
v 11.0125 0.194703 -16.9263
v 10.9575 0.249614 -16.9263
v 10.7393 0.249614 -16.9263
v 10.3527 -0.240516 -16.9263
v 9.79383 -0.240516 -16.9263
v 9.75715 -0.153519 -16.9263
v 9.47758 -0.153519 -16.9263
v 9.45423 -0.246963 -16.9263
v 8.96295 -0.246963 -16.9263
v 8.89257 -0.150003 -16.9263
v 8.60536 -0.150003 -16.9263
v 8.54798 -0.240545 -16.9263
v 8.08844 -0.240545 -16.9263
v 7.59365 0.262258 -16.9263
v 7.01954 0.2645 -16.9263
v 6.5092 -0.245849 -16.9263
v 6.07902 -0.245849 -16.9263
v 6.02519 -0.155292 -16.9263
v 5.74275 -0.155292 -16.9263
v 5.68702 -0.245527 -16.9263
v 5.20196 -0.245527 -16.9263
v 5.13814 -0.156288 -16.9263
v 4.8714 -0.156288 -16.9263
v 4.81453 -0.23785 -16.9263
v 4.34031 -0.23785 -16.9263
v 3.8713 0.26469 -16.9263
v 3.29005 0.26469 -16.9263
v 2.82309 -0.241161 -16.9263
v 2.35277 -0.241161 -16.9263
v 2.28623 -0.147996 -16.9263
v 2.02037 -0.147996 -16.9263
v 1.95734 -0.246552 -16.9263
v 1.45335 -0.246552 -16.9263
v 1.41139 -0.163628 -16.9263
v 1.1468 -0.163628 -16.9263
v 1.08107 -0.249688 -16.9263
v 0.524868 -0.249688 -16.9263
v 0.12528 0.261745 -16.9263
v -0.418532 0.261745 -16.9263
v -0.855919 -0.240311 -16.9263
v -1.39989 -0.240311 -16.9263
v -1.44537 -0.157695 -16.9263
v -1.69036 -0.157695 -16.9263
v -1.74886 -0.246728 -16.9263
v -2.24189 -0.246728 -16.9263
v -2.30436 -0.158544 -16.9263
v -2.58314 -0.158544 -16.9263
v -2.63741 -0.246171 -16.9263
v -3.15425 -0.246171 -16.9263
v -3.59401 0.25817 -16.9263
v -4.14771 0.25817 -16.9263
v -4.64562 -0.239754 -16.9263
v -5.1059 -0.239754 -16.9263
v -5.14696 -0.155717 -16.9263
v -5.44695 -0.155717 -16.9263
v -5.53015 -0.238934 -16.9263
v -5.92678 -0.238934 -16.9263
v -6.01624 -0.149461 -16.9263
v -6.31457 -0.149461 -16.9263
v -6.38244 -0.24163 -16.9263
v -6.86442 -0.24163 -16.9263
v -7.30083 0.262126 -16.9263
v -7.87979 0.262126 -16.9263
v -8.32319 -0.23659 -16.9263
v -8.82461 -0.23659 -16.9263
v -8.87728 -0.158193 -16.9263
v -9.17296 -0.158193 -16.9263
v -9.22037 -0.239432 -16.9263
v -9.69312 -0.239432 -16.9263
v -9.74242 -0.154398 -16.9263
v -10.0558 -0.154398 -16.9263
v -10.1201 -0.24456 -16.9263
v -10.5536 -0.24456 -16.9263
v -11.0466 0.248472 -16.9263
v -11.7017 0.248472 -16.9263
v -11.81 0.0587866 -16.9263
v -11.8853 -0.0794444 -16.9263
v -11.8721 -0.0866233 -16.9263
v -11.7968 0.0514759 -16.9263
v -11.693 0.233469 -16.9263
v -11.0528 0.233469 -16.9263
v -10.5598 -0.259562 -16.9263
v -10.1123 -0.259562 -16.9263
v -10.0481 -0.169401 -16.9263
v -9.75107 -0.169401 -16.9263
v -9.70177 -0.254434 -16.9263
v -9.21176 -0.254434 -16.9263
v -9.16434 -0.17321 -16.9263
v -8.88527 -0.17321 -16.9263
v -8.83261 -0.251592 -16.9263
v -8.31645 -0.251592 -16.9263
v -7.87305 0.247124 -16.9263
v -7.30768 0.247124 -16.9263
v -6.87352 -0.254054 -16.9263
v -6.37485 -0.256632 -16.9263
v -6.30698 -0.164463 -16.9263
v -6.02245 -0.164463 -16.9263
v -5.93299 -0.253936 -16.9263
v -5.52394 -0.253936 -16.9263
v -5.44074 -0.170719 -16.9263
v -5.15633 -0.170719 -16.9263
v -5.11528 -0.254757 -16.9263
v -4.63941 -0.254757 -16.9263
v -4.1415 0.243168 -16.9263
v -3.60083 0.243168 -16.9263
v -3.16332 -0.258595 -16.9263
v -2.62906 -0.261174 -16.9263
v -2.57479 -0.173562 -16.9263
v -2.31213 -0.173562 -16.9263
v -2.24966 -0.261731 -16.9263
v -1.74077 -0.261731 -16.9263
v -1.68227 -0.172712 -16.9263
v -1.45425 -0.172712 -16.9263
v -1.40877 -0.255314 -16.9263
v -0.849092 -0.255314 -16.9263
v -0.411704 0.246743 -16.9263
v 0.117954 0.246743 -16.9263
v 0.515286 -0.261819 -16.9263
v 1.08852 -0.26469 -16.9263
v 1.15424 -0.178631 -16.9263
v 1.40219 -0.178631 -16.9263
v 1.44415 -0.261555 -16.9263
v 1.96555 -0.261555 -16.9263
v 2.02858 -0.162998 -16.9263
v 2.27849 -0.162998 -16.9263
v 2.34503 -0.256163 -16.9263
v 2.82966 -0.256163 -16.9263
v 3.29661 0.249688 -16.9263
v 3.8648 0.249688 -16.9263
v 4.33158 -0.250479 -16.9263
v 4.82238 -0.252852 -16.9263
v 4.87926 -0.171305 -16.9263
v 5.1304 -0.171305 -16.9263
v 5.19422 -0.260529 -16.9263
v 5.6954 -0.260529 -16.9263
v 5.75113 -0.170294 -16.9263
v 6.01663 -0.170294 -16.9263
v 6.07046 -0.260852 -16.9263
v 6.51541 -0.260852 -16.9263
v 7.02576 0.249497 -16.9263
v 7.58519 0.249497 -16.9263
v 8.07997 -0.253321 -16.9263
v 8.55625 -0.255548 -16.9263
v 8.61362 -0.165006 -16.9263
v 8.88489 -0.165006 -16.9263
v 8.95534 -0.261965 -16.9263
v 9.46595 -0.261965 -16.9263
v 9.4893 -0.168522 -16.9263
v 9.74719 -0.168522 -16.9263
v 9.78387 -0.255519 -16.9263
v 10.36 -0.255519 -16.9263
v 10.7466 0.234612 -16.9263
v 10.9513 0.234612 -16.9263
v 11.0019 0.184096 -16.9263
v 11.0212 0.171256 -16.9263
v 11.0432 0.166976 -16.9263
v 11.0653 0.171256 -16.9263
v 11.0846 0.184096 -16.9263
v 11.1246 0.224107 -16.9263
v 11.3377 0.224107 -16.9263
v 11.7265 -0.236238 -16.9263
v 13.9827 -0.277927 16.9263
v 13.9827 -0.260277 16.9263
v 13.8041 -0.260277 16.9263
v 13.3467 0.281306 16.9263
v 13.0805 0.281306 16.9263
v 13.0282 0.229062 16.9263
v 13.0113 0.217835 16.9263
v 12.992 0.214092 16.9263
v 12.9728 0.217835 16.9263
v 12.9558 0.229062 16.9263
v 12.8912 0.293664 16.9263
v 12.6345 0.293664 16.9263
v 12.1797 -0.28296 16.9263
v 11.5222 -0.28296 16.9263
v 11.479 -0.180611 16.9263
v 11.1501 -0.180611 16.9263
v 11.1226 -0.290544 16.9263
v 10.5447 -0.290544 16.9263
v 10.4618 -0.176474 16.9263
v 10.1239 -0.176474 16.9263
v 10.0564 -0.282995 16.9263
v 9.51582 -0.282995 16.9263
v 8.93371 0.308539 16.9263
v 8.25829 0.311176 16.9263
v 7.65788 -0.289234 16.9263
v 7.15178 -0.289234 16.9263
v 7.08846 -0.182696 16.9263
v 6.75618 -0.182696 16.9263
v 6.69061 -0.288855 16.9263
v 6.11995 -0.288855 16.9263
v 6.04487 -0.183869 16.9263
v 5.73106 -0.183869 16.9263
v 5.66415 -0.279823 16.9263
v 5.10625 -0.279823 16.9263
v 4.55448 0.3114 16.9263
v 3.87064 0.3114 16.9263
v 3.32129 -0.283719 16.9263
v 2.76796 -0.283719 16.9263
v 2.68968 -0.174113 16.9263
v 2.37691 -0.174113 16.9263
v 2.30276 -0.290062 16.9263
v 1.70983 -0.290062 16.9263
v 1.66046 -0.192504 16.9263
v 1.34917 -0.192504 16.9263
v 1.27185 -0.29375 16.9263
v 0.617491 -0.29375 16.9263
v 0.147388 0.307936 16.9263
v -0.49239 0.307936 16.9263
v -1.00696 -0.282719 16.9263
v -1.64693 -0.282719 16.9263
v -1.70043 -0.185523 16.9263
v -1.98866 -0.185523 16.9263
v -2.05748 -0.290268 16.9263
v -2.63752 -0.290268 16.9263
v -2.71102 -0.186523 16.9263
v -3.03899 -0.186523 16.9263
v -3.10283 -0.289613 16.9263
v -3.71088 -0.289613 16.9263
v -4.22824 0.30373 16.9263
v -4.87966 0.30373 16.9263
v -5.46543 -0.282064 16.9263
v -6.00695 -0.282064 16.9263
v -6.05524 -0.183196 16.9263
v -6.40817 -0.183196 16.9263
v -6.50606 -0.281099 16.9263
v -6.97268 -0.281099 16.9263
v -7.07793 -0.175836 16.9263
v -7.42891 -0.175836 16.9263
v -7.50875 -0.28427 16.9263
v -8.07579 -0.28427 16.9263
v -8.58921 0.308384 16.9263
v -9.27034 0.308384 16.9263
v -9.79199 -0.278341 16.9263
v -10.3819 -0.278341 16.9263
v -10.4439 -0.186109 16.9263
v -10.7917 -0.186109 16.9263
v -10.8475 -0.281685 16.9263
v -11.4037 -0.281685 16.9263
v -11.4617 -0.181645 16.9263
v -11.8304 -0.181645 16.9263
v -11.906 -0.287717 16.9263
v -12.416 -0.287717 16.9263
v -12.996 0.29232 16.9263
v -13.7667 0.29232 16.9263
v -13.8941 0.0691608 16.9263
v -13.9827 -0.093464 16.9263
v -13.9672 -0.10191 16.9263
v -13.8786 0.0605598 16.9263
v -13.7565 0.27467 16.9263
v -13.0033 0.27467 16.9263
v -12.4233 -0.305367 16.9263
v -11.8969 -0.305367 16.9263
v -11.8213 -0.199295 16.9263
v -11.4718 -0.199295 16.9263
v -11.4138 -0.299335 16.9263
v -10.8374 -0.299335 16.9263
v -10.7816 -0.203776 16.9263
v -10.4533 -0.203776 16.9263
v -10.3913 -0.295991 16.9263
v -9.78406 -0.295991 16.9263
v -9.26241 0.290734 16.9263
v -8.59727 0.290734 16.9263
v -8.08649 -0.298887 16.9263
v -7.49982 -0.30192 16.9263
v -7.41998 -0.193486 16.9263
v -7.08523 -0.193486 16.9263
v -6.97999 -0.298749 16.9263
v -6.49875 -0.298749 16.9263
v -6.40087 -0.200846 16.9263
v -6.06627 -0.200846 16.9263
v -6.01798 -0.299714 16.9263
v -5.45812 -0.299714 16.9263
v -4.87235 0.28608 16.9263
v -4.23628 0.28608 16.9263
v -3.72155 -0.30423 16.9263
v -3.09301 -0.307263 16.9263
v -3.02916 -0.20419 16.9263
v -2.72015 -0.20419 16.9263
v -2.64666 -0.307918 16.9263
v -2.04797 -0.307918 16.9263
v -1.97914 -0.20319 16.9263
v -1.71088 -0.20319 16.9263
v -1.65738 -0.300369 16.9263
v -0.998931 -0.300369 16.9263
v -0.484358 0.290286 16.9263
v 0.13877 0.290286 16.9263
v 0.606219 -0.308022 16.9263
v 1.28061 -0.3114 16.9263
v 1.35793 -0.210154 16.9263
v 1.64964 -0.210154 16.9263
v 1.699 -0.307712 16.9263
v 2.31241 -0.307712 16.9263
v 2.38656 -0.191763 16.9263
v 2.68058 -0.191763 16.9263
v 2.75886 -0.301369 16.9263
v 3.32901 -0.301369 16.9263
v 3.87836 0.29375 16.9263
v 4.54682 0.29375 16.9263
v 5.09597 -0.294681 16.9263
v 5.67339 -0.297473 16.9263
v 5.7403 -0.201536 16.9263
v 6.03577 -0.201536 16.9263
v 6.11085 -0.306505 16.9263
v 6.70047 -0.306505 16.9263
v 6.76603 -0.200346 16.9263
v 7.07839 -0.200346 16.9263
v 7.14172 -0.306884 16.9263
v 7.66519 -0.306884 16.9263
v 8.2656 0.293526 16.9263
v 8.92375 0.293526 16.9263
v 9.50585 -0.298025 16.9263
v 10.0662 -0.300645 16.9263
v 10.1337 -0.194124 16.9263
v 10.4528 -0.194124 16.9263
v 10.5357 -0.308194 16.9263
v 11.1364 -0.308194 16.9263
v 11.1639 -0.198261 16.9263
v 11.4673 -0.198261 16.9263
v 11.5104 -0.30061 16.9263
v 12.1882 -0.30061 16.9263
v 12.643 0.276014 16.9263
v 12.8839 0.276014 16.9263
v 12.9434 0.216583 16.9263
v 12.9661 0.201478 16.9263
v 12.992 0.196442 16.9263
v 13.018 0.201478 16.9263
v 13.0407 0.216583 16.9263
v 13.0878 0.263656 16.9263
v 13.3385 0.263656 16.9263
v 13.7959 -0.277927 16.9263
v 12.934 -0.24892 0
v 12.8514 -0.240756 0
v 12.5572 0.0097256 0
v 12.2225 0.260208 0
v 12.0753 0.236045 0
v 12.0433 0.20669 0
v 12.0266 0.199766 0
v 12.0087 0.199766 0
v 11.992 0.20669 0
v 11.9543 0.241761 0
v 11.8056 0.271639 0
v 11.4765 0.00495049 0
v 10.9621 -0.261738 0
v 10.638 -0.214402 0
v 10.466 -0.167065 0
v 10.3011 -0.217909 0
v 10.0211 -0.268753 0
v 9.71551 -0.215996 0
v 9.52093 -0.163239 0
v 9.33343 -0.212504 0
v 9.05217 -0.26177 0
v 8.53291 0.0118142 0
v 7.9513 0.286618 0
v 7.36123 0.0101481 0
v 6.84947 -0.267542 0
v 6.58611 -0.218268 0
v 6.40314 -0.168994 0
v 6.21914 -0.218093 0
v 5.92488 -0.267191 0
v 5.62623 -0.218635 0
v 5.44637 -0.170078 0
v 5.27029 -0.214457 0
v 4.98131 -0.258836 0
v 4.46808 0.0146043 0
v 3.89662 0.288045 0
v 3.32627 0.0128027 0
v 2.81628 -0.26244 0
v 2.52416 -0.211747 0
v 2.3433 -0.161054 0
v 2.16434 -0.214681 0
v 1.85582 -0.268307 0
v 1.55876 -0.223187 0
v 1.39196 -0.178066 0
v 1.21222 -0.224893 0
v 0.873821 -0.271719 0
v 0.353757 0.0065608 0
v -0.159564 0.28484 0
v -0.693451 0.0116627 0
v -1.22743 -0.261515 0
v -1.54816 -0.216562 0
v -1.7062 -0.171609 0
v -1.87134 -0.220054 0
v -2.17144 -0.268498 0
v -2.4737 -0.220516 0
v -2.65938 -0.172534 0
v -2.84059 -0.220213 0
v -3.15134 -0.267892 0
v -3.67184 0.0065289 0
v -4.2124 0.28095 0
v -4.7846 0.0100206 0
v -5.30598 -0.260909 0
v -5.57876 -0.215183 0
v -5.76433 -0.169457 0
v -5.97283 -0.214736 0
v -6.23392 -0.260016 0
v -6.49841 -0.211332 0
v -6.70941 -0.162649 0
v -6.90867 -0.212799 0
v -7.20785 -0.26295 0
v -7.70756 0.0111526 0
v -8.26004 0.285255 0
v -8.81633 0.0138948 0
v -9.33042 -0.257465 0
v -9.63191 -0.214808 0
v -9.82145 -0.172151 0
v -10.0081 -0.216355 0
v -10.2912 -0.260558 0
v -10.5752 -0.21429 0
v -10.7726 -0.168022 0
v -10.9781 -0.21708 0
v -11.2489 -0.266139 0
v -11.753 0.00212847 0
v -12.3778 0.270396 0
v -12.7931 0.167185 0
v -12.893 -0.0112402 0
v -12.9268 -0.0903604 0
v -12.8787 -0.0191244 0
v -12.7812 0.155044 0
v -12.3764 0.254069 0
v -11.7598 -0.0141978 0
v -11.2481 -0.282465 0
v -10.9696 -0.233406 0
v -10.7731 -0.184348 0
v -10.5846 -0.230616 0
v -10.2912 -0.276885 0
v -9.99876 -0.232689 0
v -9.82112 -0.188493 0
v -9.64061 -0.231142 0
v -9.33111 -0.273792 0
v -8.80899 -0.0024314 0
v -8.2601 0.268929 0
v -7.71624 -0.00377066 0
v -7.20867 -0.277873 0
v -6.90041 -0.229126 0
v -6.70866 -0.178975 0
v -6.50517 -0.227659 0
v -6.23392 -0.276343 0
v -5.96607 -0.231063 0
v -5.76605 -0.185783 0
v -5.58897 -0.231509 0
v -5.3077 -0.277235 0
v -4.77784 -0.00630569 0
v -4.21274 0.264624 0
v -3.68049 -0.0083943 0
v -3.15173 -0.282816 0
v -2.8315 -0.236547 0
v -2.65906 -0.188876 0
v -2.48215 -0.23685 0
v -2.17126 -0.284825 0
v -1.86254 -0.236388 0
v -1.70664 -0.187951 0
v -1.55782 -0.232896 0
v -1.22854 -0.277841 0
v -0.686021 -0.00466351 0
v -0.159835 0.268514 0
v 0.344557 -0.00820299 0
v 0.872657 -0.286483 0
v 1.22032 -0.241219 0
v 1.391 -0.194392 0
v 1.54875 -0.239513 0
v 1.85528 -0.284633 0
v 2.17327 -0.231007 0
v 2.34355 -0.177381 0
v 2.51574 -0.228073 0
v 2.81564 -0.278766 0
v 3.33341 -0.00352354 0
v 3.89665 0.271719 0
v 4.45979 -0.000430477 0
v 4.98083 -0.273871 0
v 5.27883 -0.230792 0
v 5.44643 -0.186421 0
v 5.61781 -0.234969 0
v 5.92523 -0.283517 0
v 6.22826 -0.234419 0
v 6.40305 -0.18532 0
v 6.5768 -0.234594 0
v 6.84819 -0.283868 0
v 7.36799 -0.00617815 0
v 7.95007 0.271512 0
v 8.52369 -0.00208064 0
v 9.05206 -0.276885 0
v 9.34243 -0.228831 0
v 9.52125 -0.179565 0
v 9.70718 -0.232322 0
v 10.0233 -0.28508 0
v 10.3139 -0.234235 0
v 10.4669 -0.183391 0
v 10.6272 -0.230728 0
v 10.9606 -0.278064 0
v 11.4844 -0.0113758 0
v 11.8062 0.255313 0
v 11.9451 0.227826 0
v 11.9831 0.193353 0
v 12.0056 0.184038 0
v 12.0296 0.184038 0
v 12.0521 0.193353 0
v 12.0844 0.22211 0
v 12.2221 0.243881 0
v 12.5497 -0.00660065 0
v 12.8476 -0.257083 0


# Vertex Texture Coordinates :
vt 0.397574 0.000475874
vt 0.397574 0.000726798
vt 0.395036 0.000726798
vt 0.388532 0.0084263
vt 0.384748 0.0084263
vt 0.384005 0.00768358
vt 0.383765 0.00752396
vt 0.383491 0.00747076
vt 0.383217 0.00752396
vt 0.382976 0.00768358
vt 0.382057 0.008602
vt 0.378408 0.008602
vt 0.371941 0.000404322
vt 0.362594 0.000404322
vt 0.36198 0.00185939
vt 0.357304 0.00185939
vt 0.356914 0.000296502
vt 0.348697 0.000296502
vt 0.34752 0.0019182
vt 0.342716 0.0019182
vt 0.341756 0.000403831
vt 0.33407 0.000403831
vt 0.325795 0.00881347
vt 0.316193 0.00885096
vt 0.307657 0.000315126
vt 0.300462 0.000315126
vt 0.299561 0.00182974
vt 0.294838 0.00182974
vt 0.293905 0.000320517
vt 0.285793 0.000320517
vt 0.284725 0.00181308
vt 0.280264 0.00181308
vt 0.279313 0.000448919
vt 0.271381 0.000448919
vt 0.263537 0.00885415
vt 0.253815 0.00885415
vt 0.246005 0.00039354
vt 0.238138 0.00039354
vt 0.237025 0.00195177
vt 0.232579 0.00195177
vt 0.231525 0.000303364
vt 0.223095 0.000303364
vt 0.222393 0.00169031
vt 0.217968 0.00169031
vt 0.216869 0.000250924
vt 0.207566 0.000250924
vt 0.200883 0.0088049
vt 0.191787 0.0088049
vt 0.184472 0.000407752
vt 0.175373 0.000407752
vt 0.174613 0.00178955
vt 0.170515 0.00178955
vt 0.169537 0.000300423
vt 0.16129 0.000300423
vt 0.160246 0.00177534
vt 0.155583 0.00177534
vt 0.154675 0.000309735
vt 0.146031 0.000309735
vt 0.138676 0.0087451
vt 0.129415 0.0087451
vt 0.121087 0.000417064
vt 0.113388 0.000417064
vt 0.112702 0.00182263
vt 0.107684 0.00182263
vt 0.106293 0.000430786
vt 0.0996589 0.000430786
vt 0.0981626 0.00192727
vt 0.0931728 0.00192727
vt 0.0920378 0.000385698
vt 0.0839763 0.000385698
vt 0.0766772 0.00881127
vt 0.0669939 0.00881127
vt 0.0595776 0.000469993
vt 0.0511913 0.000469993
vt 0.0503103 0.00178122
vt 0.0453649 0.00178122
vt 0.0445719 0.000422455
vt 0.0366648 0.000422455
vt 0.0358403 0.00184469
vt 0.0305988 0.00184469
vt 0.0295238 0.000336689
vt 0.0222732 0.000336689
vt 0.0140273 0.00858289
vt 0.00307039 0.00858289
vt 0.00125977 0.00541031
vt 0 0.00309833
vt 0.000220539 0.00297826
vt 0.00147908 0.00528803
vt 0.00321595 0.00833196
vt 0.0139234 0.00833196
vt 0.0221693 8.57651e-05
vt 0.0296532 8.57651e-05
vt 0.0307282 0.00159376
vt 0.0356957 0.00159376
vt 0.0365203 0.00017153
vt 0.044716 0.00017153
vt 0.0455089 0.00153005
vt 0.0501765 0.00153005
vt 0.0510575 0.000219069
vt 0.0596903 0.000219069
vt 0.0671066 0.00856034
vt 0.0765625 0.00856034
vt 0.0838242 0.000177901
vt 0.0921647 0.000134774
vt 0.0932997 0.00167634
vt 0.0980587 0.00167634
vt 0.099555 0.000179862
vt 0.106397 0.000179862
vt 0.107788 0.00157171
vt 0.112545 0.00157171
vt 0.113232 0.000166139
vt 0.121191 0.000166139
vt 0.129519 0.00849418
vt 0.138561 0.00849418
vt 0.145879 0.000101938
vt 0.154815 5.88104e-05
vt 0.155723 0.00152417
vt 0.160116 0.00152417
vt 0.161161 4.94988e-05
vt 0.169672 4.94988e-05
vt 0.17065 0.00153838
vt 0.174464 0.00153838
vt 0.175225 0.000156828
vt 0.184586 0.000156828
vt 0.191901 0.00855397
vt 0.20076 0.00855397
vt 0.207406 4.80285e-05
vt 0.216993 0
vt 0.218092 0.00143938
vt 0.22224 0.00143938
vt 0.222941 5.24393e-05
vt 0.231662 5.24393e-05
vt 0.232716 0.00170085
vt 0.236896 0.00170085
vt 0.238009 0.000142615
vt 0.246115 0.000142615
vt 0.253925 0.00860322
vt 0.263428 0.00860322
vt 0.271235 0.000237692
vt 0.279444 0.000197995
vt 0.280395 0.00156191
vt 0.284596 0.00156191
vt 0.285663 6.95922e-05
vt 0.294046 6.95922e-05
vt 0.294978 0.00157881
vt 0.299418 0.00157881
vt 0.300319 6.42013e-05
vt 0.307761 6.42013e-05
vt 0.316296 0.00860004
vt 0.325653 0.00860004
vt 0.333929 0.000190154
vt 0.341895 0.000152907
vt 0.342854 0.00166727
vt 0.347391 0.00166727
vt 0.34857 4.5578e-05
vt 0.35711 4.5578e-05
vt 0.357501 0.00160846
vt 0.361814 0.00160846
vt 0.362427 0.000153397
vt 0.372063 0.000153397
vt 0.378529 0.00835108
vt 0.381953 0.00835108
vt 0.382799 0.00750617
vt 0.383122 0.00729142
vt 0.383491 0.00721983
vt 0.383859 0.00729142
vt 0.384183 0.00750617
vt 0.384852 0.00817538
vt 0.388416 0.00817538
vt 0.39492 0.000475874
vt 0.403492 0.000475874
vt 0.403492 0.000726798
vt 0.40603 0.000726798
vt 0.412534 0.0084263
vt 0.416318 0.0084263
vt 0.417061 0.00768358
vt 0.417301 0.00752396
vt 0.417575 0.00747076
vt 0.417849 0.00752396
vt 0.41809 0.00768358
vt 0.419009 0.008602
vt 0.422658 0.008602
vt 0.429125 0.000404322
vt 0.438472 0.000404322
vt 0.439086 0.00185939
vt 0.443762 0.00185939
vt 0.444152 0.000296502
vt 0.452369 0.000296502
vt 0.453546 0.0019182
vt 0.45835 0.0019182
vt 0.45931 0.000403831
vt 0.466996 0.000403831
vt 0.475271 0.00881347
vt 0.484873 0.00885096
vt 0.493409 0.000315126
vt 0.500604 0.000315126
vt 0.501505 0.00182974
vt 0.506228 0.00182974
vt 0.507161 0.000320517
vt 0.515274 0.000320517
vt 0.516341 0.00181308
vt 0.520802 0.00181308
vt 0.521753 0.000448919
vt 0.529685 0.000448919
vt 0.537529 0.00885415
vt 0.547251 0.00885415
vt 0.555061 0.00039354
vt 0.562928 0.00039354
vt 0.564041 0.00195177
vt 0.568487 0.00195177
vt 0.569541 0.000303364
vt 0.577971 0.000303364
vt 0.578673 0.00169031
vt 0.583098 0.00169031
vt 0.584197 0.000250924
vt 0.5935 0.000250924
vt 0.600183 0.0088049
vt 0.609279 0.0088049
vt 0.616595 0.000407752
vt 0.625693 0.000407752
vt 0.626453 0.00178955
vt 0.630551 0.00178955
vt 0.631529 0.000300423
vt 0.639776 0.000300423
vt 0.64082 0.00177534
vt 0.645483 0.00177534
vt 0.646391 0.000309735
vt 0.655035 0.000309735
vt 0.66239 0.0087451
vt 0.671651 0.0087451
vt 0.679979 0.000417064
vt 0.687678 0.000417064
vt 0.688364 0.00182263
vt 0.693382 0.00182263
vt 0.694773 0.000430786
vt 0.701407 0.000430786
vt 0.702903 0.00192727
vt 0.707893 0.00192727
vt 0.709028 0.000385698
vt 0.71709 0.000385698
vt 0.724389 0.00881127
vt 0.734072 0.00881127
vt 0.741488 0.000469993
vt 0.749875 0.000469993
vt 0.750756 0.00178122
vt 0.755701 0.00178122
vt 0.756494 0.000422455
vt 0.764401 0.000422455
vt 0.765226 0.00184469
vt 0.770467 0.00184469
vt 0.771542 0.000336689
vt 0.778793 0.000336689
vt 0.787039 0.00858289
vt 0.797996 0.00858289
vt 0.799806 0.00541031
vt 0.801066 0.00309833
vt 0.800845 0.00297826
vt 0.799587 0.00528803
vt 0.79785 0.00833196
vt 0.787143 0.00833196
vt 0.778897 8.57651e-05
vt 0.771413 8.57651e-05
vt 0.770338 0.00159376
vt 0.76537 0.00159376
vt 0.764546 0.00017153
vt 0.75635 0.00017153
vt 0.755557 0.00153005
vt 0.750889 0.00153005
vt 0.750009 0.000219069
vt 0.741376 0.000219069
vt 0.733959 0.00856034
vt 0.724503 0.00856034
vt 0.717242 0.000177901
vt 0.708901 0.000134774
vt 0.707766 0.00167634
vt 0.703007 0.00167634
vt 0.701511 0.000179862
vt 0.694669 0.000179862
vt 0.693278 0.00157171
vt 0.688521 0.00157171
vt 0.687834 0.000166139
vt 0.679875 0.000166139
vt 0.671547 0.00849418
vt 0.662505 0.00849418
vt 0.655187 0.000101938
vt 0.646251 5.88104e-05
vt 0.645343 0.00152417
vt 0.64095 0.00152417
vt 0.639905 4.94988e-05
vt 0.631394 4.94988e-05
vt 0.630416 0.00153838
vt 0.626602 0.00153838
vt 0.625841 0.000156828
vt 0.61648 0.000156828
vt 0.609165 0.00855397
vt 0.600306 0.00855397
vt 0.59366 4.80285e-05
vt 0.584073 0
vt 0.582974 0.00143938
vt 0.578826 0.00143938
vt 0.578125 5.24393e-05
vt 0.569404 5.24393e-05
vt 0.56835 0.00170085
vt 0.56417 0.00170085
vt 0.563057 0.000142615
vt 0.554951 0.000142615
vt 0.547141 0.00860322
vt 0.537638 0.00860322
vt 0.529831 0.000237692
vt 0.521622 0.000197995
vt 0.520671 0.00156191
vt 0.51647 0.00156191
vt 0.515403 6.95922e-05
vt 0.50702 6.95922e-05
vt 0.506088 0.00157881
vt 0.501648 0.00157881
vt 0.500747 6.42013e-05
vt 0.493305 6.42013e-05
vt 0.48477 0.00860004
vt 0.475413 0.00860004
vt 0.467137 0.000190154
vt 0.459171 0.000152907
vt 0.458212 0.00166727
vt 0.453675 0.00166727
vt 0.452496 4.5578e-05
vt 0.443956 4.5578e-05
vt 0.443566 0.00160846
vt 0.439252 0.00160846
vt 0.438639 0.000153397
vt 0.429003 0.000153397
vt 0.422537 0.00835108
vt 0.419113 0.00835108
vt 0.418267 0.00750617
vt 0.417944 0.00729142
vt 0.417575 0.00721983
vt 0.417207 0.00729142
vt 0.416883 0.00750617
vt 0.416214 0.00817538
vt 0.41265 0.00817538
vt 0.406146 0.000475874
vt 2.96354e-05 0.014767
vt 0.00028056 0.014767
vt 0.00622971 0.014767
vt 0.00876787 0.014767
vt 0.0146793 0.014767
vt 0.0247581 0.014767
vt 0.0147127 0.501918
vt 0.0184972 0.501918
vt 0.0306624 0.014767
vt 0.0317126 0.014767
vt 0.0320013 0.014767
vt 0.0322805 0.014767
vt 0.0325597 0.014767
vt 0.0328483 0.014767
vt 0.0341475 0.014767
vt 0.0377972 0.014767
vt 0.0436967 0.014767
vt 0.0541377 0.014767
vt 0.0437147 0.501918
vt 0.0530622 0.501918
vt 0.00623922 0.501918
vt 0.00781836 0.501918
vt 0.0306581 0.501918
vt 0.035334 0.501918
vt 0.0600379 0.014767
vt 0.0616488 0.014767
vt 0.0675449 0.014767
vt 0.0757616 0.014767
vt 0.0675963 0.501918
vt 0.0696002 0.501918
vt 0.0816475 0.014767
vt 0.0864513 0.014767
vt 0.0816843 0.501918
vt 0.0834771 0.501918
vt 0.0923675 0.014767
vt 0.100054 0.014767
vt 0.105997 0.014767
vt 0.117796 0.014767
vt 0.105979 0.501918
vt 0.115582 0.501918
vt 0.123721 0.014767
vt 0.135792 0.014767
vt 0.0923781 0.501918
vt 0.099573 0.501918
vt 0.123706 0.501918
vt 0.125468 0.501918
vt 0.141729 0.014767
vt 0.146453 0.014767
vt 0.131396 0.501918
vt 0.13317 0.501918
vt 0.152431 0.014767
vt 0.160544 0.014767
vt 0.141705 0.501918
vt 0.14354 0.501918
vt 0.152377 0.501918
vt 0.156838 0.501918
vt 0.166525 0.014767
vt 0.168188 0.014767
vt 0.174142 0.014767
vt 0.182073 0.014767
vt 0.187986 0.014767
vt 0.199483 0.014767
vt 0.187993 0.501918
vt 0.197714 0.501918
vt 0.205367 0.014767
vt 0.216882 0.014767
vt 0.174115 0.501918
vt 0.181982 0.501918
vt 0.205408 0.501918
vt 0.207323 0.501918
vt 0.222766 0.014767
vt 0.227213 0.014767
vt 0.21326 0.501918
vt 0.215217 0.501918
vt 0.233112 0.014767
vt 0.241542 0.014767
vt 0.0600661 0.501918
vt 0.0616205 0.501918
vt 0.222777 0.501918
vt 0.227202 0.501918
vt 0.233131 0.501918
vt 0.234942 0.501918
vt 0.24748 0.014767
vt 0.256783 0.014767
vt 0.262743 0.014767
vt 0.273598 0.014767
vt 0.247466 0.501918
vt 0.256562 0.501918
vt 0.279522 0.014767
vt 0.290659 0.014767
vt 0.26274 0.501918
vt 0.271838 0.501918
vt 0.166509 0.501918
vt 0.168086 0.501918
vt 0.279516 0.501918
vt 0.283614 0.501918
vt 0.296595 0.014767
vt 0.298377 0.014767
vt 0.304349 0.014767
vt 0.312596 0.014767
vt 0.296583 0.501918
vt 0.29839 0.501918
vt 0.30432 0.501918
vt 0.308983 0.501918
vt 0.318538 0.014767
vt 0.320262 0.014767
vt 0.326181 0.014767
vt 0.334826 0.014767
vt 0.34077 0.014767
vt 0.351962 0.014767
vt 0.340737 0.501918
vt 0.349998 0.501918
vt 0.357926 0.014767
vt 0.369703 0.014767
vt 0.326184 0.501918
vt 0.333883 0.501918
vt 0.318559 0.501918
vt 0.320123 0.501918
vt 0.357898 0.501918
vt 0.362916 0.501918
vt 0.375638 0.014767
vt 0.377606 0.014767
vt 0.383527 0.014767
vt 0.390161 0.014767
vt 0.383554 0.501918
vt 0.38567 0.501918
vt 0.396099 0.014767
vt 0.401089 0.014767
vt 0.375665 0.501918
vt 0.377579 0.501918
vt 0.407018 0.014767
vt 0.41508 0.014767
vt 0.420985 0.014767
vt 0.432133 0.014767
vt 0.421012 0.501918
vt 0.430696 0.501918
vt 0.438016 0.014767
vt 0.449177 0.014767
vt 0.438052 0.501918
vt 0.446438 0.501918
vt 0.396101 0.501918
vt 0.39768 0.501918
vt 0.407049 0.501918
vt 0.411994 0.501918
vt 0.455088 0.014767
vt 0.456662 0.014767
vt 0.462614 0.014767
vt 0.470521 0.014767
vt 0.455053 0.501918
vt 0.456697 0.501918
vt 0.462595 0.501918
vt 0.467837 0.501918
vt 0.476451 0.014767
vt 0.478303 0.014767
vt 0.484209 0.014767
vt 0.49146 0.014767
vt 0.497396 0.014767
vt 0.509058 0.014767
vt 0.497396 0.501918
vt 0.508353 0.501918
vt 0.484222 0.501918
vt 0.487875 0.501918
vt 0.490508 0.501918
vt 2.95442e-05 0.501918
vt 0.000280651 0.501918
vt 0.515023 0.014767
vt 0.517654 0.014767
vt 0.521158 0.014767
vt 0.527131 0.014767
vt 0.537838 0.014767
vt 0.543808 0.014767
vt 0.55547 0.014767
vt 0.527097 0.501918
vt 0.534581 0.501918
vt 0.476451 0.501918
vt 0.478303 0.501918
vt 0.51502 0.501918
vt 0.519987 0.501918
vt 0.543765 0.501918
vt 0.545409 0.501918
vt 0.561404 0.014767
vt 0.569599 0.014767
vt 0.55132 0.501918
vt 0.552893 0.501918
vt 0.561405 0.501918
vt 0.566073 0.501918
vt 0.575522 0.014767
vt 0.577101 0.014767
vt 0.58304 0.014767
vt 0.591673 0.014767
vt 0.597579 0.014767
vt 0.608741 0.014767
vt 0.59761 0.501918
vt 0.607066 0.501918
vt 0.614652 0.014767
vt 0.625743 0.014767
vt 0.58301 0.501918
vt 0.591351 0.501918
vt 0.614658 0.501918
vt 0.616572 0.501918
vt 0.631683 0.014767
vt 0.636442 0.014767
vt 0.622547 0.501918
vt 0.624663 0.501918
vt 0.642391 0.014767
vt 0.649233 0.014767
vt 0.631668 0.501918
vt 0.633636 0.501918
vt 0.642376 0.501918
vt 0.647133 0.501918
vt 0.575529 0.501918
vt 0.577094 0.501918
vt 0.655169 0.014767
vt 0.663128 0.014767
vt 0.669063 0.014767
vt 0.680841 0.014767
vt 0.669021 0.501918
vt 0.678063 0.501918
vt 0.686775 0.014767
vt 0.697909 0.014767
vt 0.686816 0.501918
vt 0.695752 0.501918
vt 0.655173 0.501918
vt 0.656896 0.501918
vt 0.703834 0.014767
vt 0.708227 0.014767
vt 0.703834 0.501918
vt 0.705642 0.501918
vt 0.714171 0.014767
vt 0.722682 0.014767
vt 0.714187 0.501918
vt 0.715969 0.501918
vt 0.728622 0.014767
vt 0.732436 0.014767
vt 0.728624 0.501918
vt 0.730201 0.501918
vt 0.738362 0.014767
vt 0.747723 0.014767
vt 0.75363 0.014767
vt 0.764767 0.014767
vt 0.738378 0.501918
vt 0.747237 0.501918
vt 0.753625 0.501918
vt 0.76442 0.501918
vt 0.770679 0.014767
vt 0.780266 0.014767
vt 0.770689 0.501918
vt 0.7725 0.501918
vt 0.786206 0.014767
vt 0.790353 0.014767
vt 0.778455 0.501918
vt 0.78001 0.501918
vt 0.796316 0.014767
vt 0.805036 0.014767
vt 0.786185 0.501918
vt 0.788142 0.501918
vt 0.796295 0.501918
vt 0.800475 0.501918
vt 0.810998 0.014767
vt 0.812913 0.014767
vt 0.81883 0.014767
vt 0.826936 0.014767
vt 0.832812 0.014767
vt 0.844327 0.014767
vt 0.832819 0.501918
vt 0.842322 0.501918
vt 0.850238 0.014767
vt 0.861681 0.014767
vt 0.85021 0.501918
vt 0.858419 0.501918
vt 0.811007 0.501918
vt 0.81267 0.501918
vt 0.818844 0.501918
vt 0.823045 0.501918
vt 0.867614 0.014767
vt 0.869449 0.014767
vt 0.875385 0.014767
vt 0.883768 0.014767
vt 0.867645 0.501918
vt 0.869419 0.501918
vt 0.875359 0.501918
vt 0.879799 0.501918
vt 0.889682 0.014767
vt 0.891444 0.014767
vt 0.897336 0.014767
vt 0.904778 0.014767
vt 0.91685 0.014767
vt 0.926206 0.014767
vt 0.897353 0.501918
vt 0.909152 0.501918
vt 0.915073 0.501918
vt 0.923039 0.501918
vt 0.932142 0.014767
vt 0.933935 0.014767
vt 0.939876 0.014767
vt 0.944413 0.014767
vt 0.939909 0.501918
vt 0.941913 0.501918
vt 0.95033 0.014767
vt 0.95887 0.014767
vt 0.889698 0.501918
vt 0.891309 0.501918
vt 0.950328 0.501918
vt 0.954641 0.501918
vt 0.932132 0.501918
vt 0.933711 0.501918
vt 0.964822 0.014767
vt 0.974457 0.014767
vt 0.980399 0.014767
vt 0.99084 0.014767
vt 0.964801 0.501918
vt 0.968225 0.501918
vt 0.96942 0.501918
vt 0.969808 0.501918
vt 0.970184 0.501918
vt 0.970559 0.501918
vt 0.970947 0.501918
vt 0.971894 0.501918
vt 0.98043 0.501918
vt 0.983994 0.501918
vt 0.989921 0.501918
vt 1 0.501918
vt 0.996747 0.014767
vt 0.999402 0.014767
vt 2.96354e-05 0.496043
vt 0.00028056 0.496043
vt 0.00622971 0.496043
vt 0.00876787 0.496043
vt 0.0146793 0.496043
vt 0.0247581 0.496043
vt 0.0147127 0.983194
vt 0.0184972 0.983194
vt 0.0306624 0.496043
vt 0.0317126 0.496043
vt 0.0320013 0.496043
vt 0.0322805 0.496043
vt 0.0325597 0.496043
vt 0.0328483 0.496043
vt 0.0341475 0.496043
vt 0.0377972 0.496043
vt 0.0436967 0.496043
vt 0.0541377 0.496043
vt 0.0437147 0.983194
vt 0.0530622 0.983194
vt 0.00623922 0.983194
vt 0.00781836 0.983194
vt 0.0306581 0.983194
vt 0.035334 0.983194
vt 0.0600379 0.496043
vt 0.0616488 0.496043
vt 0.0675449 0.496043
vt 0.0757616 0.496043
vt 0.0675963 0.983194
vt 0.0696002 0.983194
vt 0.0816475 0.496043
vt 0.0864513 0.496043
vt 0.0816843 0.983194
vt 0.0834771 0.983194
vt 0.0923675 0.496043
vt 0.100054 0.496043
vt 0.105997 0.496043
vt 0.117796 0.496043
vt 0.105979 0.983194
vt 0.115582 0.983194
vt 0.123721 0.496043
vt 0.135792 0.496043
vt 0.0923781 0.983194
vt 0.099573 0.983194
vt 0.123706 0.983194
vt 0.125468 0.983194
vt 0.141729 0.496043
vt 0.146453 0.496043
vt 0.131396 0.983194
vt 0.13317 0.983194
vt 0.152431 0.496043
vt 0.160544 0.496043
vt 0.141705 0.983194
vt 0.14354 0.983194
vt 0.152377 0.983194
vt 0.156838 0.983194
vt 0.166525 0.496043
vt 0.168188 0.496043
vt 0.174142 0.496043
vt 0.182073 0.496043
vt 0.187986 0.496043
vt 0.199483 0.496043
vt 0.187993 0.983194
vt 0.197714 0.983194
vt 0.205367 0.496043
vt 0.216882 0.496043
vt 0.174115 0.983194
vt 0.181982 0.983194
vt 0.205408 0.983194
vt 0.207323 0.983194
vt 0.222766 0.496043
vt 0.227213 0.496043
vt 0.21326 0.983194
vt 0.215217 0.983194
vt 0.233112 0.496043
vt 0.241542 0.496043
vt 0.0600661 0.983194
vt 0.0616205 0.983194
vt 0.222777 0.983194
vt 0.227202 0.983194
vt 0.233131 0.983194
vt 0.234942 0.983194
vt 0.24748 0.496043
vt 0.256783 0.496043
vt 0.262743 0.496043
vt 0.273598 0.496043
vt 0.247466 0.983194
vt 0.256562 0.983194
vt 0.279522 0.496043
vt 0.290659 0.496043
vt 0.26274 0.983194
vt 0.271838 0.983194
vt 0.166509 0.983194
vt 0.168086 0.983194
vt 0.279516 0.983194
vt 0.283614 0.983194
vt 0.296595 0.496043
vt 0.298377 0.496043
vt 0.304349 0.496043
vt 0.312596 0.496043
vt 0.296583 0.983194
vt 0.29839 0.983194
vt 0.30432 0.983194
vt 0.308983 0.983194
vt 0.318538 0.496043
vt 0.320262 0.496043
vt 0.326181 0.496043
vt 0.334826 0.496043
vt 0.34077 0.496043
vt 0.351962 0.496043
vt 0.340737 0.983194
vt 0.349998 0.983194
vt 0.357926 0.496043
vt 0.369703 0.496043
vt 0.326184 0.983194
vt 0.333883 0.983194
vt 0.318559 0.983194
vt 0.320123 0.983194
vt 0.357898 0.983194
vt 0.362916 0.983194
vt 0.375638 0.496043
vt 0.377606 0.496043
vt 0.383527 0.496043
vt 0.390161 0.496043
vt 0.383554 0.983194
vt 0.38567 0.983194
vt 0.396099 0.496043
vt 0.401089 0.496043
vt 0.375665 0.983194
vt 0.377579 0.983194
vt 0.407018 0.496043
vt 0.41508 0.496043
vt 0.420985 0.496043
vt 0.432133 0.496043
vt 0.421012 0.983194
vt 0.430696 0.983194
vt 0.438016 0.496043
vt 0.449177 0.496043
vt 0.438052 0.983194
vt 0.446438 0.983194
vt 0.396101 0.983194
vt 0.39768 0.983194
vt 0.407049 0.983194
vt 0.411994 0.983194
vt 0.455088 0.496043
vt 0.456662 0.496043
vt 0.462614 0.496043
vt 0.470521 0.496043
vt 0.455053 0.983194
vt 0.456697 0.983194
vt 0.462595 0.983194
vt 0.467837 0.983194
vt 0.476451 0.496043
vt 0.478303 0.496043
vt 0.484209 0.496043
vt 0.49146 0.496043
vt 0.497396 0.496043
vt 0.509058 0.496043
vt 0.497396 0.983194
vt 0.508353 0.983194
vt 0.484222 0.983194
vt 0.487875 0.983194
vt 0.490508 0.983194
vt 2.95442e-05 0.983194
vt 0.000280651 0.983194
vt 0.515023 0.496043
vt 0.517654 0.496043
vt 0.521158 0.496043
vt 0.527131 0.496043
vt 0.537838 0.496043
vt 0.543808 0.496043
vt 0.55547 0.496043
vt 0.527097 0.983194
vt 0.534581 0.983194
vt 0.476451 0.983194
vt 0.478303 0.983194
vt 0.51502 0.983194
vt 0.519987 0.983194
vt 0.543765 0.983194
vt 0.545409 0.983194
vt 0.561404 0.496043
vt 0.569599 0.496043
vt 0.55132 0.983194
vt 0.552893 0.983194
vt 0.561405 0.983194
vt 0.566073 0.983194
vt 0.575522 0.496043
vt 0.577101 0.496043
vt 0.58304 0.496043
vt 0.591673 0.496043
vt 0.597579 0.496043
vt 0.608741 0.496043
vt 0.59761 0.983194
vt 0.607066 0.983194
vt 0.614652 0.496043
vt 0.625743 0.496043
vt 0.58301 0.983194
vt 0.591351 0.983194
vt 0.614658 0.983194
vt 0.616572 0.983194
vt 0.631683 0.496043
vt 0.636442 0.496043
vt 0.622547 0.983194
vt 0.624663 0.983194
vt 0.642391 0.496043
vt 0.649233 0.496043
vt 0.631668 0.983194
vt 0.633636 0.983194
vt 0.642376 0.983194
vt 0.647133 0.983194
vt 0.575529 0.983194
vt 0.577094 0.983194
vt 0.655169 0.496043
vt 0.663128 0.496043
vt 0.669063 0.496043
vt 0.680841 0.496043
vt 0.669021 0.983194
vt 0.678063 0.983194
vt 0.686775 0.496043
vt 0.697909 0.496043
vt 0.686816 0.983194
vt 0.695752 0.983194
vt 0.655173 0.983194
vt 0.656896 0.983194
vt 0.703834 0.496043
vt 0.708227 0.496043
vt 0.703834 0.983194
vt 0.705642 0.983194
vt 0.714171 0.496043
vt 0.722682 0.496043
vt 0.714187 0.983194
vt 0.715969 0.983194
vt 0.728622 0.496043
vt 0.732436 0.496043
vt 0.728624 0.983194
vt 0.730201 0.983194
vt 0.738362 0.496043
vt 0.747723 0.496043
vt 0.75363 0.496043
vt 0.764767 0.496043
vt 0.738378 0.983194
vt 0.747237 0.983194
vt 0.753625 0.983194
vt 0.76442 0.983194
vt 0.770679 0.496043
vt 0.780266 0.496043
vt 0.770689 0.983194
vt 0.7725 0.983194
vt 0.786206 0.496043
vt 0.790353 0.496043
vt 0.778455 0.983194
vt 0.78001 0.983194
vt 0.796316 0.496043
vt 0.805036 0.496043
vt 0.786185 0.983194
vt 0.788142 0.983194
vt 0.796295 0.983194
vt 0.800475 0.983194
vt 0.810998 0.496043
vt 0.812913 0.496043
vt 0.81883 0.496043
vt 0.826936 0.496043
vt 0.832812 0.496043
vt 0.844327 0.496043
vt 0.832819 0.983194
vt 0.842322 0.983194
vt 0.850238 0.496043
vt 0.861681 0.496043
vt 0.85021 0.983194
vt 0.858419 0.983194
vt 0.811007 0.983194
vt 0.81267 0.983194
vt 0.818844 0.983194
vt 0.823045 0.983194
vt 0.867614 0.496043
vt 0.869449 0.496043
vt 0.875385 0.496043
vt 0.883768 0.496043
vt 0.867645 0.983194
vt 0.869419 0.983194
vt 0.875359 0.983194
vt 0.879799 0.983194
vt 0.889682 0.496043
vt 0.891444 0.496043
vt 0.897336 0.496043
vt 0.904778 0.496043
vt 0.91685 0.496043
vt 0.926206 0.496043
vt 0.897353 0.983194
vt 0.909152 0.983194
vt 0.915073 0.983194
vt 0.923039 0.983194
vt 0.932142 0.496043
vt 0.933935 0.496043
vt 0.939876 0.496043
vt 0.944413 0.496043
vt 0.939909 0.983194
vt 0.941913 0.983194
vt 0.95033 0.496043
vt 0.95887 0.496043
vt 0.889698 0.983194
vt 0.891309 0.983194
vt 0.950328 0.983194
vt 0.954641 0.983194
vt 0.932132 0.983194
vt 0.933711 0.983194
vt 0.964822 0.496043
vt 0.974457 0.496043
vt 0.980399 0.496043
vt 0.99084 0.496043
vt 0.964801 0.983194
vt 0.968225 0.983194
vt 0.96942 0.983194
vt 0.969808 0.983194
vt 0.970184 0.983194
vt 0.970559 0.983194
vt 0.970947 0.983194
vt 0.971894 0.983194
vt 0.98043 0.983194
vt 0.983994 0.983194
vt 0.989921 0.983194
vt 1 0.983194
vt 0.996747 0.496043
vt 0.999402 0.496043
vt 0.000155098 0.255405
vt 0.00749879 0.255405
vt 0.0197187 0.255405
vt 0.016605 0.742556
vt 0.0311875 0.255405
vt 0.0318569 0.255405
vt 0.0321409 0.255405
vt 0.0324201 0.255405
vt 0.032704 0.255405
vt 0.0334979 0.255405
vt 0.0359724 0.255405
vt 0.0489172 0.255405
vt 0.0483884 0.742556
vt 0.00702879 0.742556
vt 0.0329961 0.742556
vt 0.0608433 0.255405
vt 0.0716533 0.255405
vt 0.0685983 0.742556
vt 0.0840494 0.255405
vt 0.0825807 0.742556
vt 0.0962105 0.255405
vt 0.111897 0.255405
vt 0.11078 0.742556
vt 0.129757 0.255405
vt 0.0959755 0.742556
vt 0.124587 0.742556
vt 0.144091 0.255405
vt 0.132283 0.742556
vt 0.156488 0.255405
vt 0.142623 0.742556
vt 0.154608 0.742556
vt 0.167356 0.255405
vt 0.178107 0.255405
vt 0.193735 0.255405
vt 0.192853 0.742556
vt 0.211125 0.255405
vt 0.178049 0.742556
vt 0.206366 0.742556
vt 0.224989 0.255405
vt 0.214238 0.742556
vt 0.237327 0.255405
vt 0.0608433 0.742556
vt 0.224989 0.742556
vt 0.234037 0.742556
vt 0.252132 0.255405
vt 0.26817 0.255405
vt 0.252014 0.742556
vt 0.28509 0.255405
vt 0.267289 0.742556
vt 0.167297 0.742556
vt 0.281565 0.742556
vt 0.297486 0.255405
vt 0.308473 0.255405
vt 0.297486 0.742556
vt 0.306651 0.742556
vt 0.3194 0.255405
vt 0.330504 0.255405
vt 0.346366 0.255405
vt 0.345367 0.742556
vt 0.363815 0.255405
vt 0.330034 0.742556
vt 0.319341 0.742556
vt 0.360407 0.742556
vt 0.376622 0.255405
vt 0.386844 0.255405
vt 0.384612 0.742556
vt 0.398594 0.255405
vt 0.376622 0.742556
vt 0.411049 0.255405
vt 0.426559 0.255405
vt 0.425854 0.742556
vt 0.443596 0.255405
vt 0.442245 0.742556
vt 0.396891 0.742556
vt 0.409522 0.742556
vt 0.455875 0.255405
vt 0.466567 0.255405
vt 0.455875 0.742556
vt 0.465216 0.742556
vt 0.477377 0.255405
vt 0.487835 0.255405
vt 0.503227 0.255405
vt 0.502875 0.742556
vt 0.486048 0.742556
vt 0.489191 0.742556
vt 0.000155098 0.742556
vt 0.516338 0.255405
vt 0.519406 0.255405
vt 0.532484 0.255405
vt 0.549639 0.255405
vt 0.530839 0.742556
vt 0.477377 0.742556
vt 0.517503 0.742556
vt 0.544587 0.742556
vt 0.565502 0.255405
vt 0.552107 0.742556
vt 0.563739 0.742556
vt 0.576312 0.255405
vt 0.587356 0.255405
vt 0.60316 0.255405
vt 0.602338 0.742556
vt 0.620197 0.255405
vt 0.58718 0.742556
vt 0.615615 0.742556
vt 0.634062 0.255405
vt 0.623605 0.742556
vt 0.645812 0.255405
vt 0.632652 0.742556
vt 0.644755 0.742556
vt 0.576312 0.742556
vt 0.659148 0.255405
vt 0.674952 0.255405
vt 0.673542 0.742556
vt 0.692342 0.255405
vt 0.691284 0.742556
vt 0.656035 0.742556
vt 0.70603 0.255405
vt 0.704738 0.742556
vt 0.718427 0.255405
vt 0.715078 0.742556
vt 0.730529 0.255405
vt 0.729413 0.742556
vt 0.743043 0.255405
vt 0.759199 0.255405
vt 0.742808 0.742556
vt 0.759023 0.742556
vt 0.775472 0.255405
vt 0.771595 0.742556
vt 0.78828 0.255405
vt 0.779232 0.742556
vt 0.800676 0.255405
vt 0.787164 0.742556
vt 0.798385 0.742556
vt 0.811956 0.255405
vt 0.822883 0.255405
vt 0.838569 0.255405
vt 0.837571 0.742556
vt 0.855959 0.255405
vt 0.854314 0.742556
vt 0.811838 0.742556
vt 0.820945 0.742556
vt 0.868532 0.255405
vt 0.879577 0.255405
vt 0.868532 0.742556
vt 0.877579 0.742556
vt 0.890563 0.255405
vt 0.901057 0.255405
vt 0.910814 0.255405
vt 0.921528 0.255405
vt 0.903253 0.742556
vt 0.919056 0.742556
vt 0.933039 0.255405
vt 0.942145 0.255405
vt 0.940911 0.742556
vt 0.9546 0.255405
vt 0.890504 0.742556
vt 0.952485 0.742556
vt 0.932921 0.742556
vt 0.96964 0.255405
vt 0.985619 0.255405
vt 0.966513 0.742556
vt 0.968822 0.742556
vt 0.969614 0.742556
vt 0.969996 0.742556
vt 0.970371 0.742556
vt 0.970753 0.742556
vt 0.97142 0.742556
vt 0.982212 0.742556
vt 0.994961 0.742556
vt 0.998074 0.255405


# Vertex Surface Normals: 
vn 0 0 1
vn 0 0 -1
vn 0.998086 5.73418e-24 -0.0618383
vn 0.998086 6.16744e-17 -0.0618383
vn 0.998086 -6.17678e-17 -0.0618383
vn 0.998086 -6.16775e-17 -0.0618383
vn 0.998086 6.17709e-17 -0.0618383
vn -1.23131e-23 0.999999 0.00115328
vn -2.44247e-19 0.999999 0.00115328
vn 2.64008e-19 0.999999 0.00115328
vn 2.44387e-19 0.999999 0.00115328
vn -2.6412e-19 0.999999 0.00115328
vn 0.763119 0.644623 -0.0459334
vn 0.763119 0.644623 -0.0459334
vn 0.763119 0.644623 -0.0459334
vn 0.763119 0.644623 -0.0459334
vn 0.763119 0.644623 -0.0459334
vn 0 0.999999 -0.00124646
vn 0 0.999999 -0.00124646
vn 0 0.999999 -0.00124646
vn 0 0.999999 -0.00124646
vn 0 0.999999 -0.00124646
vn -0.706655 0.706422 0.0400767
vn -0.706655 0.706422 0.0400767
vn -0.630635 0.775262 0.0356183
vn -0.63507 0.771621 0.035878
vn -0.706655 0.706422 0.0400767
vn -0.552742 0.832773 0.0310633
vn -0.372817 0.927676 0.0205986
vn -0.385189 0.922591 0.0213167
vn -0.190534 0.981629 0.0100373
vn 0.00697389 0.999975 -0.00135008
vn -0.00697638 0.999976 -0.000547003
vn 0.19053 0.981609 -0.0118995
vn 0.385071 0.9226 -0.0230251
vn 0.372905 0.927601 -0.0223307
vn 0.552716 0.832733 -0.032575
vn 0.634793 0.771785 -0.0372249
vn 0.630516 0.775295 -0.0369829
vn 0.706316 0.706693 -0.0412648
vn 0.37059 0.928527 -0.0223766
vn 0.394071 0.918774 -0.0237051
vn 0 0.999999 -0.00130122
vn 0 0.999999 -0.00130122
vn 0 0.999999 -0.00130122
vn -0.784416 0.618735 0.0431089
vn -0.784416 0.618735 0.0431089
vn -0.784416 0.618735 0.0431089
vn -0.784416 0.618735 0.0431089
vn -0.784416 0.618735 0.0431089
vn 6.97251e-23 0.999999 0.00125379
vn 4.42457e-19 0.999999 0.00125379
vn -4.72259e-19 0.999999 0.00125379
vn -4.43362e-19 0.999999 0.00125379
vn 4.72995e-19 0.999999 0.00125379
vn 0.920428 0.388136 -0.0465053
vn 0.920428 0.388136 -0.0465053
vn 0.920428 0.388136 -0.0465053
vn 0.920428 0.388136 -0.0465053
vn 0.920428 0.388136 -0.0465053
vn -7.40728e-24 1 0.000800282
vn -9.85011e-20 1 0.000800282
vn 1.04908e-19 1 0.000800282
vn 9.86026e-20 1 0.000800282
vn -1.04992e-19 1 0.000800282
vn -0.969039 0.242184 0.04807
vn -0.969039 0.242184 0.04807
vn -0.969039 0.242184 0.04807
vn -0.969039 0.242184 0.04807
vn -0.969039 0.242184 0.04807
vn 5.6089e-23 0.999999 0.00128739
vn 4.43873e-19 0.999999 0.00128739
vn -4.71215e-19 0.999999 0.00128739
vn -4.44665e-19 0.999999 0.00128739
vn 4.71871e-19 0.999999 0.00128739
vn 0.80871 0.587041 -0.0370297
vn 0.80871 0.587041 -0.0370297
vn 0.80871 0.587041 -0.0370297
vn 0.80871 0.587041 -0.0370297
vn 0.80871 0.587041 -0.0370297
vn 0 1 0.000781952
vn 0 1 0.000781952
vn 0 1 0.000781952
vn 0 1 0.000781952
vn 0 1 0.000781952
vn -0.844076 0.534855 0.0382826
vn -0.844076 0.534855 0.0382826
vn -0.844076 0.534855 0.0382826
vn -0.844076 0.534855 0.0382826
vn -0.844076 0.534855 0.0382826
vn 0 0.999999 0.00125394
vn 0 0.999999 0.00125394
vn 0 0.999999 0.00125394
vn 0 0.999999 0.00125394
vn 0 0.999999 0.00125394
vn 0.712461 0.701105 -0.0291613
vn 0.712461 0.701105 -0.0291613
vn 0.712461 0.701105 -0.0291613
vn 0.712461 0.701105 -0.0291613
vn 0.712461 0.701105 -0.0291613
vn 0.00390441 0.999991 -0.00152167
vn 0.00390441 0.999991 -0.00152167
vn 0.00390441 0.999991 -0.00152167
vn 0.00390441 0.999991 -0.00152167
vn 0.00390441 0.999991 -0.00152167
vn -0.706888 0.706888 0.024892
vn -0.706888 0.706888 0.024892
vn -0.706888 0.706888 0.024892
vn -0.706888 0.706888 0.024892
vn -0.706888 0.706888 0.024892
vn 0 0.999999 0.00128159
vn 0 0.999999 0.00128159
vn 0 0.999999 0.00128159
vn 0 0.999999 0.00128159
vn 0 0.999999 0.00128159
vn 0.859305 0.510773 -0.0265762
vn 0.859305 0.510773 -0.0265762
vn 0.859305 0.510773 -0.0265762
vn 0.859305 0.510773 -0.0265762
vn 0.859305 0.510773 -0.0265762
vn 0 1 0.000809523
vn 0 1 0.000809523
vn 0 1 0.000809523
vn 0 1 0.000809523
vn 0 1 0.000809523
vn -0.850518 0.525308 0.0258867
vn -0.850518 0.525308 0.0258867
vn -0.850518 0.525308 0.0258867
vn -0.850518 0.525308 0.0258867
vn -0.850518 0.525308 0.0258867
vn 3.64903e-23 0.999999 0.00127991
vn 4.99851e-19 0.999999 0.00127991
vn -5.17843e-19 0.999999 0.00127991
vn -5.00694e-19 0.999999 0.00127991
vn 5.18597e-19 0.999999 0.00127991
vn 0.813215 0.581573 -0.0213079
vn 0.813215 0.581573 -0.0213079
vn 0.813215 0.581573 -0.0213079
vn 0.813215 0.581573 -0.0213079
vn 0.813215 0.581573 -0.0213079
vn 3.69124e-24 1 0.000814717
vn 1.00148e-19 1 0.000814717
vn -1.0349e-19 1 0.000814717
vn -1.00241e-19 1 0.000814717
vn 1.03574e-19 1 0.000814717
vn -0.820076 0.571858 0.0212911
vn -0.820076 0.571858 0.0212911
vn -0.820076 0.571858 0.0212911
vn -0.820076 0.571858 0.0212911
vn -0.820076 0.571858 0.0212911
vn 0 0.999999 0.00123989
vn 0 0.999999 0.00123989
vn 0 0.999999 0.00123989
vn 0 0.999999 0.00123989
vn 0 0.999999 0.00123989
vn 0.730989 0.682208 -0.0156932
vn 0.730989 0.682208 -0.0156932
vn 0.730989 0.682208 -0.0156932
vn 0.730989 0.682208 -0.0156932
vn 0.730989 0.682208 -0.0156932
vn 5.18005e-23 0.999999 -0.00137981
vn 9.05399e-19 0.999999 -0.00137981
vn -9.2661e-19 0.999999 -0.00137981
vn -9.07177e-19 0.999999 -0.00137981
vn 9.28263e-19 0.999999 -0.00137981
vn -0.734744 0.678245 0.0116655
vn -0.734744 0.678245 0.0116655
vn -0.734744 0.678245 0.0116655
vn -0.734744 0.678245 0.0116655
vn -0.734744 0.678245 0.0116655
vn 0 0.999999 0.00125715
vn 0 0.999999 0.00125715
vn 0 0.999999 0.00125715
vn 0 0.999999 0.00125715
vn 0 0.999999 0.00125715
vn 0.813707 0.581201 -0.00924929
vn 0.813707 0.581201 -0.00924929
vn 0.813707 0.581201 -0.00924929
vn 0.813707 0.581201 -0.00924929
vn 0.813707 0.581201 -0.00924929
vn 0 1 0.000771489
vn 0 1 0.000771489
vn 0 1 0.000771489
vn 0 1 0.000771489
vn 0 1 0.000771489
vn -0.842421 0.538739 0.00928803
vn -0.842421 0.538739 0.00928803
vn -0.842421 0.538739 0.00928803
vn -0.842421 0.538739 0.00928803
vn -0.842421 0.538739 0.00928803
vn 0 0.999999 0.00128525
vn 0 0.999999 0.00128525
vn 0 0.999999 0.00128525
vn 0 0.999999 0.00128525
vn 0 0.999999 0.00128525
vn 0.892256 0.451488 -0.00617963
vn 0.892256 0.451488 -0.00617963
vn 0.892256 0.451488 -0.00617963
vn 0.892256 0.451488 -0.00617963
vn 0.892256 0.451488 -0.00617963
vn 0 1 0.00085298
vn 0 1 0.00085298
vn 0 1 0.00085298
vn 0 1 0.00085298
vn 0 1 0.00085298
vn -0.794731 0.606939 0.00526873
vn -0.794731 0.606939 0.00526873
vn -0.794731 0.606939 0.00526873
vn -0.794731 0.606939 0.00526873
vn -0.794731 0.606939 0.00526873
vn 0 0.999999 0.0013016
vn 0 0.999999 0.0013016
vn 0 0.999999 0.0013016
vn 0 0.999999 0.0013016
vn 0 0.999999 0.0013016
vn 0.788 0.615673 -0.00135468
vn 0.788 0.615673 -0.00135468
vn 0.788 0.615673 -0.00135468
vn 0.788 0.615673 -0.00135468
vn 0.788 0.615673 -0.00135468
vn -2.09643e-24 0.999999 -0.00136445
vn 9.67627e-19 0.999999 -0.00136445
vn -9.66709e-19 0.999999 -0.00136445
vn -9.69324e-19 0.999999 -0.00136445
vn 9.6841e-19 0.999999 -0.00136445
vn -0.753995 0.656875 -0.00254132
vn -0.753995 0.656875 -0.00254132
vn -0.753995 0.656875 -0.00254132
vn -0.753995 0.656875 -0.00254132
vn -0.753995 0.656875 -0.00254132
vn -7.64064e-24 0.999999 0.00125272
vn 4.59797e-19 0.999999 0.00125272
vn -4.56449e-19 0.999999 0.00125272
vn -4.60592e-19 0.999999 0.00125272
vn 4.57263e-19 0.999999 0.00125272
vn 0.876027 0.482211 0.00699689
vn 0.876027 0.482211 0.00699689
vn 0.876027 0.482211 0.00699689
vn 0.876027 0.482211 0.00699689
vn 0.876027 0.482211 0.00699689
vn -1.06344e-24 1 0.000822049
vn 1.02384e-19 1 0.000822049
vn -1.01336e-19 1 0.000822049
vn -1.02465e-19 1 0.000822049
vn 1.01419e-19 1 0.000822049
vn -0.835714 0.549121 -0.00691266
vn -0.835714 0.549121 -0.00691266
vn -0.835714 0.549121 -0.00691266
vn -0.835714 0.549121 -0.00691266
vn -0.835714 0.549121 -0.00691266
vn 0 0.999999 0.00128617
vn 0 0.999999 0.00128617
vn 0 0.999999 0.00128617
vn 0 0.999999 0.00128617
vn 0 0.999999 0.00128617
vn 0.815947 0.578036 0.0102793
vn 0.815947 0.578036 0.0102793
vn 0.815947 0.578036 0.0102793
vn 0.815947 0.578036 0.0102793
vn 0.815947 0.578036 0.0102793
vn -2.82852e-24 1 0.000826478
vn 1.53996e-19 1 0.000826478
vn -1.51548e-19 1 0.000826478
vn -1.54132e-19 1 0.000826478
vn 1.51691e-19 1 0.000826478
vn -0.85012 0.526474 -0.0110123
vn -0.85012 0.526474 -0.0110123
vn -0.85012 0.526474 -0.0110123
vn -0.85012 0.526474 -0.0110123
vn -0.85012 0.526474 -0.0110123
vn 0 0.999999 0.00128327
vn 0 0.999999 0.00128327
vn 0 0.999999 0.00128327
vn 0 0.999999 0.00128327
vn 0 0.999999 0.00128327
vn 0.753649 0.657144 0.0132354
vn 0.753649 0.657144 0.0132354
vn 0.753649 0.657144 0.0132354
vn 0.753649 0.657144 0.0132354
vn 0.753649 0.657144 0.0132354
vn 0 0.999999 -0.00134582
vn 0 0.999999 -0.00134582
vn 0 0.999999 -0.00134582
vn 0 0.999999 -0.00134582
vn 0 0.999999 -0.00134582
vn -0.707024 0.707003 -0.0162385
vn -0.707024 0.707003 -0.0162385
vn -0.707024 0.707003 -0.0162385
vn -0.707024 0.707003 -0.0162385
vn -0.707024 0.707003 -0.0162385
vn -3.10209e-23 0.999999 0.00124982
vn 5.16987e-19 0.999999 0.00124982
vn -5.00854e-19 0.999999 0.00124982
vn -5.17708e-19 0.999999 0.00124982
vn 5.0165e-19 0.999999 0.00124982
vn 0.898256 0.438792 0.024457
vn 0.898256 0.438792 0.024457
vn 0.898256 0.438792 0.024457
vn 0.898256 0.438792 0.024457
vn 0.898256 0.438792 0.024457
vn 0 1 0.000811738
vn 0 1 0.000811738
vn 0 1 0.000811738
vn 0 1 0.000811738
vn 0 1 0.000811738
vn -0.707035 0.70691 -0.019502
vn -0.707035 0.70691 -0.019502
vn -0.707035 0.70691 -0.019502
vn -0.707035 0.70691 -0.019502
vn -0.707035 0.70691 -0.019502
vn 3.13936e-23 0.999999 0.00124554
vn -5.1841e-19 0.999999 0.00124554
vn 4.99403e-19 0.999999 0.00124554
vn 5.19027e-19 0.999999 0.00124554
vn -5.00097e-19 0.999999 0.00124554
vn 0.706982 0.706866 0.0227232
vn 0.706982 0.706866 0.0227232
vn 0.706982 0.706866 0.0227232
vn 0.706982 0.706866 0.0227232
vn 0.706982 0.706866 0.0227232
vn -5.08225e-24 1 0.000779127
vn 1.03846e-19 1 0.000779127
vn -9.97366e-20 1 0.000779127
vn -1.03939e-19 1 0.000779127
vn 9.98418e-20 1 0.000779127
vn -0.804995 0.59271 -0.0260365
vn -0.804995 0.59271 -0.0260365
vn -0.804995 0.59271 -0.0260365
vn -0.804995 0.59271 -0.0260365
vn -0.804995 0.59271 -0.0260365
vn 3.96688e-23 0.999999 0.00125959
vn -4.67706e-19 0.999999 0.00125959
vn 4.48011e-19 0.999999 0.00125959
vn 4.68371e-19 0.999999 0.00125959
vn -4.48772e-19 0.999999 0.00125959
vn 0.755531 0.65452 0.0278601
vn 0.755531 0.65452 0.0278601
vn 0.755531 0.65452 0.0278601
vn 0.755531 0.65452 0.0278601
vn 0.755531 0.65452 0.0278601
vn -1.09107e-22 0.999999 -0.00136644
vn 9.37796e-19 0.999999 -0.00136644
vn -8.92877e-19 0.999999 -0.00136644
vn -9.39366e-19 0.999999 -0.00136644
vn 8.94713e-19 0.999999 -0.00136644
vn -0.746958 0.664121 -0.03159
vn -0.746958 0.664121 -0.03159
vn -0.746958 0.664121 -0.03159
vn -0.746958 0.664121 -0.03159
vn -0.746958 0.664121 -0.03159
vn 0 0.999999 0.00123332
vn 0 0.999999 0.00123332
vn 0 0.999999 0.00123332
vn 0 0.999999 0.00123332
vn 0 0.999999 0.00123332
vn 0.829438 0.557247 0.038843
vn 0.829438 0.557247 0.038843
vn 0.829438 0.557247 0.038843
vn 0.829438 0.557247 0.038843
vn 0.829438 0.557247 0.038843
vn 0 1 0.000824645
vn 0 1 0.000824645
vn 0 1 0.000824645
vn 0 1 0.000824645
vn 0 1 0.000824645
vn -0.862962 0.503615 -0.0408497
vn -0.862962 0.503615 -0.0408497
vn -0.862962 0.503615 -0.0408497
vn -0.862962 0.503615 -0.0408497
vn -0.862962 0.503615 -0.0408497
vn 5.54174e-23 0.999999 0.00124814
vn -4.71576e-19 0.999999 0.00124814
vn 4.43476e-19 0.999999 0.00124814
vn 4.72206e-19 0.999999 0.00124814
vn -4.44241e-19 0.999999 0.00124814
vn 0.864267 0.501078 0.0442963
vn 0.864267 0.501078 0.0442963
vn 0.864267 0.501078 0.0442963
vn 0.864267 0.501078 0.0442963
vn 0.864267 0.501078 0.0442963
vn 8.54355e-24 1 0.000804865
vn -1.04981e-19 1 0.000804865
vn 9.83974e-20 1 0.000804865
vn 1.05074e-19 1 0.000804865
vn -9.85112e-20 1 0.000804865
vn -0.813554 0.579958 -0.0421797
vn -0.813554 0.579958 -0.0421797
vn -0.813554 0.579958 -0.0421797
vn -0.813554 0.579958 -0.0421797
vn -0.813554 0.579958 -0.0421797
vn 5.54973e-23 0.999999 0.00127487
vn -4.7281e-19 0.999999 0.00127487
vn 4.42052e-19 0.999999 0.00127487
vn 4.73383e-19 0.999999 0.00127487
vn -4.42759e-19 0.999999 0.00127487
vn 0.706558 0.706537 0.039772
vn 0.706558 0.706537 0.039772
vn 0.706558 0.706537 0.039772
vn 0.706558 0.706537 0.039772
vn 0.706558 0.706537 0.039772
vn 1.84248e-22 0.999999 -0.00129526
vn -9.47596e-19 0.999999 -0.00129526
vn 8.80644e-19 0.999999 -0.00129526
vn 9.49281e-19 0.999999 -0.00129526
vn -8.82778e-19 0.999999 -0.00129526
vn -0.867265 0.494958 -0.0535442
vn -0.867265 0.494958 -0.0535442
vn -0.871994 0.486548 -0.0538328
vn -0.872174 0.486223 -0.0538438
vn -0.867265 0.494958 -0.0535442
vn -0.876818 0.477766 -0.0541271
vn -0.876818 0.477766 -0.0541271
vn -0.876818 0.477766 -0.0541271
vn -0.477953 -0.877874 -0.029976
vn -0.477953 -0.877874 -0.029976
vn -0.477953 -0.877874 -0.029976
vn -0.477953 -0.877874 -0.029976
vn -0.477953 -0.877874 -0.029976
vn 0.876826 -0.477761 0.0540494
vn 0.876826 -0.477761 0.0540494
vn 0.87202 -0.486509 0.0537562
vn 0.8722 -0.486186 0.0537672
vn 0.876826 -0.477761 0.0540494
vn 0.86731 -0.494888 0.0534688
vn 0.86731 -0.494888 0.0534688
vn 0.86731 -0.494888 0.0534688
vn 0 -0.999999 0.00121705
vn 0 -0.999999 0.00121705
vn 0 -0.999999 0.00121705
vn 0 -0.999999 0.00121705
vn 0 -0.999999 0.00121705
vn -0.706556 -0.706535 -0.03985
vn -0.706556 -0.706535 -0.03985
vn -0.706556 -0.706535 -0.03985
vn -0.706556 -0.706535 -0.03985
vn -0.706556 -0.706535 -0.03985
vn 0 -0.999999 -0.00135307
vn 0 -0.999999 -0.00135307
vn 0 -0.999999 -0.00135307
vn 0 -0.999999 -0.00135307
vn 0 -0.999999 -0.00135307
vn 0.813557 -0.57996 0.0421017
vn 0.813557 -0.57996 0.0421017
vn 0.813557 -0.57996 0.0421017
vn 0.813557 -0.57996 0.0421017
vn 0.813557 -0.57996 0.0421017
vn 0 -1 -0.000883071
vn 0 -1 -0.000883071
vn 0 -1 -0.000883071
vn 0 -1 -0.000883071
vn 0 -1 -0.000883071
vn -0.864264 -0.501077 -0.0443743
vn -0.864264 -0.501077 -0.0443743
vn -0.864264 -0.501077 -0.0443743
vn -0.864264 -0.501077 -0.0443743
vn -0.864264 -0.501077 -0.0443743
vn 0 -0.999999 -0.00132634
vn 0 -0.999999 -0.00132634
vn 0 -0.999999 -0.00132634
vn 0 -0.999999 -0.00132634
vn 0 -0.999999 -0.00132634
vn 0.862925 -0.503684 0.0407697
vn 0.862925 -0.503684 0.0407697
vn 0.862925 -0.503684 0.0407697
vn 0.862925 -0.503684 0.0407697
vn 0.862925 -0.503684 0.0407697
vn 0 -1 -0.000902928
vn 0 -1 -0.000902928
vn 0 -1 -0.000902928
vn 0 -1 -0.000902928
vn 0 -1 -0.000902928
vn -0.829387 -0.557317 -0.0389189
vn -0.829387 -0.557317 -0.0389189
vn -0.829387 -0.557317 -0.0389189
vn -0.829387 -0.557317 -0.0389189
vn -0.829387 -0.557317 -0.0389189
vn -5.49024e-23 -0.999999 -0.00131153
vn -4.44888e-19 -0.999999 -0.00131153
vn 4.70324e-19 -0.999999 -0.00131153
vn 4.45715e-19 -0.999999 -0.00131153
vn -4.71018e-19 -0.999999 -0.00131153
vn 0.746959 -0.664122 0.0315119
vn 0.746959 -0.664122 0.0315119
vn 0.746959 -0.664122 0.0315119
vn 0.746959 -0.664122 0.0315119
vn 0.746959 -0.664122 0.0315119
vn 1.12469e-22 -0.999999 0.00128823
vn 9.42492e-19 -0.999999 0.00128823
vn -9.89937e-19 -0.999999 0.00128823
vn -9.44386e-19 -0.999999 0.00128823
vn 9.91558e-19 -0.999999 0.00128823
vn -0.755535 -0.654512 -0.0279384
vn -0.755535 -0.654512 -0.0279384
vn -0.755535 -0.654512 -0.0279384
vn -0.755535 -0.654512 -0.0279384
vn -0.755535 -0.654512 -0.0279384
vn -0.00517076 -0.999985 -0.00150961
vn -0.00517076 -0.999985 -0.00150961
vn -0.00517076 -0.999985 -0.00150961
vn -0.00517076 -0.999985 -0.00150961
vn -0.00517076 -0.999985 -0.00150961
vn 0.804997 -0.592711 0.0259583
vn 0.804997 -0.592711 0.0259583
vn 0.804997 -0.592711 0.0259583
vn 0.804997 -0.592711 0.0259583
vn 0.804997 -0.592711 0.0259583
vn 7.27002e-24 -1 -0.000857333
vn 1.49607e-19 -1 -0.000857333
vn -1.55775e-19 -1 -0.000857333
vn -1.49758e-19 -1 -0.000857333
vn 1.55908e-19 -1 -0.000857333
vn -0.706981 -0.706865 -0.0228013
vn -0.706981 -0.706865 -0.0228013
vn -0.706981 -0.706865 -0.0228013
vn -0.706981 -0.706865 -0.0228013
vn -0.706981 -0.706865 -0.0228013
vn 0 -0.999999 -0.00132375
vn 0 -0.999999 -0.00132375
vn 0 -0.999999 -0.00132375
vn 0 -0.999999 -0.00132375
vn 0 -0.999999 -0.00132375
vn 0.707036 -0.706911 0.0194239
vn 0.707036 -0.706911 0.0194239
vn 0.707036 -0.706911 0.0194239
vn 0.707036 -0.706911 0.0194239
vn 0.707036 -0.706911 0.0194239
vn 0 -1 -0.000889945
vn 0 -1 -0.000889945
vn 0 -1 -0.000889945
vn 0 -1 -0.000889945
vn 0 -1 -0.000889945
vn -0.898254 -0.438791 -0.0245351
vn -0.898254 -0.438791 -0.0245351
vn -0.898254 -0.438791 -0.0245351
vn -0.898254 -0.438791 -0.0245351
vn -0.898254 -0.438791 -0.0245351
vn 0 -0.999999 -0.00132802
vn 0 -0.999999 -0.00132802
vn 0 -0.999999 -0.00132802
vn 0 -0.999999 -0.00132802
vn 0 -0.999999 -0.00132802
vn 0.707025 -0.707004 0.0161603
vn 0.707025 -0.707004 0.0161603
vn 0.707025 -0.707004 0.0161603
vn 0.707025 -0.707004 0.0161603
vn 0.707025 -0.707004 0.0161603
vn -5.49842e-23 -0.999999 0.00126761
vn -9.54811e-19 -0.999999 0.00126761
vn 9.79062e-19 -0.999999 0.00126761
vn 9.56566e-19 -0.999999 0.00126761
vn -9.80683e-19 -0.999999 0.00126761
vn -0.753643 -0.657149 -0.0133135
vn -0.753643 -0.657149 -0.0133135
vn -0.753643 -0.657149 -0.0133135
vn -0.753643 -0.657149 -0.0133135
vn -0.753643 -0.657149 -0.0133135
vn -0.00482637 -0.999987 -0.00142761
vn -0.00482637 -0.999987 -0.00142761
vn -0.00482637 -0.999987 -0.00142761
vn -0.00482637 -0.999987 -0.00142761
vn -0.00482637 -0.999987 -0.00142761
vn 0.850081 -0.526538 0.0109335
vn 0.850081 -0.526538 0.0109335
vn 0.850081 -0.526538 0.0109335
vn 0.850081 -0.526538 0.0109335
vn 0.850081 -0.526538 0.0109335
vn 0 -1 -0.000904761
vn 0 -1 -0.000904761
vn 0 -1 -0.000904761
vn 0 -1 -0.000904761
vn 0 -1 -0.000904761
vn -0.815901 -0.578099 -0.010357
vn -0.815901 -0.578099 -0.010357
vn -0.815901 -0.578099 -0.010357
vn -0.815901 -0.578099 -0.010357
vn -0.815901 -0.578099 -0.010357
vn -1.26432e-23 -0.999999 -0.00136438
vn -4.55168e-19 -0.999999 -0.00136438
vn 4.61099e-19 -0.999999 -0.00136438
vn 4.55938e-19 -0.999999 -0.00136438
vn -4.61838e-19 -0.999999 -0.00136438
vn 0.835673 -0.549184 0.00683402
vn 0.835673 -0.549184 0.00683402
vn 0.835673 -0.549184 0.00683402
vn 0.835673 -0.549184 0.00683402
vn 0.835673 -0.549184 0.00683402
vn 0 -1 -0.000900332
vn 0 -1 -0.000900332
vn 0 -1 -0.000900332
vn 0 -1 -0.000900332
vn 0 -1 -0.000900332
vn -0.875991 -0.482276 -0.00707497
vn -0.875991 -0.482276 -0.00707497
vn -0.875991 -0.482276 -0.00707497
vn -0.875991 -0.482276 -0.00707497
vn -0.875991 -0.482276 -0.00707497
vn 0 -0.999999 -0.00133093
vn 0 -0.999999 -0.00133093
vn 0 -0.999999 -0.00133093
vn 0 -0.999999 -0.00133093
vn 0 -0.999999 -0.00133093
vn 0.753996 -0.656875 0.00246311
vn 0.753996 -0.656875 0.00246311
vn 0.753996 -0.656875 0.00246311
vn 0.753996 -0.656875 0.00246311
vn 0.753996 -0.656875 0.00246311
vn -4.0908e-24 -0.999999 0.00128625
vn -1.93347e-18 -0.999999 0.00128625
vn 1.93531e-18 -0.999999 0.00128625
vn 1.93679e-18 -0.999999 0.00128625
vn -1.93862e-18 -0.999999 0.00128625
vn -0.78801 -0.615661 0.00127643
vn -0.78801 -0.615661 0.00127643
vn -0.78801 -0.615661 0.00127643
vn -0.78801 -0.615661 0.00127643
vn -0.78801 -0.615661 0.00127643
vn -0.00500939 -0.999987 -0.00135136
vn -0.00500939 -0.999987 -0.00135136
vn -0.00500939 -0.999987 -0.00135136
vn -0.00500939 -0.999987 -0.00135136
vn -0.00500939 -0.999987 -0.00135136
vn 0.79473 -0.606939 -0.00534703
vn 0.79473 -0.606939 -0.00534703
vn 0.79473 -0.606939 -0.00534703
vn 0.79473 -0.606939 -0.00534703
vn 0.79473 -0.606939 -0.00534703
vn 0 -1 -0.000931187
vn 0 -1 -0.000931187
vn 0 -1 -0.000931187
vn 0 -1 -0.000931187
vn 0 -1 -0.000931187
vn -0.892256 -0.451488 0.00610153
vn -0.892256 -0.451488 0.00610153
vn -0.892256 -0.451488 0.00610153
vn -0.892256 -0.451488 0.00610153
vn -0.892256 -0.451488 0.00610153
vn 1.10692e-23 -0.999999 -0.00136346
vn -4.60663e-19 -0.999999 -0.00136346
vn 4.55598e-19 -0.999999 -0.00136346
vn 4.61422e-19 -0.999999 -0.00136346
vn -4.56384e-19 -0.999999 -0.00136346
vn 0.842421 -0.538739 -0.00936619
vn 0.842421 -0.538739 -0.00936619
vn 0.842421 -0.538739 -0.00936619
vn 0.842421 -0.538739 -0.00936619
vn 0.842421 -0.538739 -0.00936619
vn 0 -1 -0.000849696
vn 0 -1 -0.000849696
vn 0 -1 -0.000849696
vn 0 -1 -0.000849696
vn 0 -1 -0.000849696
vn -0.813708 -0.581202 0.00917103
vn -0.813708 -0.581202 0.00917103
vn -0.813708 -0.581202 0.00917103
vn -0.813708 -0.581202 0.00917103
vn -0.813708 -0.581202 0.00917103
vn 1.56122e-23 -0.999999 -0.00133536
vn -4.61984e-19 -0.999999 -0.00133536
vn 4.54285e-19 -0.999999 -0.00133536
vn 4.62684e-19 -0.999999 -0.00133536
vn -4.55023e-19 -0.999999 -0.00133536
vn 0.734743 -0.678244 -0.0117437
vn 0.734743 -0.678244 -0.0117437
vn 0.734743 -0.678244 -0.0117437
vn 0.734743 -0.678244 -0.0117437
vn 0.734743 -0.678244 -0.0117437
vn 5.06379e-23 -0.999999 0.0013016
vn -9.26641e-19 -0.999999 0.0013016
vn 9.05416e-19 -0.999999 0.0013016
vn 9.28257e-19 -0.999999 0.0013016
vn -9.07156e-19 -0.999999 0.0013016
vn -0.730999 -0.6822 0.0156153
vn -0.730999 -0.6822 0.0156153
vn -0.730999 -0.6822 0.0156153
vn -0.730999 -0.6822 0.0156153
vn -0.730999 -0.6822 0.0156153
vn -0.00483576 -0.999988 -0.00119652
vn -0.00483576 -0.999988 -0.00119652
vn -0.00483576 -0.999988 -0.00119652
vn -0.00483576 -0.999988 -0.00119652
vn -0.00483576 -0.999988 -0.00119652
vn 0.820026 -0.571927 -0.0213682
vn 0.820026 -0.571927 -0.0213682
vn 0.820026 -0.571927 -0.0213682
vn 0.820026 -0.571927 -0.0213682
vn 0.820026 -0.571927 -0.0213682
vn 0 -1 -0.000893
vn 0 -1 -0.000893
vn 0 -1 -0.000893
vn 0 -1 -0.000893
vn 0 -1 -0.000893
vn -0.813171 -0.581638 0.0212283
vn -0.813171 -0.581638 0.0212283
vn -0.813171 -0.581638 0.0212283
vn -0.813171 -0.581638 0.0212283
vn -0.813171 -0.581638 0.0212283
vn 3.39332e-23 -0.999999 -0.00135812
vn -4.66038e-19 -0.999999 -0.00135812
vn 4.49857e-19 -0.999999 -0.00135812
vn 4.66739e-19 -0.999999 -0.00135812
vn -4.5064e-19 -0.999999 -0.00135812
vn 0.850517 -0.525307 -0.0259649
vn 0.850517 -0.525307 -0.0259649
vn 0.850517 -0.525307 -0.0259649
vn 0.850517 -0.525307 -0.0259649
vn 0.850517 -0.525307 -0.0259649
vn 0 -1 -0.00088773
vn 0 -1 -0.00088773
vn 0 -1 -0.00088773
vn 0 -1 -0.00088773
vn 0 -1 -0.00088773
vn -0.859307 -0.510774 0.026498
vn -0.859307 -0.510774 0.026498
vn -0.859307 -0.510774 0.026498
vn -0.859307 -0.510774 0.026498
vn -0.859307 -0.510774 0.026498
vn -3.48038e-23 -0.999999 -0.0013598
vn 4.67296e-19 -0.999999 -0.0013598
vn 0.375658 -0.926652 -0.014019
vn 0.389539 -0.920896 -0.0144826
vn 4.49252e-19 -0.999999 -0.0013598
vn 0.706886 -0.706886 -0.0249701
vn 0.390325 -0.920584 -0.0130982
vn 0.374881 -0.926988 -0.0125242
vn 0 -0.999999 0.00130061
vn 0 -0.999999 0.00130061
vn 0 -0.999999 0.00130061
vn -0.712473 -0.701097 0.0290837
vn -0.712473 -0.701097 0.0290837
vn -0.712473 -0.701097 0.0290837
vn -0.712473 -0.701097 0.0290837
vn -0.712473 -0.701097 0.0290837
vn -0.00467572 -0.999988 -0.00112358
vn -0.00467572 -0.999988 -0.00112358
vn -0.00467572 -0.999988 -0.00112358
vn -0.00467572 -0.999988 -0.00112358
vn -0.00467572 -0.999988 -0.00112358
vn 0.844074 -0.534853 -0.0383607
vn 0.844074 -0.534853 -0.0383607
vn 0.844074 -0.534853 -0.0383607
vn 0.844074 -0.534853 -0.0383607
vn 0.844074 -0.534853 -0.0383607
vn 0 -1 -0.000860159
vn 0 -1 -0.000860159
vn 0 -1 -0.000860159
vn 0 -1 -0.000860159
vn 0 -1 -0.000860159
vn -0.80848 -0.587363 0.0369405
vn -0.80848 -0.587363 0.0369405
vn -0.80848 -0.587363 0.0369405
vn -0.80848 -0.587363 0.0369405
vn -0.80848 -0.587363 0.0369405
vn 0 -0.999999 -0.0013656
vn 0 -0.999999 -0.0013656
vn 0 -0.999999 -0.0013656
vn 0 -0.999999 -0.0013656
vn 0 -0.999999 -0.0013656
vn 0.969035 -0.242183 -0.0481479
vn 0.969035 -0.242183 -0.0481479
vn 0.969035 -0.242183 -0.0481479
vn 0.969035 -0.242183 -0.0481479
vn 0.969035 -0.242183 -0.0481479
vn 6.83355e-24 -1 -0.000878489
vn -1.04916e-19 -1 -0.000878489
vn 9.85017e-20 -1 -0.000878489
vn 1.04993e-19 -1 -0.000878489
vn -9.85954e-20 -1 -0.000878489
vn -0.920431 -0.388137 0.0464273
vn -0.920431 -0.388137 0.0464273
vn -0.920431 -0.388137 0.0464273
vn -0.920431 -0.388137 0.0464273
vn -0.920431 -0.388137 0.0464273
vn 0 -0.999999 -0.001332
vn 0 -0.999999 -0.001332
vn 0 -0.999999 -0.001332
vn 0 -0.999999 -0.001332
vn 0 -0.999999 -0.001332
vn 0.784413 -0.618733 -0.0431869
vn 0.784413 -0.618733 -0.0431869
vn 0.784413 -0.618733 -0.0431869
vn 0.784413 -0.618733 -0.0431869
vn 0.784413 -0.618733 -0.0431869
vn 0 -0.999999 0.00122301
vn 0 -0.999999 0.00122301
vn -0.370581 -0.928533 0.0222914
vn -0.394061 -0.918781 0.0236199
vn 0 -0.999999 0.00122301
vn -0.706302 -0.706712 0.0411858
vn -0.634816 -0.77177 0.0371485
vn -0.630543 -0.775277 0.0369067
vn -0.552787 -0.832689 0.0325024
vn -0.385175 -0.922558 0.0229529
vn -0.373012 -0.92756 0.0222586
vn -0.190671 -0.981583 0.0118308
vn -0.00697915 -0.999975 0.00127218
vn 0.00698141 -0.999976 0.000468508
vn 0.190675 -0.981601 -0.0101222
vn 0.372923 -0.927632 -0.0206829
vn 0.385292 -0.922547 -0.0214009
vn 0.55281 -0.832725 -0.0311439
vn 0.630673 -0.775227 -0.0356983
vn 0.635107 -0.771587 -0.035958
vn 0.706666 -0.706407 -0.0401554
vn 0.706666 -0.706407 -0.0401554
vn 0.706666 -0.706407 -0.0401554
vn -5.92333e-23 -0.999999 0.00116825
vn 9.487e-19 -0.999999 0.00116825
vn -8.81209e-19 -0.999999 0.00116825
vn -9.49264e-19 -0.999999 0.00116825
vn 8.81916e-19 -0.999999 0.00116825
vn -0.763122 -0.644626 0.0458554
vn -0.763122 -0.644626 0.0458554
vn -0.763122 -0.644626 0.0458554
vn -0.763122 -0.644626 0.0458554
vn -0.763122 -0.644626 0.0458554
vn 2.31752e-23 -0.999999 -0.00123149
vn -4.75199e-19 -0.999999 -0.00123149
vn 4.3965e-19 -0.999999 -0.00123149
vn 4.75408e-19 -0.999999 -0.00123149
vn -4.39914e-19 -0.999999 -0.00123149


# Faces: 
usemtl material0
f 251/81/1 261/91/1 262/92/1
f 248/78/1 265/95/1 266/96/1
f 263/93/1 251/81/1 262/92/1
f 273/103/1 274/104/1 240/70/1
f 278/108/1 279/109/1 235/65/1
f 235/65/1 277/107/1 278/108/1
f 252/82/1 261/91/1 251/81/1
f 267/97/1 247/77/1 266/96/1
f 268/98/1 269/99/1 244/74/1
f 247/77/1 248/78/1 266/96/1
f 265/95/1 248/78/1 264/94/1
f 274/104/1 239/69/1 240/70/1
f 270/100/1 271/101/1 243/73/1
f 277/107/1 236/66/1 276/106/1
f 272/102/1 273/103/1 240/70/1
f 274/104/1 275/105/1 239/69/1
f 235/65/1 236/66/1 277/107/1
f 270/100/1 243/73/1 244/74/1
f 244/74/1 269/99/1 270/100/1
f 261/91/1 252/82/1 260/90/1
f 286/116/1 228/58/1 285/115/1
f 282/112/1 283/113/1 231/61/1
f 290/120/1 223/53/1 289/119/1
f 297/127/1 298/128/1 216/46/1
f 220/50/1 293/123/1 294/124/1
f 294/124/1 295/125/1 219/49/1
f 291/121/1 223/53/1 290/120/1
f 298/128/1 215/45/1 216/46/1
f 228/58/1 286/116/1 227/57/1
f 232/62/1 282/112/1 231/61/1
f 285/115/1 228/58/1 284/114/1
f 280/110/1 281/111/1 232/62/1
f 286/116/1 287/117/1 227/57/1
f 289/119/1 223/53/1 224/54/1
f 289/119/1 224/54/1 288/118/1
f 219/49/1 220/50/1 294/124/1
f 288/118/1 224/54/1 225/55/1
f 293/123/1 220/50/1 292/122/1
f 216/46/1 296/126/1 297/127/1
f 287/117/1 288/118/1 225/55/1
f 215/45/1 299/129/1 214/44/1
f 282/112/1 232/62/1 281/111/1
f 226/56/1 227/57/1 287/117/1
f 263/93/1 264/94/1 250/80/1
f 249/79/1 250/80/1 264/94/1
f 248/78/1 249/79/1 264/94/1
f 251/81/1 263/93/1 250/80/1
f 267/97/1 268/98/1 245/75/1
f 245/75/1 246/76/1 267/97/1
f 244/74/1 245/75/1 268/98/1
f 243/73/1 271/101/1 242/72/1
f 267/97/1 246/76/1 247/77/1
f 256/86/1 258/88/1 255/85/1
f 256/86/1 257/87/1 258/88/1
f 255/85/1 259/89/1 254/84/1
f 259/89/1 255/85/1 258/88/1
f 254/84/1 259/89/1 253/83/1
f 271/101/1 272/102/1 242/72/1
f 253/83/1 260/90/1 252/82/1
f 242/72/1 272/102/1 241/71/1
f 240/70/1 241/71/1 272/102/1
f 260/90/1 253/83/1 259/89/1
f 234/64/1 235/65/1 279/109/1
f 237/67/1 275/105/1 276/106/1
f 279/109/1 280/110/1 234/64/1
f 275/105/1 238/68/1 239/69/1
f 222/52/1 291/121/1 292/122/1
f 222/52/1 223/53/1 291/121/1
f 221/51/1 292/122/1 220/50/1
f 222/52/1 292/122/1 221/51/1
f 218/48/1 219/49/1 295/125/1
f 225/55/1 226/56/1 287/117/1
f 233/63/1 234/64/1 280/110/1
f 230/60/1 283/113/1 284/114/1
f 232/62/1 233/63/1 280/110/1
f 237/67/1 276/106/1 236/66/1
f 231/61/1 283/113/1 230/60/1
f 295/125/1 296/126/1 218/48/1
f 229/59/1 284/114/1 228/58/1
f 218/48/1 296/126/1 217/47/1
f 216/46/1 217/47/1 296/126/1
f 284/114/1 229/59/1 230/60/1
f 237/67/1 238/68/1 275/105/1
f 215/45/1 298/128/1 299/129/1
f 301/131/1 302/132/1 212/42/1
f 302/132/1 211/41/1 212/42/1
f 303/133/1 211/41/1 302/132/1
f 300/130/1 212/42/1 213/43/1
f 301/131/1 212/42/1 300/130/1
f 309/139/1 310/140/1 204/34/1
f 208/38/1 305/135/1 306/136/1
f 313/143/1 314/144/1 199/29/1
f 307/137/1 207/37/1 306/136/1
f 208/38/1 304/134/1 305/135/1
f 208/38/1 306/136/1 207/37/1
f 309/139/1 204/34/1 308/138/1
f 214/44/1 300/130/1 213/43/1
f 203/33/1 204/34/1 310/140/1
f 199/29/1 200/30/1 313/143/1
f 201/31/1 311/141/1 312/142/1
f 311/141/1 203/33/1 310/140/1
f 200/30/1 201/31/1 312/142/1
f 199/29/1 315/145/1 198/28/1
f 199/29/1 314/144/1 315/145/1
f 313/143/1 200/30/1 312/142/1
f 202/32/1 203/33/1 311/141/1
f 192/22/1 321/151/1 322/152/1
f 317/147/1 318/148/1 196/26/1
f 318/148/1 319/149/1 195/25/1
f 327/157/1 187/17/1 326/156/1
f 187/17/1 188/18/1 325/155/1
f 184/14/1 329/159/1 330/160/1
f 187/17/1 325/155/1 326/156/1
f 322/152/1 323/153/1 191/21/1
f 316/146/1 196/26/1 197/27/1
f 195/25/1 196/26/1 318/148/1
f 321/151/1 192/22/1 320/150/1
f 191/21/1 192/22/1 322/152/1
f 196/26/1 316/146/1 317/147/1
f 325/155/1 188/18/1 324/154/1
f 331/161/1 183/13/1 330/160/1
f 173/3/1 171/1/1 172/2/1
f 171/1/1 173/3/1 340/170/1
f 340/170/1 173/3/1 339/169/1
f 184/14/1 328/158/1 329/159/1
f 330/160/1 183/13/1 184/14/1
f 315/145/1 316/146/1 198/28/1
f 211/41/1 303/133/1 210/40/1
f 311/141/1 201/31/1 202/32/1
f 303/133/1 304/134/1 209/39/1
f 323/153/1 190/20/1 191/21/1
f 207/37/1 307/137/1 206/36/1
f 190/20/1 323/153/1 189/19/1
f 323/153/1 324/154/1 189/19/1
f 316/146/1 197/27/1 198/28/1
f 210/40/1 303/133/1 209/39/1
f 205/35/1 206/36/1 307/137/1
f 209/39/1 304/134/1 208/38/1
f 205/35/1 307/137/1 308/138/1
f 319/149/1 194/24/1 195/25/1
f 308/138/1 204/34/1 205/35/1
f 193/23/1 320/150/1 192/22/1
f 319/149/1 320/150/1 194/24/1
f 194/24/1 320/150/1 193/23/1
f 188/18/1 189/19/1 324/154/1
f 327/157/1 328/158/1 185/15/1
f 185/15/1 186/16/1 327/157/1
f 331/161/1 182/12/1 183/13/1
f 185/15/1 328/158/1 184/14/1
f 179/9/1 334/164/1 335/165/1
f 177/7/1 178/8/1 335/165/1
f 178/8/1 179/9/1 335/165/1
f 335/165/1 336/166/1 177/7/1
f 337/167/1 177/7/1 336/166/1
f 334/164/1 179/9/1 333/163/1
f 333/163/1 179/9/1 180/10/1
f 333/163/1 180/10/1 332/162/1
f 331/161/1 181/11/1 182/12/1
f 181/11/1 331/161/1 332/162/1
f 181/11/1 332/162/1 180/10/1
f 337/167/1 338/168/1 176/6/1
f 176/6/1 177/7/1 337/167/1
f 176/6/1 338/168/1 175/5/1
f 175/5/1 339/169/1 174/4/1
f 339/169/1 175/5/1 338/168/1
f 174/4/1 339/169/1 173/3/1
f 187/17/1 327/157/1 186/16/1
f 214/44/1 299/129/1 300/130/1
f 91/261/2 81/251/2 92/262/2
f 95/265/2 78/248/2 96/266/2
f 81/251/2 93/263/2 92/262/2
f 104/274/2 103/273/2 70/240/2
f 109/279/2 108/278/2 65/235/2
f 107/277/2 65/235/2 108/278/2
f 91/261/2 82/252/2 81/251/2
f 77/247/2 97/267/2 96/266/2
f 99/269/2 98/268/2 74/244/2
f 78/248/2 77/247/2 96/266/2
f 78/248/2 95/265/2 94/264/2
f 69/239/2 104/274/2 70/240/2
f 101/271/2 100/270/2 73/243/2
f 66/236/2 107/277/2 106/276/2
f 103/273/2 102/272/2 70/240/2
f 105/275/2 104/274/2 69/239/2
f 66/236/2 65/235/2 107/277/2
f 73/243/2 100/270/2 74/244/2
f 99/269/2 74/244/2 100/270/2
f 82/252/2 91/261/2 90/260/2
f 58/228/2 116/286/2 115/285/2
f 113/283/2 112/282/2 61/231/2
f 53/223/2 120/290/2 119/289/2
f 128/298/2 127/297/2 46/216/2
f 123/293/2 50/220/2 124/294/2
f 125/295/2 124/294/2 49/219/2
f 53/223/2 121/291/2 120/290/2
f 45/215/2 128/298/2 46/216/2
f 116/286/2 58/228/2 57/227/2
f 112/282/2 62/232/2 61/231/2
f 58/228/2 115/285/2 114/284/2
f 111/281/2 110/280/2 62/232/2
f 117/287/2 116/286/2 57/227/2
f 53/223/2 119/289/2 54/224/2
f 54/224/2 119/289/2 118/288/2
f 50/220/2 49/219/2 124/294/2
f 54/224/2 118/288/2 55/225/2
f 50/220/2 123/293/2 122/292/2
f 126/296/2 46/216/2 127/297/2
f 118/288/2 117/287/2 55/225/2
f 129/299/2 45/215/2 44/214/2
f 62/232/2 112/282/2 111/281/2
f 57/227/2 56/226/2 117/287/2
f 94/264/2 93/263/2 80/250/2
f 80/250/2 79/249/2 94/264/2
f 79/249/2 78/248/2 94/264/2
f 93/263/2 81/251/2 80/250/2
f 98/268/2 97/267/2 75/245/2
f 76/246/2 75/245/2 97/267/2
f 75/245/2 74/244/2 98/268/2
f 101/271/2 73/243/2 72/242/2
f 76/246/2 97/267/2 77/247/2
f 88/258/2 86/256/2 85/255/2
f 87/257/2 86/256/2 88/258/2
f 89/259/2 85/255/2 84/254/2
f 85/255/2 89/259/2 88/258/2
f 89/259/2 84/254/2 83/253/2
f 102/272/2 101/271/2 72/242/2
f 90/260/2 83/253/2 82/252/2
f 102/272/2 72/242/2 71/241/2
f 71/241/2 70/240/2 102/272/2
f 83/253/2 90/260/2 89/259/2
f 65/235/2 64/234/2 109/279/2
f 105/275/2 67/237/2 106/276/2
f 110/280/2 109/279/2 64/234/2
f 68/238/2 105/275/2 69/239/2
f 121/291/2 52/222/2 122/292/2
f 53/223/2 52/222/2 121/291/2
f 122/292/2 51/221/2 50/220/2
f 122/292/2 52/222/2 51/221/2
f 49/219/2 48/218/2 125/295/2
f 56/226/2 55/225/2 117/287/2
f 64/234/2 63/233/2 110/280/2
f 113/283/2 60/230/2 114/284/2
f 63/233/2 62/232/2 110/280/2
f 106/276/2 67/237/2 66/236/2
f 113/283/2 61/231/2 60/230/2
f 126/296/2 125/295/2 48/218/2
f 114/284/2 59/229/2 58/228/2
f 126/296/2 48/218/2 47/217/2
f 47/217/2 46/216/2 126/296/2
f 59/229/2 114/284/2 60/230/2
f 68/238/2 67/237/2 105/275/2
f 128/298/2 45/215/2 129/299/2
f 132/302/2 131/301/2 42/212/2
f 41/211/2 132/302/2 42/212/2
f 41/211/2 133/303/2 132/302/2
f 42/212/2 130/300/2 43/213/2
f 42/212/2 131/301/2 130/300/2
f 140/310/2 139/309/2 34/204/2
f 135/305/2 38/208/2 136/306/2
f 144/314/2 143/313/2 29/199/2
f 37/207/2 137/307/2 136/306/2
f 134/304/2 38/208/2 135/305/2
f 136/306/2 38/208/2 37/207/2
f 34/204/2 139/309/2 138/308/2
f 130/300/2 44/214/2 43/213/2
f 34/204/2 33/203/2 140/310/2
f 30/200/2 29/199/2 143/313/2
f 141/311/2 31/201/2 142/312/2
f 33/203/2 141/311/2 140/310/2
f 31/201/2 30/200/2 142/312/2
f 145/315/2 29/199/2 28/198/2
f 144/314/2 29/199/2 145/315/2
f 30/200/2 143/313/2 142/312/2
f 33/203/2 32/202/2 141/311/2
f 151/321/2 22/192/2 152/322/2
f 148/318/2 147/317/2 26/196/2
f 149/319/2 148/318/2 25/195/2
f 17/187/2 157/327/2 156/326/2
f 18/188/2 17/187/2 155/325/2
f 159/329/2 14/184/2 160/330/2
f 155/325/2 17/187/2 156/326/2
f 153/323/2 152/322/2 21/191/2
f 26/196/2 146/316/2 27/197/2
f 26/196/2 25/195/2 148/318/2
f 22/192/2 151/321/2 150/320/2
f 22/192/2 21/191/2 152/322/2
f 146/316/2 26/196/2 147/317/2
f 18/188/2 155/325/2 154/324/2
f 13/183/2 161/331/2 160/330/2
f 1/171/2 3/173/2 2/172/2
f 3/173/2 1/171/2 170/340/2
f 3/173/2 170/340/2 169/339/2
f 158/328/2 14/184/2 159/329/2
f 13/183/2 160/330/2 14/184/2
f 146/316/2 145/315/2 28/198/2
f 133/303/2 41/211/2 40/210/2
f 31/201/2 141/311/2 32/202/2
f 134/304/2 133/303/2 39/209/2
f 20/190/2 153/323/2 21/191/2
f 137/307/2 37/207/2 36/206/2
f 153/323/2 20/190/2 19/189/2
f 154/324/2 153/323/2 19/189/2
f 27/197/2 146/316/2 28/198/2
f 133/303/2 40/210/2 39/209/2
f 36/206/2 35/205/2 137/307/2
f 134/304/2 39/209/2 38/208/2
f 137/307/2 35/205/2 138/308/2
f 24/194/2 149/319/2 25/195/2
f 34/204/2 138/308/2 35/205/2
f 150/320/2 23/193/2 22/192/2
f 150/320/2 149/319/2 24/194/2
f 150/320/2 24/194/2 23/193/2
f 19/189/2 18/188/2 154/324/2
f 158/328/2 157/327/2 15/185/2
f 16/186/2 15/185/2 157/327/2
f 12/182/2 161/331/2 13/183/2
f 158/328/2 15/185/2 14/184/2
f 164/334/2 9/179/2 165/335/2
f 8/178/2 7/177/2 165/335/2
f 9/179/2 8/178/2 165/335/2
f 166/336/2 165/335/2 7/177/2
f 7/177/2 167/337/2 166/336/2
f 9/179/2 164/334/2 163/333/2
f 9/179/2 163/333/2 10/180/2
f 10/180/2 163/333/2 162/332/2
f 11/181/2 161/331/2 12/182/2
f 161/331/2 11/181/2 162/332/2
f 162/332/2 11/181/2 10/180/2
f 168/338/2 167/337/2 6/176/2
f 7/177/2 6/176/2 167/337/2
f 168/338/2 6/176/2 5/175/2
f 169/339/2 5/175/2 4/174/2
f 5/175/2 169/339/2 168/338/2
f 169/339/2 4/174/2 3/173/2
f 157/327/2 17/187/2 16/186/2
f 129/299/2 44/214/2 130/300/2
f 341/989/3 1/341/4 2/342/5
f 341/989/3 2/342/5 172/666/6
f 341/989/3 172/666/6 171/665/7
f 341/989/3 171/665/7 1/341/4
f 342/990/8 2/343/9 3/344/10
f 342/990/8 3/344/10 173/668/11
f 342/990/8 173/668/11 172/667/12
f 342/990/8 172/667/12 2/343/9
f 343/991/13 3/345/14 4/346/15
f 343/991/13 4/346/15 174/670/16
f 343/991/13 174/670/16 173/669/17
f 343/991/13 173/669/17 3/345/14
f 344/992/18 4/347/19 5/348/20
f 344/992/18 5/348/20 175/672/21
f 344/992/18 175/672/21 174/671/22
f 344/992/18 174/671/22 4/347/19
f 345/993/23 5/349/24 6/350/25
f 345/993/23 6/350/25 176/674/26
f 345/993/23 176/674/26 175/673/27
f 345/993/23 175/673/27 5/349/24
f 346/994/28 6/350/25 7/351/29
f 346/994/28 7/351/29 177/675/30
f 346/994/28 177/675/30 176/674/26
f 346/994/28 176/674/26 6/350/25
f 347/995/31 7/351/29 8/352/32
f 347/995/31 8/352/32 178/676/33
f 347/995/31 178/676/33 177/675/30
f 347/995/31 177/675/30 7/351/29
f 348/996/34 8/352/32 9/353/35
f 348/996/34 9/353/35 179/677/36
f 348/996/34 179/677/36 178/676/33
f 348/996/34 178/676/33 8/352/32
f 349/997/37 9/353/35 10/354/38
f 349/997/37 10/354/38 180/678/39
f 349/997/37 180/678/39 179/677/36
f 349/997/37 179/677/36 9/353/35
f 350/998/40 10/354/38 11/355/41
f 350/998/40 11/355/41 181/679/42
f 350/998/40 181/679/42 180/678/39
f 350/998/40 180/678/39 10/354/38
f 351/999/43 11/355/41 12/356/44
f 351/999/43 12/356/44 182/680/45
f 351/999/43 182/680/45 181/679/42
f 351/999/43 181/679/42 11/355/41
f 352/1000/46 12/357/47 13/358/48
f 352/1000/46 13/358/48 183/682/49
f 352/1000/46 183/682/49 182/681/50
f 352/1000/46 182/681/50 12/357/47
f 353/1001/51 13/359/52 14/360/53
f 353/1001/51 14/360/53 184/684/54
f 353/1001/51 184/684/54 183/683/55
f 353/1001/51 183/683/55 13/359/52
f 354/1002/56 14/361/57 15/362/58
f 354/1002/56 15/362/58 185/686/59
f 354/1002/56 185/686/59 184/685/60
f 354/1002/56 184/685/60 14/361/57
f 355/1003/61 15/363/62 16/364/63
f 355/1003/61 16/364/63 186/688/64
f 355/1003/61 186/688/64 185/687/65
f 355/1003/61 185/687/65 15/363/62
f 356/1004/66 16/365/67 17/366/68
f 356/1004/66 17/366/68 187/690/69
f 356/1004/66 187/690/69 186/689/70
f 356/1004/66 186/689/70 16/365/67
f 357/1005/71 17/367/72 18/368/73
f 357/1005/71 18/368/73 188/692/74
f 357/1005/71 188/692/74 187/691/75
f 357/1005/71 187/691/75 17/367/72
f 358/1006/76 18/369/77 19/370/78
f 358/1006/76 19/370/78 189/694/79
f 358/1006/76 189/694/79 188/693/80
f 358/1006/76 188/693/80 18/369/77
f 359/1007/81 19/371/82 20/372/83
f 359/1007/81 20/372/83 190/696/84
f 359/1007/81 190/696/84 189/695/85
f 359/1007/81 189/695/85 19/371/82
f 360/1008/86 20/373/87 21/374/88
f 360/1008/86 21/374/88 191/698/89
f 360/1008/86 191/698/89 190/697/90
f 360/1008/86 190/697/90 20/373/87
f 361/1009/91 21/375/92 22/376/93
f 361/1009/91 22/376/93 192/700/94
f 361/1009/91 192/700/94 191/699/95
f 361/1009/91 191/699/95 21/375/92
f 362/1010/96 22/377/97 23/378/98
f 362/1010/96 23/378/98 193/702/99
f 362/1010/96 193/702/99 192/701/100
f 362/1010/96 192/701/100 22/377/97
f 363/1011/101 23/379/102 24/380/103
f 363/1011/101 24/380/103 194/704/104
f 363/1011/101 194/704/104 193/703/105
f 363/1011/101 193/703/105 23/379/102
f 364/1012/106 24/381/107 25/382/108
f 364/1012/106 25/382/108 195/706/109
f 364/1012/106 195/706/109 194/705/110
f 364/1012/106 194/705/110 24/381/107
f 365/1013/111 25/383/112 26/384/113
f 365/1013/111 26/384/113 196/708/114
f 365/1013/111 196/708/114 195/707/115
f 365/1013/111 195/707/115 25/383/112
f 366/1014/116 26/385/117 27/386/118
f 366/1014/116 27/386/118 197/710/119
f 366/1014/116 197/710/119 196/709/120
f 366/1014/116 196/709/120 26/385/117
f 367/1015/121 27/387/122 28/388/123
f 367/1015/121 28/388/123 198/712/124
f 367/1015/121 198/712/124 197/711/125
f 367/1015/121 197/711/125 27/387/122
f 368/1016/126 28/389/127 29/390/128
f 368/1016/126 29/390/128 199/714/129
f 368/1016/126 199/714/129 198/713/130
f 368/1016/126 198/713/130 28/389/127
f 369/1017/131 29/391/132 30/392/133
f 369/1017/131 30/392/133 200/716/134
f 369/1017/131 200/716/134 199/715/135
f 369/1017/131 199/715/135 29/391/132
f 370/1018/136 30/393/137 31/394/138
f 370/1018/136 31/394/138 201/718/139
f 370/1018/136 201/718/139 200/717/140
f 370/1018/136 200/717/140 30/393/137
f 371/1019/141 31/395/142 32/396/143
f 371/1019/141 32/396/143 202/720/144
f 371/1019/141 202/720/144 201/719/145
f 371/1019/141 201/719/145 31/395/142
f 372/1020/146 32/397/147 33/398/148
f 372/1020/146 33/398/148 203/722/149
f 372/1020/146 203/722/149 202/721/150
f 372/1020/146 202/721/150 32/397/147
f 373/1021/151 33/399/152 34/400/153
f 373/1021/151 34/400/153 204/724/154
f 373/1021/151 204/724/154 203/723/155
f 373/1021/151 203/723/155 33/399/152
f 374/1022/156 34/401/157 35/402/158
f 374/1022/156 35/402/158 205/726/159
f 374/1022/156 205/726/159 204/725/160
f 374/1022/156 204/725/160 34/401/157
f 375/1023/161 35/403/162 36/404/163
f 375/1023/161 36/404/163 206/728/164
f 375/1023/161 206/728/164 205/727/165
f 375/1023/161 205/727/165 35/403/162
f 376/1024/166 36/405/167 37/406/168
f 376/1024/166 37/406/168 207/730/169
f 376/1024/166 207/730/169 206/729/170
f 376/1024/166 206/729/170 36/405/167
f 377/1025/171 37/407/172 38/408/173
f 377/1025/171 38/408/173 208/732/174
f 377/1025/171 208/732/174 207/731/175
f 377/1025/171 207/731/175 37/407/172
f 378/1026/176 38/409/177 39/410/178
f 378/1026/176 39/410/178 209/734/179
f 378/1026/176 209/734/179 208/733/180
f 378/1026/176 208/733/180 38/409/177
f 379/1027/181 39/411/182 40/412/183
f 379/1027/181 40/412/183 210/736/184
f 379/1027/181 210/736/184 209/735/185
f 379/1027/181 209/735/185 39/411/182
f 380/1028/186 40/413/187 41/414/188
f 380/1028/186 41/414/188 211/738/189
f 380/1028/186 211/738/189 210/737/190
f 380/1028/186 210/737/190 40/413/187
f 381/1029/191 41/415/192 42/416/193
f 381/1029/191 42/416/193 212/740/194
f 381/1029/191 212/740/194 211/739/195
f 381/1029/191 211/739/195 41/415/192
f 382/1030/196 42/417/197 43/418/198
f 382/1030/196 43/418/198 213/742/199
f 382/1030/196 213/742/199 212/741/200
f 382/1030/196 212/741/200 42/417/197
f 383/1031/201 43/419/202 44/420/203
f 383/1031/201 44/420/203 214/744/204
f 383/1031/201 214/744/204 213/743/205
f 383/1031/201 213/743/205 43/419/202
f 384/1032/206 44/421/207 45/422/208
f 384/1032/206 45/422/208 215/746/209
f 384/1032/206 215/746/209 214/745/210
f 384/1032/206 214/745/210 44/421/207
f 385/1033/211 45/423/212 46/424/213
f 385/1033/211 46/424/213 216/748/214
f 385/1033/211 216/748/214 215/747/215
f 385/1033/211 215/747/215 45/423/212
f 386/1034/216 46/425/217 47/426/218
f 386/1034/216 47/426/218 217/750/219
f 386/1034/216 217/750/219 216/749/220
f 386/1034/216 216/749/220 46/425/217
f 387/1035/221 47/427/222 48/428/223
f 387/1035/221 48/428/223 218/752/224
f 387/1035/221 218/752/224 217/751/225
f 387/1035/221 217/751/225 47/427/222
f 388/1036/226 48/429/227 49/430/228
f 388/1036/226 49/430/228 219/754/229
f 388/1036/226 219/754/229 218/753/230
f 388/1036/226 218/753/230 48/429/227
f 389/1037/231 49/431/232 50/432/233
f 389/1037/231 50/432/233 220/756/234
f 389/1037/231 220/756/234 219/755/235
f 389/1037/231 219/755/235 49/431/232
f 390/1038/236 50/433/237 51/434/238
f 390/1038/236 51/434/238 221/758/239
f 390/1038/236 221/758/239 220/757/240
f 390/1038/236 220/757/240 50/433/237
f 391/1039/241 51/435/242 52/436/243
f 391/1039/241 52/436/243 222/760/244
f 391/1039/241 222/760/244 221/759/245
f 391/1039/241 221/759/245 51/435/242
f 392/1040/246 52/437/247 53/438/248
f 392/1040/246 53/438/248 223/762/249
f 392/1040/246 223/762/249 222/761/250
f 392/1040/246 222/761/250 52/437/247
f 393/1041/251 53/439/252 54/440/253
f 393/1041/251 54/440/253 224/764/254
f 393/1041/251 224/764/254 223/763/255
f 393/1041/251 223/763/255 53/439/252
f 394/1042/256 54/441/257 55/442/258
f 394/1042/256 55/442/258 225/766/259
f 394/1042/256 225/766/259 224/765/260
f 394/1042/256 224/765/260 54/441/257
f 395/1043/261 55/443/262 56/444/263
f 395/1043/261 56/444/263 226/768/264
f 395/1043/261 226/768/264 225/767/265
f 395/1043/261 225/767/265 55/443/262
f 396/1044/266 56/445/267 57/446/268
f 396/1044/266 57/446/268 227/770/269
f 396/1044/266 227/770/269 226/769/270
f 396/1044/266 226/769/270 56/445/267
f 397/1045/271 57/447/272 58/448/273
f 397/1045/271 58/448/273 228/772/274
f 397/1045/271 228/772/274 227/771/275
f 397/1045/271 227/771/275 57/447/272
f 398/1046/276 58/449/277 59/450/278
f 398/1046/276 59/450/278 229/774/279
f 398/1046/276 229/774/279 228/773/280
f 398/1046/276 228/773/280 58/449/277
f 399/1047/281 59/451/282 60/452/283
f 399/1047/281 60/452/283 230/776/284
f 399/1047/281 230/776/284 229/775/285
f 399/1047/281 229/775/285 59/451/282
f 400/1048/286 60/453/287 61/454/288
f 400/1048/286 61/454/288 231/778/289
f 400/1048/286 231/778/289 230/777/290
f 400/1048/286 230/777/290 60/453/287
f 401/1049/291 61/455/292 62/456/293
f 401/1049/291 62/456/293 232/780/294
f 401/1049/291 232/780/294 231/779/295
f 401/1049/291 231/779/295 61/455/292
f 402/1050/296 62/457/297 63/458/298
f 402/1050/296 63/458/298 233/782/299
f 402/1050/296 233/782/299 232/781/300
f 402/1050/296 232/781/300 62/457/297
f 403/1051/301 63/459/302 64/460/303
f 403/1051/301 64/460/303 234/784/304
f 403/1051/301 234/784/304 233/783/305
f 403/1051/301 233/783/305 63/459/302
f 404/1052/306 64/461/307 65/462/308
f 404/1052/306 65/462/308 235/786/309
f 404/1052/306 235/786/309 234/785/310
f 404/1052/306 234/785/310 64/461/307
f 405/1053/311 65/463/312 66/464/313
f 405/1053/311 66/464/313 236/788/314
f 405/1053/311 236/788/314 235/787/315
f 405/1053/311 235/787/315 65/463/312
f 406/1054/316 66/465/317 67/466/318
f 406/1054/316 67/466/318 237/790/319
f 406/1054/316 237/790/319 236/789/320
f 406/1054/316 236/789/320 66/465/317
f 407/1055/321 67/467/322 68/468/323
f 407/1055/321 68/468/323 238/792/324
f 407/1055/321 238/792/324 237/791/325
f 407/1055/321 237/791/325 67/467/322
f 408/1056/326 68/469/327 69/470/328
f 408/1056/326 69/470/328 239/794/329
f 408/1056/326 239/794/329 238/793/330
f 408/1056/326 238/793/330 68/469/327
f 409/1057/331 69/471/332 70/472/333
f 409/1057/331 70/472/333 240/796/334
f 409/1057/331 240/796/334 239/795/335
f 409/1057/331 239/795/335 69/471/332
f 410/1058/336 70/473/337 71/474/338
f 410/1058/336 71/474/338 241/798/339
f 410/1058/336 241/798/339 240/797/340
f 410/1058/336 240/797/340 70/473/337
f 411/1059/341 71/475/342 72/476/343
f 411/1059/341 72/476/343 242/800/344
f 411/1059/341 242/800/344 241/799/345
f 411/1059/341 241/799/345 71/475/342
f 412/1060/346 72/477/347 73/478/348
f 412/1060/346 73/478/348 243/802/349
f 412/1060/346 243/802/349 242/801/350
f 412/1060/346 242/801/350 72/477/347
f 413/1061/351 73/479/352 74/480/353
f 413/1061/351 74/480/353 244/804/354
f 413/1061/351 244/804/354 243/803/355
f 413/1061/351 243/803/355 73/479/352
f 414/1062/356 74/481/357 75/482/358
f 414/1062/356 75/482/358 245/806/359
f 414/1062/356 245/806/359 244/805/360
f 414/1062/356 244/805/360 74/481/357
f 415/1063/361 75/483/362 76/484/363
f 415/1063/361 76/484/363 246/808/364
f 415/1063/361 246/808/364 245/807/365
f 415/1063/361 245/807/365 75/483/362
f 416/1064/366 76/485/367 77/486/368
f 416/1064/366 77/486/368 247/810/369
f 416/1064/366 247/810/369 246/809/370
f 416/1064/366 246/809/370 76/485/367
f 417/1065/371 77/487/372 78/488/373
f 417/1065/371 78/488/373 248/812/374
f 417/1065/371 248/812/374 247/811/375
f 417/1065/371 247/811/375 77/487/372
f 418/1066/376 78/489/377 79/490/378
f 418/1066/376 79/490/378 249/814/379
f 418/1066/376 249/814/379 248/813/380
f 418/1066/376 248/813/380 78/489/377
f 419/1067/381 79/491/382 80/492/383
f 419/1067/381 80/492/383 250/816/384
f 419/1067/381 250/816/384 249/815/385
f 419/1067/381 249/815/385 79/491/382
f 420/1068/386 80/493/387 81/494/388
f 420/1068/386 81/494/388 251/818/389
f 420/1068/386 251/818/389 250/817/390
f 420/1068/386 250/817/390 80/493/387
f 421/1069/391 81/495/392 82/496/393
f 421/1069/391 82/496/393 252/820/394
f 421/1069/391 252/820/394 251/819/395
f 421/1069/391 251/819/395 81/495/392
f 422/1070/396 82/497/397 83/498/398
f 422/1070/396 83/498/398 253/822/399
f 422/1070/396 253/822/399 252/821/400
f 422/1070/396 252/821/400 82/497/397
f 423/1071/401 83/499/402 84/500/403
f 423/1071/401 84/500/403 254/824/404
f 423/1071/401 254/824/404 253/823/405
f 423/1071/401 253/823/405 83/499/402
f 424/1072/406 84/501/407 85/502/408
f 424/1072/406 85/502/408 255/826/409
f 424/1072/406 255/826/409 254/825/410
f 424/1072/406 254/825/410 84/501/407
f 425/1073/411 85/502/408 86/503/412
f 425/1073/411 86/503/412 256/827/413
f 425/1073/411 256/827/413 255/826/409
f 425/1073/411 255/826/409 85/502/408
f 426/1074/414 86/504/415 87/505/416
f 426/1074/414 87/505/416 257/829/417
f 426/1074/414 257/829/417 256/828/418
f 426/1074/414 256/828/418 86/504/415
f 427/1075/419 87/506/420 88/507/421
f 427/1075/419 88/507/421 258/831/422
f 427/1075/419 258/831/422 257/830/423
f 427/1075/419 257/830/423 87/506/420
f 428/1076/424 88/507/421 89/508/425
f 428/1076/424 89/508/425 259/832/426
f 428/1076/424 259/832/426 258/831/422
f 428/1076/424 258/831/422 88/507/421
f 429/1077/427 89/509/428 90/510/429
f 429/1077/427 90/510/429 260/834/430
f 429/1077/427 260/834/430 259/833/431
f 429/1077/427 259/833/431 89/509/428
f 430/1078/432 90/511/433 91/512/434
f 430/1078/432 91/512/434 261/836/435
f 430/1078/432 261/836/435 260/835/436
f 430/1078/432 260/835/436 90/511/433
f 431/1079/437 91/513/438 92/514/439
f 431/1079/437 92/514/439 262/838/440
f 431/1079/437 262/838/440 261/837/441
f 431/1079/437 261/837/441 91/513/438
f 432/1080/442 92/515/443 93/516/444
f 432/1080/442 93/516/444 263/840/445
f 432/1080/442 263/840/445 262/839/446
f 432/1080/442 262/839/446 92/515/443
f 433/1081/447 93/517/448 94/518/449
f 433/1081/447 94/518/449 264/842/450
f 433/1081/447 264/842/450 263/841/451
f 433/1081/447 263/841/451 93/517/448
f 434/1082/452 94/519/453 95/520/454
f 434/1082/452 95/520/454 265/844/455
f 434/1082/452 265/844/455 264/843/456
f 434/1082/452 264/843/456 94/519/453
f 435/1083/457 95/521/458 96/522/459
f 435/1083/457 96/522/459 266/846/460
f 435/1083/457 266/846/460 265/845/461
f 435/1083/457 265/845/461 95/521/458
f 436/1084/462 96/523/463 97/524/464
f 436/1084/462 97/524/464 267/848/465
f 436/1084/462 267/848/465 266/847/466
f 436/1084/462 266/847/466 96/523/463
f 437/1085/467 97/525/468 98/526/469
f 437/1085/467 98/526/469 268/850/470
f 437/1085/467 268/850/470 267/849/471
f 437/1085/467 267/849/471 97/525/468
f 438/1086/472 98/527/473 99/528/474
f 438/1086/472 99/528/474 269/852/475
f 438/1086/472 269/852/475 268/851/476
f 438/1086/472 268/851/476 98/527/473
f 439/1087/477 99/529/478 100/530/479
f 439/1087/477 100/530/479 270/854/480
f 439/1087/477 270/854/480 269/853/481
f 439/1087/477 269/853/481 99/529/478
f 440/1088/482 100/531/483 101/532/484
f 440/1088/482 101/532/484 271/856/485
f 440/1088/482 271/856/485 270/855/486
f 440/1088/482 270/855/486 100/531/483
f 441/1089/487 101/533/488 102/534/489
f 441/1089/487 102/534/489 272/858/490
f 441/1089/487 272/858/490 271/857/491
f 441/1089/487 271/857/491 101/533/488
f 442/1090/492 102/535/493 103/536/494
f 442/1090/492 103/536/494 273/860/495
f 442/1090/492 273/860/495 272/859/496
f 442/1090/492 272/859/496 102/535/493
f 443/1091/497 103/537/498 104/538/499
f 443/1091/497 104/538/499 274/862/500
f 443/1091/497 274/862/500 273/861/501
f 443/1091/497 273/861/501 103/537/498
f 444/1092/502 104/539/503 105/540/504
f 444/1092/502 105/540/504 275/864/505
f 444/1092/502 275/864/505 274/863/506
f 444/1092/502 274/863/506 104/539/503
f 445/1093/507 105/541/508 106/542/509
f 445/1093/507 106/542/509 276/866/510
f 445/1093/507 276/866/510 275/865/511
f 445/1093/507 275/865/511 105/541/508
f 446/1094/512 106/543/513 107/544/514
f 446/1094/512 107/544/514 277/868/515
f 446/1094/512 277/868/515 276/867/516
f 446/1094/512 276/867/516 106/543/513
f 447/1095/517 107/545/518 108/546/519
f 447/1095/517 108/546/519 278/870/520
f 447/1095/517 278/870/520 277/869/521
f 447/1095/517 277/869/521 107/545/518
f 448/1096/522 108/547/523 109/548/524
f 448/1096/522 109/548/524 279/872/525
f 448/1096/522 279/872/525 278/871/526
f 448/1096/522 278/871/526 108/547/523
f 449/1097/527 109/549/528 110/550/529
f 449/1097/527 110/550/529 280/874/530
f 449/1097/527 280/874/530 279/873/531
f 449/1097/527 279/873/531 109/549/528
f 450/1098/532 110/551/533 111/552/534
f 450/1098/532 111/552/534 281/876/535
f 450/1098/532 281/876/535 280/875/536
f 450/1098/532 280/875/536 110/551/533
f 451/1099/537 111/553/538 112/554/539
f 451/1099/537 112/554/539 282/878/540
f 451/1099/537 282/878/540 281/877/541
f 451/1099/537 281/877/541 111/553/538
f 452/1100/542 112/555/543 113/556/544
f 452/1100/542 113/556/544 283/880/545
f 452/1100/542 283/880/545 282/879/546
f 452/1100/542 282/879/546 112/555/543
f 453/1101/547 113/557/548 114/558/549
f 453/1101/547 114/558/549 284/882/550
f 453/1101/547 284/882/550 283/881/551
f 453/1101/547 283/881/551 113/557/548
f 454/1102/552 114/559/553 115/560/554
f 454/1102/552 115/560/554 285/884/555
f 454/1102/552 285/884/555 284/883/556
f 454/1102/552 284/883/556 114/559/553
f 455/1103/557 115/561/558 116/562/559
f 455/1103/557 116/562/559 286/886/560
f 455/1103/557 286/886/560 285/885/561
f 455/1103/557 285/885/561 115/561/558
f 456/1104/562 116/563/563 117/564/564
f 456/1104/562 117/564/564 287/888/565
f 456/1104/562 287/888/565 286/887/566
f 456/1104/562 286/887/566 116/563/563
f 457/1105/567 117/565/568 118/566/569
f 457/1105/567 118/566/569 288/890/570
f 457/1105/567 288/890/570 287/889/571
f 457/1105/567 287/889/571 117/565/568
f 458/1106/572 118/567/573 119/568/574
f 458/1106/572 119/568/574 289/892/575
f 458/1106/572 289/892/575 288/891/576
f 458/1106/572 288/891/576 118/567/573
f 459/1107/577 119/569/578 120/570/579
f 459/1107/577 120/570/579 290/894/580
f 459/1107/577 290/894/580 289/893/581
f 459/1107/577 289/893/581 119/569/578
f 460/1108/582 120/571/583 121/572/584
f 460/1108/582 121/572/584 291/896/585
f 460/1108/582 291/896/585 290/895/586
f 460/1108/582 290/895/586 120/571/583
f 461/1109/587 121/573/588 122/574/589
f 461/1109/587 122/574/589 292/898/590
f 461/1109/587 292/898/590 291/897/591
f 461/1109/587 291/897/591 121/573/588
f 462/1110/592 122/575/593 123/576/594
f 462/1110/592 123/576/594 293/900/595
f 462/1110/592 293/900/595 292/899/596
f 462/1110/592 292/899/596 122/575/593
f 463/1111/597 123/577/598 124/578/599
f 463/1111/597 124/578/599 294/902/600
f 463/1111/597 294/902/600 293/901/601
f 463/1111/597 293/901/601 123/577/598
f 464/1112/602 124/579/603 125/580/604
f 464/1112/602 125/580/604 295/904/605
f 464/1112/602 295/904/605 294/903/606
f 464/1112/602 294/903/606 124/579/603
f 465/1113/607 125/581/608 126/582/609
f 465/1113/607 126/582/609 296/906/610
f 465/1113/607 296/906/610 295/905/611
f 465/1113/607 295/905/611 125/581/608
f 466/1114/612 126/583/613 127/584/614
f 466/1114/612 127/584/614 297/908/615
f 466/1114/612 297/908/615 296/907/616
f 466/1114/612 296/907/616 126/583/613
f 467/1115/617 127/585/618 128/586/619
f 467/1115/617 128/586/619 298/910/620
f 467/1115/617 298/910/620 297/909/621
f 467/1115/617 297/909/621 127/585/618
f 468/1116/622 128/587/623 129/588/624
f 468/1116/622 129/588/624 299/912/625
f 468/1116/622 299/912/625 298/911/626
f 468/1116/622 298/911/626 128/587/623
f 469/1117/627 129/589/628 130/590/629
f 469/1117/627 130/590/629 300/914/630
f 469/1117/627 300/914/630 299/913/631
f 469/1117/627 299/913/631 129/589/628
f 470/1118/632 130/591/633 131/592/634
f 470/1118/632 131/592/634 301/916/635
f 470/1118/632 301/916/635 300/915/636
f 470/1118/632 300/915/636 130/591/633
f 471/1119/637 131/593/638 132/594/639
f 471/1119/637 132/594/639 302/918/640
f 471/1119/637 302/918/640 301/917/641
f 471/1119/637 301/917/641 131/593/638
f 472/1120/642 132/595/643 133/596/644
f 472/1120/642 133/596/644 303/920/645
f 472/1120/642 303/920/645 302/919/646
f 472/1120/642 302/919/646 132/595/643
f 473/1121/647 133/597/648 134/598/649
f 473/1121/647 134/598/649 304/922/650
f 473/1121/647 304/922/650 303/921/651
f 473/1121/647 303/921/651 133/597/648
f 474/1122/652 134/599/653 135/600/654
f 474/1122/652 135/600/654 305/924/655
f 474/1122/652 305/924/655 304/923/656
f 474/1122/652 304/923/656 134/599/653
f 475/1123/657 135/601/658 136/602/659
f 475/1123/657 136/602/659 306/926/660
f 475/1123/657 306/926/660 305/925/661
f 475/1123/657 305/925/661 135/601/658
f 476/1124/662 136/603/663 137/604/664
f 476/1124/662 137/604/664 307/928/665
f 476/1124/662 307/928/665 306/927/666
f 476/1124/662 306/927/666 136/603/663
f 477/1125/667 137/605/668 138/606/669
f 477/1125/667 138/606/669 308/930/670
f 477/1125/667 308/930/670 307/929/671
f 477/1125/667 307/929/671 137/605/668
f 478/1126/672 138/607/673 139/608/674
f 478/1126/672 139/608/674 309/932/675
f 478/1126/672 309/932/675 308/931/676
f 478/1126/672 308/931/676 138/607/673
f 479/1127/677 139/609/678 140/610/679
f 479/1127/677 140/610/679 310/934/680
f 479/1127/677 310/934/680 309/933/681
f 479/1127/677 309/933/681 139/609/678
f 480/1128/682 140/611/683 141/612/684
f 480/1128/682 141/612/684 311/936/685
f 480/1128/682 311/936/685 310/935/686
f 480/1128/682 310/935/686 140/611/683
f 481/1129/687 141/613/688 142/614/689
f 481/1129/687 142/614/689 312/938/690
f 481/1129/687 312/938/690 311/937/691
f 481/1129/687 311/937/691 141/613/688
f 482/1130/692 142/615/693 143/616/694
f 482/1130/692 143/616/694 313/940/695
f 482/1130/692 313/940/695 312/939/696
f 482/1130/692 312/939/696 142/615/693
f 483/1131/697 143/617/698 144/618/699
f 483/1131/697 144/618/699 314/942/700
f 483/1131/697 314/942/700 313/941/701
f 483/1131/697 313/941/701 143/617/698
f 484/1132/702 144/619/703 145/620/704
f 484/1132/702 145/620/704 315/944/705
f 484/1132/702 315/944/705 314/943/706
f 484/1132/702 314/943/706 144/619/703
f 485/1133/707 145/621/708 146/622/709
f 485/1133/707 146/622/709 316/946/710
f 485/1133/707 316/946/710 315/945/711
f 485/1133/707 315/945/711 145/621/708
f 486/1134/712 146/623/713 147/624/714
f 486/1134/712 147/624/714 317/948/715
f 486/1134/712 317/948/715 316/947/716
f 486/1134/712 316/947/716 146/623/713
f 487/1135/717 147/625/718 148/626/719
f 487/1135/717 148/626/719 318/950/720
f 487/1135/717 318/950/720 317/949/721
f 487/1135/717 317/949/721 147/625/718
f 488/1136/722 148/626/719 149/627/723
f 488/1136/722 149/627/723 319/951/724
f 488/1136/722 319/951/724 318/950/720
f 488/1136/722 318/950/720 148/626/719
f 489/1137/725 149/627/723 150/628/726
f 489/1137/725 150/628/726 320/952/727
f 489/1137/725 320/952/727 319/951/724
f 489/1137/725 319/951/724 149/627/723
f 490/1138/728 150/629/729 151/630/730
f 490/1138/728 151/630/730 321/954/731
f 490/1138/728 321/954/731 320/953/732
f 490/1138/728 320/953/732 150/629/729
f 491/1139/733 151/631/734 152/632/735
f 491/1139/733 152/632/735 322/956/736
f 491/1139/733 322/956/736 321/955/737
f 491/1139/733 321/955/737 151/631/734
f 492/1140/738 152/633/739 153/634/740
f 492/1140/738 153/634/740 323/958/741
f 492/1140/738 323/958/741 322/957/742
f 492/1140/738 322/957/742 152/633/739
f 493/1141/743 153/635/744 154/636/745
f 493/1141/743 154/636/745 324/960/746
f 493/1141/743 324/960/746 323/959/747
f 493/1141/743 323/959/747 153/635/744
f 494/1142/748 154/637/749 155/638/750
f 494/1142/748 155/638/750 325/962/751
f 494/1142/748 325/962/751 324/961/752
f 494/1142/748 324/961/752 154/637/749
f 495/1143/753 155/639/754 156/640/755
f 495/1143/753 156/640/755 326/964/756
f 495/1143/753 326/964/756 325/963/757
f 495/1143/753 325/963/757 155/639/754
f 496/1144/758 156/641/759 157/642/760
f 496/1144/758 157/642/760 327/966/761
f 496/1144/758 327/966/761 326/965/762
f 496/1144/758 326/965/762 156/641/759
f 497/1145/763 157/643/764 158/644/765
f 497/1145/763 158/644/765 328/968/766
f 497/1145/763 328/968/766 327/967/767
f 497/1145/763 327/967/767 157/643/764
f 498/1146/768 158/645/769 159/646/770
f 498/1146/768 159/646/770 329/970/771
f 498/1146/768 329/970/771 328/969/772
f 498/1146/768 328/969/772 158/645/769
f 499/1147/773 159/647/774 160/648/775
f 499/1147/773 160/648/775 330/972/776
f 499/1147/773 330/972/776 329/971/777
f 499/1147/773 329/971/777 159/647/774
f 500/1148/778 160/649/779 161/650/780
f 500/1148/778 161/650/780 331/974/781
f 500/1148/778 331/974/781 330/973/782
f 500/1148/778 330/973/782 160/649/779
f 501/1149/783 161/651/784 162/652/785
f 501/1149/783 162/652/785 332/976/786
f 501/1149/783 332/976/786 331/975/787
f 501/1149/783 331/975/787 161/651/784
f 502/1150/788 162/652/785 163/653/789
f 502/1150/788 163/653/789 333/977/790
f 502/1150/788 333/977/790 332/976/786
f 502/1150/788 332/976/786 162/652/785
f 503/1151/791 163/653/789 164/654/792
f 503/1151/791 164/654/792 334/978/793
f 503/1151/791 334/978/793 333/977/790
f 503/1151/791 333/977/790 163/653/789
f 504/1152/794 164/654/792 165/655/795
f 504/1152/794 165/655/795 335/979/796
f 504/1152/794 335/979/796 334/978/793
f 504/1152/794 334/978/793 164/654/792
f 505/1153/797 165/655/795 166/656/798
f 505/1153/797 166/656/798 336/980/799
f 505/1153/797 336/980/799 335/979/796
f 505/1153/797 335/979/796 165/655/795
f 506/1154/800 166/656/798 167/657/801
f 506/1154/800 167/657/801 337/981/802
f 506/1154/800 337/981/802 336/980/799
f 506/1154/800 336/980/799 166/656/798
f 507/1155/803 167/657/801 168/658/804
f 507/1155/803 168/658/804 338/982/805
f 507/1155/803 338/982/805 337/981/802
f 507/1155/803 337/981/802 167/657/801
f 508/1156/806 168/659/807 169/660/808
f 508/1156/806 169/660/808 339/984/809
f 508/1156/806 339/984/809 338/983/810
f 508/1156/806 338/983/810 168/659/807
f 509/1157/811 169/661/812 170/662/813
f 509/1157/811 170/662/813 340/986/814
f 509/1157/811 340/986/814 339/985/815
f 509/1157/811 339/985/815 169/661/812
f 510/1158/816 170/663/817 1/664/818
f 510/1158/816 1/664/818 171/988/819
f 510/1158/816 171/988/819 340/987/820
f 510/1158/816 340/987/820 170/663/817
