mtllib PINNACLE RIB.mtl
# Vertex Positions: 
g groupNumber_0
v 13.8986 -0.391411 -16.9263
v 13.741 -0.264173 -16.9263
v 13.7052 -0.245782 -16.9263
v 13.6663 -0.239613 -16.9263
v 13.6338 -0.2439 -16.9263
v 13.6029 -0.25683 -16.9263
v 13.5581 -0.282995 -16.9263
v 13.5371 -0.291859 -16.9263
v 13.515 -0.294827 -16.9263
v 13.4898 -0.291061 -16.9263
v 13.4589 -0.274308 -16.9263
v 13.4375 -0.246488 -16.9263
v 13.1562 0.331222 -16.9263
v 13.1337 0.364429 -16.9263
v 13.1033 0.389806 -16.9263
v 13.0672 0.406015 -16.9263
v 13.0275 0.411716 -16.9263
v 12.7679 0.411716 -16.9263
v 12.7273 0.405809 -16.9263
v 12.6907 0.389015 -16.9263
v 12.6601 0.36272 -16.9263
v 12.6378 0.328309 -16.9263
v 12.3742 -0.245557 -16.9263
v 12.3604 -0.266586 -16.9263
v 12.3418 -0.282282 -16.9263
v 12.3198 -0.292098 -16.9263
v 12.2958 -0.295492 -16.9263
v 12.2612 -0.288131 -16.9263
v 12.1615 -0.243765 -16.9263
v 12.1362 -0.235545 -16.9263
v 12.1102 -0.232819 -16.9263
v 12.0737 -0.23832 -16.9263
v 12.0396 -0.254693 -16.9263
v 11.935 -0.383448 -16.9263
v 10.1345 -0.383448 -16.9263
v 10.0749 -0.297887 -16.9263
v 9.6997 -0.297887 -16.9263
v 9.62376 -0.383448 -16.9263
v 7.58339 -0.383448 -16.9263
v 7.50845 -0.299369 -16.9263
v 7.15014 -0.297887 -16.9263
v 7.07299 -0.383448 -16.9263
v 5.24721 -0.383448 -16.9263
v 5.17927 -0.267999 -16.9263
v 5.13217 -0.242677 -16.9263
v 5.08173 -0.234546 -16.9263
v 5.02883 -0.243489 -16.9263
v 4.95061 -0.270757 -16.9263
v 4.92161 -0.275714 -16.9263
v 4.89738 -0.272244 -16.9263
v 4.87526 -0.262226 -16.9263
v 4.85662 -0.246251 -16.9263
v 4.84281 -0.224908 -16.9263
v 4.5902 0.32531 -16.9263
v 4.5671 0.360953 -16.9263
v 4.53544 0.388194 -16.9263
v 4.49747 0.405595 -16.9263
v 4.45544 0.411716 -16.9263
v 4.18135 0.411716 -16.9263
v 4.13924 0.405579 -16.9263
v 4.10123 0.388132 -16.9263
v 4.06956 0.360815 -16.9263
v 4.0465 0.325069 -16.9263
v 3.79367 -0.228045 -16.9263
v 3.77985 -0.249275 -16.9263
v 3.76103 -0.265268 -16.9263
v 3.73866 -0.275355 -16.9263
v 3.71422 -0.278866 -16.9263
v 3.68953 -0.275238 -16.9263
v 3.57587 -0.241214 -16.9263
v 3.53026 -0.234598 -16.9263
v 3.50096 -0.237262 -16.9263
v 3.47266 -0.245138 -16.9263
v 3.44614 -0.25805 -16.9263
v 3.42223 -0.275824 -16.9263
v 3.38038 -0.383448 -16.9263
v 1.53806 -0.383448 -16.9263
v 1.47159 -0.299576 -16.9263
v 1.11308 -0.297887 -16.9263
v 1.02759 -0.383448 -16.9263
v -1.0219 -0.383448 -16.9263
v -1.08507 -0.299645 -16.9263
v -1.44022 -0.297887 -16.9263
v -1.50515 -0.383448 -16.9263
v -3.34475 -0.383448 -16.9263
v -3.43909 -0.252383 -16.9263
v -3.46953 -0.235876 -16.9263
v -3.50199 -0.230617 -16.9263
v -3.54282 -0.239111 -16.9263
v -3.64815 -0.284822 -16.9263
v -3.67922 -0.291272 -16.9263
v -3.70053 -0.288288 -16.9263
v -3.72012 -0.279633 -16.9263
v -3.73676 -0.265747 -16.9263
v -3.74927 -0.247074 -16.9263
v -4.03345 0.345097 -16.9263
v -4.05423 0.372842 -16.9263
v -4.08113 0.393816 -16.9263
v -4.11255 0.407085 -16.9263
v -4.14691 0.411716 -16.9263
v -4.41273 0.411716 -16.9263
v -4.44871 0.406713 -16.9263
v -4.48117 0.392379 -16.9263
v -4.50848 0.369722 -16.9263
v -4.52901 0.339754 -16.9263
v -4.81463 -0.233389 -16.9263
v -4.84004 -0.265901 -16.9263
v -4.8763 -0.285615 -16.9263
v -4.9065 -0.290178 -16.9263
v -4.93223 -0.286831 -16.9263
v -4.95666 -0.276859 -16.9263
v -5.02359 -0.239145 -16.9263
v -5.069 -0.232195 -16.9263
v -5.11815 -0.240353 -16.9263
v -5.1625 -0.26431 -16.9263
v -5.2282 -0.383448 -16.9263
v -7.09479 -0.383448 -16.9263
v -7.14809 -0.297887 -16.9263
v -7.48109 -0.297887 -16.9263
v -7.53256 -0.383448 -16.9263
v -9.61824 -0.383448 -16.9263
v -9.68367 -0.297887 -16.9263
v -10.0194 -0.297887 -16.9263
v -10.1012 -0.383448 -16.9263
v -11.9426 -0.383448 -16.9263
v -11.9894 -0.267827 -16.9263
v -12.0283 -0.243843 -16.9263
v -12.0708 -0.236264 -16.9263
v -12.0959 -0.238868 -16.9263
v -12.1202 -0.246764 -16.9263
v -12.2117 -0.28758 -16.9263
v -12.2449 -0.294641 -16.9263
v -12.2678 -0.2914 -16.9263
v -12.2888 -0.282024 -16.9263
v -12.3065 -0.26704 -16.9263
v -12.3196 -0.246971 -16.9263
v -12.5882 0.337151 -16.9263
v -12.6082 0.367912 -16.9263
v -12.6355 0.39142 -16.9263
v -12.6683 0.406435 -16.9263
v -12.7046 0.411716 -16.9263
v -13.0181 0.411716 -16.9263
v -13.0502 0.407109 -16.9263
v -13.0794 0.394012 -16.9263
v -13.1039 0.373503 -16.9263
v -13.1221 0.346666 -16.9263
v -13.4005 -0.226149 -16.9263
v -13.4271 -0.260316 -16.9263
v -13.4653 -0.280857 -16.9263
v -13.4947 -0.285077 -16.9263
v -13.5229 -0.281222 -16.9263
v -13.5493 -0.269792 -16.9263
v -13.6056 -0.23556 -16.9263
v -13.6528 -0.227825 -16.9263
v -13.6813 -0.230619 -16.9263
v -13.7087 -0.238876 -16.9263
v -13.7342 -0.25241 -16.9263
v -13.757 -0.271033 -16.9263
v -13.8986 -0.411716 -16.9263
v -13.7508 -0.277307 -16.9263
v -13.7292 -0.259691 -16.9263
v -13.7051 -0.246916 -16.9263
v -13.6793 -0.239138 -16.9263
v -13.6525 -0.236511 -16.9263
v -13.6093 -0.243489 -16.9263
v -13.5538 -0.277307 -16.9263
v -13.5253 -0.289694 -16.9263
v -13.4947 -0.293866 -16.9263
v -13.4628 -0.289338 -16.9263
v -13.4214 -0.267068 -16.9263
v -13.3926 -0.23001 -16.9263
v -13.1141 0.342805 -16.9263
v -13.0974 0.367594 -16.9263
v -13.0747 0.386538 -16.9263
v -13.0477 0.398636 -16.9263
v -13.0181 0.402891 -16.9263
v -12.7046 0.402891 -16.9263
v -12.6708 0.397974 -16.9263
v -12.6403 0.383993 -16.9263
v -12.6148 0.362104 -16.9263
v -12.5963 0.333463 -16.9263
v -12.3277 -0.250625 -16.9263
v -12.3131 -0.272873 -16.9263
v -12.2935 -0.289479 -16.9263
v -12.2702 -0.299865 -16.9263
v -12.2448 -0.303455 -16.9263
v -12.2081 -0.295646 -16.9263
v -12.1166 -0.254831 -16.9263
v -12.0707 -0.245089 -16.9263
v -12.0318 -0.251943 -16.9263
v -11.9972 -0.272136 -16.9263
v -11.9486 -0.392273 -16.9263
v -10.0974 -0.392273 -16.9263
v -10.0156 -0.306712 -16.9263
v -9.68805 -0.306712 -16.9263
v -9.6226 -0.392273 -16.9263
v -7.52756 -0.392273 -16.9263
v -7.47609 -0.306712 -16.9263
v -7.15298 -0.306712 -16.9263
v -7.09969 -0.392273 -16.9263
v -5.22296 -0.392273 -16.9263
v -5.15636 -0.270722 -16.9263
v -5.11462 -0.248476 -16.9263
v -5.06865 -0.240929 -16.9263
v -5.02707 -0.247178 -16.9263
v -4.961 -0.284511 -16.9263
v -4.93446 -0.295365 -16.9263
v -4.9065 -0.299004 -16.9263
v -4.87372 -0.29406 -16.9263
v -4.83433 -0.272644 -16.9263
v -4.80674 -0.237318 -16.9263
v -4.52111 0.335824 -16.9263
v -4.50198 0.363755 -16.9263
v -4.47652 0.38487 -16.9263
v -4.44627 0.398229 -16.9263
v -4.41273 0.402891 -16.9263
v -4.14691 0.402891 -16.9263
v -4.11489 0.398579 -16.9263
v -4.08562 0.386238 -16.9263
v -4.06058 0.366758 -16.9263
v -4.04129 0.341029 -16.9263
v -3.75724 -0.250866 -16.9263
v -3.74332 -0.271674 -16.9263
v -3.7248 -0.287167 -16.9263
v -3.70301 -0.296836 -16.9263
v -3.67931 -0.300172 -16.9263
v -3.64463 -0.292888 -16.9263
v -3.5393 -0.247178 -16.9263
v -3.50199 -0.23948 -16.9263
v -3.47261 -0.244179 -16.9263
v -3.44586 -0.258105 -16.9263
v -3.3506 -0.390446 -16.9263
v -1.50078 -0.392273 -16.9263
v -1.43585 -0.306712 -16.9263
v -1.09079 -0.306712 -16.9263
v -1.02762 -0.390515 -16.9263
v 1.03124 -0.392273 -16.9263
v 1.11673 -0.306712 -16.9263
v 1.46601 -0.306712 -16.9263
v 1.53378 -0.392273 -16.9263
v 3.38645 -0.392273 -16.9263
v 3.42892 -0.281685 -16.9263
v 3.47634 -0.253205 -16.9263
v 3.53031 -0.24342 -16.9263
v 3.57332 -0.249694 -16.9263
v 3.68698 -0.283719 -16.9263
v 3.71417 -0.287675 -16.9263
v 3.74114 -0.28381 -16.9263
v 3.76577 -0.272704 -16.9263
v 3.78648 -0.255089 -16.9263
v 3.80167 -0.231699 -16.9263
v 4.05449 0.321414 -16.9263
v 4.07622 0.355022 -16.9263
v 4.106 0.38071 -16.9263
v 4.14175 0.397119 -16.9263
v 4.18135 0.402891 -16.9263
v 4.45544 0.402891 -16.9263
v 4.49497 0.397134 -16.9263
v 4.53068 0.380768 -16.9263
v 4.56046 0.355145 -16.9263
v 4.5822 0.321621 -16.9263
v 4.83482 -0.228562 -16.9263
v 4.85004 -0.252083 -16.9263
v 4.87061 -0.26967 -16.9263
v 4.895 -0.280688 -16.9263
v 4.92171 -0.284501 -16.9263
v 4.95351 -0.279099 -16.9263
v 5.03172 -0.251831 -16.9263
v 5.08177 -0.243363 -16.9263
v 5.12905 -0.250924 -16.9263
v 5.17213 -0.273239 -16.9263
v 5.24218 -0.392273 -16.9263
v 7.07692 -0.392273 -16.9263
v 7.15407 -0.306712 -16.9263
v 7.50317 -0.306712 -16.9263
v 7.57812 -0.390791 -16.9263
v 9.62776 -0.392273 -16.9263
v 9.7037 -0.306712 -16.9263
v 10.0702 -0.306712 -16.9263
v 10.1299 -0.392273 -16.9263
v 11.9392 -0.392273 -16.9263
v 12.0451 -0.261622 -16.9263
v 12.0765 -0.246671 -16.9263
v 12.1102 -0.241645 -16.9263
v 12.1579 -0.251831 -16.9263
v 12.2576 -0.296198 -16.9263
v 12.2958 -0.30433 -16.9263
v 12.3223 -0.300581 -16.9263
v 12.3465 -0.289739 -16.9263
v 12.367 -0.272413 -16.9263
v 12.3822 -0.249211 -16.9263
v 12.6458 0.32462 -16.9263
v 12.6667 0.356912 -16.9263
v 12.6954 0.381589 -16.9263
v 12.7298 0.397348 -16.9263
v 12.7679 0.402891 -16.9263
v 13.0275 0.402891 -16.9263
v 13.0647 0.397541 -16.9263
v 13.0986 0.382332 -16.9263
v 13.1271 0.358519 -16.9263
v 13.1482 0.327361 -16.9263
v 13.4296 -0.250349 -16.9263
v 13.4533 -0.280926 -16.9263
v 13.4872 -0.299507 -16.9263
v 13.5146 -0.303559 -16.9263
v 13.5393 -0.300288 -16.9263
v 13.5626 -0.290613 -16.9263
v 13.6073 -0.264448 -16.9263
v 13.6361 -0.252404 -16.9263
v 13.6663 -0.248409 -16.9263
v 13.7025 -0.25415 -16.9263
v 13.7357 -0.271274 -16.9263
v 13.8986 -0.391411 16.9263
v 13.741 -0.264173 16.9263
v 13.7052 -0.245782 16.9263
v 13.6663 -0.239613 16.9263
v 13.6338 -0.2439 16.9263
v 13.6029 -0.25683 16.9263
v 13.5581 -0.282995 16.9263
v 13.5371 -0.291859 16.9263
v 13.515 -0.294827 16.9263
v 13.4898 -0.291061 16.9263
v 13.4589 -0.274308 16.9263
v 13.4375 -0.246488 16.9263
v 13.1562 0.331222 16.9263
v 13.1337 0.364429 16.9263
v 13.1033 0.389806 16.9263
v 13.0672 0.406015 16.9263
v 13.0275 0.411716 16.9263
v 12.7679 0.411716 16.9263
v 12.7273 0.405809 16.9263
v 12.6907 0.389015 16.9263
v 12.6601 0.36272 16.9263
v 12.6378 0.328309 16.9263
v 12.3742 -0.245557 16.9263
v 12.3604 -0.266586 16.9263
v 12.3418 -0.282282 16.9263
v 12.3198 -0.292098 16.9263
v 12.2958 -0.295492 16.9263
v 12.2612 -0.288131 16.9263
v 12.1615 -0.243765 16.9263
v 12.1362 -0.235545 16.9263
v 12.1102 -0.232819 16.9263
v 12.0737 -0.23832 16.9263
v 12.0396 -0.254693 16.9263
v 11.935 -0.383448 16.9263
v 10.1345 -0.383448 16.9263
v 10.0749 -0.297887 16.9263
v 9.6997 -0.297887 16.9263
v 9.62376 -0.383448 16.9263
v 7.58339 -0.383448 16.9263
v 7.50845 -0.299369 16.9263
v 7.15014 -0.297887 16.9263
v 7.07299 -0.383448 16.9263
v 5.24721 -0.383448 16.9263
v 5.17927 -0.267999 16.9263
v 5.13217 -0.242677 16.9263
v 5.08173 -0.234546 16.9263
v 5.02883 -0.243489 16.9263
v 4.95061 -0.270757 16.9263
v 4.92161 -0.275714 16.9263
v 4.89738 -0.272244 16.9263
v 4.87526 -0.262226 16.9263
v 4.85662 -0.246251 16.9263
v 4.84281 -0.224908 16.9263
v 4.5902 0.32531 16.9263
v 4.5671 0.360953 16.9263
v 4.53544 0.388194 16.9263
v 4.49747 0.405595 16.9263
v 4.45544 0.411716 16.9263
v 4.18135 0.411716 16.9263
v 4.13924 0.405579 16.9263
v 4.10123 0.388132 16.9263
v 4.06956 0.360815 16.9263
v 4.0465 0.325069 16.9263
v 3.79367 -0.228045 16.9263
v 3.77985 -0.249275 16.9263
v 3.76103 -0.265268 16.9263
v 3.73866 -0.275355 16.9263
v 3.71422 -0.278866 16.9263
v 3.68953 -0.275238 16.9263
v 3.57587 -0.241214 16.9263
v 3.53026 -0.234598 16.9263
v 3.50096 -0.237262 16.9263
v 3.47266 -0.245138 16.9263
v 3.44614 -0.25805 16.9263
v 3.42223 -0.275824 16.9263
v 3.38038 -0.383448 16.9263
v 1.53806 -0.383448 16.9263
v 1.47159 -0.299576 16.9263
v 1.11308 -0.297887 16.9263
v 1.02759 -0.383448 16.9263
v -1.0219 -0.383448 16.9263
v -1.08507 -0.299645 16.9263
v -1.44022 -0.297887 16.9263
v -1.50515 -0.383448 16.9263
v -3.34475 -0.383448 16.9263
v -3.43909 -0.252383 16.9263
v -3.46953 -0.235876 16.9263
v -3.50199 -0.230617 16.9263
v -3.54282 -0.239111 16.9263
v -3.64815 -0.284822 16.9263
v -3.67922 -0.291272 16.9263
v -3.70053 -0.288288 16.9263
v -3.72012 -0.279633 16.9263
v -3.73676 -0.265747 16.9263
v -3.74927 -0.247074 16.9263
v -4.03345 0.345097 16.9263
v -4.05423 0.372842 16.9263
v -4.08113 0.393816 16.9263
v -4.11255 0.407085 16.9263
v -4.14691 0.411716 16.9263
v -4.41273 0.411716 16.9263
v -4.44871 0.406713 16.9263
v -4.48117 0.392379 16.9263
v -4.50848 0.369722 16.9263
v -4.52901 0.339754 16.9263
v -4.81463 -0.233389 16.9263
v -4.84004 -0.265901 16.9263
v -4.8763 -0.285615 16.9263
v -4.9065 -0.290178 16.9263
v -4.93223 -0.286831 16.9263
v -4.95666 -0.276859 16.9263
v -5.02359 -0.239145 16.9263
v -5.069 -0.232195 16.9263
v -5.11815 -0.240353 16.9263
v -5.1625 -0.26431 16.9263
v -5.2282 -0.383448 16.9263
v -7.09479 -0.383448 16.9263
v -7.14809 -0.297887 16.9263
v -7.48109 -0.297887 16.9263
v -7.53256 -0.383448 16.9263
v -9.61824 -0.383448 16.9263
v -9.68367 -0.297887 16.9263
v -10.0194 -0.297887 16.9263
v -10.1012 -0.383448 16.9263
v -11.9426 -0.383448 16.9263
v -11.9894 -0.267827 16.9263
v -12.0283 -0.243843 16.9263
v -12.0708 -0.236264 16.9263
v -12.0959 -0.238868 16.9263
v -12.1202 -0.246764 16.9263
v -12.2117 -0.28758 16.9263
v -12.2449 -0.294641 16.9263
v -12.2678 -0.2914 16.9263
v -12.2888 -0.282024 16.9263
v -12.3065 -0.26704 16.9263
v -12.3196 -0.246971 16.9263
v -12.5882 0.337151 16.9263
v -12.6082 0.367912 16.9263
v -12.6355 0.39142 16.9263
v -12.6683 0.406435 16.9263
v -12.7046 0.411716 16.9263
v -13.0181 0.411716 16.9263
v -13.0502 0.407109 16.9263
v -13.0794 0.394012 16.9263
v -13.1039 0.373503 16.9263
v -13.1221 0.346666 16.9263
v -13.4005 -0.226149 16.9263
v -13.4271 -0.260316 16.9263
v -13.4653 -0.280857 16.9263
v -13.4947 -0.285077 16.9263
v -13.5229 -0.281222 16.9263
v -13.5493 -0.269792 16.9263
v -13.6056 -0.23556 16.9263
v -13.6528 -0.227825 16.9263
v -13.6813 -0.230619 16.9263
v -13.7087 -0.238876 16.9263
v -13.7342 -0.25241 16.9263
v -13.757 -0.271033 16.9263
v -13.8986 -0.411716 16.9263
v -13.7508 -0.277307 16.9263
v -13.7292 -0.259691 16.9263
v -13.7051 -0.246916 16.9263
v -13.6793 -0.239138 16.9263
v -13.6525 -0.236511 16.9263
v -13.6093 -0.243489 16.9263
v -13.5538 -0.277307 16.9263
v -13.5253 -0.289694 16.9263
v -13.4947 -0.293866 16.9263
v -13.4628 -0.289338 16.9263
v -13.4214 -0.267068 16.9263
v -13.3926 -0.23001 16.9263
v -13.1141 0.342805 16.9263
v -13.0974 0.367594 16.9263
v -13.0747 0.386538 16.9263
v -13.0477 0.398636 16.9263
v -13.0181 0.402891 16.9263
v -12.7046 0.402891 16.9263
v -12.6708 0.397974 16.9263
v -12.6403 0.383993 16.9263
v -12.6148 0.362104 16.9263
v -12.5963 0.333463 16.9263
v -12.3277 -0.250625 16.9263
v -12.3131 -0.272873 16.9263
v -12.2935 -0.289479 16.9263
v -12.2702 -0.299865 16.9263
v -12.2448 -0.303455 16.9263
v -12.2081 -0.295646 16.9263
v -12.1166 -0.254831 16.9263
v -12.0707 -0.245089 16.9263
v -12.0318 -0.251943 16.9263
v -11.9972 -0.272136 16.9263
v -11.9486 -0.392273 16.9263
v -10.0974 -0.392273 16.9263
v -10.0156 -0.306712 16.9263
v -9.68805 -0.306712 16.9263
v -9.6226 -0.392273 16.9263
v -7.52756 -0.392273 16.9263
v -7.47609 -0.306712 16.9263
v -7.15298 -0.306712 16.9263
v -7.09969 -0.392273 16.9263
v -5.22296 -0.392273 16.9263
v -5.15636 -0.270722 16.9263
v -5.11462 -0.248476 16.9263
v -5.06865 -0.240929 16.9263
v -5.02707 -0.247178 16.9263
v -4.961 -0.284511 16.9263
v -4.93446 -0.295365 16.9263
v -4.9065 -0.299004 16.9263
v -4.87372 -0.29406 16.9263
v -4.83433 -0.272644 16.9263
v -4.80674 -0.237318 16.9263
v -4.52111 0.335824 16.9263
v -4.50198 0.363755 16.9263
v -4.47652 0.38487 16.9263
v -4.44627 0.398229 16.9263
v -4.41273 0.402891 16.9263
v -4.14691 0.402891 16.9263
v -4.11489 0.398579 16.9263
v -4.08562 0.386238 16.9263
v -4.06058 0.366758 16.9263
v -4.04129 0.341029 16.9263
v -3.75724 -0.250866 16.9263
v -3.74332 -0.271674 16.9263
v -3.7248 -0.287167 16.9263
v -3.70301 -0.296836 16.9263
v -3.67931 -0.300172 16.9263
v -3.64463 -0.292888 16.9263
v -3.5393 -0.247178 16.9263
v -3.50199 -0.23948 16.9263
v -3.47261 -0.244179 16.9263
v -3.44586 -0.258105 16.9263
v -3.3506 -0.390446 16.9263
v -1.50078 -0.392273 16.9263
v -1.43585 -0.306712 16.9263
v -1.09079 -0.306712 16.9263
v -1.02762 -0.390515 16.9263
v 1.03124 -0.392273 16.9263
v 1.11673 -0.306712 16.9263
v 1.46601 -0.306712 16.9263
v 1.53378 -0.392273 16.9263
v 3.38645 -0.392273 16.9263
v 3.42892 -0.281685 16.9263
v 3.47634 -0.253205 16.9263
v 3.53031 -0.24342 16.9263
v 3.57332 -0.249694 16.9263
v 3.68698 -0.283719 16.9263
v 3.71417 -0.287675 16.9263
v 3.74114 -0.28381 16.9263
v 3.76577 -0.272704 16.9263
v 3.78648 -0.255089 16.9263
v 3.80167 -0.231699 16.9263
v 4.05449 0.321414 16.9263
v 4.07622 0.355022 16.9263
v 4.106 0.38071 16.9263
v 4.14175 0.397119 16.9263
v 4.18135 0.402891 16.9263
v 4.45544 0.402891 16.9263
v 4.49497 0.397134 16.9263
v 4.53068 0.380768 16.9263
v 4.56046 0.355145 16.9263
v 4.5822 0.321621 16.9263
v 4.83482 -0.228562 16.9263
v 4.85004 -0.252083 16.9263
v 4.87061 -0.26967 16.9263
v 4.895 -0.280688 16.9263
v 4.92171 -0.284501 16.9263
v 4.95351 -0.279099 16.9263
v 5.03172 -0.251831 16.9263
v 5.08177 -0.243363 16.9263
v 5.12905 -0.250924 16.9263
v 5.17213 -0.273239 16.9263
v 5.24218 -0.392273 16.9263
v 7.07692 -0.392273 16.9263
v 7.15407 -0.306712 16.9263
v 7.50317 -0.306712 16.9263
v 7.57812 -0.390791 16.9263
v 9.62776 -0.392273 16.9263
v 9.7037 -0.306712 16.9263
v 10.0702 -0.306712 16.9263
v 10.1299 -0.392273 16.9263
v 11.9392 -0.392273 16.9263
v 12.0451 -0.261622 16.9263
v 12.0765 -0.246671 16.9263
v 12.1102 -0.241645 16.9263
v 12.1579 -0.251831 16.9263
v 12.2576 -0.296198 16.9263
v 12.2958 -0.30433 16.9263
v 12.3223 -0.300581 16.9263
v 12.3465 -0.289739 16.9263
v 12.367 -0.272413 16.9263
v 12.3822 -0.249211 16.9263
v 12.6458 0.32462 16.9263
v 12.6667 0.356912 16.9263
v 12.6954 0.381589 16.9263
v 12.7298 0.397348 16.9263
v 12.7679 0.402891 16.9263
v 13.0275 0.402891 16.9263
v 13.0647 0.397541 16.9263
v 13.0986 0.382332 16.9263
v 13.1271 0.358519 16.9263
v 13.1482 0.327361 16.9263
v 13.4296 -0.250349 16.9263
v 13.4533 -0.280926 16.9263
v 13.4872 -0.299507 16.9263
v 13.5146 -0.303559 16.9263
v 13.5393 -0.300288 16.9263
v 13.5626 -0.290613 16.9263
v 13.6073 -0.264448 16.9263
v 13.6361 -0.252404 16.9263
v 13.6663 -0.248409 16.9263
v 13.7025 -0.25415 16.9263
v 13.7357 -0.271274 16.9263
v 13.8198 -0.327792 0
v 13.7231 -0.254977 0
v 13.6858 -0.242698 0
v 13.6501 -0.241757 0
v 13.6183 -0.250365 0
v 13.5805 -0.269912 0
v 13.5476 -0.287427 0
v 13.5261 -0.293343 0
v 13.5024 -0.292944 0
v 13.4744 -0.282684 0
v 13.4482 -0.260398 0
v 13.2968 0.0423669 0
v 13.1449 0.347825 0
v 13.1185 0.377117 0
v 13.0852 0.39791 0
v 13.0473 0.408865 0
v 12.8977 0.411716 0
v 12.7476 0.408762 0
v 12.709 0.397412 0
v 12.6754 0.375868 0
v 12.649 0.345514 0
v 12.506 0.0413758 0
v 12.3673 -0.256072 0
v 12.3511 -0.274434 0
v 12.3308 -0.28719 0
v 12.3078 -0.293795 0
v 12.2785 -0.291811 0
v 12.2113 -0.265948 0
v 12.1488 -0.239655 0
v 12.1232 -0.234182 0
v 12.092 -0.23557 0
v 12.0566 -0.246506 0
v 11.9873 -0.31907 0
v 11.0348 -0.383448 0
v 10.1047 -0.340667 0
v 9.88728 -0.297887 0
v 9.66173 -0.340667 0
v 8.60357 -0.383448 0
v 7.54592 -0.341409 0
v 7.32929 -0.298628 0
v 7.11156 -0.340667 0
v 6.1601 -0.383448 0
v 5.21324 -0.325724 0
v 5.15572 -0.255338 0
v 5.10695 -0.238612 0
v 5.05528 -0.239018 0
v 4.98972 -0.257123 0
v 4.93611 -0.273235 0
v 4.9095 -0.273979 0
v 4.88632 -0.267235 0
v 4.86594 -0.254238 0
v 4.84972 -0.235579 0
v 4.71651 0.0502008 0
v 4.57865 0.343131 0
v 4.55127 0.374574 0
v 4.51645 0.396895 0
v 4.47646 0.408655 0
v 4.3184 0.411716 0
v 4.1603 0.408648 0
v 4.12024 0.396856 0
v 4.0854 0.374473 0
v 4.05803 0.342942 0
v 3.92008 0.0485116 0
v 3.78676 -0.23866 0
v 3.77044 -0.257272 0
v 3.74984 -0.270311 0
v 3.72644 -0.27711 0
v 3.70188 -0.277052 0
v 3.6327 -0.258226 0
v 3.55307 -0.237906 0
v 3.51561 -0.23593 0
v 3.48681 -0.2412 0
v 3.4594 -0.251594 0
v 3.43419 -0.266937 0
v 3.40131 -0.329636 0
v 2.45922 -0.383448 0
v 1.50483 -0.341512 0
v 1.29234 -0.298731 0
v 1.07033 -0.340667 0
v 0.00284399 -0.383448 0
v -1.05348 -0.341546 0
v -1.26265 -0.298766 0
v -1.47269 -0.340667 0
v -2.42495 -0.383448 0
v -3.39192 -0.317915 0
v -3.45431 -0.244129 0
v -3.48576 -0.233246 0
v -3.5224 -0.234864 0
v -3.59548 -0.261966 0
v -3.66368 -0.288047 0
v -3.68987 -0.28978 0
v -3.71032 -0.28396 0
v -3.72844 -0.27269 0
v -3.74302 -0.256411 0
v -3.89136 0.0490115 0
v -4.04384 0.358969 0
v -4.06768 0.383329 0
v -4.09684 0.40045 0
v -4.12973 0.4094 0
v -4.27982 0.411716 0
v -4.43072 0.409214 0
v -4.46494 0.399546 0
v -4.49482 0.38105 0
v -4.51874 0.354738 0
v -4.67182 0.0531827 0
v -4.82734 -0.249645 0
v -4.85817 -0.275758 0
v -4.8914 -0.287896 0
v -4.91936 -0.288505 0
v -4.94445 -0.281845 0
v -4.99012 -0.258002 0
v -5.04629 -0.23567 0
v -5.09358 -0.236274 0
v -5.14033 -0.252332 0
v -5.19535 -0.323879 0
v -6.1615 -0.383448 0
v -7.12144 -0.340667 0
v -7.31459 -0.297887 0
v -7.50683 -0.340667 0
v -8.5754 -0.383448 0
v -9.65096 -0.340667 0
v -9.85152 -0.297887 0
v -10.0603 -0.340667 0
v -11.0219 -0.383448 0
v -11.966 -0.325637 0
v -12.0089 -0.255835 0
v -12.0495 -0.240054 0
v -12.0833 -0.237566 0
v -12.108 -0.242816 0
v -12.166 -0.267172 0
v -12.2283 -0.29111 0
v -12.2563 -0.29302 0
v -12.2783 -0.286712 0
v -12.2977 -0.274532 0
v -12.3131 -0.257005 0
v -12.4539 0.0450902 0
v -12.5982 0.352531 0
v -12.6219 0.379666 0
v -12.6519 0.398927 0
v -12.6865 0.409075 0
v -12.8614 0.411716 0
v -13.0342 0.409412 0
v -13.0648 0.400561 0
v -13.0916 0.383758 0
v -13.113 0.360085 0
v -13.2613 0.0602582 0
v -13.4138 -0.243233 0
v -13.4462 -0.270587 0
v -13.48 -0.282967 0
v -13.5088 -0.28315 0
v -13.5361 -0.275507 0
v -13.5774 -0.252676 0
v -13.6292 -0.231693 0
v -13.667 -0.229222 0
v -13.695 -0.234748 0
v -13.7214 -0.245643 0
v -13.7456 -0.261721 0
v -13.8278 -0.341374 0
v -13.8247 -0.344511 0
v -13.74 -0.268499 0
v -13.7172 -0.253303 0
v -13.6922 -0.243027 0
v -13.6659 -0.237824 0
v -13.6309 -0.24 0
v -13.5816 -0.260398 0
v -13.5396 -0.2835 0
v -13.51 -0.29178 0
v -13.4787 -0.291602 0
v -13.4421 -0.278203 0
v -13.407 -0.248539 0
v -13.2534 0.0563973 0
v -13.1058 0.3552 0
v -13.086 0.377066 0
v -13.0612 0.392587 0
v -13.0329 0.400763 0
v -12.8614 0.402891 0
v -12.6877 0.400432 0
v -12.6556 0.390983 0
v -12.6276 0.373049 0
v -12.6056 0.347783 0
v -12.462 0.0414189 0
v -12.3204 -0.261749 0
v -12.3033 -0.281176 0
v -12.2818 -0.294672 0
v -12.2575 -0.30166 0
v -12.2265 -0.299551 0
v -12.1624 -0.275238 0
v -12.0937 -0.24996 0
v -12.0513 -0.248516 0
v -12.0145 -0.262039 0
v -11.9729 -0.332204 0
v -11.023 -0.392273 0
v -10.0565 -0.349492 0
v -9.85182 -0.306712 0
v -9.65533 -0.349492 0
v -8.57508 -0.392273 0
v -7.50183 -0.349492 0
v -7.31454 -0.306712 0
v -7.12633 -0.349492 0
v -6.16132 -0.392273 0
v -5.18966 -0.331498 0
v -5.13549 -0.259599 0
v -5.09163 -0.244703 0
v -5.04786 -0.244053 0
v -4.99404 -0.265845 0
v -4.94773 -0.289938 0
v -4.92048 -0.297184 0
v -4.89011 -0.296532 0
v -4.85403 -0.283352 0
v -4.82054 -0.254981 0
v -4.66393 0.0492528 0
v -4.51155 0.349789 0
v -4.48925 0.374312 0
v -4.4614 0.391549 0
v -4.4295 0.40056 0
v -4.27982 0.402891 0
v -4.1309 0.400735 0
v -4.10025 0.392409 0
v -4.0731 0.376498 0
v -4.05094 0.353894 0
v -3.89926 0.0450816 0
v -3.75028 -0.26127 0
v -3.73406 -0.27942 0
v -3.7139 -0.292002 0
v -3.69116 -0.298504 0
v -3.66197 -0.29653 0
v -3.59196 -0.270033 0
v -3.52065 -0.243329 0
v -3.4873 -0.24183 0
v -3.45924 -0.251142 0
v -3.39823 -0.324276 0
v -2.42569 -0.391359 0
v -1.46831 -0.349492 0
v -1.26332 -0.306712 0
v -1.05921 -0.348613 0
v 0.00180981 -0.391394 0
v 1.07399 -0.349492 0
v 1.29137 -0.306712 0
v 1.4999 -0.349492 0
v 2.46012 -0.392273 0
v 3.40768 -0.336979 0
v 3.45263 -0.267445 0
v 3.50333 -0.248312 0
v 3.55182 -0.246557 0
v 3.63015 -0.266706 0
v 3.70057 -0.285697 0
v 3.72765 -0.285743 0
v 3.75345 -0.278257 0
v 3.77613 -0.263897 0
v 3.79408 -0.243394 0
v 3.92808 0.0448575 0
v 4.06535 0.338218 0
v 4.09111 0.367866 0
v 4.12388 0.388914 0
v 4.16155 0.400005 0
v 4.3184 0.402891 0
v 4.47521 0.400012 0
v 4.51282 0.388951 0
v 4.54557 0.367957 0
v 4.57133 0.338383 0
v 4.70851 0.0465295 0
v 4.84243 -0.240323 0
v 4.86032 -0.260876 0
v 4.8828 -0.275179 0
v 4.90836 -0.282594 0
v 4.93761 -0.2818 0
v 4.99261 -0.265465 0
v 5.05675 -0.247597 0
v 5.10541 -0.247143 0
v 5.15059 -0.262081 0
v 5.20716 -0.332756 0
v 6.15955 -0.392273 0
v 7.11549 -0.349492 0
v 7.32862 -0.306712 0
v 7.54064 -0.348751 0
v 8.60294 -0.391532 0
v 9.66573 -0.349492 0
v 9.88697 -0.306712 0
v 10.1001 -0.349492 0
v 11.0346 -0.392273 0
v 11.9921 -0.326947 0
v 12.0608 -0.254146 0
v 12.0934 -0.244158 0
v 12.1341 -0.246738 0
v 12.2077 -0.274015 0
v 12.2767 -0.300264 0
v 12.3091 -0.302455 0
v 12.3344 -0.29516 0
v 12.3568 -0.281076 0
v 12.3746 -0.260812 0
v 12.514 0.0377045 0
v 12.6563 0.340766 0
v 12.6811 0.36925 0
v 12.7126 0.389468 0
v 12.7489 0.400119 0
v 12.8977 0.402891 0
v 13.0461 0.400216 0
v 13.0817 0.389937 0
v 13.1129 0.370426 0
v 13.1377 0.34294 0
v 13.2889 0.038506 0
v 13.4414 -0.265638 0
v 13.4703 -0.290217 0
v 13.5009 -0.301533 0
v 13.527 -0.301924 0
v 13.551 -0.295451 0
v 13.585 -0.277531 0
v 13.6217 -0.258426 0
v 13.6512 -0.250407 0
v 13.6844 -0.25128 0
v 13.7191 -0.262712 0
v 13.8172 -0.331343 0


# Vertex Texture Coordinates :
vt 0.400818 0.000292753
vt 0.398545 0.00212731
vt 0.39803 0.00239247
vt 0.397469 0.00248142
vt 0.397 0.0024196
vt 0.396554 0.00223318
vt 0.395908 0.00185593
vt 0.395606 0.00172812
vt 0.395287 0.00168533
vt 0.394924 0.00173962
vt 0.394479 0.00198118
vt 0.394169 0.00238229
vt 0.390113 0.0107118
vt 0.389789 0.0111906
vt 0.389351 0.0115565
vt 0.38883 0.0117902
vt 0.388257 0.0118724
vt 0.384515 0.0118724
vt 0.38393 0.0117873
vt 0.383402 0.0115451
vt 0.382961 0.011166
vt 0.382639 0.0106698
vt 0.378838 0.00239571
vt 0.37864 0.00209251
vt 0.378371 0.00186621
vt 0.378054 0.00172467
vt 0.377708 0.00167574
vt 0.377209 0.00178187
vt 0.375772 0.00242155
vt 0.375407 0.00254008
vt 0.375033 0.00257937
vt 0.374505 0.00250006
vt 0.374014 0.00226399
vt 0.372506 0.000407569
vt 0.346547 0.000407569
vt 0.345686 0.00164121
vt 0.340277 0.00164121
vt 0.339182 0.000407569
vt 0.309763 0.000407569
vt 0.308683 0.00161984
vt 0.303517 0.00164121
vt 0.302404 0.000407569
vt 0.27608 0.000407569
vt 0.2751 0.00207214
vt 0.274421 0.00243724
vt 0.273694 0.00255447
vt 0.272931 0.00242553
vt 0.271803 0.00203238
vt 0.271385 0.0019609
vt 0.271036 0.00201094
vt 0.270717 0.00215538
vt 0.270448 0.00238571
vt 0.270249 0.00269343
vt 0.266607 0.0106266
vt 0.266274 0.0111405
vt 0.265817 0.0115333
vt 0.26527 0.0117842
vt 0.264664 0.0118724
vt 0.260712 0.0118724
vt 0.260105 0.011784
vt 0.259557 0.0115324
vt 0.2591 0.0111385
vt 0.258768 0.0106231
vt 0.255122 0.0026482
vt 0.254923 0.0023421
vt 0.254652 0.00211151
vt 0.254329 0.00196608
vt 0.253977 0.00191546
vt 0.253621 0.00196776
vt 0.251982 0.00245833
vt 0.251325 0.00255372
vt 0.250902 0.00251531
vt 0.250494 0.00240176
vt 0.250112 0.00221558
vt 0.249767 0.00195931
vt 0.249163 0.000407569
vt 0.2226 0.000407569
vt 0.221642 0.00161685
vt 0.216473 0.00164121
vt 0.21524 0.000407569
vt 0.18569 0.000407569
vt 0.18478 0.00161586
vt 0.179659 0.00164121
vt 0.178723 0.000407569
vt 0.152199 0.000407569
vt 0.150839 0.0022973
vt 0.1504 0.0025353
vt 0.149932 0.00261112
vt 0.149343 0.00248865
vt 0.147825 0.00182959
vt 0.147377 0.00173659
vt 0.147069 0.0017796
vt 0.146787 0.0019044
vt 0.146547 0.00210461
vt 0.146366 0.00237384
vt 0.142269 0.0109119
vt 0.14197 0.0113119
vt 0.141582 0.0116143
vt 0.141129 0.0118057
vt 0.140633 0.0118724
vt 0.136801 0.0118724
vt 0.136282 0.0118003
vt 0.135814 0.0115936
vt 0.13542 0.011267
vt 0.135124 0.0108349
vt 0.131006 0.00257116
vt 0.13064 0.0021024
vt 0.130117 0.00181815
vt 0.129681 0.00175235
vt 0.12931 0.00180062
vt 0.128958 0.0019444
vt 0.127993 0.00248816
vt 0.127338 0.00258837
vt 0.12663 0.00247075
vt 0.12599 0.00212532
vt 0.125043 0.000407569
vt 0.09813 0.000407569
vt 0.0973616 0.00164121
vt 0.0925602 0.00164121
vt 0.0918181 0.000407569
vt 0.0617463 0.000407569
vt 0.0608029 0.00164121
vt 0.0559628 0.00164121
vt 0.0547833 0.000407569
vt 0.0282324 0.000407569
vt 0.027558 0.00207462
vt 0.0269976 0.00242043
vt 0.0263851 0.0025297
vt 0.0260234 0.00249216
vt 0.025672 0.00237831
vt 0.0243533 0.00178982
vt 0.0238747 0.001688
vt 0.0235449 0.00173474
vt 0.0232419 0.00186992
vt 0.0229859 0.00208597
vt 0.0227969 0.00237533
vt 0.0189242 0.0107973
vt 0.0186364 0.0112408
vt 0.0182422 0.0115798
vt 0.0177695 0.0117963
vt 0.0172462 0.0118724
vt 0.0127262 0.0118724
vt 0.0122636 0.011806
vt 0.0118429 0.0116172
vt 0.0114892 0.0113215
vt 0.0112271 0.0109345
vt 0.00721235 0.00267554
vt 0.00682885 0.00218292
vt 0.00627891 0.00188674
vt 0.00585437 0.00182591
vt 0.00544762 0.00188148
vt 0.00506789 0.00204629
vt 0.00425573 0.00253985
vt 0.00357528 0.00265137
vt 0.00316424 0.00261109
vt 0.00276947 0.00249204
vt 0.00240198 0.00229691
vt 0.00207276 0.0020284
vt 3.09363e-05 0
vt 0.00216222 0.00193794
vt 0.00247357 0.00219193
vt 0.00282065 0.00237612
vt 0.00319266 0.00248827
vt 0.00357879 0.00252614
vt 0.00420255 0.00242553
vt 0.00500178 0.00193794
vt 0.00541376 0.00175934
vt 0.00585524 0.00169918
vt 0.00631495 0.00176447
vt 0.00691092 0.00208556
vt 0.00732666 0.00261987
vt 0.0113415 0.0108789
vt 0.0115835 0.0112363
vt 0.0119104 0.0115094
vt 0.0122989 0.0116838
vt 0.0127262 0.0117452
vt 0.0172462 0.0117452
vt 0.0177334 0.0116743
vt 0.0181735 0.0114727
vt 0.0185405 0.0111571
vt 0.0188084 0.0107442
vt 0.0226811 0.00232264
vt 0.0228906 0.00200186
vt 0.0231745 0.00176244
vt 0.0235103 0.00161269
vt 0.0238757 0.00156093
vt 0.024405 0.00167352
vt 0.0257237 0.00226201
vt 0.0263856 0.00240247
vt 0.0269466 0.00230364
vt 0.0274459 0.00201249
vt 0.0281465 0.000280328
vt 0.0548377 0.000280328
vt 0.0560172 0.00151397
vt 0.0607398 0.00151397
vt 0.0616834 0.000280328
vt 0.0918902 0.000280328
vt 0.0926323 0.00151397
vt 0.097291 0.00151397
vt 0.0980594 0.000280328
vt 0.125118 0.000280328
vt 0.126079 0.00203287
vt 0.126681 0.00235362
vt 0.127343 0.00246244
vt 0.127943 0.00237235
vt 0.128895 0.00183406
vt 0.129278 0.00167757
vt 0.129681 0.00162511
vt 0.130154 0.00169638
vt 0.130722 0.00200516
vt 0.13112 0.0025145
vt 0.135238 0.0107782
vt 0.135514 0.0111809
vt 0.135881 0.0114854
vt 0.136317 0.011678
vt 0.136801 0.0117452
vt 0.140633 0.0117452
vt 0.141095 0.011683
vt 0.141517 0.0115051
vt 0.141878 0.0112242
vt 0.142156 0.0108533
vt 0.146252 0.00231916
vt 0.146452 0.00201916
vt 0.146719 0.00179577
vt 0.147033 0.00165636
vt 0.147375 0.00160826
vt 0.147875 0.00171328
vt 0.149394 0.00237235
vt 0.149932 0.00248333
vt 0.150355 0.00241558
vt 0.150741 0.00221479
vt 0.152115 0.000306671
vt 0.178786 0.000280328
vt 0.179722 0.00151397
vt 0.184697 0.00151397
vt 0.185608 0.000305676
vt 0.215293 0.000280328
vt 0.216526 0.00151397
vt 0.221562 0.00151397
vt 0.222539 0.000280328
vt 0.249251 0.000280328
vt 0.249863 0.00187482
vt 0.250547 0.00228545
vt 0.251325 0.00242653
vt 0.251945 0.00233606
vt 0.253584 0.00184549
vt 0.253976 0.00178845
vt 0.254365 0.00184417
vt 0.25472 0.0020043
vt 0.255019 0.00225827
vt 0.255238 0.00259552
vt 0.258883 0.0105704
vt 0.259196 0.011055
vt 0.259626 0.0114254
vt 0.260141 0.011662
vt 0.260712 0.0117452
vt 0.264664 0.0117452
vt 0.265234 0.0116622
vt 0.265749 0.0114262
vt 0.266178 0.0110568
vt 0.266492 0.0105734
vt 0.270134 0.00264075
vt 0.270353 0.00230162
vt 0.27065 0.00204805
vt 0.271002 0.00188919
vt 0.271387 0.0018342
vt 0.271845 0.00191209
vt 0.272973 0.00230525
vt 0.273694 0.00242734
vt 0.274376 0.00231834
vt 0.274997 0.00199659
vt 0.276007 0.000280328
vt 0.302461 0.000280328
vt 0.303573 0.00151397
vt 0.308607 0.00151397
vt 0.309687 0.0003017
vt 0.33924 0.000280328
vt 0.340335 0.00151397
vt 0.34562 0.00151397
vt 0.34648 0.000280328
vt 0.372567 0.000280328
vt 0.374093 0.00216409
vt 0.374546 0.00237965
vt 0.375033 0.00245212
vt 0.37572 0.00230525
vt 0.377157 0.00166556
vt 0.377709 0.00154832
vt 0.37809 0.00160237
vt 0.37844 0.00175869
vt 0.378735 0.00200849
vt 0.378953 0.00234302
vt 0.382755 0.0106167
vt 0.383056 0.0110823
vt 0.38347 0.011438
vt 0.383966 0.0116653
vt 0.384515 0.0117452
vt 0.388257 0.0117452
vt 0.388795 0.0116681
vt 0.389283 0.0114488
vt 0.389694 0.0111054
vt 0.389999 0.0106562
vt 0.394055 0.00232662
vt 0.394397 0.00188575
vt 0.394887 0.00161785
vt 0.395281 0.00155942
vt 0.395638 0.00160659
vt 0.395973 0.00174608
vt 0.396618 0.00212333
vt 0.397032 0.00229699
vt 0.397469 0.0023546
vt 0.39799 0.00227181
vt 0.398469 0.00202492
vt 0.406856 0.000292753
vt 0.409129 0.00212731
vt 0.409644 0.00239247
vt 0.410205 0.00248142
vt 0.410674 0.0024196
vt 0.41112 0.00223318
vt 0.411766 0.00185593
vt 0.412068 0.00172812
vt 0.412387 0.00168533
vt 0.41275 0.00173962
vt 0.413195 0.00198118
vt 0.413504 0.00238229
vt 0.417561 0.0107118
vt 0.417885 0.0111906
vt 0.418323 0.0115565
vt 0.418844 0.0117902
vt 0.419416 0.0118724
vt 0.423159 0.0118724
vt 0.423744 0.0117873
vt 0.424272 0.0115451
vt 0.424713 0.011166
vt 0.425034 0.0106698
vt 0.428836 0.00239571
vt 0.429034 0.00209251
vt 0.429303 0.00186621
vt 0.42962 0.00172467
vt 0.429966 0.00167574
vt 0.430465 0.00178187
vt 0.431902 0.00242155
vt 0.432267 0.00254008
vt 0.432641 0.00257937
vt 0.433168 0.00250006
vt 0.433659 0.00226399
vt 0.435167 0.000407569
vt 0.461127 0.000407569
vt 0.461988 0.00164121
vt 0.467397 0.00164121
vt 0.468492 0.000407569
vt 0.49791 0.000407569
vt 0.498991 0.00161984
vt 0.504157 0.00164121
vt 0.505269 0.000407569
vt 0.531594 0.000407569
vt 0.532573 0.00207214
vt 0.533253 0.00243724
vt 0.53398 0.00255447
vt 0.534742 0.00242553
vt 0.53587 0.00203238
vt 0.536288 0.0019609
vt 0.536638 0.00201094
vt 0.536957 0.00215538
vt 0.537225 0.00238571
vt 0.537424 0.00269343
vt 0.541067 0.0106266
vt 0.5414 0.0111405
vt 0.541856 0.0115333
vt 0.542404 0.0117842
vt 0.54301 0.0118724
vt 0.546962 0.0118724
vt 0.547569 0.011784
vt 0.548117 0.0115324
vt 0.548573 0.0111385
vt 0.548906 0.0106231
vt 0.552551 0.0026482
vt 0.55275 0.0023421
vt 0.553022 0.00211151
vt 0.553344 0.00196608
vt 0.553697 0.00191546
vt 0.554053 0.00196776
vt 0.555692 0.00245833
vt 0.556349 0.00255372
vt 0.556772 0.00251531
vt 0.55718 0.00240176
vt 0.557562 0.00221558
vt 0.557907 0.00195931
vt 0.55851 0.000407569
vt 0.585073 0.000407569
vt 0.586032 0.00161685
vt 0.591201 0.00164121
vt 0.592433 0.000407569
vt 0.621983 0.000407569
vt 0.622894 0.00161586
vt 0.628015 0.00164121
vt 0.628951 0.000407569
vt 0.655475 0.000407569
vt 0.656835 0.0022973
vt 0.657274 0.0025353
vt 0.657742 0.00261112
vt 0.65833 0.00248865
vt 0.659849 0.00182959
vt 0.660297 0.00173659
vt 0.660604 0.0017796
vt 0.660887 0.0019044
vt 0.661127 0.00210461
vt 0.661307 0.00237384
vt 0.665405 0.0109119
vt 0.665704 0.0113119
vt 0.666092 0.0116143
vt 0.666545 0.0118057
vt 0.66704 0.0118724
vt 0.670873 0.0118724
vt 0.671392 0.0118003
vt 0.67186 0.0115936
vt 0.672254 0.011267
vt 0.67255 0.0108349
vt 0.676668 0.00257116
vt 0.677034 0.0021024
vt 0.677557 0.00181815
vt 0.677992 0.00175235
vt 0.678363 0.00180062
vt 0.678716 0.0019444
vt 0.679681 0.00248816
vt 0.680335 0.00258837
vt 0.681044 0.00247075
vt 0.681683 0.00212532
vt 0.682631 0.000407569
vt 0.709544 0.000407569
vt 0.710312 0.00164121
vt 0.715113 0.00164121
vt 0.715856 0.000407569
vt 0.745927 0.000407569
vt 0.746871 0.00164121
vt 0.751711 0.00164121
vt 0.75289 0.000407569
vt 0.779441 0.000407569
vt 0.780116 0.00207462
vt 0.780676 0.00242043
vt 0.781289 0.0025297
vt 0.78165 0.00249216
vt 0.782002 0.00237831
vt 0.78332 0.00178982
vt 0.783799 0.001688
vt 0.784129 0.00173474
vt 0.784432 0.00186992
vt 0.784688 0.00208597
vt 0.784877 0.00237533
vt 0.788749 0.0107973
vt 0.789037 0.0112408
vt 0.789431 0.0115798
vt 0.789904 0.0117963
vt 0.790427 0.0118724
vt 0.794947 0.0118724
vt 0.79541 0.011806
vt 0.795831 0.0116172
vt 0.796185 0.0113215
vt 0.796447 0.0109345
vt 0.800461 0.00267554
vt 0.800845 0.00218292
vt 0.801395 0.00188674
vt 0.801819 0.00182591
vt 0.802226 0.00188148
vt 0.802606 0.00204629
vt 0.803418 0.00253985
vt 0.804098 0.00265137
vt 0.804509 0.00261109
vt 0.804904 0.00249204
vt 0.805272 0.00229691
vt 0.805601 0.0020284
vt 0.807643 0
vt 0.805511 0.00193794
vt 0.8052 0.00219193
vt 0.804853 0.00237612
vt 0.804481 0.00248827
vt 0.804095 0.00252614
vt 0.803471 0.00242553
vt 0.802672 0.00193794
vt 0.80226 0.00175934
vt 0.801818 0.00169918
vt 0.801359 0.00176447
vt 0.800763 0.00208556
vt 0.800347 0.00261987
vt 0.796332 0.0108789
vt 0.79609 0.0112363
vt 0.795763 0.0115094
vt 0.795375 0.0116838
vt 0.794947 0.0117452
vt 0.790427 0.0117452
vt 0.78994 0.0116743
vt 0.7895 0.0114727
vt 0.789133 0.0111571
vt 0.788865 0.0107442
vt 0.784993 0.00232264
vt 0.784783 0.00200186
vt 0.784499 0.00176244
vt 0.784163 0.00161269
vt 0.783798 0.00156093
vt 0.783269 0.00167352
vt 0.78195 0.00226201
vt 0.781288 0.00240247
vt 0.780727 0.00230364
vt 0.780228 0.00201249
vt 0.779527 0.000280328
vt 0.752836 0.000280328
vt 0.751656 0.00151397
vt 0.746934 0.00151397
vt 0.74599 0.000280328
vt 0.715783 0.000280328
vt 0.715041 0.00151397
vt 0.710383 0.00151397
vt 0.709614 0.000280328
vt 0.682555 0.000280328
vt 0.681595 0.00203287
vt 0.680993 0.00235362
vt 0.68033 0.00246244
vt 0.679731 0.00237235
vt 0.678778 0.00183406
vt 0.678396 0.00167757
vt 0.677992 0.00162511
vt 0.67752 0.00169638
vt 0.676952 0.00200516
vt 0.676554 0.0025145
vt 0.672436 0.0107782
vt 0.67216 0.0111809
vt 0.671793 0.0114854
vt 0.671357 0.011678
vt 0.670873 0.0117452
vt 0.66704 0.0117452
vt 0.666579 0.011683
vt 0.666157 0.0115051
vt 0.665796 0.0112242
vt 0.665518 0.0108533
vt 0.661422 0.00231916
vt 0.661221 0.00201916
vt 0.660954 0.00179577
vt 0.66064 0.00165636
vt 0.660298 0.00160826
vt 0.659798 0.00171328
vt 0.65828 0.00237235
vt 0.657742 0.00248333
vt 0.657318 0.00241558
vt 0.656933 0.00221479
vt 0.655559 0.000306671
vt 0.628888 0.000280328
vt 0.627952 0.00151397
vt 0.622977 0.00151397
vt 0.622066 0.000305676
vt 0.592381 0.000280328
vt 0.591148 0.00151397
vt 0.586112 0.00151397
vt 0.585135 0.000280328
vt 0.558423 0.000280328
vt 0.55781 0.00187482
vt 0.557127 0.00228545
vt 0.556349 0.00242653
vt 0.555728 0.00233606
vt 0.55409 0.00184549
vt 0.553698 0.00178845
vt 0.553309 0.00184417
vt 0.552954 0.0020043
vt 0.552655 0.00225827
vt 0.552436 0.00259552
vt 0.548791 0.0105704
vt 0.548477 0.011055
vt 0.548048 0.0114254
vt 0.547533 0.011662
vt 0.546962 0.0117452
vt 0.54301 0.0117452
vt 0.54244 0.0116622
vt 0.541925 0.0114262
vt 0.541496 0.0110568
vt 0.541182 0.0105734
vt 0.53754 0.00264075
vt 0.53732 0.00230162
vt 0.537024 0.00204805
vt 0.536672 0.00188919
vt 0.536287 0.0018342
vt 0.535828 0.00191209
vt 0.534701 0.00230525
vt 0.533979 0.00242734
vt 0.533298 0.00231834
vt 0.532676 0.00199659
vt 0.531666 0.000280328
vt 0.505213 0.000280328
vt 0.5041 0.00151397
vt 0.499067 0.00151397
vt 0.497986 0.0003017
vt 0.468434 0.000280328
vt 0.467339 0.00151397
vt 0.462054 0.00151397
vt 0.461194 0.000280328
vt 0.435107 0.000280328
vt 0.43358 0.00216409
vt 0.433127 0.00237965
vt 0.432641 0.00245212
vt 0.431954 0.00230525
vt 0.430517 0.00166556
vt 0.429965 0.00154832
vt 0.429584 0.00160237
vt 0.429234 0.00175869
vt 0.428938 0.00200849
vt 0.42872 0.00234302
vt 0.424919 0.0106167
vt 0.424617 0.0110823
vt 0.424204 0.011438
vt 0.423708 0.0116653
vt 0.423159 0.0117452
vt 0.419416 0.0117452
vt 0.418879 0.0116681
vt 0.41839 0.0114488
vt 0.417979 0.0111054
vt 0.417675 0.0106562
vt 0.413619 0.00232662
vt 0.413276 0.00188575
vt 0.412787 0.00161785
vt 0.412393 0.00155942
vt 0.412036 0.00160659
vt 0.411701 0.00174608
vt 0.411055 0.00212333
vt 0.410641 0.00229699
vt 0.410205 0.0023546
vt 0.409684 0.00227181
vt 0.409204 0.00202492
vt 1.59321e-06 0.0178526
vt 0.00292253 0.0178526
vt 0.00350206 0.0178526
vt 0.00406977 0.0178526
vt 0.00454286 0.0178526
vt 0.00502632 0.0178526
vt 0.0057741 0.0178526
vt 0.00610205 0.0178526
vt 0.00642429 0.0178526
vt 0.00679106 0.0178526
vt 0.00729764 0.0178526
vt 0.0078041 0.0178526
vt 0.0170688 0.0178526
vt 0.0176471 0.0178526
vt 0.0182179 0.0178526
vt 0.0187888 0.0178526
vt 0.0193673 0.0178526
vt 0.0231095 0.0178526
vt 0.0237006 0.0178526
vt 0.024282 0.0178526
vt 0.0248633 0.0178526
vt 0.0254546 0.0178526
vt 0.0345601 0.0178526
vt 0.0349224 0.0178526
vt 0.0352735 0.0178526
vt 0.0356212 0.0178526
vt 0.0359702 0.0178526
vt 0.0364808 0.0178526
vt 0.0380537 0.0178526
vt 0.0384374 0.0178526
vt 0.0388134 0.0178526
vt 0.0393469 0.0178526
vt 0.0398917 0.0178526
vt 0.0422835 0.0178526
vt 0 0.511905
vt 0.0259596 0.511905
vt 0.0319494 0.511905
vt 0.0334534 0.511905
vt 0.0482884 0.0178526
vt 0.0536977 0.0178526
vt 0.0394436 0.511905
vt 0.0410931 0.511905
vt 0.0596995 0.0178526
vt 0.089118 0.0178526
vt 0.0482745 0.511905
vt 0.0498984 0.511905
vt 0.0597305 0.511905
vt 0.0648967 0.511905
vt 0.070897 0.511905
vt 0.0725581 0.511905
vt 0.095089 0.0178526
vt 0.121413 0.0178526
vt 0.127383 0.0178526
vt 0.129314 0.0178526
vt 0.130085 0.0178526
vt 0.130822 0.0178526
vt 0.131595 0.0178526
vt 0.13279 0.0178526
vt 0.133214 0.0178526
vt 0.133567 0.0178526
vt 0.133917 0.0178526
vt 0.134271 0.0178526
vt 0.134637 0.0178526
vt 0.143367 0.0178526
vt 0.143979 0.0178526
vt 0.144581 0.0178526
vt 0.145183 0.0178526
vt 0.145796 0.0178526
vt 0.149748 0.0178526
vt 0.150361 0.0178526
vt 0.150964 0.0178526
vt 0.151567 0.0178526
vt 0.152181 0.0178526
vt 0.160949 0.0178526
vt 0.161314 0.0178526
vt 0.161671 0.0178526
vt 0.162024 0.0178526
vt 0.16238 0.0178526
vt 0.16274 0.0178526
vt 0.164451 0.0178526
vt 0.165115 0.0178526
vt 0.165539 0.0178526
vt 0.165963 0.0178526
vt 0.166388 0.0178526
vt 0.166818 0.0178526
vt 0.168483 0.0178526
vt 0.127382 0.511905
vt 0.153945 0.511905
vt 0.159912 0.511905
vt 0.161455 0.511905
vt 0.0785569 0.511905
vt 0.0837261 0.511905
vt 0.0951054 0.511905
vt 0.0968493 0.511905
vt 0.174448 0.0178526
vt 0.203998 0.0178526
vt 0.102847 0.511905
vt 0.10436 0.511905
vt 0.110338 0.511905
vt 0.115459 0.511905
vt 0.174447 0.511905
vt 0.175996 0.511905
vt 0.209982 0.0178526
vt 0.236506 0.0178526
vt 0.242512 0.0178526
vt 0.24484 0.0178526
vt 0.24534 0.0178526
vt 0.245814 0.0178526
vt 0.246415 0.0178526
vt 0.24807 0.0178526
vt 0.248528 0.0178526
vt 0.248838 0.0178526
vt 0.249147 0.0178526
vt 0.24946 0.0178526
vt 0.249784 0.0178526
vt 0.259254 0.0178526
vt 0.259754 0.0178526
vt 0.260246 0.0178526
vt 0.260737 0.0178526
vt 0.261237 0.0178526
vt 0.26507 0.0178526
vt 0.265594 0.0178526
vt 0.266105 0.0178526
vt 0.266617 0.0178526
vt 0.267141 0.0178526
vt 0.276374 0.0178526
vt 0.276969 0.0178526
vt 0.277564 0.0178526
vt 0.278004 0.0178526
vt 0.278378 0.0178526
vt 0.278759 0.0178526
vt 0.279866 0.0178526
vt 0.280529 0.0178526
vt 0.281247 0.0178526
vt 0.281974 0.0178526
vt 0.283935 0.0178526
vt 0.242498 0.511905
vt 0.269411 0.511905
vt 0.275426 0.511905
vt 0.27688 0.511905
vt 0.181996 0.511905
vt 0.186798 0.511905
vt 0.192853 0.511905
vt 0.194292 0.511905
vt 0.289955 0.0178526
vt 0.320026 0.0178526
vt 0.200363 0.511905
vt 0.201916 0.511905
vt 0.20998 0.511905
vt 0.21482 0.511905
vt 0.220842 0.511905
vt 0.222548 0.511905
vt 0.289928 0.511905
vt 0.316478 0.511905
vt 0.326061 0.0178526
vt 0.327859 0.0178526
vt 0.328517 0.0178526
vt 0.32914 0.0178526
vt 0.329503 0.0178526
vt 0.329873 0.0178526
vt 0.331317 0.0178526
vt 0.331806 0.0178526
vt 0.332139 0.0178526
vt 0.332471 0.0178526
vt 0.332806 0.0178526
vt 0.333151 0.0178526
vt 0.342421 0.0178526
vt 0.34295 0.0178526
vt 0.34347 0.0178526
vt 0.34399 0.0178526
vt 0.344518 0.0178526
vt 0.349039 0.0178526
vt 0.349506 0.0178526
vt 0.349967 0.0178526
vt 0.350428 0.0178526
vt 0.350895 0.0178526
vt 0.360078 0.0178526
vt 0.360703 0.0178526
vt 0.361327 0.0178526
vt 0.361756 0.0178526
vt 0.362167 0.0178526
vt 0.362581 0.0178526
vt 0.363531 0.0178526
vt 0.364221 0.0178526
vt 0.364634 0.0178526
vt 0.365046 0.0178526
vt 0.365462 0.0178526
vt 0.365887 0.0178526
vt 0.368765 0.0178526
vt 0.326082 0.511905
vt 0.328963 0.511905
vt 0.329365 0.511905
vt 0.329757 0.511905
vt 0.330146 0.511905
vt 0.330534 0.511905
vt 0.331166 0.511905
vt 0.332102 0.511905
vt 0.332551 0.511905
vt 0.332997 0.511905
vt 0.333461 0.511905
vt 0.334138 0.511905
vt 0.334815 0.511905
vt 0.343998 0.511905
vt 0.34443 0.511905
vt 0.344856 0.511905
vt 0.345282 0.511905
vt 0.345713 0.511905
vt 0.350233 0.511905
vt 0.350726 0.511905
vt 0.35121 0.511905
vt 0.351694 0.511905
vt 0.352186 0.511905
vt 0.361455 0.511905
vt 0.361838 0.511905
vt 0.36221 0.511905
vt 0.362577 0.511905
vt 0.362946 0.511905
vt 0.363488 0.511905
vt 0.364932 0.511905
vt 0.365608 0.511905
vt 0.366178 0.511905
vt 0.366756 0.511905
vt 0.368624 0.511905
vt 0.374762 0.0178526
vt 0.401453 0.0178526
vt 0.228587 0.511905
vt 0.230294 0.511905
vt 0.374783 0.511905
vt 0.379505 0.511905
vt 0.385543 0.511905
vt 0.387096 0.511905
vt 0.407442 0.0178526
vt 0.437649 0.0178526
vt 0.393167 0.511905
vt 0.394606 0.511905
vt 0.407466 0.511905
vt 0.412124 0.511905
vt 0.418184 0.511905
vt 0.419638 0.511905
vt 0.443693 0.0178526
vt 0.470752 0.0178526
vt 0.476801 0.0178526
vt 0.478799 0.0178526
vt 0.479481 0.0178526
vt 0.480153 0.0178526
vt 0.480759 0.0178526
vt 0.481853 0.0178526
vt 0.482267 0.0178526
vt 0.482673 0.0178526
vt 0.483151 0.0178526
vt 0.483798 0.0178526
vt 0.484444 0.0178526
vt 0.493677 0.0178526
vt 0.494165 0.0178526
vt 0.494642 0.0178526
vt 0.495119 0.0178526
vt 0.495607 0.0178526
vt 0.49944 0.0178526
vt 0.499906 0.0178526
vt 0.500364 0.0178526
vt 0.500821 0.0178526
vt 0.501285 0.0178526
vt 0.510751 0.0178526
vt 0.511112 0.0178526
vt 0.51146 0.0178526
vt 0.511803 0.0178526
vt 0.512148 0.0178526
vt 0.512659 0.0178526
vt 0.514315 0.0178526
vt 0.514864 0.0178526
vt 0.515293 0.0178526
vt 0.515728 0.0178526
vt 0.518079 0.0178526
vt 0.443648 0.511905
vt 0.470319 0.511905
vt 0.425644 0.511905
vt 0.427193 0.511905
vt 0.47678 0.511905
vt 0.481755 0.511905
vt 0.433169 0.511905
vt 0.434682 0.511905
vt 0.487781 0.511905
vt 0.517466 0.511905
vt 0.524095 0.0178526
vt 0.525839 0.0178526
vt 0.531863 0.0178526
vt 0.536899 0.0178526
vt 0.52412 0.511905
vt 0.525694 0.511905
vt 0.542951 0.0178526
vt 0.569663 0.0178526
vt 0.575682 0.0178526
vt 0.57739 0.0178526
vt 0.578188 0.0178526
vt 0.578978 0.0178526
vt 0.579605 0.0178526
vt 0.581316 0.0178526
vt 0.581712 0.0178526
vt 0.582105 0.0178526
vt 0.582494 0.0178526
vt 0.582886 0.0178526
vt 0.583288 0.0178526
vt 0.592057 0.0178526
vt 0.592634 0.0178526
vt 0.593201 0.0178526
vt 0.593768 0.0178526
vt 0.594345 0.0178526
vt 0.598297 0.0178526
vt 0.598873 0.0178526
vt 0.599439 0.0178526
vt 0.600006 0.0178526
vt 0.600582 0.0178526
vt 0.609311 0.0178526
vt 0.609715 0.0178526
vt 0.610105 0.0178526
vt 0.610491 0.0178526
vt 0.61088 0.0178526
vt 0.611345 0.0178526
vt 0.612539 0.0178526
vt 0.613271 0.0178526
vt 0.613961 0.0178526
vt 0.614661 0.0178526
vt 0.616652 0.0178526
vt 0.542901 0.511905
vt 0.569355 0.511905
vt 0.531822 0.511905
vt 0.533483 0.511905
vt 0.575716 0.511905
vt 0.58075 0.511905
vt 0.586775 0.511905
vt 0.588399 0.511905
vt 0.622622 0.0178526
vt 0.652174 0.0178526
vt 0.594389 0.511905
vt 0.596039 0.511905
vt 0.602045 0.511905
vt 0.60733 0.511905
vt 0.613349 0.511905
vt 0.614853 0.511905
vt 0.622626 0.511905
vt 0.648713 0.511905
vt 0.658154 0.0178526
vt 0.660578 0.0178526
vt 0.66108 0.0178526
vt 0.661572 0.0178526
vt 0.662274 0.0178526
vt 0.663847 0.0178526
vt 0.664411 0.0178526
vt 0.664796 0.0178526
vt 0.66518 0.0178526
vt 0.665567 0.0178526
vt 0.665966 0.0178526
vt 0.675071 0.0178526
vt 0.675626 0.0178526
vt 0.676171 0.0178526
vt 0.676717 0.0178526
vt 0.677272 0.0178526
vt 0.681014 0.0178526
vt 0.681557 0.0178526
vt 0.682092 0.0178526
vt 0.682628 0.0178526
vt 0.683171 0.0178526
vt 0.692436 0.0178526
vt 0.692994 0.0178526
vt 0.693551 0.0178526
vt 0.69395 0.0178526
vt 0.69431 0.0178526
vt 0.694673 0.0178526
vt 0.695421 0.0178526
vt 0.69587 0.0178526
vt 0.69631 0.0178526
vt 0.696837 0.0178526
vt 0.697377 0.0178526
vt 0.700295 0.0178526
vt 1.59321e-06 0.505947
vt 0.00292253 0.505947
vt 0.00350206 0.505947
vt 0.00406977 0.505947
vt 0.00454286 0.505947
vt 0.00502632 0.505947
vt 0.0057741 0.505947
vt 0.00610205 0.505947
vt 0.00642429 0.505947
vt 0.00679106 0.505947
vt 0.00729764 0.505947
vt 0.0078041 0.505947
vt 0.0170688 0.505947
vt 0.0176471 0.505947
vt 0.0182179 0.505947
vt 0.0187888 0.505947
vt 0.0193673 0.505947
vt 0.0231095 0.505947
vt 0.0237006 0.505947
vt 0.024282 0.505947
vt 0.0248633 0.505947
vt 0.0254546 0.505947
vt 0.0345601 0.505947
vt 0.0349224 0.505947
vt 0.0352735 0.505947
vt 0.0356212 0.505947
vt 0.0359702 0.505947
vt 0.0364808 0.505947
vt 0.0380537 0.505947
vt 0.0384374 0.505947
vt 0.0388134 0.505947
vt 0.0393469 0.505947
vt 0.0398917 0.505947
vt 0.0422835 0.505947
vt 0 1
vt 0.0259596 1
vt 0.0319494 1
vt 0.0334534 1
vt 0.0482884 0.505947
vt 0.0536977 0.505947
vt 0.0394436 1
vt 0.0410931 1
vt 0.0596995 0.505947
vt 0.089118 0.505947
vt 0.0482745 1
vt 0.0498984 1
vt 0.0597305 1
vt 0.0648967 1
vt 0.070897 1
vt 0.0725581 1
vt 0.095089 0.505947
vt 0.121413 0.505947
vt 0.127383 0.505947
vt 0.129314 0.505947
vt 0.130085 0.505947
vt 0.130822 0.505947
vt 0.131595 0.505947
vt 0.13279 0.505947
vt 0.133214 0.505947
vt 0.133567 0.505947
vt 0.133917 0.505947
vt 0.134271 0.505947
vt 0.134637 0.505947
vt 0.143367 0.505947
vt 0.143979 0.505947
vt 0.144581 0.505947
vt 0.145183 0.505947
vt 0.145796 0.505947
vt 0.149748 0.505947
vt 0.150361 0.505947
vt 0.150964 0.505947
vt 0.151567 0.505947
vt 0.152181 0.505947
vt 0.160949 0.505947
vt 0.161314 0.505947
vt 0.161671 0.505947
vt 0.162024 0.505947
vt 0.16238 0.505947
vt 0.16274 0.505947
vt 0.164451 0.505947
vt 0.165115 0.505947
vt 0.165539 0.505947
vt 0.165963 0.505947
vt 0.166388 0.505947
vt 0.166818 0.505947
vt 0.168483 0.505947
vt 0.127382 1
vt 0.153945 1
vt 0.159912 1
vt 0.161455 1
vt 0.0785569 1
vt 0.0837261 1
vt 0.0951054 1
vt 0.0968493 1
vt 0.174448 0.505947
vt 0.203998 0.505947
vt 0.102847 1
vt 0.10436 1
vt 0.110338 1
vt 0.115459 1
vt 0.174447 1
vt 0.175996 1
vt 0.209982 0.505947
vt 0.236506 0.505947
vt 0.242512 0.505947
vt 0.24484 0.505947
vt 0.24534 0.505947
vt 0.245814 0.505947
vt 0.246415 0.505947
vt 0.24807 0.505947
vt 0.248528 0.505947
vt 0.248838 0.505947
vt 0.249147 0.505947
vt 0.24946 0.505947
vt 0.249784 0.505947
vt 0.259254 0.505947
vt 0.259754 0.505947
vt 0.260246 0.505947
vt 0.260737 0.505947
vt 0.261237 0.505947
vt 0.26507 0.505947
vt 0.265594 0.505947
vt 0.266105 0.505947
vt 0.266617 0.505947
vt 0.267141 0.505947
vt 0.276374 0.505947
vt 0.276969 0.505947
vt 0.277564 0.505947
vt 0.278004 0.505947
vt 0.278378 0.505947
vt 0.278759 0.505947
vt 0.279866 0.505947
vt 0.280529 0.505947
vt 0.281247 0.505947
vt 0.281974 0.505947
vt 0.283935 0.505947
vt 0.242498 1
vt 0.269411 1
vt 0.275426 1
vt 0.27688 1
vt 0.181996 1
vt 0.186798 1
vt 0.192853 1
vt 0.194292 1
vt 0.289955 0.505947
vt 0.320026 0.505947
vt 0.200363 1
vt 0.201916 1
vt 0.20998 1
vt 0.21482 1
vt 0.220842 1
vt 0.222548 1
vt 0.289928 1
vt 0.316478 1
vt 0.326061 0.505947
vt 0.327859 0.505947
vt 0.328517 0.505947
vt 0.32914 0.505947
vt 0.329503 0.505947
vt 0.329873 0.505947
vt 0.331317 0.505947
vt 0.331806 0.505947
vt 0.332139 0.505947
vt 0.332471 0.505947
vt 0.332806 0.505947
vt 0.333151 0.505947
vt 0.342421 0.505947
vt 0.34295 0.505947
vt 0.34347 0.505947
vt 0.34399 0.505947
vt 0.344518 0.505947
vt 0.349039 0.505947
vt 0.349506 0.505947
vt 0.349967 0.505947
vt 0.350428 0.505947
vt 0.350895 0.505947
vt 0.360078 0.505947
vt 0.360703 0.505947
vt 0.361327 0.505947
vt 0.361756 0.505947
vt 0.362167 0.505947
vt 0.362581 0.505947
vt 0.363531 0.505947
vt 0.364221 0.505947
vt 0.364634 0.505947
vt 0.365046 0.505947
vt 0.365462 0.505947
vt 0.365887 0.505947
vt 0.368765 0.505947
vt 0.326082 1
vt 0.328963 1
vt 0.329365 1
vt 0.329757 1
vt 0.330146 1
vt 0.330534 1
vt 0.331166 1
vt 0.332102 1
vt 0.332551 1
vt 0.332997 1
vt 0.333461 1
vt 0.334138 1
vt 0.334815 1
vt 0.343998 1
vt 0.34443 1
vt 0.344856 1
vt 0.345282 1
vt 0.345713 1
vt 0.350233 1
vt 0.350726 1
vt 0.35121 1
vt 0.351694 1
vt 0.352186 1
vt 0.361455 1
vt 0.361838 1
vt 0.36221 1
vt 0.362577 1
vt 0.362946 1
vt 0.363488 1
vt 0.364932 1
vt 0.365608 1
vt 0.366178 1
vt 0.366756 1
vt 0.368624 1
vt 0.374762 0.505947
vt 0.401453 0.505947
vt 0.228587 1
vt 0.230294 1
vt 0.374783 1
vt 0.379505 1
vt 0.385543 1
vt 0.387096 1
vt 0.407442 0.505947
vt 0.437649 0.505947
vt 0.393167 1
vt 0.394606 1
vt 0.407466 1
vt 0.412124 1
vt 0.418184 1
vt 0.419638 1
vt 0.443693 0.505947
vt 0.470752 0.505947
vt 0.476801 0.505947
vt 0.478799 0.505947
vt 0.479481 0.505947
vt 0.480153 0.505947
vt 0.480759 0.505947
vt 0.481853 0.505947
vt 0.482267 0.505947
vt 0.482673 0.505947
vt 0.483151 0.505947
vt 0.483798 0.505947
vt 0.484444 0.505947
vt 0.493677 0.505947
vt 0.494165 0.505947
vt 0.494642 0.505947
vt 0.495119 0.505947
vt 0.495607 0.505947
vt 0.49944 0.505947
vt 0.499906 0.505947
vt 0.500364 0.505947
vt 0.500821 0.505947
vt 0.501285 0.505947
vt 0.510751 0.505947
vt 0.511112 0.505947
vt 0.51146 0.505947
vt 0.511803 0.505947
vt 0.512148 0.505947
vt 0.512659 0.505947
vt 0.514315 0.505947
vt 0.514864 0.505947
vt 0.515293 0.505947
vt 0.515728 0.505947
vt 0.518079 0.505947
vt 0.443648 1
vt 0.470319 1
vt 0.425644 1
vt 0.427193 1
vt 0.47678 1
vt 0.481755 1
vt 0.433169 1
vt 0.434682 1
vt 0.487781 1
vt 0.517466 1
vt 0.524095 0.505947
vt 0.525839 0.505947
vt 0.531863 0.505947
vt 0.536899 0.505947
vt 0.52412 1
vt 0.525694 1
vt 0.542951 0.505947
vt 0.569663 0.505947
vt 0.575682 0.505947
vt 0.57739 0.505947
vt 0.578188 0.505947
vt 0.578978 0.505947
vt 0.579605 0.505947
vt 0.581316 0.505947
vt 0.581712 0.505947
vt 0.582105 0.505947
vt 0.582494 0.505947
vt 0.582886 0.505947
vt 0.583288 0.505947
vt 0.592057 0.505947
vt 0.592634 0.505947
vt 0.593201 0.505947
vt 0.593768 0.505947
vt 0.594345 0.505947
vt 0.598297 0.505947
vt 0.598873 0.505947
vt 0.599439 0.505947
vt 0.600006 0.505947
vt 0.600582 0.505947
vt 0.609311 0.505947
vt 0.609715 0.505947
vt 0.610105 0.505947
vt 0.610491 0.505947
vt 0.61088 0.505947
vt 0.611345 0.505947
vt 0.612539 0.505947
vt 0.613271 0.505947
vt 0.613961 0.505947
vt 0.614661 0.505947
vt 0.616652 0.505947
vt 0.542901 1
vt 0.569355 1
vt 0.531822 1
vt 0.533483 1
vt 0.575716 1
vt 0.58075 1
vt 0.586775 1
vt 0.588399 1
vt 0.622622 0.505947
vt 0.652174 0.505947
vt 0.594389 1
vt 0.596039 1
vt 0.602045 1
vt 0.60733 1
vt 0.613349 1
vt 0.614853 1
vt 0.622626 1
vt 0.648713 1
vt 0.658154 0.505947
vt 0.660578 0.505947
vt 0.66108 0.505947
vt 0.661572 0.505947
vt 0.662274 0.505947
vt 0.663847 0.505947
vt 0.664411 0.505947
vt 0.664796 0.505947
vt 0.66518 0.505947
vt 0.665567 0.505947
vt 0.665966 0.505947
vt 0.675071 0.505947
vt 0.675626 0.505947
vt 0.676171 0.505947
vt 0.676717 0.505947
vt 0.677272 0.505947
vt 0.681014 0.505947
vt 0.681557 0.505947
vt 0.682092 0.505947
vt 0.682628 0.505947
vt 0.683171 0.505947
vt 0.692436 0.505947
vt 0.692994 0.505947
vt 0.693551 0.505947
vt 0.69395 0.505947
vt 0.69431 0.505947
vt 0.694673 0.505947
vt 0.695421 0.505947
vt 0.69587 0.505947
vt 0.69631 0.505947
vt 0.696837 0.505947
vt 0.697377 0.505947
vt 0.700295 0.505947
vt 0.00146206 0.2619
vt 0.00321229 0.2619
vt 0.00378592 0.2619
vt 0.00430631 0.2619
vt 0.00478459 0.2619
vt 0.00540021 0.2619
vt 0.00593808 0.2619
vt 0.00626317 0.2619
vt 0.00660768 0.2619
vt 0.00704435 0.2619
vt 0.00755087 0.2619
vt 0.0124365 0.2619
vt 0.017358 0.2619
vt 0.0179325 0.2619
vt 0.0185034 0.2619
vt 0.019078 0.2619
vt 0.0212384 0.2619
vt 0.0234051 0.2619
vt 0.0239913 0.2619
vt 0.0245726 0.2619
vt 0.0251589 0.2619
vt 0.0300074 0.2619
vt 0.0347413 0.2619
vt 0.035098 0.2619
vt 0.0354474 0.2619
vt 0.0357957 0.2619
vt 0.0362255 0.2619
vt 0.0372672 0.2619
vt 0.0382456 0.2619
vt 0.0386254 0.2619
vt 0.0390801 0.2619
vt 0.0396193 0.2619
vt 0.0410876 0.2619
vt 0.0129798 0.755953
vt 0.0327014 0.755953
vt 0.050993 0.2619
vt 0.0402683 0.755953
vt 0.0744087 0.2619
vt 0.0490864 0.755953
vt 0.0623136 0.755953
vt 0.0717275 0.755953
vt 0.108251 0.2619
vt 0.128348 0.2619
vt 0.1297 0.2619
vt 0.130453 0.2619
vt 0.131209 0.2619
vt 0.132192 0.2619
vt 0.133002 0.2619
vt 0.13339 0.2619
vt 0.133742 0.2619
vt 0.134094 0.2619
vt 0.134454 0.2619
vt 0.139002 0.2619
vt 0.143673 0.2619
vt 0.14428 0.2619
vt 0.144882 0.2619
vt 0.14549 0.2619
vt 0.147772 0.2619
vt 0.150054 0.2619
vt 0.150663 0.2619
vt 0.151266 0.2619
vt 0.151874 0.2619
vt 0.156565 0.2619
vt 0.161132 0.2619
vt 0.161493 0.2619
vt 0.161847 0.2619
vt 0.162202 0.2619
vt 0.16256 0.2619
vt 0.163595 0.2619
vt 0.164783 0.2619
vt 0.165327 0.2619
vt 0.165751 0.2619
vt 0.166176 0.2619
vt 0.166603 0.2619
vt 0.16765 0.2619
vt 0.140664 0.755953
vt 0.160683 0.755953
vt 0.0811415 0.755953
vt 0.0959774 0.755953
vt 0.189223 0.2619
vt 0.103604 0.755953
vt 0.112899 0.755953
vt 0.175221 0.755953
vt 0.223244 0.2619
vt 0.243676 0.2619
vt 0.24509 0.2619
vt 0.245577 0.2619
vt 0.246114 0.2619
vt 0.247243 0.2619
vt 0.248299 0.2619
vt 0.248683 0.2619
vt 0.248993 0.2619
vt 0.249303 0.2619
vt 0.249622 0.2619
vt 0.254519 0.2619
vt 0.259504 0.2619
vt 0.26 0.2619
vt 0.260491 0.2619
vt 0.260987 0.2619
vt 0.263154 0.2619
vt 0.265332 0.2619
vt 0.265849 0.2619
vt 0.266361 0.2619
vt 0.266879 0.2619
vt 0.271757 0.2619
vt 0.276671 0.2619
vt 0.277266 0.2619
vt 0.277784 0.2619
vt 0.278191 0.2619
vt 0.278568 0.2619
vt 0.279312 0.2619
vt 0.280197 0.2619
vt 0.280888 0.2619
vt 0.28161 0.2619
vt 0.282954 0.2619
vt 0.255955 0.755953
vt 0.276153 0.755953
vt 0.184397 0.755953
vt 0.193572 0.755953
vt 0.304991 0.2619
vt 0.201139 0.755953
vt 0.2124 0.755953
vt 0.221695 0.755953
vt 0.303203 0.755953
vt 0.32696 0.2619
vt 0.328188 0.2619
vt 0.328829 0.2619
vt 0.329321 0.2619
vt 0.329688 0.2619
vt 0.330595 0.2619
vt 0.331561 0.2619
vt 0.331973 0.2619
vt 0.332305 0.2619
vt 0.332638 0.2619
vt 0.332979 0.2619
vt 0.337786 0.2619
vt 0.342686 0.2619
vt 0.34321 0.2619
vt 0.34373 0.2619
vt 0.344254 0.2619
vt 0.346779 0.2619
vt 0.349272 0.2619
vt 0.349736 0.2619
vt 0.350198 0.2619
vt 0.350662 0.2619
vt 0.355487 0.2619
vt 0.360391 0.2619
vt 0.361015 0.2619
vt 0.361542 0.2619
vt 0.361962 0.2619
vt 0.362374 0.2619
vt 0.363056 0.2619
vt 0.363876 0.2619
vt 0.364427 0.2619
vt 0.36484 0.2619
vt 0.365254 0.2619
vt 0.365674 0.2619
vt 0.367326 0.2619
vt 0.327522 0.755953
vt 0.329164 0.755953
vt 0.329561 0.755953
vt 0.329952 0.755953
vt 0.33034 0.755953
vt 0.33085 0.755953
vt 0.331634 0.755953
vt 0.332327 0.755953
vt 0.332774 0.755953
vt 0.333229 0.755953
vt 0.333799 0.755953
vt 0.334476 0.755953
vt 0.339406 0.755953
vt 0.344214 0.755953
vt 0.344643 0.755953
vt 0.345069 0.755953
vt 0.345497 0.755953
vt 0.347973 0.755953
vt 0.350479 0.755953
vt 0.350968 0.755953
vt 0.351452 0.755953
vt 0.35194 0.755953
vt 0.356821 0.755953
vt 0.361647 0.755953
vt 0.362024 0.755953
vt 0.362394 0.755953
vt 0.362762 0.755953
vt 0.363217 0.755953
vt 0.36421 0.755953
vt 0.36527 0.755953
vt 0.365893 0.755953
vt 0.366467 0.755953
vt 0.36769 0.755953
vt 0.388107 0.2619
vt 0.229441 0.755953
vt 0.377144 0.755953
vt 0.38632 0.755953
vt 0.422546 0.2619
vt 0.393887 0.755953
vt 0.409795 0.755953
vt 0.418911 0.755953
vt 0.457222 0.2619
vt 0.4778 0.2619
vt 0.47914 0.2619
vt 0.479817 0.2619
vt 0.480456 0.2619
vt 0.481306 0.2619
vt 0.48206 0.2619
vt 0.48247 0.2619
vt 0.482912 0.2619
vt 0.483474 0.2619
vt 0.484121 0.2619
vt 0.48906 0.2619
vt 0.493921 0.2619
vt 0.494404 0.2619
vt 0.49488 0.2619
vt 0.495363 0.2619
vt 0.497523 0.2619
vt 0.499673 0.2619
vt 0.500135 0.2619
vt 0.500592 0.2619
vt 0.501053 0.2619
vt 0.506018 0.2619
vt 0.510931 0.2619
vt 0.511286 0.2619
vt 0.511631 0.2619
vt 0.511976 0.2619
vt 0.512404 0.2619
vt 0.513487 0.2619
vt 0.514589 0.2619
vt 0.515079 0.2619
vt 0.515511 0.2619
vt 0.516903 0.2619
vt 0.456984 0.755953
vt 0.426418 0.755953
vt 0.479267 0.755953
vt 0.433926 0.755953
vt 0.502624 0.755953
vt 0.524967 0.2619
vt 0.534381 0.2619
vt 0.524907 0.755953
vt 0.556307 0.2619
vt 0.576536 0.2619
vt 0.577789 0.2619
vt 0.578583 0.2619
vt 0.579292 0.2619
vt 0.58046 0.2619
vt 0.581514 0.2619
vt 0.581908 0.2619
vt 0.582299 0.2619
vt 0.58269 0.2619
vt 0.583087 0.2619
vt 0.587673 0.2619
vt 0.592345 0.2619
vt 0.592917 0.2619
vt 0.593485 0.2619
vt 0.594057 0.2619
vt 0.596321 0.2619
vt 0.598585 0.2619
vt 0.599156 0.2619
vt 0.599723 0.2619
vt 0.600294 0.2619
vt 0.604946 0.2619
vt 0.609513 0.2619
vt 0.60991 0.2619
vt 0.610298 0.2619
vt 0.610685 0.2619
vt 0.611112 0.2619
vt 0.611942 0.2619
vt 0.612905 0.2619
vt 0.613616 0.2619
vt 0.614311 0.2619
vt 0.615657 0.2619
vt 0.556128 0.755953
vt 0.532653 0.755953
vt 0.578233 0.755953
vt 0.587587 0.755953
vt 0.637398 0.2619
vt 0.595214 0.755953
vt 0.604687 0.755953
vt 0.614101 0.755953
vt 0.63567 0.755953
vt 0.659366 0.2619
vt 0.660829 0.2619
vt 0.661326 0.2619
vt 0.661923 0.2619
vt 0.663061 0.2619
vt 0.664129 0.2619
vt 0.664604 0.2619
vt 0.664988 0.2619
vt 0.665373 0.2619
vt 0.665766 0.2619
vt 0.670518 0.2619
vt 0.675348 0.2619
vt 0.675899 0.2619
vt 0.676444 0.2619
vt 0.676994 0.2619
vt 0.679143 0.2619
vt 0.681285 0.2619
vt 0.681825 0.2619
vt 0.68236 0.2619
vt 0.682899 0.2619
vt 0.687803 0.2619
vt 0.692715 0.2619
vt 0.693273 0.2619
vt 0.693751 0.2619
vt 0.69413 0.2619
vt 0.694491 0.2619
vt 0.695047 0.2619
vt 0.695645 0.2619
vt 0.69609 0.2619
vt 0.696573 0.2619
vt 0.697107 0.2619
vt 0.698836 0.2619


# Vertex Surface Normals: 
vn 0 0 1
vn 0 0 -1
vn 0.628072 0.778155 0
vn 0.628072 0.778155 -2.87934e-17
vn 0.545634 0.838024 -3.99392e-18
vn 0.545634 0.838024 3.99392e-18
vn 0.628072 0.778155 2.87934e-17
vn 0.457532 0.889193 0
vn 0.311031 0.9504 6.9358e-18
vn 0.311031 0.9504 -6.9358e-18
vn 0.156688 0.987648 0
vn 0.0131472 0.999914 -3.61262e-18
vn 0.0131472 0.999914 3.61262e-18
vn -0.130667 0.991426 0
vn -0.260412 0.965497 8.89026e-18
vn -0.260412 0.965497 -8.89026e-18
vn -0.385599 0.922666 0
vn -0.44603 0.895018 -2.70135e-18
vn -0.44603 0.895018 2.70135e-18
vn -0.504491 0.863417 0
vn -0.448024 0.894021 -2.06035e-17
vn -0.448024 0.894021 2.06035e-17
vn -0.38971 0.920938 0
vn -0.263609 0.96463 -9.13454e-18
vn -0.263609 0.96463 9.13454e-18
vn -0.132813 0.991141 0
vn 0.00769056 0.99997 -1.80346e-19
vn 0.00769056 0.99997 1.80346e-19
vn 0.148042 0.988981 0
vn 0.317244 0.948344 1.08778e-17
vn 0.317244 0.948344 -1.08778e-17
vn 0.47684 0.87899 0
vn 0.648454 0.761254 2.95979e-17
vn 0.648454 0.761254 -2.95979e-17
vn 0.791981 0.610546 0
vn 0.84992 0.526911 -2.21663e-18
vn 0.84992 0.526911 2.21663e-18
vn 0.899062 0.437822 0
vn 0.865663 0.500627 -2.11087e-17
vn 0.865663 0.500627 2.11087e-17
vn 0.827885 0.560898 0
vn 0.741696 0.670736 2.76254e-17
vn 0.741696 0.670736 -2.76254e-17
vn 0.64105 0.767499 0
vn 0.53019 0.847879 3.78237e-17
vn 0.53019 0.847879 -3.78237e-17
vn 0.409388 0.91236 0
vn 0.278441 0.960453 7.995e-18
vn 0.278441 0.960453 -7.995e-18
vn 0.142076 0.989856 0
vn 0.0712189 0.997461 -1.41445e-18
vn 0.0712189 0.997461 1.41445e-18
vn 0 1 0
vn -0.072215 0.997389 -1.87289e-18
vn -0.072215 0.997389 1.87289e-18
vn -0.144053 0.98957 0
vn -0.283162 0.959072 -1.14898e-17
vn -0.283162 0.959072 1.14898e-17
vn -0.416528 0.909123 0
vn -0.539654 0.841887 -3.85647e-17
vn -0.539654 0.841887 3.85647e-17
vn -0.65216 0.758081 0
vn -0.753289 0.657689 -4.75287e-17
vn -0.753289 0.657689 4.75287e-17
vn -0.839123 0.543942 0
vn -0.876191 0.481964 -1.81709e-17
vn -0.876191 0.481964 1.81709e-17
vn -0.90869 0.417472 0
vn -0.875242 0.483685 -1.88998e-17
vn -0.875242 0.483685 1.88998e-17
vn -0.836979 0.547235 0
vn -0.748655 0.66296 -4.44069e-18
vn -0.748655 0.66296 4.44069e-18
vn -0.644465 0.764634 0
vn -0.531011 0.847365 5.30592e-18
vn -0.531011 0.847365 -5.30592e-18
vn -0.407087 0.913389 0
vn -0.276328 0.961063 -9.53557e-18
vn -0.276328 0.961063 9.53557e-18
vn -0.140216 0.990121 0
vn 0.0343293 0.999411 -1.73617e-19
vn 0.0343293 0.999411 1.73617e-19
vn 0.207826 0.978166 0
vn 0.308954 0.951077 -9.4905e-18
vn 0.308954 0.951077 9.4905e-18
vn 0.406695 0.913564 0
vn 0.358266 0.93362 -9.36003e-18
vn 0.358266 0.93362 9.36003e-18
vn 0.308852 0.95111 0
vn 0.207816 0.978168 -8.00762e-20
vn 0.207816 0.978168 8.00762e-20
vn 0.104507 0.994524 0
vn -0.0222635 0.999752 3.33257e-18
vn -0.0222635 0.999752 -3.33257e-18
vn -0.148675 0.988886 0
vn -0.294239 0.955732 1.33237e-17
vn -0.294239 0.955732 -1.33237e-17
vn -0.433244 0.901277 0
vn -0.619684 0.784852 -8.03554e-18
vn -0.619684 0.784852 8.03554e-18
vn -0.776184 0.630507 0
vn -0.776184 0.630507 -3.54217e-17
vn -0.776184 0.630507 3.54217e-17
vn 0 1 0
vn 0 1 0
vn 0 1 0
vn 0 1 0
vn 0 1 0
vn 0.820224 0.572042 0
vn 0.820224 0.572042 0
vn 0.820224 0.572042 0
vn 0.820224 0.572042 0
vn 0.820224 0.572042 0
vn 0 1 0
vn 0 1 0
vn 0 1 0
vn 0 1 0
vn 0 1 0
vn -0.747891 0.663821 0
vn -0.747891 0.663821 0
vn -0.747891 0.663821 0
vn -0.747891 0.663821 0
vn -0.747891 0.663821 0
vn 0 1 0
vn 0 1 0
vn 0 1 0
vn 0 1 0
vn 0 1 0
vn 0.746497 0.665389 0
vn 0.746497 0.665389 3.40126e-17
vn 0.746497 0.665389 3.40126e-17
vn 0.746497 0.665389 -3.40126e-17
vn 0.746497 0.665389 -3.40126e-17
vn 0.00413697 0.999991 0
vn 0.00413697 0.999991 0
vn 0.00413697 0.999991 0
vn 0.00413697 0.999991 0
vn 0.00413697 0.999991 0
vn -0.742669 0.669659 0
vn -0.742669 0.669659 0
vn -0.742669 0.669659 0
vn -0.742669 0.669659 0
vn -0.742669 0.669659 0
vn 0 1 0
vn 0 1 0
vn 0 1 0
vn 0 1 0
vn 0 1 0
vn 0.861822 0.507211 0
vn 0.861822 0.507211 -1.97791e-17
vn 0.693311 0.720638 -1.02692e-17
vn 0.693311 0.720638 1.02692e-17
vn 0.861822 0.507211 1.97791e-17
vn 0.473532 0.880777 0
vn 0.32078 0.947154 1.75405e-18
vn 0.32078 0.947154 -1.75405e-18
vn 0.159129 0.987258 0
vn -0.0038319 0.999993 1.66166e-18
vn -0.0038319 0.999993 -1.66166e-18
vn -0.16669 0.986009 0
vn -0.248813 0.968552 -3.87235e-18
vn -0.248813 0.968552 3.87235e-18
vn -0.329182 0.944266 0
vn -0.249713 0.96832 -3.78147e-18
vn -0.249713 0.96832 3.78147e-18
vn -0.168522 0.985698 0
vn -0.0135587 0.999908 0
vn -0.0135587 0.999908 0
vn 0.141733 0.989905 0
vn 0.27998 0.960006 0
vn 0.27998 0.960006 0
vn 0.412626 0.9109 0
vn 0.537078 0.843532 0
vn 0.537078 0.843532 0
vn 0.650775 0.759271 0
vn 0.752972 0.658053 9.62931e-18
vn 0.752972 0.658053 -9.62931e-18
vn 0.83959 0.54322 0
vn 0.876459 0.481477 9.30047e-18
vn 0.876459 0.481477 -9.30047e-18
vn 0.908794 0.417245 0
vn 0.876269 0.481823 -1.06293e-17
vn 0.876269 0.481823 1.06293e-17
vn 0.839162 0.543881 0
vn 0.753351 0.657618 -1.84347e-18
vn 0.753351 0.657618 1.84347e-18
vn 0.652248 0.758006 0
vn 0.539754 0.841822 3.80622e-18
vn 0.539754 0.841822 -3.80622e-18
vn 0.416639 0.909072 0
vn 0.283247 0.959047 -3.14008e-18
vn 0.283247 0.959047 3.14008e-18
vn 0.144108 0.989562 0
vn 0.0722428 0.997387 1.6508e-18
vn 0.0722428 0.997387 -1.6508e-18
vn 0 1 0
vn -0.0722853 0.997384 -2.35356e-19
vn -0.0722853 0.997384 2.35356e-19
vn -0.144192 0.98955 0
vn -0.283557 0.958955 -2.37154e-19
vn -0.283557 0.958955 2.37154e-19
vn -0.417149 0.908838 0
vn -0.540526 0.841328 -7.51545e-18
vn -0.540526 0.841328 7.51545e-18
vn -0.653211 0.757176 0
vn -0.754412 0.656402 1.36735e-18
vn -0.754412 0.656402 -1.36735e-18
vn -0.840225 0.542239 0
vn -0.877143 0.48023 8.56469e-18
vn -0.877143 0.48023 -8.56469e-18
vn -0.909493 0.41572 0
vn -0.876194 0.481959 -3.00776e-19
vn -0.876194 0.481959 3.00776e-19
vn -0.838079 0.545549 0
vn -0.750605 0.660751 -4.832e-20
vn -0.750605 0.660751 4.832e-20
vn -0.647427 0.762128 0
vn -0.534516 0.845158 4.7365e-18
vn -0.534516 0.845158 -4.7365e-18
vn -0.411106 0.911588 0
vn -0.279407 0.960173 3.09848e-18
vn -0.279407 0.960173 -3.09848e-18
vn -0.142202 0.989838 0
vn 0.00158686 0.999999 3.76121e-20
vn 0.00158686 0.999999 -3.76121e-20
vn 0.145343 0.989381 0
vn 0.216635 0.976253 4.97432e-18
vn 0.216635 0.976253 -4.97432e-18
vn 0.286788 0.957994 0
vn 0.215748 0.976449 4.86506e-18
vn 0.215748 0.976449 -4.86506e-18
vn 0.143546 0.989644 0
vn 0.0266787 0.999644 1.4726e-18
vn 0.0266787 0.999644 -1.4726e-18
vn -0.0905556 0.995891 0
vn -0.180027 0.983662 -8.78378e-20
vn -0.180027 0.983662 8.78378e-20
vn -0.268031 0.96341 0
vn -0.354406 0.935092 0
vn -0.354406 0.935092 0
vn -0.437853 0.899046 0
vn -0.519447 0.854503 3.42936e-18
vn -0.519447 0.854503 -3.42936e-18
vn -0.596552 0.802574 0
vn -0.795339 0.606165 3.5097e-18
vn -0.795339 0.606165 -3.5097e-18
vn -0.932016 0.362417 0
vn -0.932016 0.362417 -8.37713e-20
vn -0.932016 0.362417 8.37713e-20
vn 0 1 0
vn 0 1 0
vn 0 1 0
vn 0 1 0
vn 0 1 0
vn 0.783752 0.621074 0
vn 0.783752 0.621074 8.86006e-18
vn 0.783752 0.621074 8.86006e-18
vn 0.783752 0.621074 -8.86006e-18
vn 0.783752 0.621074 -8.86006e-18
vn 0.00471148 0.999989 0
vn 0.00471148 0.999989 2.68579e-20
vn 0.00471148 0.999989 2.68579e-20
vn 0.00471148 0.999989 -2.68579e-20
vn 0.00471148 0.999989 -2.68579e-20
vn -0.707392 0.706822 0
vn -0.707392 0.706822 0
vn -0.707392 0.706822 0
vn -0.707392 0.706822 0
vn -0.707392 0.706822 0
vn 0 1 0
vn 0 1 0
vn 0 1 0
vn 0 1 0
vn 0 1 0
vn 0.798539 0.601943 0
vn 0.798539 0.601943 0
vn 0.798539 0.601943 0
vn 0.798539 0.601943 0
vn 0.798539 0.601943 0
vn 0.00495018 0.999988 0
vn 0.00495018 0.999988 2.71138e-20
vn 0.00495018 0.999988 2.71138e-20
vn 0.00495018 0.999988 -2.71138e-20
vn 0.00495018 0.999988 -2.71138e-20
vn -0.796598 0.604509 0
vn -0.796598 0.604509 -4.50379e-18
vn -0.796598 0.604509 -4.50379e-18
vn -0.796598 0.604509 4.50379e-18
vn -0.796598 0.604509 4.50379e-18
vn 0 1 0
vn 0 1 0
vn 0 1 0
vn 0 1 0
vn 0 1 0
vn 0.811629 0.584173 0
vn 0.811629 0.584173 0
vn 0.660805 0.750558 2.70842e-18
vn 0.660805 0.750558 -2.70842e-18
vn 0.811629 0.584173 0
vn 0.476654 0.879091 0
vn 0.322852 0.94645 1.75315e-18
vn 0.322852 0.94645 -1.75315e-18
vn 0.159948 0.987125 0
vn -0.0222338 0.999753 1.34643e-18
vn -0.0222338 0.999753 -1.34643e-18
vn -0.203674 0.979039 0
vn -0.302464 0.953161 -2.2835e-18
vn -0.302464 0.953161 2.2835e-18
vn -0.3981 0.917342 0
vn -0.302264 0.953224 -6.86175e-18
vn -0.302264 0.953224 6.86175e-18
vn -0.203263 0.979124 0
vn -0.0328109 0.999462 -2.35323e-18
vn -0.0328109 0.999462 2.35323e-18
vn 0.138608 0.990347 0
vn 0.274069 0.96171 0
vn 0.274069 0.96171 0
vn 0.404277 0.914637 0
vn 0.527535 0.849533 0
vn 0.527535 0.849533 0
vn 0.640543 0.767923 0
vn 0.743221 0.669046 0
vn 0.743221 0.669046 0
vn 0.830797 0.556575 0
vn 0.868394 0.495876 0
vn 0.868394 0.495876 0
vn 0.901563 0.432648 0
vn 0.855052 0.518543 8.60028e-19
vn 0.855052 0.518543 -8.60028e-19
vn 0.800382 0.59949 0
vn 0.713943 0.700204 8.63531e-19
vn 0.713943 0.700204 -8.63531e-19
vn 0.614927 0.788584 0
vn 0.506325 0.862342 -3.15134e-18
vn 0.506325 0.862342 3.15134e-18
vn 0.388998 0.921239 0
vn 0.263593 0.964634 -1.8777e-19
vn 0.263593 0.964634 1.8777e-19
vn 0.133545 0.991043 0
vn 0.0669227 0.997758 2.94467e-18
vn 0.0669227 0.997758 -2.94467e-18
vn 0 1 0
vn -0.0690282 0.997615 -1.41197e-18
vn -0.0690282 0.997615 1.41197e-18
vn -0.137727 0.99047 0
vn -0.273487 0.961876 -6.07451e-18
vn -0.273487 0.961876 6.07451e-18
vn -0.403983 0.914766 0
vn -0.526261 0.850323 2.7046e-18
vn -0.526261 0.850323 -2.7046e-18
vn -0.638484 0.769635 0
vn -0.73883 0.673892 6.54915e-18
vn -0.73883 0.673892 -6.54915e-18
vn -0.824963 0.565186 0
vn -0.862052 0.506819 9.03305e-18
vn -0.862052 0.506819 -9.03305e-18
vn -0.895019 0.446029 0
vn -0.845752 0.533576 7.76818e-19
vn -0.845752 0.533576 -7.76818e-19
vn -0.78795 0.615739 0
vn -0.646278 0.763102 -1.47892e-17
vn -0.646278 0.763102 1.47892e-17
vn -0.477601 0.878577 0
vn -0.318329 0.94798 -2.06194e-18
vn -0.318329 0.94798 2.06194e-18
vn -0.149448 0.98877 0
vn -0.0103298 0.999947 1.95968e-18
vn -0.0103298 0.999947 -1.95968e-18
vn 0.12899 0.991646 0
vn 0.2556 0.966783 -1.48256e-18
vn 0.2556 0.966783 1.48256e-18
vn 0.377955 0.925824 0
vn 0.43529 0.90029 0
vn 0.43529 0.90029 0
vn 0.490911 0.87121 0
vn 0.326413 0.945227 -8.7074e-20
vn 0.326413 0.945227 8.7074e-20
vn 0.151295 0.988489 0
vn -0.00628716 0.99998 -2.06734e-18
vn -0.00628716 0.99998 2.06734e-18
vn -0.163712 0.986508 0
vn -0.323958 0.946072 -1.98296e-18
vn -0.323958 0.946072 1.98296e-18
vn -0.475355 0.879794 0
vn -0.704049 0.710152 1.02964e-17
vn -0.704049 0.710152 -1.02964e-17
vn -0.875659 0.48293 0
vn -0.875659 0.48293 1.9758e-17
vn -0.875659 0.48293 -1.9758e-17
vn 0 1 0
vn 0 1 0
vn 0 1 0
vn 0 1 0
vn 0 1 0
vn 0.848804 0.528707 0
vn 0.848804 0.528707 3.86844e-17
vn 0.848804 0.528707 3.86844e-17
vn 0.848804 0.528707 -3.86844e-17
vn 0.848804 0.528707 -3.86844e-17
vn 0 1 0
vn 0 1 0
vn 0 1 0
vn 0 1 0
vn 0 1 0
vn -0.856914 0.51546 0
vn -0.856914 0.51546 3.90547e-17
vn -0.856914 0.51546 3.90547e-17
vn -0.856914 0.51546 -3.90547e-17
vn -0.856914 0.51546 -3.90547e-17
vn 0 1 0
vn 0 1 0
vn 0 1 0
vn 0 1 0
vn 0 1 0
vn 0.794358 0.60745 0
vn 0.794358 0.60745 -3.61983e-17
vn 0.794358 0.60745 -3.61983e-17
vn 0.794358 0.60745 3.61983e-17
vn 0.794358 0.60745 3.61983e-17
vn 0 1 0
vn 0 1 0
vn 0 1 0
vn 0 1 0
vn 0 1 0
vn -0.7228 0.691057 0
vn -0.7228 0.691057 0
vn -0.7228 0.691057 0
vn -0.7228 0.691057 0
vn -0.7228 0.691057 0
vn 0 1 0
vn 0 1 0
vn 0 1 0
vn 0 1 0
vn 0 1 0
vn 0.927002 0.375057 0
vn 0.927002 0.375057 -4.23388e-17
vn 0.764071 0.645132 -2.22776e-17
vn 0.764071 0.645132 2.22776e-17
vn 0.927002 0.375057 4.23388e-17
vn 0.525125 0.851025 0
vn 0.356679 0.934227 -4.17058e-18
vn 0.356679 0.934227 4.17058e-18
vn 0.175642 0.984454 0
vn 0.0365665 0.999331 5.30555e-19
vn 0.0365665 0.999331 -5.30555e-19
vn -0.103225 0.994658 0
vn -0.206851 0.978372 1.1719e-17
vn -0.206851 0.978372 -1.1719e-17
vn -0.308202 0.951321 0
vn -0.35838 0.933576 -2.24616e-18
vn -0.35838 0.933576 2.24616e-18
vn -0.407543 0.913186 0
vn -0.309522 0.950892 3.88473e-20
vn -0.309522 0.950892 -3.88473e-20
vn -0.208086 0.97811 0
vn -0.034426 0.999407 1.25296e-17
vn -0.034426 0.999407 -1.25296e-17
vn 0.140288 0.990111 0
vn 0.276559 0.960997 3.05362e-18
vn 0.276559 0.960997 -3.05362e-18
vn 0.40746 0.913223 0
vn 0.531445 0.847093 1.48615e-17
vn 0.531445 0.847093 -1.48615e-17
vn 0.644937 0.764236 0
vn 0.748997 0.662574 1.48721e-17
vn 0.748997 0.662574 -1.48721e-17
vn 0.837205 0.546889 0
vn 0.875262 0.483649 -2.07927e-17
vn 0.875262 0.483649 2.07927e-17
vn 0.908551 0.417774 0
vn 0.87598 0.482347 -2.00124e-17
vn 0.87598 0.482347 2.00124e-17
vn 0.838827 0.544398 0
vn 0.75302 0.657998 -1.42291e-17
vn 0.75302 0.657998 1.42291e-17
vn 0.65195 0.758262 0
vn 0.539479 0.841999 -1.50085e-17
vn 0.539479 0.841999 1.50085e-17
vn 0.416402 0.909181 0
vn 0.283069 0.9591 1.4261e-18
vn 0.283069 0.9591 -1.4261e-18
vn 0.143997 0.989578 0
vn 0.0721871 0.997391 1.41534e-18
vn 0.0721871 0.997391 -1.41534e-18
vn 0 1 0
vn -0.0712325 0.99746 -4.66815e-18
vn -0.0712325 0.99746 4.66815e-18
vn -0.142103 0.989852 0
vn -0.278544 0.960423 -1.41288e-17
vn -0.278544 0.960423 1.41288e-17
vn -0.409559 0.912284 0
vn -0.530408 0.847743 -9.42334e-18
vn -0.530408 0.847743 9.42334e-18
vn -0.641301 0.767289 0
vn -0.741897 0.670514 -1.90741e-17
vn -0.741897 0.670514 1.90741e-17
vn -0.828037 0.560674 0
vn -0.865906 0.500207 -1.91777e-17
vn -0.865906 0.500207 1.91777e-17
vn -0.899367 0.437194 0
vn -0.848858 0.528622 1.78095e-17
vn -0.848858 0.528622 -1.78095e-17
vn -0.789087 0.614282 0
vn -0.645491 0.763768 7.3217e-18
vn -0.645491 0.763768 -7.3217e-18
vn -0.474162 0.880438 0
vn -0.312832 0.949808 -1.09575e-17
vn -0.312832 0.949808 1.09575e-17
vn -0.141855 0.989888 0
vn -0.00327194 0.999995 0
vn -0.00327194 0.999995 0
vn 0.135374 0.990795 0
vn 0.269274 0.963064 9.16606e-18
vn 0.269274 0.963064 -9.16606e-18
vn 0.39814 0.917325 0
vn 0.459808 0.888018 2.08806e-17
vn 0.459808 0.888018 -2.08806e-17
vn 0.519333 0.854572 0
vn 0.346897 0.937903 8.21878e-18
vn 0.346897 0.937903 -8.21878e-18
vn 0.161737 0.986834 0
vn 0.032376 0.999476 -5.95891e-18
vn 0.032376 0.999476 5.95891e-18
vn -0.097532 0.995232 0
vn -0.194054 0.980991 -2.32079e-18
vn -0.194054 0.980991 2.32079e-18
vn -0.28873 0.957411 0
vn -0.380658 0.924716 -8.51082e-20
vn -0.380658 0.924716 8.51082e-20
vn -0.468963 0.883218 0
vn -0.553155 0.833078 -1.44765e-17
vn -0.553155 0.833078 1.44765e-17
vn -0.632036 0.774939 0
vn -0.669206 0.743077 -3.03131e-17
vn -0.669206 0.743077 3.03131e-17
vn -0.704772 0.709434 0
vn -0.704772 0.709434 -3.17396e-17
vn -0.704772 0.709434 3.17396e-17
vn 0.67275 -0.73987 0
vn 0.67275 -0.73987 3.03581e-17
vn 0.652671 -0.757641 1.51845e-17
vn 0.652671 -0.757641 -1.51845e-17
vn 0.67275 -0.73987 -3.03581e-17
vn 0.632124 -0.774868 0
vn 0.553105 -0.833112 0
vn 0.553105 -0.833112 0
vn 0.468756 -0.883328 0
vn 0.380504 -0.924779 0
vn 0.380504 -0.924779 0
vn 0.288634 -0.957439 0
vn 0.194053 -0.980991 8.76243e-20
vn 0.194053 -0.980991 -8.76243e-20
vn 0.0976286 -0.995223 0
vn -0.0310655 -0.999517 3.83534e-18
vn -0.0310655 -0.999517 -3.83534e-18
vn -0.159245 -0.987239 0
vn -0.346521 -0.938042 3.78733e-18
vn -0.346521 -0.938042 -3.78733e-18
vn -0.520806 -0.853675 0
vn -0.46039 -0.887717 -9.1024e-18
vn -0.46039 -0.887717 9.1024e-18
vn -0.397761 -0.917489 0
vn -0.268894 -0.96317 -1.20937e-17
vn -0.268894 -0.96317 1.20937e-17
vn -0.135002 -0.990845 0
vn 0.00283219 -0.999996 4.89102e-19
vn 0.00283219 -0.999996 -4.89102e-19
vn 0.140612 -0.990065 0
vn 0.31231 -0.94998 3.43801e-18
vn 0.31231 -0.94998 -3.43801e-18
vn 0.4743 -0.880364 0
vn 0.645644 -0.763639 1.84462e-17
vn 0.645644 -0.763639 -1.84462e-17
vn 0.789236 -0.61409 0
vn 0.848922 -0.528518 1.81485e-17
vn 0.848922 -0.528518 -1.81485e-17
vn 0.899367 -0.437194 0
vn 0.865888 -0.500238 -7.90843e-19
vn 0.865888 -0.500238 7.90843e-19
vn 0.827997 -0.560733 0
vn 0.741848 -0.670568 -1.89372e-18
vn 0.741848 -0.670568 1.89372e-18
vn 0.641245 -0.767336 0
vn 0.530367 -0.847768 -1.09673e-18
vn 0.530367 -0.847768 1.09673e-18
vn 0.409538 -0.912293 0
vn 0.278539 -0.960425 -3.27326e-18
vn 0.278539 -0.960425 3.27326e-18
vn 0.142115 -0.98985 0
vn 0.0712387 -0.997459 -3.24964e-18
vn 0.0712387 -0.997459 3.24964e-18
vn 0 -1 0
vn -0.0721982 -0.99739 -3.29416e-18
vn -0.0721982 -0.99739 3.29416e-18
vn -0.14402 -0.989575 0
vn -0.283088 -0.959094 6.26476e-18
vn -0.283088 -0.959094 -6.26476e-18
vn -0.416419 -0.909173 0
vn -0.539501 -0.841985 9.58103e-18
vn -0.539501 -0.841985 -9.58103e-18
vn -0.651975 -0.75824 0
vn -0.753079 -0.65793 -1.93326e-17
vn -0.753079 -0.65793 1.93326e-17
vn -0.838908 -0.544274 0
vn -0.87601 -0.482293 1.60479e-18
vn -0.87601 -0.482293 -1.60479e-18
vn -0.908542 -0.417795 0
vn -0.87526 -0.483653 2.07937e-17
vn -0.87526 -0.483653 -2.07937e-17
vn -0.837213 -0.546877 0
vn -0.748915 -0.662667 0
vn -0.748915 -0.662667 0
vn -0.644736 -0.764405 0
vn -0.531239 -0.847222 -9.2218e-18
vn -0.531239 -0.847222 9.2218e-18
vn -0.407255 -0.913314 0
vn -0.276431 -0.961034 -9.22018e-18
vn -0.276431 -0.961034 9.22018e-18
vn -0.140246 -0.990117 0
vn 0.0344331 -0.999407 -4.81662e-18
vn 0.0344331 -0.999407 4.81662e-18
vn 0.208059 -0.978116 0
vn 0.309508 -0.950897 4.36311e-18
vn 0.309508 -0.950897 -4.36311e-18
vn 0.407543 -0.913186 0
vn 0.309279 -0.950971 9.13258e-18
vn 0.309279 -0.950971 -9.13258e-18
vn 0.207588 -0.978216 0
vn 0.0173681 -0.999849 -4.02746e-18
vn 0.0173681 -0.999849 4.02746e-18
vn -0.173488 -0.984836 0
vn -0.343963 -0.938983 -1.56917e-17
vn -0.343963 -0.938983 1.56917e-17
vn -0.503719 -0.863868 0
vn -0.756 -0.654572 -1.20672e-17
vn -0.756 -0.654572 1.20672e-17
vn -0.927048 -0.374942 0
vn -0.927048 -0.374942 1.49251e-19
vn -0.927048 -0.374942 -1.49251e-19
vn 0 -1 0
vn 0 -1 0
vn 0 -1 0
vn 0 -1 0
vn 0 -1 0
vn 0.7228 -0.691057 0
vn 0.7228 -0.691057 -3.28491e-17
vn 0.7228 -0.691057 -3.28491e-17
vn 0.7228 -0.691057 3.28491e-17
vn 0.7228 -0.691057 3.28491e-17
vn 0 -1 0
vn 0 -1 0
vn 0 -1 0
vn 0 -1 0
vn 0 -1 0
vn -0.794281 -0.607551 0
vn -0.794281 -0.607551 -3.61947e-17
vn -0.794281 -0.607551 -3.61947e-17
vn -0.794281 -0.607551 3.61947e-17
vn -0.794281 -0.607551 3.61947e-17
vn 0 -1 0
vn 0 -1 0
vn 0 -1 0
vn 0 -1 0
vn 0 -1 0
vn 0.856914 -0.51546 0
vn 0.856914 -0.51546 -3.89577e-17
vn 0.856914 -0.51546 -3.89577e-17
vn 0.856914 -0.51546 3.89577e-17
vn 0.856914 -0.51546 3.89577e-17
vn 0 -1 0
vn 0 -1 0
vn 0 -1 0
vn 0 -1 0
vn 0 -1 0
vn -0.848804 -0.528707 0
vn -0.848804 -0.528707 -3.86844e-17
vn -0.848804 -0.528707 -3.86844e-17
vn -0.848804 -0.528707 3.86844e-17
vn -0.848804 -0.528707 3.86844e-17
vn 0 -1 0
vn 0 -1 0
vn 0 -1 0
vn 0 -1 0
vn 0 -1 0
vn 0.876981 -0.480524 0
vn 0.876981 -0.480524 2.00917e-17
vn 0.703008 -0.711182 1.04834e-17
vn 0.703008 -0.711182 -1.04834e-17
vn 0.876981 -0.480524 -2.00917e-17
vn 0.470355 -0.882477 0
vn 0.320451 -0.947265 -1.87006e-18
vn 0.320451 -0.947265 1.87006e-18
vn 0.162 -0.986791 0
vn 0.00677052 -0.999977 -1.86779e-18
vn 0.00677052 -0.999977 1.86779e-18
vn -0.148623 -0.988894 0
vn -0.325714 -0.945468 -5.67546e-18
vn -0.325714 -0.945468 5.67546e-18
vn -0.491975 -0.870609 0
vn -0.436104 -0.899896 -1.10635e-18
vn -0.436104 -0.899896 1.10635e-18
vn -0.378498 -0.925602 0
vn -0.255914 -0.9667 3.0255e-18
vn -0.255914 -0.9667 -3.0255e-18
vn -0.129053 -0.991638 0
vn 0.0101186 -0.999949 -1.49125e-18
vn 0.0101186 -0.999949 1.49125e-18
vn 0.149093 -0.988823 0
vn 0.318216 -0.948018 5.70392e-18
vn 0.318216 -0.948018 -5.70392e-18
vn 0.477707 -0.878519 0
vn 0.64639 -0.763007 1.4924e-17
vn 0.64639 -0.763007 -1.4924e-17
vn 0.788056 -0.615603 0
vn 0.845798 -0.533503 1.93822e-17
vn 0.845798 -0.533503 -1.93822e-17
vn 0.895019 -0.446029 0
vn 0.862038 -0.506844 1.03148e-17
vn 0.862038 -0.506844 -1.03148e-17
vn 0.824931 -0.565234 0
vn 0.738796 -0.67393 1.09073e-18
vn 0.738796 -0.67393 -1.09073e-18
vn 0.63845 -0.769663 0
vn 0.526217 -0.85035 7.06165e-18
vn 0.526217 -0.85035 -7.06165e-18
vn 0.40393 -0.91479 0
vn 0.27344 -0.961889 5.97141e-18
vn 0.27344 -0.961889 -5.97141e-18
vn 0.137689 -0.990476 0
vn 0.0690089 -0.997616 0
vn 0.0690089 -0.997616 0
vn 0 -1 0
vn -0.066865 -0.997762 1.52603e-18
vn -0.066865 -0.997762 -1.52603e-18
vn -0.133431 -0.991058 0
vn -0.263248 -0.964728 -2.93463e-18
vn -0.263248 -0.964728 2.93463e-18
vn -0.388447 -0.921471 0
vn -0.505645 -0.862741 2.59728e-18
vn -0.505645 -0.862741 -2.59728e-18
vn -0.614155 -0.789186 0
vn -0.713402 -0.700755 -2.12574e-18
vn -0.713402 -0.700755 2.12574e-18
vn -0.800043 -0.599942 0
vn -0.854901 -0.518791 -8.92288e-18
vn -0.854901 -0.518791 8.92288e-18
vn -0.901556 -0.432663 0
vn -0.868561 -0.495582 -9.27333e-18
vn -0.868561 -0.495582 9.27333e-18
vn -0.831182 -0.556 0
vn -0.74393 -0.668258 -9.5801e-18
vn -0.74393 -0.668258 9.5801e-18
vn -0.641638 -0.767007 0
vn -0.52881 -0.84874 1.66797e-19
vn -0.52881 -0.84874 -1.66797e-19
vn -0.405716 -0.913999 0
vn -0.275189 -0.96139 1.66786e-19
vn -0.275189 -0.96139 -1.66786e-19
vn -0.139356 -0.990242 0
vn 0.0336132 -0.999435 -2.3768e-18
vn 0.0336132 -0.999435 2.3768e-18
vn 0.205574 -0.978642 0
vn 0.303389 -0.952867 -2.18382e-18
vn 0.303389 -0.952867 2.18382e-18
vn 0.3981 -0.917342 0
vn 0.301685 -0.953408 1.69393e-19
vn 0.301685 -0.953408 -1.69393e-19
vn 0.202072 -0.979371 0
vn 0.022446 -0.999748 -1.831e-18
vn 0.022446 -0.999748 1.831e-18
vn -0.157913 -0.987453 0
vn -0.313897 -0.949457 -1.8246e-18
vn -0.313897 -0.949457 1.8246e-18
vn -0.461791 -0.886989 0
vn -0.654441 -0.756113 -4.63009e-18
vn -0.654441 -0.756113 4.63009e-18
vn -0.811592 -0.584224 0
vn -0.811592 -0.584224 -9.00904e-18
vn -0.811592 -0.584224 9.00904e-18
vn -0.000987692 -1 0
vn -0.000987692 -1 1.01173e-20
vn -0.000987692 -1 1.01173e-20
vn -0.000987692 -1 -1.01173e-20
vn -0.000987692 -1 -1.01173e-20
vn 0.796598 -0.604509 0
vn 0.796598 -0.604509 -4.59387e-18
vn 0.796598 -0.604509 -4.59387e-18
vn 0.796598 -0.604509 4.59387e-18
vn 0.796598 -0.604509 4.59387e-18
vn 0 -1 0
vn 0 -1 0
vn 0 -1 0
vn 0 -1 0
vn 0 -1 0
vn -0.798539 -0.601943 0
vn -0.798539 -0.601943 0
vn -0.798539 -0.601943 0
vn -0.798539 -0.601943 0
vn -0.798539 -0.601943 0
vn -0.000853918 -1 0
vn -0.000853918 -1 0
vn -0.000853918 -1 0
vn -0.000853918 -1 0
vn -0.000853918 -1 0
vn 0.707392 -0.706822 0
vn 0.707392 -0.706822 0
vn 0.707392 -0.706822 0
vn 0.707392 -0.706822 0
vn 0.707392 -0.706822 0
vn 0 -1 0
vn 0 -1 0
vn 0 -1 0
vn 0 -1 0
vn 0 -1 0
vn -0.783879 -0.620913 0
vn -0.783879 -0.620913 -4.52037e-18
vn -0.783879 -0.620913 -4.52037e-18
vn -0.783879 -0.620913 4.52037e-18
vn -0.783879 -0.620913 4.52037e-18
vn 0 -1 0
vn 0 -1 0
vn 0 -1 0
vn 0 -1 0
vn 0 -1 0
vn 0.933526 -0.358511 0
vn 0.933526 -0.358511 1.63306e-19
vn 0.76591 -0.642948 -3.01486e-18
vn 0.76591 -0.642948 3.01486e-18
vn 0.933526 -0.358511 -1.63306e-19
vn 0.514811 -0.857304 0
vn 0.352352 -0.935868 -2.98074e-18
vn 0.352352 -0.935868 2.98074e-18
vn 0.178418 -0.983955 0
vn 0.0172729 -0.999851 1.66514e-18
vn 0.0172729 -0.999851 -1.66514e-18
vn -0.144325 -0.98953 0
vn -0.216133 -0.976364 1.6477e-18
vn -0.216133 -0.976364 -1.6477e-18
vn -0.286788 -0.957994 0
vn -0.21597 -0.9764 -1.64646e-18
vn -0.21597 -0.9764 1.64646e-18
vn -0.143996 -0.989578 0
vn -0.00107067 -0.999999 -2.5016e-20
vn -0.00107067 -0.999999 2.5016e-20
vn 0.141877 -0.989884 0
vn 0.279181 -0.960239 1.6334e-18
vn 0.279181 -0.960239 -1.6334e-18
vn 0.410976 -0.911646 0
vn 0.534703 -0.84504 0
vn 0.534703 -0.84504 0
vn 0.647873 -0.761748 0
vn 0.751167 -0.660112 4.38892e-20
vn 0.751167 -0.660112 -4.38892e-20
vn 0.838687 -0.544614 0
vn 0.876462 -0.48147 2.96366e-19
vn 0.876462 -0.48147 -2.96366e-19
vn 0.909493 -0.41572 0
vn 0.876973 -0.480539 2.528e-19
vn 0.876973 -0.480539 -2.528e-19
vn 0.839842 -0.542831 0
vn 0.754112 -0.656746 -7.52639e-18
vn 0.754112 -0.656746 7.52639e-18
vn 0.653055 -0.757311 0
vn 0.54045 -0.841376 -7.52419e-18
vn 0.54045 -0.841376 7.52419e-18
vn 0.417174 -0.908827 0
vn 0.283586 -0.958947 0
vn 0.283586 -0.958947 0
vn 0.144226 -0.989545 0
vn 0.072302 -0.997383 0
vn 0.072302 -0.997383 0
vn 0 -1 0
vn -0.072255 -0.997386 0
vn -0.072255 -0.997386 0
vn -0.144132 -0.989558 0
vn -0.283255 -0.959045 4.79578e-18
vn -0.283255 -0.959045 -4.79578e-18
vn -0.416632 -0.909075 0
vn -0.539702 -0.841856 -1.61792e-18
vn -0.539702 -0.841856 1.61792e-18
vn -0.65216 -0.758081 0
vn -0.75323 -0.657757 -5.63347e-18
vn -0.75323 -0.657757 5.63347e-18
vn -0.839024 -0.544094 0
vn -0.876202 -0.481944 7.74827e-19
vn -0.876202 -0.481944 -7.74827e-19
vn -0.908784 -0.417266 0
vn -0.876391 -0.4816 4.33394e-20
vn -0.876391 -0.4816 -4.33394e-20
vn -0.839451 -0.543435 0
vn -0.752529 -0.658559 -7.45354e-18
vn -0.752529 -0.658559 7.45354e-18
vn -0.649949 -0.759978 0
vn -0.536165 -0.844113 -7.49426e-18
vn -0.536165 -0.844113 7.49426e-18
vn -0.411645 -0.911344 0
vn -0.279272 -0.960212 -3.253e-18
vn -0.279272 -0.960212 3.253e-18
vn -0.14134 -0.989961 0
vn 0.013244 -0.999912 -3.25972e-18
vn 0.013244 -0.999912 3.25972e-18
vn 0.16751 -0.98587 0
vn 0.249216 -0.968448 -3.75232e-18
vn 0.249216 -0.968448 3.75232e-18
vn 0.329182 -0.944266 0
vn 0.24889 -0.968532 -5.66741e-18
vn 0.24889 -0.968532 5.66741e-18
vn 0.166846 -0.985983 0
vn 0.00453104 -0.99999 -1.08024e-19
vn 0.00453104 -0.99999 1.08024e-19
vn -0.157904 -0.987454 0
vn -0.312887 -0.94979 1.82487e-18
vn -0.312887 -0.94979 -1.82487e-18
vn -0.45991 -0.887965 0
vn -0.687757 -0.725941 -1.0127e-17
vn -0.687757 -0.725941 1.0127e-17
vn -0.861844 -0.507173 0
vn -0.861844 -0.507173 -1.94624e-17
vn -0.861844 -0.507173 1.94624e-17
vn 0 -1 0
vn 0 -1 0
vn 0 -1 0
vn 0 -1 0
vn 0 -1 0
vn 0.742669 -0.669659 0
vn 0.742669 -0.669659 -3.37541e-17
vn 0.742669 -0.669659 -3.37541e-17
vn 0.742669 -0.669659 3.37541e-17
vn 0.742669 -0.669659 3.37541e-17
vn 0 -1 0
vn 0 -1 0
vn 0 -1 0
vn 0 -1 0
vn 0 -1 0
vn -0.746497 -0.665389 0
vn -0.746497 -0.665389 3.40126e-17
vn -0.746497 -0.665389 3.40126e-17
vn -0.746497 -0.665389 -3.40126e-17
vn -0.746497 -0.665389 -3.40126e-17
vn -0.000723212 -1 0
vn -0.000723212 -1 0
vn -0.000723212 -1 0
vn -0.000723212 -1 0
vn -0.000723212 -1 0
vn 0.747891 -0.663821 0
vn 0.747891 -0.663821 0
vn 0.747891 -0.663821 0
vn 0.747891 -0.663821 0
vn 0.747891 -0.663821 0
vn 0 -1 0
vn 0 -1 0
vn 0 -1 0
vn 0 -1 0
vn 0 -1 0
vn -0.820224 -0.572042 0
vn -0.820224 -0.572042 0
vn -0.820224 -0.572042 0
vn -0.820224 -0.572042 0
vn -0.820224 -0.572042 0
vn 0 -1 0
vn 0 -1 0
vn 0 -1 0
vn 0 -1 0
vn 0 -1 0
vn 0.776954 -0.629558 0
vn 0.776954 -0.629558 3.54005e-17
vn 0.618611 -0.785698 2.81948e-17
vn 0.618611 -0.785698 -2.81948e-17
vn 0.776954 -0.629558 -3.54005e-17
vn 0.429676 -0.902983 0
vn 0.291699 -0.95651 1.33065e-17
vn 0.291699 -0.95651 -1.33065e-17
vn 0.147333 -0.989087 0
vn -0.0313295 -0.999509 3.41819e-18
vn -0.0313295 -0.999509 -3.41819e-18
vn -0.208989 -0.977918 0
vn -0.309519 -0.950893 9.49635e-18
vn -0.309519 -0.950893 -9.49635e-18
vn -0.406695 -0.913564 0
vn -0.308963 -0.951074 4.72768e-18
vn -0.308963 -0.951074 -4.72768e-18
vn -0.207844 -0.978162 0
vn -0.0342261 -0.999414 -8.07097e-18
vn -0.0342261 -0.999414 8.07097e-18
vn 0.140439 -0.990089 0
vn 0.276856 -0.960911 -3.07481e-18
vn 0.276856 -0.960911 3.07481e-18
vn 0.407886 -0.913033 0
vn 0.531981 -0.846756 1.61083e-19
vn 0.531981 -0.846756 -1.61083e-19
vn 0.645547 -0.763721 0
vn 0.749645 -0.661841 1.93179e-17
vn 0.749645 -0.661841 -1.93179e-17
vn 0.837838 -0.545919 0
vn 0.875617 -0.483007 3.9607e-17
vn 0.875617 -0.483007 -3.9607e-17
vn 0.90868 -0.417493 0
vn 0.876146 -0.482045 1.261e-18
vn 0.876146 -0.482045 -1.261e-18
vn 0.839034 -0.544078 0
vn 0.75324 -0.657746 -1.93256e-17
vn 0.75324 -0.657746 1.93256e-17
vn 0.652168 -0.758074 0
vn 0.53966 -0.841883 0
vn 0.53966 -0.841883 0
vn 0.416529 -0.909122 0
vn 0.283147 -0.959077 -3.32198e-18
vn 0.283147 -0.959077 3.32198e-18
vn 0.14402 -0.989575 0
vn 0.0721986 -0.99739 -3.29689e-18
vn 0.0721986 -0.99739 3.29689e-18
vn 0 -1 0
vn -0.0712138 -0.997461 0
vn -0.0712138 -0.997461 0
vn -0.142066 -0.989857 0
vn -0.278447 -0.960451 0
vn -0.278447 -0.960451 0
vn -0.409409 -0.912351 0
vn -0.530201 -0.847872 0
vn -0.530201 -0.847872 0
vn -0.641053 -0.767497 0
vn -0.741637 -0.670802 1.98823e-17
vn -0.741637 -0.670802 -1.98823e-17
vn -0.827784 -0.561047 0
vn -0.865618 -0.500705 4.02999e-17
vn -0.865618 -0.500705 -4.02999e-17
vn -0.899062 -0.437822 0
vn -0.849068 -0.528283 2.50157e-18
vn -0.849068 -0.528283 -2.50157e-18
vn -0.790005 -0.6131 0
vn -0.648671 -0.761069 -7.05923e-18
vn -0.648671 -0.761069 7.05923e-18
vn -0.480178 -0.877171 0
vn -0.318322 -0.947983 1.46835e-17
vn -0.318322 -0.947983 -1.46835e-17
vn -0.146531 -0.989206 0
vn -0.00780513 -0.99997 6.39787e-18
vn -0.00780513 -0.99997 -6.39787e-18
vn 0.131072 -0.991373 0
vn 0.260048 -0.965596 -5.66325e-18
vn 0.260048 -0.965596 5.66325e-18
vn 0.384525 -0.923115 0
vn 0.445509 -0.895278 -8.62446e-18
vn 0.445509 -0.895278 8.62446e-18
vn 0.504491 -0.863417 0
vn 0.446553 -0.894757 8.83573e-18
vn 0.446553 -0.894757 -8.83573e-18
vn 0.386678 -0.922215 0
vn 0.26112 -0.965306 5.88111e-18
vn 0.26112 -0.965306 -5.88111e-18
vn 0.130961 -0.991388 0
vn -0.0130762 -0.999915 -6.63724e-18
vn -0.0130762 -0.999915 6.63724e-18
vn -0.156841 -0.987624 0
vn -0.311265 -0.950323 -3.62666e-18
vn -0.311265 -0.950323 3.62666e-18
vn -0.457834 -0.889038 0
vn -0.527391 -0.849623 1.91477e-19
vn -0.527391 -0.849623 -1.91477e-19
vn -0.593577 -0.804777 0
vn -0.593577 -0.804777 3.8173e-19
vn -0.593577 -0.804777 -3.8173e-19


# Faces: 
usemtl material0
f 505/193/1 437/125/1 504/192/1
f 437/125/1 503/191/1 504/192/1
f 505/193/1 436/124/1 437/125/1
f 443/131/1 444/132/1 498/186/1
f 498/186/1 444/132/1 497/185/1
f 499/187/1 443/131/1 498/186/1
f 445/133/1 497/185/1 444/132/1
f 508/196/1 432/120/1 433/121/1
f 432/120/1 508/196/1 509/197/1
f 431/119/1 432/120/1 510/198/1
f 507/195/1 508/196/1 433/121/1
f 435/123/1 506/194/1 507/195/1
f 435/123/1 436/124/1 506/194/1
f 433/121/1 434/122/1 507/195/1
f 507/195/1 434/122/1 435/123/1
f 432/120/1 509/197/1 510/198/1
f 506/194/1 436/124/1 505/193/1
f 479/167/1 463/151/1 478/166/1
f 463/151/1 479/167/1 462/150/1
f 480/168/1 461/149/1 462/150/1
f 462/150/1 479/167/1 480/168/1
f 461/149/1 481/169/1 482/170/1
f 461/149/1 480/168/1 481/169/1
f 469/157/1 470/158/1 472/160/1
f 472/160/1 470/158/1 471/159/1
f 464/152/1 478/166/1 463/151/1
f 464/152/1 477/165/1 478/166/1
f 469/157/1 472/160/1 473/161/1
f 447/135/1 495/183/1 496/184/1
f 445/133/1 446/134/1 496/184/1
f 447/135/1 496/184/1 446/134/1
f 460/148/1 482/170/1 483/171/1
f 482/170/1 460/148/1 461/149/1
f 438/126/1 503/191/1 437/125/1
f 448/136/1 495/183/1 447/135/1
f 439/127/1 503/191/1 438/126/1
f 500/188/1 443/131/1 499/187/1
f 445/133/1 496/184/1 497/185/1
f 512/200/1 429/117/1 511/199/1
f 429/117/1 512/200/1 428/116/1
f 514/202/1 428/116/1 513/201/1
f 513/201/1 428/116/1 512/200/1
f 510/198/1 511/199/1 430/118/1
f 429/117/1 430/118/1 511/199/1
f 510/198/1 430/118/1 431/119/1
f 397/85/1 544/232/1 545/233/1
f 546/234/1 396/84/1 545/233/1
f 545/233/1 396/84/1 397/85/1
f 395/83/1 546/234/1 547/235/1
f 546/234/1 395/83/1 396/84/1
f 547/235/1 393/81/1 394/82/1
f 547/235/1 394/82/1 395/83/1
f 548/236/1 393/81/1 547/235/1
f 548/236/1 549/237/1 393/81/1
f 397/85/1 543/231/1 544/232/1
f 519/207/1 422/110/1 518/206/1
f 422/110/1 519/207/1 421/109/1
f 421/109/1 521/209/1 420/108/1
f 421/109/1 519/207/1 520/208/1
f 420/108/1 521/209/1 419/107/1
f 521/209/1 421/109/1 520/208/1
f 426/114/1 427/115/1 514/202/1
f 514/202/1 427/115/1 428/116/1
f 422/110/1 423/111/1 518/206/1
f 423/111/1 517/205/1 518/206/1
f 521/209/1 522/210/1 419/107/1
f 405/93/1 536/224/1 537/225/1
f 404/92/1 537/225/1 538/226/1
f 404/92/1 538/226/1 403/91/1
f 402/90/1 403/91/1 539/227/1
f 538/226/1 539/227/1 403/91/1
f 405/93/1 537/225/1 404/92/1
f 405/93/1 406/94/1 535/223/1
f 535/223/1 536/224/1 405/93/1
f 522/210/1 523/211/1 419/107/1
f 402/90/1 539/227/1 401/89/1
f 406/94/1 407/95/1 535/223/1
f 469/157/1 473/161/1 468/156/1
f 473/161/1 474/162/1 468/156/1
f 467/155/1 474/162/1 475/163/1
f 468/156/1 474/162/1 467/155/1
f 476/164/1 477/165/1 466/154/1
f 466/154/1 467/155/1 475/163/1
f 475/163/1 476/164/1 466/154/1
f 465/153/1 466/154/1 477/165/1
f 464/152/1 465/153/1 477/165/1
f 494/182/1 495/183/1 448/136/1
f 441/129/1 442/130/1 500/188/1
f 460/148/1 483/171/1 459/147/1
f 459/147/1 483/171/1 484/172/1
f 441/129/1 501/189/1 440/128/1
f 440/128/1 501/189/1 502/190/1
f 449/137/1 494/182/1 448/136/1
f 500/188/1 501/189/1 441/129/1
f 442/130/1 443/131/1 500/188/1
f 458/146/1 484/172/1 457/145/1
f 484/172/1 458/146/1 459/147/1
f 456/144/1 457/145/1 485/173/1
f 485/173/1 457/145/1 484/172/1
f 456/144/1 485/173/1 486/174/1
f 455/143/1 456/144/1 487/175/1
f 488/176/1 454/142/1 455/143/1
f 487/175/1 456/144/1 486/174/1
f 454/142/1 488/176/1 489/177/1
f 488/176/1 455/143/1 487/175/1
f 451/139/1 491/179/1 492/180/1
f 450/138/1 493/181/1 449/137/1
f 493/181/1 450/138/1 492/180/1
f 449/137/1 493/181/1 494/182/1
f 451/139/1 492/180/1 450/138/1
f 489/177/1 453/141/1 454/142/1
f 453/141/1 489/177/1 452/140/1
f 490/178/1 451/139/1 452/140/1
f 490/178/1 452/140/1 489/177/1
f 491/179/1 451/139/1 490/178/1
f 439/127/1 440/128/1 502/190/1
f 502/190/1 503/191/1 439/127/1
f 516/204/1 517/205/1 425/113/1
f 425/113/1 515/203/1 516/204/1
f 426/114/1 515/203/1 425/113/1
f 423/111/1 424/112/1 517/205/1
f 425/113/1 517/205/1 424/112/1
f 417/105/1 418/106/1 523/211/1
f 523/211/1 418/106/1 419/107/1
f 534/222/1 535/223/1 407/95/1
f 539/227/1 540/228/1 401/89/1
f 398/86/1 543/231/1 397/85/1
f 399/87/1 543/231/1 398/86/1
f 540/228/1 400/88/1 401/89/1
f 540/228/1 541/229/1 400/88/1
f 400/88/1 542/230/1 399/87/1
f 542/230/1 400/88/1 541/229/1
f 399/87/1 542/230/1 543/231/1
f 407/95/1 533/221/1 534/222/1
f 514/202/1 515/203/1 426/114/1
f 417/105/1 524/212/1 525/213/1
f 524/212/1 417/105/1 523/211/1
f 416/104/1 525/213/1 526/214/1
f 525/213/1 416/104/1 417/105/1
f 416/104/1 526/214/1 415/103/1
f 415/103/1 526/214/1 414/102/1
f 527/215/1 528/216/1 413/101/1
f 414/102/1 526/214/1 527/215/1
f 413/101/1 528/216/1 529/217/1
f 527/215/1 413/101/1 414/102/1
f 410/98/1 531/219/1 532/220/1
f 409/97/1 533/221/1 408/96/1
f 533/221/1 409/97/1 532/220/1
f 408/96/1 533/221/1 407/95/1
f 410/98/1 532/220/1 409/97/1
f 529/217/1 412/100/1 413/101/1
f 412/100/1 529/217/1 530/218/1
f 531/219/1 411/99/1 530/218/1
f 530/218/1 411/99/1 412/100/1
f 410/98/1 411/99/1 531/219/1
f 550/238/1 392/80/1 549/237/1
f 549/237/1 392/80/1 393/81/1
f 389/77/1 552/240/1 388/76/1
f 551/239/1 552/240/1 389/77/1
f 391/79/1 550/238/1 551/239/1
f 550/238/1 391/79/1 392/80/1
f 389/77/1 390/78/1 551/239/1
f 551/239/1 390/78/1 391/79/1
f 552/240/1 553/241/1 388/76/1
f 355/43/1 585/273/1 354/42/1
f 585/273/1 355/43/1 584/272/1
f 354/42/1 585/273/1 586/274/1
f 353/41/1 586/274/1 587/275/1
f 584/272/1 355/43/1 583/271/1
f 353/41/1 587/275/1 352/40/1
f 586/274/1 353/41/1 354/42/1
f 388/76/1 553/241/1 554/242/1
f 386/74/1 387/75/1 554/242/1
f 554/242/1 387/75/1 388/76/1
f 380/68/1 381/69/1 559/247/1
f 380/68/1 559/247/1 560/248/1
f 380/68/1 560/248/1 379/67/1
f 555/243/1 386/74/1 554/242/1
f 558/246/1 559/247/1 381/69/1
f 558/246/1 381/69/1 382/70/1
f 560/248/1 378/66/1 379/67/1
f 378/66/1 560/248/1 561/249/1
f 377/65/1 378/66/1 561/249/1
f 577/265/1 362/50/1 576/264/1
f 362/50/1 577/265/1 361/49/1
f 361/49/1 578/266/1 360/48/1
f 361/49/1 577/265/1 578/266/1
f 578/266/1 579/267/1 360/48/1
f 580/268/1 360/48/1 579/267/1
f 363/51/1 576/264/1 362/50/1
f 357/45/1 583/271/1 356/44/1
f 363/51/1 575/263/1 576/264/1
f 583/271/1 355/43/1 356/44/1
f 561/249/1 562/250/1 377/65/1
f 351/39/1 352/40/1 587/275/1
f 351/39/1 588/276/1 589/277/1
f 350/38/1 589/277/1 590/278/1
f 589/277/1 350/38/1 351/39/1
f 591/279/1 348/36/1 349/37/1
f 348/36/1 591/279/1 347/35/1
f 591/279/1 349/37/1 590/278/1
f 350/38/1 590/278/1 349/37/1
f 351/39/1 587/275/1 588/276/1
f 592/280/1 347/35/1 591/279/1
f 347/35/1 592/280/1 593/281/1
f 593/281/1 594/282/1 346/34/1
f 593/281/1 346/34/1 347/35/1
f 322/10/1 616/304/1 617/305/1
f 321/9/1 617/305/1 618/306/1
f 338/26/1 599/287/1 600/288/1
f 340/28/1 598/286/1 339/27/1
f 599/287/1 338/26/1 339/27/1
f 601/289/1 337/25/1 600/288/1
f 338/26/1 600/288/1 337/25/1
f 597/285/1 598/286/1 340/28/1
f 602/290/1 335/23/1 336/24/1
f 336/24/1 337/25/1 601/289/1
f 336/24/1 601/289/1 602/290/1
f 598/286/1 599/287/1 339/27/1
f 616/304/1 322/10/1 323/11/1
f 320/8/1 619/307/1 319/7/1
f 320/8/1 321/9/1 618/306/1
f 319/7/1 619/307/1 318/6/1
f 618/306/1 619/307/1 320/8/1
f 323/11/1 614/302/1 615/303/1
f 318/6/1 619/307/1 620/308/1
f 314/2/1 624/312/1 313/1/1
f 318/6/1 620/308/1 621/309/1
f 314/2/1 315/3/1 624/312/1
f 323/11/1 615/303/1 616/304/1
f 322/10/1 617/305/1 321/9/1
f 346/34/1 594/282/1 345/33/1
f 384/72/1 385/73/1 555/243/1
f 555/243/1 385/73/1 386/74/1
f 557/245/1 558/246/1 382/70/1
f 383/71/1 384/72/1 556/244/1
f 382/70/1 556/244/1 557/245/1
f 382/70/1 383/71/1 556/244/1
f 384/72/1 555/243/1 556/244/1
f 562/250/1 376/64/1 377/65/1
f 575/263/1 364/52/1 574/262/1
f 575/263/1 363/51/1 364/52/1
f 358/46/1 359/47/1 580/268/1
f 359/47/1 360/48/1 580/268/1
f 365/53/1 574/262/1 364/52/1
f 358/46/1 581/269/1 582/270/1
f 358/46/1 580/268/1 581/269/1
f 563/251/1 375/63/1 376/64/1
f 376/64/1 562/250/1 563/251/1
f 366/54/1 574/262/1 365/53/1
f 375/63/1 564/252/1 374/62/1
f 564/252/1 375/63/1 563/251/1
f 373/61/1 374/62/1 565/253/1
f 565/253/1 374/62/1 564/252/1
f 373/61/1 565/253/1 566/254/1
f 372/60/1 373/61/1 567/255/1
f 568/256/1 371/59/1 372/60/1
f 567/255/1 373/61/1 566/254/1
f 371/59/1 568/256/1 569/257/1
f 568/256/1 372/60/1 567/255/1
f 368/56/1 571/259/1 572/260/1
f 572/260/1 366/54/1 367/55/1
f 366/54/1 572/260/1 573/261/1
f 366/54/1 573/261/1 574/262/1
f 368/56/1 572/260/1 367/55/1
f 569/257/1 370/58/1 371/59/1
f 370/58/1 569/257/1 369/57/1
f 570/258/1 368/56/1 369/57/1
f 570/258/1 369/57/1 569/257/1
f 571/259/1 368/56/1 570/258/1
f 357/45/1 358/46/1 582/270/1
f 594/282/1 344/32/1 345/33/1
f 594/282/1 595/283/1 344/32/1
f 597/285/1 340/28/1 341/29/1
f 342/30/1 597/285/1 341/29/1
f 596/284/1 342/30/1 343/31/1
f 342/30/1 596/284/1 597/285/1
f 343/31/1 344/32/1 595/283/1
f 596/284/1 343/31/1 595/283/1
f 357/45/1 582/270/1 583/271/1
f 603/291/1 335/23/1 602/290/1
f 318/6/1 621/309/1 317/5/1
f 622/310/1 623/311/1 316/4/1
f 323/11/1 324/12/1 614/302/1
f 622/310/1 317/5/1 621/309/1
f 614/302/1 324/12/1 325/13/1
f 603/291/1 334/22/1 335/23/1
f 622/310/1 316/4/1 317/5/1
f 315/3/1 316/4/1 623/311/1
f 623/311/1 624/312/1 315/3/1
f 334/22/1 604/292/1 605/293/1
f 604/292/1 334/22/1 603/291/1
f 333/21/1 605/293/1 606/294/1
f 605/293/1 333/21/1 334/22/1
f 333/21/1 606/294/1 332/20/1
f 331/19/1 332/20/1 607/295/1
f 608/296/1 330/18/1 331/19/1
f 607/295/1 332/20/1 606/294/1
f 330/18/1 608/296/1 609/297/1
f 608/296/1 331/19/1 607/295/1
f 327/15/1 611/299/1 612/300/1
f 326/14/1 613/301/1 325/13/1
f 613/301/1 326/14/1 612/300/1
f 325/13/1 613/301/1 614/302/1
f 327/15/1 612/300/1 326/14/1
f 609/297/1 329/17/1 330/18/1
f 329/17/1 609/297/1 328/16/1
f 610/298/1 327/15/1 328/16/1
f 610/298/1 328/16/1 609/297/1
f 611/299/1 327/15/1 610/298/1
f 125/437/2 193/505/2 192/504/2
f 191/503/2 125/437/2 192/504/2
f 124/436/2 193/505/2 125/437/2
f 132/444/2 131/443/2 186/498/2
f 132/444/2 186/498/2 185/497/2
f 131/443/2 187/499/2 186/498/2
f 185/497/2 133/445/2 132/444/2
f 120/432/2 196/508/2 121/433/2
f 196/508/2 120/432/2 197/509/2
f 120/432/2 119/431/2 198/510/2
f 196/508/2 195/507/2 121/433/2
f 194/506/2 123/435/2 195/507/2
f 124/436/2 123/435/2 194/506/2
f 122/434/2 121/433/2 195/507/2
f 122/434/2 195/507/2 123/435/2
f 197/509/2 120/432/2 198/510/2
f 124/436/2 194/506/2 193/505/2
f 151/463/2 167/479/2 166/478/2
f 167/479/2 151/463/2 150/462/2
f 149/461/2 168/480/2 150/462/2
f 167/479/2 150/462/2 168/480/2
f 169/481/2 149/461/2 170/482/2
f 168/480/2 149/461/2 169/481/2
f 158/470/2 157/469/2 160/472/2
f 158/470/2 160/472/2 159/471/2
f 166/478/2 152/464/2 151/463/2
f 165/477/2 152/464/2 166/478/2
f 160/472/2 157/469/2 161/473/2
f 183/495/2 135/447/2 184/496/2
f 134/446/2 133/445/2 184/496/2
f 184/496/2 135/447/2 134/446/2
f 170/482/2 148/460/2 171/483/2
f 148/460/2 170/482/2 149/461/2
f 191/503/2 126/438/2 125/437/2
f 183/495/2 136/448/2 135/447/2
f 191/503/2 127/439/2 126/438/2
f 131/443/2 188/500/2 187/499/2
f 184/496/2 133/445/2 185/497/2
f 117/429/2 200/512/2 199/511/2
f 200/512/2 117/429/2 116/428/2
f 116/428/2 202/514/2 201/513/2
f 116/428/2 201/513/2 200/512/2
f 199/511/2 198/510/2 118/430/2
f 118/430/2 117/429/2 199/511/2
f 118/430/2 198/510/2 119/431/2
f 232/544/2 85/397/2 233/545/2
f 84/396/2 234/546/2 233/545/2
f 84/396/2 233/545/2 85/397/2
f 234/546/2 83/395/2 235/547/2
f 83/395/2 234/546/2 84/396/2
f 81/393/2 235/547/2 82/394/2
f 82/394/2 235/547/2 83/395/2
f 81/393/2 236/548/2 235/547/2
f 237/549/2 236/548/2 81/393/2
f 231/543/2 85/397/2 232/544/2
f 110/422/2 207/519/2 206/518/2
f 207/519/2 110/422/2 109/421/2
f 209/521/2 109/421/2 108/420/2
f 207/519/2 109/421/2 208/520/2
f 209/521/2 108/420/2 107/419/2
f 109/421/2 209/521/2 208/520/2
f 115/427/2 114/426/2 202/514/2
f 115/427/2 202/514/2 116/428/2
f 111/423/2 110/422/2 206/518/2
f 205/517/2 111/423/2 206/518/2
f 210/522/2 209/521/2 107/419/2
f 224/536/2 93/405/2 225/537/2
f 225/537/2 92/404/2 226/538/2
f 226/538/2 92/404/2 91/403/2
f 91/403/2 90/402/2 227/539/2
f 227/539/2 226/538/2 91/403/2
f 225/537/2 93/405/2 92/404/2
f 94/406/2 93/405/2 223/535/2
f 224/536/2 223/535/2 93/405/2
f 211/523/2 210/522/2 107/419/2
f 227/539/2 90/402/2 89/401/2
f 95/407/2 94/406/2 223/535/2
f 161/473/2 157/469/2 156/468/2
f 162/474/2 161/473/2 156/468/2
f 162/474/2 155/467/2 163/475/2
f 162/474/2 156/468/2 155/467/2
f 165/477/2 164/476/2 154/466/2
f 155/467/2 154/466/2 163/475/2
f 164/476/2 163/475/2 154/466/2
f 154/466/2 153/465/2 165/477/2
f 153/465/2 152/464/2 165/477/2
f 183/495/2 182/494/2 136/448/2
f 130/442/2 129/441/2 188/500/2
f 171/483/2 148/460/2 147/459/2
f 171/483/2 147/459/2 172/484/2
f 189/501/2 129/441/2 128/440/2
f 189/501/2 128/440/2 190/502/2
f 182/494/2 137/449/2 136/448/2
f 189/501/2 188/500/2 129/441/2
f 131/443/2 130/442/2 188/500/2
f 172/484/2 146/458/2 145/457/2
f 146/458/2 172/484/2 147/459/2
f 145/457/2 144/456/2 173/485/2
f 145/457/2 173/485/2 172/484/2
f 173/485/2 144/456/2 174/486/2
f 144/456/2 143/455/2 175/487/2
f 142/454/2 176/488/2 143/455/2
f 144/456/2 175/487/2 174/486/2
f 176/488/2 142/454/2 177/489/2
f 143/455/2 176/488/2 175/487/2
f 179/491/2 139/451/2 180/492/2
f 181/493/2 138/450/2 137/449/2
f 138/450/2 181/493/2 180/492/2
f 181/493/2 137/449/2 182/494/2
f 180/492/2 139/451/2 138/450/2
f 141/453/2 177/489/2 142/454/2
f 177/489/2 141/453/2 140/452/2
f 139/451/2 178/490/2 140/452/2
f 140/452/2 178/490/2 177/489/2
f 139/451/2 179/491/2 178/490/2
f 128/440/2 127/439/2 190/502/2
f 191/503/2 190/502/2 127/439/2
f 205/517/2 204/516/2 113/425/2
f 203/515/2 113/425/2 204/516/2
f 203/515/2 114/426/2 113/425/2
f 112/424/2 111/423/2 205/517/2
f 205/517/2 113/425/2 112/424/2
f 106/418/2 105/417/2 211/523/2
f 106/418/2 211/523/2 107/419/2
f 223/535/2 222/534/2 95/407/2
f 228/540/2 227/539/2 89/401/2
f 231/543/2 86/398/2 85/397/2
f 231/543/2 87/399/2 86/398/2
f 88/400/2 228/540/2 89/401/2
f 229/541/2 228/540/2 88/400/2
f 230/542/2 88/400/2 87/399/2
f 88/400/2 230/542/2 229/541/2
f 230/542/2 87/399/2 231/543/2
f 221/533/2 95/407/2 222/534/2
f 203/515/2 202/514/2 114/426/2
f 212/524/2 105/417/2 213/525/2
f 105/417/2 212/524/2 211/523/2
f 213/525/2 104/416/2 214/526/2
f 104/416/2 213/525/2 105/417/2
f 214/526/2 104/416/2 103/415/2
f 214/526/2 103/415/2 102/414/2
f 216/528/2 215/527/2 101/413/2
f 214/526/2 102/414/2 215/527/2
f 216/528/2 101/413/2 217/529/2
f 101/413/2 215/527/2 102/414/2
f 219/531/2 98/410/2 220/532/2
f 221/533/2 97/409/2 96/408/2
f 97/409/2 221/533/2 220/532/2
f 221/533/2 96/408/2 95/407/2
f 220/532/2 98/410/2 97/409/2
f 100/412/2 217/529/2 101/413/2
f 217/529/2 100/412/2 218/530/2
f 99/411/2 219/531/2 218/530/2
f 99/411/2 218/530/2 100/412/2
f 99/411/2 98/410/2 219/531/2
f 80/392/2 238/550/2 237/549/2
f 80/392/2 237/549/2 81/393/2
f 240/552/2 77/389/2 76/388/2
f 240/552/2 239/551/2 77/389/2
f 238/550/2 79/391/2 239/551/2
f 79/391/2 238/550/2 80/392/2
f 78/390/2 77/389/2 239/551/2
f 78/390/2 239/551/2 79/391/2
f 241/553/2 240/552/2 76/388/2
f 273/585/2 43/355/2 42/354/2
f 43/355/2 273/585/2 272/584/2
f 273/585/2 42/354/2 274/586/2
f 274/586/2 41/353/2 275/587/2
f 43/355/2 272/584/2 271/583/2
f 275/587/2 41/353/2 40/352/2
f 41/353/2 274/586/2 42/354/2
f 241/553/2 76/388/2 242/554/2
f 75/387/2 74/386/2 242/554/2
f 75/387/2 242/554/2 76/388/2
f 69/381/2 68/380/2 247/559/2
f 247/559/2 68/380/2 248/560/2
f 248/560/2 68/380/2 67/379/2
f 74/386/2 243/555/2 242/554/2
f 247/559/2 246/558/2 69/381/2
f 69/381/2 246/558/2 70/382/2
f 66/378/2 248/560/2 67/379/2
f 248/560/2 66/378/2 249/561/2
f 66/378/2 65/377/2 249/561/2
f 50/362/2 265/577/2 264/576/2
f 265/577/2 50/362/2 49/361/2
f 266/578/2 49/361/2 48/360/2
f 265/577/2 49/361/2 266/578/2
f 267/579/2 266/578/2 48/360/2
f 48/360/2 268/580/2 267/579/2
f 264/576/2 51/363/2 50/362/2
f 271/583/2 45/357/2 44/356/2
f 263/575/2 51/363/2 264/576/2
f 43/355/2 271/583/2 44/356/2
f 250/562/2 249/561/2 65/377/2
f 40/352/2 39/351/2 275/587/2
f 276/588/2 39/351/2 277/589/2
f 277/589/2 38/350/2 278/590/2
f 38/350/2 277/589/2 39/351/2
f 36/348/2 279/591/2 37/349/2
f 279/591/2 36/348/2 35/347/2
f 37/349/2 279/591/2 278/590/2
f 278/590/2 38/350/2 37/349/2
f 275/587/2 39/351/2 276/588/2
f 35/347/2 280/592/2 279/591/2
f 280/592/2 35/347/2 281/593/2
f 282/594/2 281/593/2 34/346/2
f 34/346/2 281/593/2 35/347/2
f 304/616/2 10/322/2 305/617/2
f 305/617/2 9/321/2 306/618/2
f 287/599/2 26/338/2 288/600/2
f 286/598/2 28/340/2 27/339/2
f 26/338/2 287/599/2 27/339/2
f 25/337/2 289/601/2 288/600/2
f 288/600/2 26/338/2 25/337/2
f 286/598/2 285/597/2 28/340/2
f 23/335/2 290/602/2 24/336/2
f 25/337/2 24/336/2 289/601/2
f 289/601/2 24/336/2 290/602/2
f 287/599/2 286/598/2 27/339/2
f 10/322/2 304/616/2 11/323/2
f 307/619/2 8/320/2 7/319/2
f 9/321/2 8/320/2 306/618/2
f 307/619/2 7/319/2 6/318/2
f 307/619/2 306/618/2 8/320/2
f 302/614/2 11/323/2 303/615/2
f 307/619/2 6/318/2 308/620/2
f 312/624/2 2/314/2 1/313/2
f 308/620/2 6/318/2 309/621/2
f 3/315/2 2/314/2 312/624/2
f 303/615/2 11/323/2 304/616/2
f 305/617/2 10/322/2 9/321/2
f 282/594/2 34/346/2 33/345/2
f 73/385/2 72/384/2 243/555/2
f 73/385/2 243/555/2 74/386/2
f 246/558/2 245/557/2 70/382/2
f 72/384/2 71/383/2 244/556/2
f 244/556/2 70/382/2 245/557/2
f 71/383/2 70/382/2 244/556/2
f 243/555/2 72/384/2 244/556/2
f 64/376/2 250/562/2 65/377/2
f 52/364/2 263/575/2 262/574/2
f 51/363/2 263/575/2 52/364/2
f 47/359/2 46/358/2 268/580/2
f 48/360/2 47/359/2 268/580/2
f 262/574/2 53/365/2 52/364/2
f 269/581/2 46/358/2 270/582/2
f 268/580/2 46/358/2 269/581/2
f 63/375/2 251/563/2 64/376/2
f 250/562/2 64/376/2 251/563/2
f 262/574/2 54/366/2 53/365/2
f 252/564/2 63/375/2 62/374/2
f 63/375/2 252/564/2 251/563/2
f 62/374/2 61/373/2 253/565/2
f 62/374/2 253/565/2 252/564/2
f 253/565/2 61/373/2 254/566/2
f 61/373/2 60/372/2 255/567/2
f 59/371/2 256/568/2 60/372/2
f 61/373/2 255/567/2 254/566/2
f 256/568/2 59/371/2 257/569/2
f 60/372/2 256/568/2 255/567/2
f 259/571/2 56/368/2 260/572/2
f 54/366/2 260/572/2 55/367/2
f 260/572/2 54/366/2 261/573/2
f 261/573/2 54/366/2 262/574/2
f 260/572/2 56/368/2 55/367/2
f 58/370/2 257/569/2 59/371/2
f 257/569/2 58/370/2 57/369/2
f 56/368/2 258/570/2 57/369/2
f 57/369/2 258/570/2 257/569/2
f 56/368/2 259/571/2 258/570/2
f 46/358/2 45/357/2 270/582/2
f 32/344/2 282/594/2 33/345/2
f 283/595/2 282/594/2 32/344/2
f 28/340/2 285/597/2 29/341/2
f 285/597/2 30/342/2 29/341/2
f 30/342/2 284/596/2 31/343/2
f 284/596/2 30/342/2 285/597/2
f 32/344/2 31/343/2 283/595/2
f 31/343/2 284/596/2 283/595/2
f 270/582/2 45/357/2 271/583/2
f 23/335/2 291/603/2 290/602/2
f 309/621/2 6/318/2 5/317/2
f 311/623/2 310/622/2 4/316/2
f 12/324/2 11/323/2 302/614/2
f 5/317/2 310/622/2 309/621/2
f 12/324/2 302/614/2 13/325/2
f 22/334/2 291/603/2 23/335/2
f 4/316/2 310/622/2 5/317/2
f 4/316/2 3/315/2 311/623/2
f 312/624/2 311/623/2 3/315/2
f 292/604/2 22/334/2 293/605/2
f 22/334/2 292/604/2 291/603/2
f 293/605/2 21/333/2 294/606/2
f 21/333/2 293/605/2 22/334/2
f 294/606/2 21/333/2 20/332/2
f 20/332/2 19/331/2 295/607/2
f 18/330/2 296/608/2 19/331/2
f 20/332/2 295/607/2 294/606/2
f 296/608/2 18/330/2 297/609/2
f 19/331/2 296/608/2 295/607/2
f 299/611/2 15/327/2 300/612/2
f 301/613/2 14/326/2 13/325/2
f 14/326/2 301/613/2 300/612/2
f 301/613/2 13/325/2 302/614/2
f 300/612/2 15/327/2 14/326/2
f 17/329/2 297/609/2 18/330/2
f 297/609/2 17/329/2 16/328/2
f 15/327/2 298/610/2 16/328/2
f 16/328/2 298/610/2 297/609/2
f 15/327/2 299/611/2 298/610/2
f 625/1373/3 1/625/4 2/626/5
f 625/1373/3 2/626/5 314/1000/6
f 625/1373/3 314/1000/6 313/999/7
f 625/1373/3 313/999/7 1/625/4
f 626/1374/8 2/626/5 3/627/9
f 626/1374/8 3/627/9 315/1001/10
f 626/1374/8 315/1001/10 314/1000/6
f 626/1374/8 314/1000/6 2/626/5
f 627/1375/11 3/627/9 4/628/12
f 627/1375/11 4/628/12 316/1002/13
f 627/1375/11 316/1002/13 315/1001/10
f 627/1375/11 315/1001/10 3/627/9
f 628/1376/14 4/628/12 5/629/15
f 628/1376/14 5/629/15 317/1003/16
f 628/1376/14 317/1003/16 316/1002/13
f 628/1376/14 316/1002/13 4/628/12
f 629/1377/17 5/629/15 6/630/18
f 629/1377/17 6/630/18 318/1004/19
f 629/1377/17 318/1004/19 317/1003/16
f 629/1377/17 317/1003/16 5/629/15
f 630/1378/20 6/630/18 7/631/21
f 630/1378/20 7/631/21 319/1005/22
f 630/1378/20 319/1005/22 318/1004/19
f 630/1378/20 318/1004/19 6/630/18
f 631/1379/23 7/631/21 8/632/24
f 631/1379/23 8/632/24 320/1006/25
f 631/1379/23 320/1006/25 319/1005/22
f 631/1379/23 319/1005/22 7/631/21
f 632/1380/26 8/632/24 9/633/27
f 632/1380/26 9/633/27 321/1007/28
f 632/1380/26 321/1007/28 320/1006/25
f 632/1380/26 320/1006/25 8/632/24
f 633/1381/29 9/633/27 10/634/30
f 633/1381/29 10/634/30 322/1008/31
f 633/1381/29 322/1008/31 321/1007/28
f 633/1381/29 321/1007/28 9/633/27
f 634/1382/32 10/634/30 11/635/33
f 634/1382/32 11/635/33 323/1009/34
f 634/1382/32 323/1009/34 322/1008/31
f 634/1382/32 322/1008/31 10/634/30
f 635/1383/35 11/635/33 12/636/36
f 635/1383/35 12/636/36 324/1010/37
f 635/1383/35 324/1010/37 323/1009/34
f 635/1383/35 323/1009/34 11/635/33
f 636/1384/38 12/636/36 13/637/39
f 636/1384/38 13/637/39 325/1011/40
f 636/1384/38 325/1011/40 324/1010/37
f 636/1384/38 324/1010/37 12/636/36
f 637/1385/41 13/637/39 14/638/42
f 637/1385/41 14/638/42 326/1012/43
f 637/1385/41 326/1012/43 325/1011/40
f 637/1385/41 325/1011/40 13/637/39
f 638/1386/44 14/638/42 15/639/45
f 638/1386/44 15/639/45 327/1013/46
f 638/1386/44 327/1013/46 326/1012/43
f 638/1386/44 326/1012/43 14/638/42
f 639/1387/47 15/639/45 16/640/48
f 639/1387/47 16/640/48 328/1014/49
f 639/1387/47 328/1014/49 327/1013/46
f 639/1387/47 327/1013/46 15/639/45
f 640/1388/50 16/640/48 17/641/51
f 640/1388/50 17/641/51 329/1015/52
f 640/1388/50 329/1015/52 328/1014/49
f 640/1388/50 328/1014/49 16/640/48
f 641/1389/53 17/641/51 18/642/54
f 641/1389/53 18/642/54 330/1016/55
f 641/1389/53 330/1016/55 329/1015/52
f 641/1389/53 329/1015/52 17/641/51
f 642/1390/56 18/642/54 19/643/57
f 642/1390/56 19/643/57 331/1017/58
f 642/1390/56 331/1017/58 330/1016/55
f 642/1390/56 330/1016/55 18/642/54
f 643/1391/59 19/643/57 20/644/60
f 643/1391/59 20/644/60 332/1018/61
f 643/1391/59 332/1018/61 331/1017/58
f 643/1391/59 331/1017/58 19/643/57
f 644/1392/62 20/644/60 21/645/63
f 644/1392/62 21/645/63 333/1019/64
f 644/1392/62 333/1019/64 332/1018/61
f 644/1392/62 332/1018/61 20/644/60
f 645/1393/65 21/645/63 22/646/66
f 645/1393/65 22/646/66 334/1020/67
f 645/1393/65 334/1020/67 333/1019/64
f 645/1393/65 333/1019/64 21/645/63
f 646/1394/68 22/646/66 23/647/69
f 646/1394/68 23/647/69 335/1021/70
f 646/1394/68 335/1021/70 334/1020/67
f 646/1394/68 334/1020/67 22/646/66
f 647/1395/71 23/647/69 24/648/72
f 647/1395/71 24/648/72 336/1022/73
f 647/1395/71 336/1022/73 335/1021/70
f 647/1395/71 335/1021/70 23/647/69
f 648/1396/74 24/648/72 25/649/75
f 648/1396/74 25/649/75 337/1023/76
f 648/1396/74 337/1023/76 336/1022/73
f 648/1396/74 336/1022/73 24/648/72
f 649/1397/77 25/649/75 26/650/78
f 649/1397/77 26/650/78 338/1024/79
f 649/1397/77 338/1024/79 337/1023/76
f 649/1397/77 337/1023/76 25/649/75
f 650/1398/80 26/650/78 27/651/81
f 650/1398/80 27/651/81 339/1025/82
f 650/1398/80 339/1025/82 338/1024/79
f 650/1398/80 338/1024/79 26/650/78
f 651/1399/83 27/651/81 28/652/84
f 651/1399/83 28/652/84 340/1026/85
f 651/1399/83 340/1026/85 339/1025/82
f 651/1399/83 339/1025/82 27/651/81
f 652/1400/86 28/652/84 29/653/87
f 652/1400/86 29/653/87 341/1027/88
f 652/1400/86 341/1027/88 340/1026/85
f 652/1400/86 340/1026/85 28/652/84
f 653/1401/89 29/653/87 30/654/90
f 653/1401/89 30/654/90 342/1028/91
f 653/1401/89 342/1028/91 341/1027/88
f 653/1401/89 341/1027/88 29/653/87
f 654/1402/92 30/654/90 31/655/93
f 654/1402/92 31/655/93 343/1029/94
f 654/1402/92 343/1029/94 342/1028/91
f 654/1402/92 342/1028/91 30/654/90
f 655/1403/95 31/655/93 32/656/96
f 655/1403/95 32/656/96 344/1030/97
f 655/1403/95 344/1030/97 343/1029/94
f 655/1403/95 343/1029/94 31/655/93
f 656/1404/98 32/656/96 33/657/99
f 656/1404/98 33/657/99 345/1031/100
f 656/1404/98 345/1031/100 344/1030/97
f 656/1404/98 344/1030/97 32/656/96
f 657/1405/101 33/657/99 34/658/102
f 657/1405/101 34/658/102 346/1032/103
f 657/1405/101 346/1032/103 345/1031/100
f 657/1405/101 345/1031/100 33/657/99
f 658/1406/104 34/659/105 35/660/106
f 658/1406/104 35/660/106 347/1034/107
f 658/1406/104 347/1034/107 346/1033/108
f 658/1406/104 346/1033/108 34/659/105
f 659/1407/109 35/661/110 36/662/111
f 659/1407/109 36/662/111 348/1036/112
f 659/1407/109 348/1036/112 347/1035/113
f 659/1407/109 347/1035/113 35/661/110
f 660/1408/114 36/663/115 37/664/116
f 660/1408/114 37/664/116 349/1038/117
f 660/1408/114 349/1038/117 348/1037/118
f 660/1408/114 348/1037/118 36/663/115
f 661/1409/119 37/665/120 38/666/121
f 661/1409/119 38/666/121 350/1040/122
f 661/1409/119 350/1040/122 349/1039/123
f 661/1409/119 349/1039/123 37/665/120
f 662/1410/124 38/667/125 39/668/126
f 662/1410/124 39/668/126 351/1042/127
f 662/1410/124 351/1042/127 350/1041/128
f 662/1410/124 350/1041/128 38/667/125
f 663/1411/129 39/669/130 40/670/131
f 663/1411/129 40/670/131 352/1044/132
f 663/1411/129 352/1044/132 351/1043/133
f 663/1411/129 351/1043/133 39/669/130
f 664/1412/134 40/671/135 41/672/136
f 664/1412/134 41/672/136 353/1046/137
f 664/1412/134 353/1046/137 352/1045/138
f 664/1412/134 352/1045/138 40/671/135
f 665/1413/139 41/673/140 42/674/141
f 665/1413/139 42/674/141 354/1048/142
f 665/1413/139 354/1048/142 353/1047/143
f 665/1413/139 353/1047/143 41/673/140
f 666/1414/144 42/675/145 43/676/146
f 666/1414/144 43/676/146 355/1050/147
f 666/1414/144 355/1050/147 354/1049/148
f 666/1414/144 354/1049/148 42/675/145
f 667/1415/149 43/677/150 44/678/151
f 667/1415/149 44/678/151 356/1052/152
f 667/1415/149 356/1052/152 355/1051/153
f 667/1415/149 355/1051/153 43/677/150
f 668/1416/154 44/678/151 45/679/155
f 668/1416/154 45/679/155 357/1053/156
f 668/1416/154 357/1053/156 356/1052/152
f 668/1416/154 356/1052/152 44/678/151
f 669/1417/157 45/679/155 46/680/158
f 669/1417/157 46/680/158 358/1054/159
f 669/1417/157 358/1054/159 357/1053/156
f 669/1417/157 357/1053/156 45/679/155
f 670/1418/160 46/680/158 47/681/161
f 670/1418/160 47/681/161 359/1055/162
f 670/1418/160 359/1055/162 358/1054/159
f 670/1418/160 358/1054/159 46/680/158
f 671/1419/163 47/681/161 48/682/164
f 671/1419/163 48/682/164 360/1056/165
f 671/1419/163 360/1056/165 359/1055/162
f 671/1419/163 359/1055/162 47/681/161
f 672/1420/166 48/682/164 49/683/167
f 672/1420/166 49/683/167 361/1057/168
f 672/1420/166 361/1057/168 360/1056/165
f 672/1420/166 360/1056/165 48/682/164
f 673/1421/169 49/683/167 50/684/170
f 673/1421/169 50/684/170 362/1058/171
f 673/1421/169 362/1058/171 361/1057/168
f 673/1421/169 361/1057/168 49/683/167
f 674/1422/172 50/684/170 51/685/173
f 674/1422/172 51/685/173 363/1059/174
f 674/1422/172 363/1059/174 362/1058/171
f 674/1422/172 362/1058/171 50/684/170
f 675/1423/175 51/685/173 52/686/176
f 675/1423/175 52/686/176 364/1060/177
f 675/1423/175 364/1060/177 363/1059/174
f 675/1423/175 363/1059/174 51/685/173
f 676/1424/178 52/686/176 53/687/179
f 676/1424/178 53/687/179 365/1061/180
f 676/1424/178 365/1061/180 364/1060/177
f 676/1424/178 364/1060/177 52/686/176
f 677/1425/181 53/687/179 54/688/182
f 677/1425/181 54/688/182 366/1062/183
f 677/1425/181 366/1062/183 365/1061/180
f 677/1425/181 365/1061/180 53/687/179
f 678/1426/184 54/688/182 55/689/185
f 678/1426/184 55/689/185 367/1063/186
f 678/1426/184 367/1063/186 366/1062/183
f 678/1426/184 366/1062/183 54/688/182
f 679/1427/187 55/689/185 56/690/188
f 679/1427/187 56/690/188 368/1064/189
f 679/1427/187 368/1064/189 367/1063/186
f 679/1427/187 367/1063/186 55/689/185
f 680/1428/190 56/690/188 57/691/191
f 680/1428/190 57/691/191 369/1065/192
f 680/1428/190 369/1065/192 368/1064/189
f 680/1428/190 368/1064/189 56/690/188
f 681/1429/193 57/691/191 58/692/194
f 681/1429/193 58/692/194 370/1066/195
f 681/1429/193 370/1066/195 369/1065/192
f 681/1429/193 369/1065/192 57/691/191
f 682/1430/196 58/692/194 59/693/197
f 682/1430/196 59/693/197 371/1067/198
f 682/1430/196 371/1067/198 370/1066/195
f 682/1430/196 370/1066/195 58/692/194
f 683/1431/199 59/693/197 60/694/200
f 683/1431/199 60/694/200 372/1068/201
f 683/1431/199 372/1068/201 371/1067/198
f 683/1431/199 371/1067/198 59/693/197
f 684/1432/202 60/694/200 61/695/203
f 684/1432/202 61/695/203 373/1069/204
f 684/1432/202 373/1069/204 372/1068/201
f 684/1432/202 372/1068/201 60/694/200
f 685/1433/205 61/695/203 62/696/206
f 685/1433/205 62/696/206 374/1070/207
f 685/1433/205 374/1070/207 373/1069/204
f 685/1433/205 373/1069/204 61/695/203
f 686/1434/208 62/696/206 63/697/209
f 686/1434/208 63/697/209 375/1071/210
f 686/1434/208 375/1071/210 374/1070/207
f 686/1434/208 374/1070/207 62/696/206
f 687/1435/211 63/697/209 64/698/212
f 687/1435/211 64/698/212 376/1072/213
f 687/1435/211 376/1072/213 375/1071/210
f 687/1435/211 375/1071/210 63/697/209
f 688/1436/214 64/698/212 65/699/215
f 688/1436/214 65/699/215 377/1073/216
f 688/1436/214 377/1073/216 376/1072/213
f 688/1436/214 376/1072/213 64/698/212
f 689/1437/217 65/699/215 66/700/218
f 689/1437/217 66/700/218 378/1074/219
f 689/1437/217 378/1074/219 377/1073/216
f 689/1437/217 377/1073/216 65/699/215
f 690/1438/220 66/700/218 67/701/221
f 690/1438/220 67/701/221 379/1075/222
f 690/1438/220 379/1075/222 378/1074/219
f 690/1438/220 378/1074/219 66/700/218
f 691/1439/223 67/701/221 68/702/224
f 691/1439/223 68/702/224 380/1076/225
f 691/1439/223 380/1076/225 379/1075/222
f 691/1439/223 379/1075/222 67/701/221
f 692/1440/226 68/702/224 69/703/227
f 692/1440/226 69/703/227 381/1077/228
f 692/1440/226 381/1077/228 380/1076/225
f 692/1440/226 380/1076/225 68/702/224
f 693/1441/229 69/703/227 70/704/230
f 693/1441/229 70/704/230 382/1078/231
f 693/1441/229 382/1078/231 381/1077/228
f 693/1441/229 381/1077/228 69/703/227
f 694/1442/232 70/704/230 71/705/233
f 694/1442/232 71/705/233 383/1079/234
f 694/1442/232 383/1079/234 382/1078/231
f 694/1442/232 382/1078/231 70/704/230
f 695/1443/235 71/705/233 72/706/236
f 695/1443/235 72/706/236 384/1080/237
f 695/1443/235 384/1080/237 383/1079/234
f 695/1443/235 383/1079/234 71/705/233
f 696/1444/238 72/706/236 73/707/239
f 696/1444/238 73/707/239 385/1081/240
f 696/1444/238 385/1081/240 384/1080/237
f 696/1444/238 384/1080/237 72/706/236
f 697/1445/241 73/707/239 74/708/242
f 697/1445/241 74/708/242 386/1082/243
f 697/1445/241 386/1082/243 385/1081/240
f 697/1445/241 385/1081/240 73/707/239
f 698/1446/244 74/708/242 75/709/245
f 698/1446/244 75/709/245 387/1083/246
f 698/1446/244 387/1083/246 386/1082/243
f 698/1446/244 386/1082/243 74/708/242
f 699/1447/247 75/709/245 76/710/248
f 699/1447/247 76/710/248 388/1084/249
f 699/1447/247 388/1084/249 387/1083/246
f 699/1447/247 387/1083/246 75/709/245
f 700/1448/250 76/711/251 77/712/252
f 700/1448/250 77/712/252 389/1086/253
f 700/1448/250 389/1086/253 388/1085/254
f 700/1448/250 388/1085/254 76/711/251
f 701/1449/255 77/713/256 78/714/257
f 701/1449/255 78/714/257 390/1088/258
f 701/1449/255 390/1088/258 389/1087/259
f 701/1449/255 389/1087/259 77/713/256
f 702/1450/260 78/715/261 79/716/262
f 702/1450/260 79/716/262 391/1090/263
f 702/1450/260 391/1090/263 390/1089/264
f 702/1450/260 390/1089/264 78/715/261
f 703/1451/265 79/717/266 80/718/267
f 703/1451/265 80/718/267 392/1092/268
f 703/1451/265 392/1092/268 391/1091/269
f 703/1451/265 391/1091/269 79/717/266
f 704/1452/270 80/719/271 81/720/272
f 704/1452/270 81/720/272 393/1094/273
f 704/1452/270 393/1094/273 392/1093/274
f 704/1452/270 392/1093/274 80/719/271
f 705/1453/275 81/721/276 82/722/277
f 705/1453/275 82/722/277 394/1096/278
f 705/1453/275 394/1096/278 393/1095/279
f 705/1453/275 393/1095/279 81/721/276
f 706/1454/280 82/723/281 83/724/282
f 706/1454/280 83/724/282 395/1098/283
f 706/1454/280 395/1098/283 394/1097/284
f 706/1454/280 394/1097/284 82/723/281
f 707/1455/285 83/725/286 84/726/287
f 707/1455/285 84/726/287 396/1100/288
f 707/1455/285 396/1100/288 395/1099/289
f 707/1455/285 395/1099/289 83/725/286
f 708/1456/290 84/727/291 85/728/292
f 708/1456/290 85/728/292 397/1102/293
f 708/1456/290 397/1102/293 396/1101/294
f 708/1456/290 396/1101/294 84/727/291
f 709/1457/295 85/729/296 86/730/297
f 709/1457/295 86/730/297 398/1104/298
f 709/1457/295 398/1104/298 397/1103/299
f 709/1457/295 397/1103/299 85/729/296
f 710/1458/300 86/730/297 87/731/301
f 710/1458/300 87/731/301 399/1105/302
f 710/1458/300 399/1105/302 398/1104/298
f 710/1458/300 398/1104/298 86/730/297
f 711/1459/303 87/731/301 88/732/304
f 711/1459/303 88/732/304 400/1106/305
f 711/1459/303 400/1106/305 399/1105/302
f 711/1459/303 399/1105/302 87/731/301
f 712/1460/306 88/732/304 89/733/307
f 712/1460/306 89/733/307 401/1107/308
f 712/1460/306 401/1107/308 400/1106/305
f 712/1460/306 400/1106/305 88/732/304
f 713/1461/309 89/733/307 90/734/310
f 713/1461/309 90/734/310 402/1108/311
f 713/1461/309 402/1108/311 401/1107/308
f 713/1461/309 401/1107/308 89/733/307
f 714/1462/312 90/734/310 91/735/313
f 714/1462/312 91/735/313 403/1109/314
f 714/1462/312 403/1109/314 402/1108/311
f 714/1462/312 402/1108/311 90/734/310
f 715/1463/315 91/735/313 92/736/316
f 715/1463/315 92/736/316 404/1110/317
f 715/1463/315 404/1110/317 403/1109/314
f 715/1463/315 403/1109/314 91/735/313
f 716/1464/318 92/736/316 93/737/319
f 716/1464/318 93/737/319 405/1111/320
f 716/1464/318 405/1111/320 404/1110/317
f 716/1464/318 404/1110/317 92/736/316
f 717/1465/321 93/737/319 94/738/322
f 717/1465/321 94/738/322 406/1112/323
f 717/1465/321 406/1112/323 405/1111/320
f 717/1465/321 405/1111/320 93/737/319
f 718/1466/324 94/738/322 95/739/325
f 718/1466/324 95/739/325 407/1113/326
f 718/1466/324 407/1113/326 406/1112/323
f 718/1466/324 406/1112/323 94/738/322
f 719/1467/327 95/739/325 96/740/328
f 719/1467/327 96/740/328 408/1114/329
f 719/1467/327 408/1114/329 407/1113/326
f 719/1467/327 407/1113/326 95/739/325
f 720/1468/330 96/740/328 97/741/331
f 720/1468/330 97/741/331 409/1115/332
f 720/1468/330 409/1115/332 408/1114/329
f 720/1468/330 408/1114/329 96/740/328
f 721/1469/333 97/741/331 98/742/334
f 721/1469/333 98/742/334 410/1116/335
f 721/1469/333 410/1116/335 409/1115/332
f 721/1469/333 409/1115/332 97/741/331
f 722/1470/336 98/742/334 99/743/337
f 722/1470/336 99/743/337 411/1117/338
f 722/1470/336 411/1117/338 410/1116/335
f 722/1470/336 410/1116/335 98/742/334
f 723/1471/339 99/743/337 100/744/340
f 723/1471/339 100/744/340 412/1118/341
f 723/1471/339 412/1118/341 411/1117/338
f 723/1471/339 411/1117/338 99/743/337
f 724/1472/342 100/744/340 101/745/343
f 724/1472/342 101/745/343 413/1119/344
f 724/1472/342 413/1119/344 412/1118/341
f 724/1472/342 412/1118/341 100/744/340
f 725/1473/345 101/745/343 102/746/346
f 725/1473/345 102/746/346 414/1120/347
f 725/1473/345 414/1120/347 413/1119/344
f 725/1473/345 413/1119/344 101/745/343
f 726/1474/348 102/746/346 103/747/349
f 726/1474/348 103/747/349 415/1121/350
f 726/1474/348 415/1121/350 414/1120/347
f 726/1474/348 414/1120/347 102/746/346
f 727/1475/351 103/747/349 104/748/352
f 727/1475/351 104/748/352 416/1122/353
f 727/1475/351 416/1122/353 415/1121/350
f 727/1475/351 415/1121/350 103/747/349
f 728/1476/354 104/748/352 105/749/355
f 728/1476/354 105/749/355 417/1123/356
f 728/1476/354 417/1123/356 416/1122/353
f 728/1476/354 416/1122/353 104/748/352
f 729/1477/357 105/749/355 106/750/358
f 729/1477/357 106/750/358 418/1124/359
f 729/1477/357 418/1124/359 417/1123/356
f 729/1477/357 417/1123/356 105/749/355
f 730/1478/360 106/750/358 107/751/361
f 730/1478/360 107/751/361 419/1125/362
f 730/1478/360 419/1125/362 418/1124/359
f 730/1478/360 418/1124/359 106/750/358
f 731/1479/363 107/751/361 108/752/364
f 731/1479/363 108/752/364 420/1126/365
f 731/1479/363 420/1126/365 419/1125/362
f 731/1479/363 419/1125/362 107/751/361
f 732/1480/366 108/752/364 109/753/367
f 732/1480/366 109/753/367 421/1127/368
f 732/1480/366 421/1127/368 420/1126/365
f 732/1480/366 420/1126/365 108/752/364
f 733/1481/369 109/753/367 110/754/370
f 733/1481/369 110/754/370 422/1128/371
f 733/1481/369 422/1128/371 421/1127/368
f 733/1481/369 421/1127/368 109/753/367
f 734/1482/372 110/754/370 111/755/373
f 734/1482/372 111/755/373 423/1129/374
f 734/1482/372 423/1129/374 422/1128/371
f 734/1482/372 422/1128/371 110/754/370
f 735/1483/375 111/755/373 112/756/376
f 735/1483/375 112/756/376 424/1130/377
f 735/1483/375 424/1130/377 423/1129/374
f 735/1483/375 423/1129/374 111/755/373
f 736/1484/378 112/756/376 113/757/379
f 736/1484/378 113/757/379 425/1131/380
f 736/1484/378 425/1131/380 424/1130/377
f 736/1484/378 424/1130/377 112/756/376
f 737/1485/381 113/757/379 114/758/382
f 737/1485/381 114/758/382 426/1132/383
f 737/1485/381 426/1132/383 425/1131/380
f 737/1485/381 425/1131/380 113/757/379
f 738/1486/384 114/758/382 115/759/385
f 738/1486/384 115/759/385 427/1133/386
f 738/1486/384 427/1133/386 426/1132/383
f 738/1486/384 426/1132/383 114/758/382
f 739/1487/387 115/759/385 116/760/388
f 739/1487/387 116/760/388 428/1134/389
f 739/1487/387 428/1134/389 427/1133/386
f 739/1487/387 427/1133/386 115/759/385
f 740/1488/390 116/761/391 117/762/392
f 740/1488/390 117/762/392 429/1136/393
f 740/1488/390 429/1136/393 428/1135/394
f 740/1488/390 428/1135/394 116/761/391
f 741/1489/395 117/763/396 118/764/397
f 741/1489/395 118/764/397 430/1138/398
f 741/1489/395 430/1138/398 429/1137/399
f 741/1489/395 429/1137/399 117/763/396
f 742/1490/400 118/765/401 119/766/402
f 742/1490/400 119/766/402 431/1140/403
f 742/1490/400 431/1140/403 430/1139/404
f 742/1490/400 430/1139/404 118/765/401
f 743/1491/405 119/767/406 120/768/407
f 743/1491/405 120/768/407 432/1142/408
f 743/1491/405 432/1142/408 431/1141/409
f 743/1491/405 431/1141/409 119/767/406
f 744/1492/410 120/769/411 121/770/412
f 744/1492/410 121/770/412 433/1144/413
f 744/1492/410 433/1144/413 432/1143/414
f 744/1492/410 432/1143/414 120/769/411
f 745/1493/415 121/771/416 122/772/417
f 745/1493/415 122/772/417 434/1146/418
f 745/1493/415 434/1146/418 433/1145/419
f 745/1493/415 433/1145/419 121/771/416
f 746/1494/420 122/773/421 123/774/422
f 746/1494/420 123/774/422 435/1148/423
f 746/1494/420 435/1148/423 434/1147/424
f 746/1494/420 434/1147/424 122/773/421
f 747/1495/425 123/775/426 124/776/427
f 747/1495/425 124/776/427 436/1150/428
f 747/1495/425 436/1150/428 435/1149/429
f 747/1495/425 435/1149/429 123/775/426
f 748/1496/430 124/777/431 125/778/432
f 748/1496/430 125/778/432 437/1152/433
f 748/1496/430 437/1152/433 436/1151/434
f 748/1496/430 436/1151/434 124/777/431
f 749/1497/435 125/779/436 126/780/437
f 749/1497/435 126/780/437 438/1154/438
f 749/1497/435 438/1154/438 437/1153/439
f 749/1497/435 437/1153/439 125/779/436
f 750/1498/440 126/780/437 127/781/441
f 750/1498/440 127/781/441 439/1155/442
f 750/1498/440 439/1155/442 438/1154/438
f 750/1498/440 438/1154/438 126/780/437
f 751/1499/443 127/781/441 128/782/444
f 751/1499/443 128/782/444 440/1156/445
f 751/1499/443 440/1156/445 439/1155/442
f 751/1499/443 439/1155/442 127/781/441
f 752/1500/446 128/782/444 129/783/447
f 752/1500/446 129/783/447 441/1157/448
f 752/1500/446 441/1157/448 440/1156/445
f 752/1500/446 440/1156/445 128/782/444
f 753/1501/449 129/783/447 130/784/450
f 753/1501/449 130/784/450 442/1158/451
f 753/1501/449 442/1158/451 441/1157/448
f 753/1501/449 441/1157/448 129/783/447
f 754/1502/452 130/784/450 131/785/453
f 754/1502/452 131/785/453 443/1159/454
f 754/1502/452 443/1159/454 442/1158/451
f 754/1502/452 442/1158/451 130/784/450
f 755/1503/455 131/785/453 132/786/456
f 755/1503/455 132/786/456 444/1160/457
f 755/1503/455 444/1160/457 443/1159/454
f 755/1503/455 443/1159/454 131/785/453
f 756/1504/458 132/786/456 133/787/459
f 756/1504/458 133/787/459 445/1161/460
f 756/1504/458 445/1161/460 444/1160/457
f 756/1504/458 444/1160/457 132/786/456
f 757/1505/461 133/787/459 134/788/462
f 757/1505/461 134/788/462 446/1162/463
f 757/1505/461 446/1162/463 445/1161/460
f 757/1505/461 445/1161/460 133/787/459
f 758/1506/464 134/788/462 135/789/465
f 758/1506/464 135/789/465 447/1163/466
f 758/1506/464 447/1163/466 446/1162/463
f 758/1506/464 446/1162/463 134/788/462
f 759/1507/467 135/789/465 136/790/468
f 759/1507/467 136/790/468 448/1164/469
f 759/1507/467 448/1164/469 447/1163/466
f 759/1507/467 447/1163/466 135/789/465
f 760/1508/470 136/790/468 137/791/471
f 760/1508/470 137/791/471 449/1165/472
f 760/1508/470 449/1165/472 448/1164/469
f 760/1508/470 448/1164/469 136/790/468
f 761/1509/473 137/791/471 138/792/474
f 761/1509/473 138/792/474 450/1166/475
f 761/1509/473 450/1166/475 449/1165/472
f 761/1509/473 449/1165/472 137/791/471
f 762/1510/476 138/792/474 139/793/477
f 762/1510/476 139/793/477 451/1167/478
f 762/1510/476 451/1167/478 450/1166/475
f 762/1510/476 450/1166/475 138/792/474
f 763/1511/479 139/793/477 140/794/480
f 763/1511/479 140/794/480 452/1168/481
f 763/1511/479 452/1168/481 451/1167/478
f 763/1511/479 451/1167/478 139/793/477
f 764/1512/482 140/794/480 141/795/483
f 764/1512/482 141/795/483 453/1169/484
f 764/1512/482 453/1169/484 452/1168/481
f 764/1512/482 452/1168/481 140/794/480
f 765/1513/485 141/795/483 142/796/486
f 765/1513/485 142/796/486 454/1170/487
f 765/1513/485 454/1170/487 453/1169/484
f 765/1513/485 453/1169/484 141/795/483
f 766/1514/488 142/796/486 143/797/489
f 766/1514/488 143/797/489 455/1171/490
f 766/1514/488 455/1171/490 454/1170/487
f 766/1514/488 454/1170/487 142/796/486
f 767/1515/491 143/797/489 144/798/492
f 767/1515/491 144/798/492 456/1172/493
f 767/1515/491 456/1172/493 455/1171/490
f 767/1515/491 455/1171/490 143/797/489
f 768/1516/494 144/798/492 145/799/495
f 768/1516/494 145/799/495 457/1173/496
f 768/1516/494 457/1173/496 456/1172/493
f 768/1516/494 456/1172/493 144/798/492
f 769/1517/497 145/799/495 146/800/498
f 769/1517/497 146/800/498 458/1174/499
f 769/1517/497 458/1174/499 457/1173/496
f 769/1517/497 457/1173/496 145/799/495
f 770/1518/500 146/800/498 147/801/501
f 770/1518/500 147/801/501 459/1175/502
f 770/1518/500 459/1175/502 458/1174/499
f 770/1518/500 458/1174/499 146/800/498
f 771/1519/503 147/801/501 148/802/504
f 771/1519/503 148/802/504 460/1176/505
f 771/1519/503 460/1176/505 459/1175/502
f 771/1519/503 459/1175/502 147/801/501
f 772/1520/506 148/802/504 149/803/507
f 772/1520/506 149/803/507 461/1177/508
f 772/1520/506 461/1177/508 460/1176/505
f 772/1520/506 460/1176/505 148/802/504
f 773/1521/509 149/803/507 150/804/510
f 773/1521/509 150/804/510 462/1178/511
f 773/1521/509 462/1178/511 461/1177/508
f 773/1521/509 461/1177/508 149/803/507
f 774/1522/512 150/804/510 151/805/513
f 774/1522/512 151/805/513 463/1179/514
f 774/1522/512 463/1179/514 462/1178/511
f 774/1522/512 462/1178/511 150/804/510
f 775/1523/515 151/805/513 152/806/516
f 775/1523/515 152/806/516 464/1180/517
f 775/1523/515 464/1180/517 463/1179/514
f 775/1523/515 463/1179/514 151/805/513
f 776/1524/518 152/806/516 153/807/519
f 776/1524/518 153/807/519 465/1181/520
f 776/1524/518 465/1181/520 464/1180/517
f 776/1524/518 464/1180/517 152/806/516
f 777/1525/521 153/807/519 154/808/522
f 777/1525/521 154/808/522 466/1182/523
f 777/1525/521 466/1182/523 465/1181/520
f 777/1525/521 465/1181/520 153/807/519
f 778/1526/524 154/808/522 155/809/525
f 778/1526/524 155/809/525 467/1183/526
f 778/1526/524 467/1183/526 466/1182/523
f 778/1526/524 466/1182/523 154/808/522
f 779/1527/527 155/809/525 156/810/528
f 779/1527/527 156/810/528 468/1184/529
f 779/1527/527 468/1184/529 467/1183/526
f 779/1527/527 467/1183/526 155/809/525
f 780/1528/530 156/810/528 157/811/531
f 780/1528/530 157/811/531 469/1185/532
f 780/1528/530 469/1185/532 468/1184/529
f 780/1528/530 468/1184/529 156/810/528
f 781/1529/533 157/811/531 158/812/534
f 781/1529/533 158/812/534 470/1186/535
f 781/1529/533 470/1186/535 469/1185/532
f 781/1529/533 469/1185/532 157/811/531
f 782/1530/536 158/812/534 159/813/537
f 782/1530/536 159/813/537 471/1187/538
f 782/1530/536 471/1187/538 470/1186/535
f 782/1530/536 470/1186/535 158/812/534
f 783/1531/539 159/814/540 160/815/541
f 783/1531/539 160/815/541 472/1189/542
f 783/1531/539 472/1189/542 471/1188/543
f 783/1531/539 471/1188/543 159/814/540
f 784/1532/544 160/815/541 161/816/545
f 784/1532/544 161/816/545 473/1190/546
f 784/1532/544 473/1190/546 472/1189/542
f 784/1532/544 472/1189/542 160/815/541
f 785/1533/547 161/816/545 162/817/548
f 785/1533/547 162/817/548 474/1191/549
f 785/1533/547 474/1191/549 473/1190/546
f 785/1533/547 473/1190/546 161/816/545
f 786/1534/550 162/817/548 163/818/551
f 786/1534/550 163/818/551 475/1192/552
f 786/1534/550 475/1192/552 474/1191/549
f 786/1534/550 474/1191/549 162/817/548
f 787/1535/553 163/818/551 164/819/554
f 787/1535/553 164/819/554 476/1193/555
f 787/1535/553 476/1193/555 475/1192/552
f 787/1535/553 475/1192/552 163/818/551
f 788/1536/556 164/819/554 165/820/557
f 788/1536/556 165/820/557 477/1194/558
f 788/1536/556 477/1194/558 476/1193/555
f 788/1536/556 476/1193/555 164/819/554
f 789/1537/559 165/820/557 166/821/560
f 789/1537/559 166/821/560 478/1195/561
f 789/1537/559 478/1195/561 477/1194/558
f 789/1537/559 477/1194/558 165/820/557
f 790/1538/562 166/821/560 167/822/563
f 790/1538/562 167/822/563 479/1196/564
f 790/1538/562 479/1196/564 478/1195/561
f 790/1538/562 478/1195/561 166/821/560
f 791/1539/565 167/822/563 168/823/566
f 791/1539/565 168/823/566 480/1197/567
f 791/1539/565 480/1197/567 479/1196/564
f 791/1539/565 479/1196/564 167/822/563
f 792/1540/568 168/823/566 169/824/569
f 792/1540/568 169/824/569 481/1198/570
f 792/1540/568 481/1198/570 480/1197/567
f 792/1540/568 480/1197/567 168/823/566
f 793/1541/571 169/824/569 170/825/572
f 793/1541/571 170/825/572 482/1199/573
f 793/1541/571 482/1199/573 481/1198/570
f 793/1541/571 481/1198/570 169/824/569
f 794/1542/574 170/825/572 171/826/575
f 794/1542/574 171/826/575 483/1200/576
f 794/1542/574 483/1200/576 482/1199/573
f 794/1542/574 482/1199/573 170/825/572
f 795/1543/577 171/826/575 172/827/578
f 795/1543/577 172/827/578 484/1201/579
f 795/1543/577 484/1201/579 483/1200/576
f 795/1543/577 483/1200/576 171/826/575
f 796/1544/580 172/827/578 173/828/581
f 796/1544/580 173/828/581 485/1202/582
f 796/1544/580 485/1202/582 484/1201/579
f 796/1544/580 484/1201/579 172/827/578
f 797/1545/583 173/828/581 174/829/584
f 797/1545/583 174/829/584 486/1203/585
f 797/1545/583 486/1203/585 485/1202/582
f 797/1545/583 485/1202/582 173/828/581
f 798/1546/586 174/829/584 175/830/587
f 798/1546/586 175/830/587 487/1204/588
f 798/1546/586 487/1204/588 486/1203/585
f 798/1546/586 486/1203/585 174/829/584
f 799/1547/589 175/830/587 176/831/590
f 799/1547/589 176/831/590 488/1205/591
f 799/1547/589 488/1205/591 487/1204/588
f 799/1547/589 487/1204/588 175/830/587
f 800/1548/592 176/831/590 177/832/593
f 800/1548/592 177/832/593 489/1206/594
f 800/1548/592 489/1206/594 488/1205/591
f 800/1548/592 488/1205/591 176/831/590
f 801/1549/595 177/832/593 178/833/596
f 801/1549/595 178/833/596 490/1207/597
f 801/1549/595 490/1207/597 489/1206/594
f 801/1549/595 489/1206/594 177/832/593
f 802/1550/598 178/833/596 179/834/599
f 802/1550/598 179/834/599 491/1208/600
f 802/1550/598 491/1208/600 490/1207/597
f 802/1550/598 490/1207/597 178/833/596
f 803/1551/601 179/834/599 180/835/602
f 803/1551/601 180/835/602 492/1209/603
f 803/1551/601 492/1209/603 491/1208/600
f 803/1551/601 491/1208/600 179/834/599
f 804/1552/604 180/835/602 181/836/605
f 804/1552/604 181/836/605 493/1210/606
f 804/1552/604 493/1210/606 492/1209/603
f 804/1552/604 492/1209/603 180/835/602
f 805/1553/607 181/836/605 182/837/608
f 805/1553/607 182/837/608 494/1211/609
f 805/1553/607 494/1211/609 493/1210/606
f 805/1553/607 493/1210/606 181/836/605
f 806/1554/610 182/837/608 183/838/611
f 806/1554/610 183/838/611 495/1212/612
f 806/1554/610 495/1212/612 494/1211/609
f 806/1554/610 494/1211/609 182/837/608
f 807/1555/613 183/838/611 184/839/614
f 807/1555/613 184/839/614 496/1213/615
f 807/1555/613 496/1213/615 495/1212/612
f 807/1555/613 495/1212/612 183/838/611
f 808/1556/616 184/839/614 185/840/617
f 808/1556/616 185/840/617 497/1214/618
f 808/1556/616 497/1214/618 496/1213/615
f 808/1556/616 496/1213/615 184/839/614
f 809/1557/619 185/840/617 186/841/620
f 809/1557/619 186/841/620 498/1215/621
f 809/1557/619 498/1215/621 497/1214/618
f 809/1557/619 497/1214/618 185/840/617
f 810/1558/622 186/841/620 187/842/623
f 810/1558/622 187/842/623 499/1216/624
f 810/1558/622 499/1216/624 498/1215/621
f 810/1558/622 498/1215/621 186/841/620
f 811/1559/625 187/842/623 188/843/626
f 811/1559/625 188/843/626 500/1217/627
f 811/1559/625 500/1217/627 499/1216/624
f 811/1559/625 499/1216/624 187/842/623
f 812/1560/628 188/843/626 189/844/629
f 812/1560/628 189/844/629 501/1218/630
f 812/1560/628 501/1218/630 500/1217/627
f 812/1560/628 500/1217/627 188/843/626
f 813/1561/631 189/844/629 190/845/632
f 813/1561/631 190/845/632 502/1219/633
f 813/1561/631 502/1219/633 501/1218/630
f 813/1561/631 501/1218/630 189/844/629
f 814/1562/634 190/845/632 191/846/635
f 814/1562/634 191/846/635 503/1220/636
f 814/1562/634 503/1220/636 502/1219/633
f 814/1562/634 502/1219/633 190/845/632
f 815/1563/637 191/846/635 192/847/638
f 815/1563/637 192/847/638 504/1221/639
f 815/1563/637 504/1221/639 503/1220/636
f 815/1563/637 503/1220/636 191/846/635
f 816/1564/640 192/848/641 193/849/642
f 816/1564/640 193/849/642 505/1223/643
f 816/1564/640 505/1223/643 504/1222/644
f 816/1564/640 504/1222/644 192/848/641
f 817/1565/645 193/850/646 194/851/647
f 817/1565/645 194/851/647 506/1225/648
f 817/1565/645 506/1225/648 505/1224/649
f 817/1565/645 505/1224/649 193/850/646
f 818/1566/650 194/852/651 195/853/652
f 818/1566/650 195/853/652 507/1227/653
f 818/1566/650 507/1227/653 506/1226/654
f 818/1566/650 506/1226/654 194/852/651
f 819/1567/655 195/854/656 196/855/657
f 819/1567/655 196/855/657 508/1229/658
f 819/1567/655 508/1229/658 507/1228/659
f 819/1567/655 507/1228/659 195/854/656
f 820/1568/660 196/856/661 197/857/662
f 820/1568/660 197/857/662 509/1231/663
f 820/1568/660 509/1231/663 508/1230/664
f 820/1568/660 508/1230/664 196/856/661
f 821/1569/665 197/858/666 198/859/667
f 821/1569/665 198/859/667 510/1233/668
f 821/1569/665 510/1233/668 509/1232/669
f 821/1569/665 509/1232/669 197/858/666
f 822/1570/670 198/860/671 199/861/672
f 822/1570/670 199/861/672 511/1235/673
f 822/1570/670 511/1235/673 510/1234/674
f 822/1570/670 510/1234/674 198/860/671
f 823/1571/675 199/862/676 200/863/677
f 823/1571/675 200/863/677 512/1237/678
f 823/1571/675 512/1237/678 511/1236/679
f 823/1571/675 511/1236/679 199/862/676
f 824/1572/680 200/864/681 201/865/682
f 824/1572/680 201/865/682 513/1239/683
f 824/1572/680 513/1239/683 512/1238/684
f 824/1572/680 512/1238/684 200/864/681
f 825/1573/685 201/866/686 202/867/687
f 825/1573/685 202/867/687 514/1241/688
f 825/1573/685 514/1241/688 513/1240/689
f 825/1573/685 513/1240/689 201/866/686
f 826/1574/690 202/867/687 203/868/691
f 826/1574/690 203/868/691 515/1242/692
f 826/1574/690 515/1242/692 514/1241/688
f 826/1574/690 514/1241/688 202/867/687
f 827/1575/693 203/868/691 204/869/694
f 827/1575/693 204/869/694 516/1243/695
f 827/1575/693 516/1243/695 515/1242/692
f 827/1575/693 515/1242/692 203/868/691
f 828/1576/696 204/869/694 205/870/697
f 828/1576/696 205/870/697 517/1244/698
f 828/1576/696 517/1244/698 516/1243/695
f 828/1576/696 516/1243/695 204/869/694
f 829/1577/699 205/870/697 206/871/700
f 829/1577/699 206/871/700 518/1245/701
f 829/1577/699 518/1245/701 517/1244/698
f 829/1577/699 517/1244/698 205/870/697
f 830/1578/702 206/871/700 207/872/703
f 830/1578/702 207/872/703 519/1246/704
f 830/1578/702 519/1246/704 518/1245/701
f 830/1578/702 518/1245/701 206/871/700
f 831/1579/705 207/872/703 208/873/706
f 831/1579/705 208/873/706 520/1247/707
f 831/1579/705 520/1247/707 519/1246/704
f 831/1579/705 519/1246/704 207/872/703
f 832/1580/708 208/873/706 209/874/709
f 832/1580/708 209/874/709 521/1248/710
f 832/1580/708 521/1248/710 520/1247/707
f 832/1580/708 520/1247/707 208/873/706
f 833/1581/711 209/874/709 210/875/712
f 833/1581/711 210/875/712 522/1249/713
f 833/1581/711 522/1249/713 521/1248/710
f 833/1581/711 521/1248/710 209/874/709
f 834/1582/714 210/875/712 211/876/715
f 834/1582/714 211/876/715 523/1250/716
f 834/1582/714 523/1250/716 522/1249/713
f 834/1582/714 522/1249/713 210/875/712
f 835/1583/717 211/876/715 212/877/718
f 835/1583/717 212/877/718 524/1251/719
f 835/1583/717 524/1251/719 523/1250/716
f 835/1583/717 523/1250/716 211/876/715
f 836/1584/720 212/877/718 213/878/721
f 836/1584/720 213/878/721 525/1252/722
f 836/1584/720 525/1252/722 524/1251/719
f 836/1584/720 524/1251/719 212/877/718
f 837/1585/723 213/878/721 214/879/724
f 837/1585/723 214/879/724 526/1253/725
f 837/1585/723 526/1253/725 525/1252/722
f 837/1585/723 525/1252/722 213/878/721
f 838/1586/726 214/879/724 215/880/727
f 838/1586/726 215/880/727 527/1254/728
f 838/1586/726 527/1254/728 526/1253/725
f 838/1586/726 526/1253/725 214/879/724
f 839/1587/729 215/880/727 216/881/730
f 839/1587/729 216/881/730 528/1255/731
f 839/1587/729 528/1255/731 527/1254/728
f 839/1587/729 527/1254/728 215/880/727
f 840/1588/732 216/881/730 217/882/733
f 840/1588/732 217/882/733 529/1256/734
f 840/1588/732 529/1256/734 528/1255/731
f 840/1588/732 528/1255/731 216/881/730
f 841/1589/735 217/882/733 218/883/736
f 841/1589/735 218/883/736 530/1257/737
f 841/1589/735 530/1257/737 529/1256/734
f 841/1589/735 529/1256/734 217/882/733
f 842/1590/738 218/883/736 219/884/739
f 842/1590/738 219/884/739 531/1258/740
f 842/1590/738 531/1258/740 530/1257/737
f 842/1590/738 530/1257/737 218/883/736
f 843/1591/741 219/884/739 220/885/742
f 843/1591/741 220/885/742 532/1259/743
f 843/1591/741 532/1259/743 531/1258/740
f 843/1591/741 531/1258/740 219/884/739
f 844/1592/744 220/885/742 221/886/745
f 844/1592/744 221/886/745 533/1260/746
f 844/1592/744 533/1260/746 532/1259/743
f 844/1592/744 532/1259/743 220/885/742
f 845/1593/747 221/886/745 222/887/748
f 845/1593/747 222/887/748 534/1261/749
f 845/1593/747 534/1261/749 533/1260/746
f 845/1593/747 533/1260/746 221/886/745
f 846/1594/750 222/887/748 223/888/751
f 846/1594/750 223/888/751 535/1262/752
f 846/1594/750 535/1262/752 534/1261/749
f 846/1594/750 534/1261/749 222/887/748
f 847/1595/753 223/888/751 224/889/754
f 847/1595/753 224/889/754 536/1263/755
f 847/1595/753 536/1263/755 535/1262/752
f 847/1595/753 535/1262/752 223/888/751
f 848/1596/756 224/889/754 225/890/757
f 848/1596/756 225/890/757 537/1264/758
f 848/1596/756 537/1264/758 536/1263/755
f 848/1596/756 536/1263/755 224/889/754
f 849/1597/759 225/890/757 226/891/760
f 849/1597/759 226/891/760 538/1265/761
f 849/1597/759 538/1265/761 537/1264/758
f 849/1597/759 537/1264/758 225/890/757
f 850/1598/762 226/891/760 227/892/763
f 850/1598/762 227/892/763 539/1266/764
f 850/1598/762 539/1266/764 538/1265/761
f 850/1598/762 538/1265/761 226/891/760
f 851/1599/765 227/892/763 228/893/766
f 851/1599/765 228/893/766 540/1267/767
f 851/1599/765 540/1267/767 539/1266/764
f 851/1599/765 539/1266/764 227/892/763
f 852/1600/768 228/893/766 229/894/769
f 852/1600/768 229/894/769 541/1268/770
f 852/1600/768 541/1268/770 540/1267/767
f 852/1600/768 540/1267/767 228/893/766
f 853/1601/771 229/894/769 230/895/772
f 853/1601/771 230/895/772 542/1269/773
f 853/1601/771 542/1269/773 541/1268/770
f 853/1601/771 541/1268/770 229/894/769
f 854/1602/774 230/895/772 231/896/775
f 854/1602/774 231/896/775 543/1270/776
f 854/1602/774 543/1270/776 542/1269/773
f 854/1602/774 542/1269/773 230/895/772
f 855/1603/777 231/896/775 232/897/778
f 855/1603/777 232/897/778 544/1271/779
f 855/1603/777 544/1271/779 543/1270/776
f 855/1603/777 543/1270/776 231/896/775
f 856/1604/780 232/898/781 233/899/782
f 856/1604/780 233/899/782 545/1273/783
f 856/1604/780 545/1273/783 544/1272/784
f 856/1604/780 544/1272/784 232/898/781
f 857/1605/785 233/900/786 234/901/787
f 857/1605/785 234/901/787 546/1275/788
f 857/1605/785 546/1275/788 545/1274/789
f 857/1605/785 545/1274/789 233/900/786
f 858/1606/790 234/902/791 235/903/792
f 858/1606/790 235/903/792 547/1277/793
f 858/1606/790 547/1277/793 546/1276/794
f 858/1606/790 546/1276/794 234/902/791
f 859/1607/795 235/904/796 236/905/797
f 859/1607/795 236/905/797 548/1279/798
f 859/1607/795 548/1279/798 547/1278/799
f 859/1607/795 547/1278/799 235/904/796
f 860/1608/800 236/906/801 237/907/802
f 860/1608/800 237/907/802 549/1281/803
f 860/1608/800 549/1281/803 548/1280/804
f 860/1608/800 548/1280/804 236/906/801
f 861/1609/805 237/908/806 238/909/807
f 861/1609/805 238/909/807 550/1283/808
f 861/1609/805 550/1283/808 549/1282/809
f 861/1609/805 549/1282/809 237/908/806
f 862/1610/810 238/910/811 239/911/812
f 862/1610/810 239/911/812 551/1285/813
f 862/1610/810 551/1285/813 550/1284/814
f 862/1610/810 550/1284/814 238/910/811
f 863/1611/815 239/912/816 240/913/817
f 863/1611/815 240/913/817 552/1287/818
f 863/1611/815 552/1287/818 551/1286/819
f 863/1611/815 551/1286/819 239/912/816
f 864/1612/820 240/914/821 241/915/822
f 864/1612/820 241/915/822 553/1289/823
f 864/1612/820 553/1289/823 552/1288/824
f 864/1612/820 552/1288/824 240/914/821
f 865/1613/825 241/916/826 242/917/827
f 865/1613/825 242/917/827 554/1291/828
f 865/1613/825 554/1291/828 553/1290/829
f 865/1613/825 553/1290/829 241/916/826
f 866/1614/830 242/917/827 243/918/831
f 866/1614/830 243/918/831 555/1292/832
f 866/1614/830 555/1292/832 554/1291/828
f 866/1614/830 554/1291/828 242/917/827
f 867/1615/833 243/918/831 244/919/834
f 867/1615/833 244/919/834 556/1293/835
f 867/1615/833 556/1293/835 555/1292/832
f 867/1615/833 555/1292/832 243/918/831
f 868/1616/836 244/919/834 245/920/837
f 868/1616/836 245/920/837 557/1294/838
f 868/1616/836 557/1294/838 556/1293/835
f 868/1616/836 556/1293/835 244/919/834
f 869/1617/839 245/920/837 246/921/840
f 869/1617/839 246/921/840 558/1295/841
f 869/1617/839 558/1295/841 557/1294/838
f 869/1617/839 557/1294/838 245/920/837
f 870/1618/842 246/921/840 247/922/843
f 870/1618/842 247/922/843 559/1296/844
f 870/1618/842 559/1296/844 558/1295/841
f 870/1618/842 558/1295/841 246/921/840
f 871/1619/845 247/922/843 248/923/846
f 871/1619/845 248/923/846 560/1297/847
f 871/1619/845 560/1297/847 559/1296/844
f 871/1619/845 559/1296/844 247/922/843
f 872/1620/848 248/923/846 249/924/849
f 872/1620/848 249/924/849 561/1298/850
f 872/1620/848 561/1298/850 560/1297/847
f 872/1620/848 560/1297/847 248/923/846
f 873/1621/851 249/924/849 250/925/852
f 873/1621/851 250/925/852 562/1299/853
f 873/1621/851 562/1299/853 561/1298/850
f 873/1621/851 561/1298/850 249/924/849
f 874/1622/854 250/925/852 251/926/855
f 874/1622/854 251/926/855 563/1300/856
f 874/1622/854 563/1300/856 562/1299/853
f 874/1622/854 562/1299/853 250/925/852
f 875/1623/857 251/926/855 252/927/858
f 875/1623/857 252/927/858 564/1301/859
f 875/1623/857 564/1301/859 563/1300/856
f 875/1623/857 563/1300/856 251/926/855
f 876/1624/860 252/927/858 253/928/861
f 876/1624/860 253/928/861 565/1302/862
f 876/1624/860 565/1302/862 564/1301/859
f 876/1624/860 564/1301/859 252/927/858
f 877/1625/863 253/928/861 254/929/864
f 877/1625/863 254/929/864 566/1303/865
f 877/1625/863 566/1303/865 565/1302/862
f 877/1625/863 565/1302/862 253/928/861
f 878/1626/866 254/929/864 255/930/867
f 878/1626/866 255/930/867 567/1304/868
f 878/1626/866 567/1304/868 566/1303/865
f 878/1626/866 566/1303/865 254/929/864
f 879/1627/869 255/930/867 256/931/870
f 879/1627/869 256/931/870 568/1305/871
f 879/1627/869 568/1305/871 567/1304/868
f 879/1627/869 567/1304/868 255/930/867
f 880/1628/872 256/931/870 257/932/873
f 880/1628/872 257/932/873 569/1306/874
f 880/1628/872 569/1306/874 568/1305/871
f 880/1628/872 568/1305/871 256/931/870
f 881/1629/875 257/932/873 258/933/876
f 881/1629/875 258/933/876 570/1307/877
f 881/1629/875 570/1307/877 569/1306/874
f 881/1629/875 569/1306/874 257/932/873
f 882/1630/878 258/933/876 259/934/879
f 882/1630/878 259/934/879 571/1308/880
f 882/1630/878 571/1308/880 570/1307/877
f 882/1630/878 570/1307/877 258/933/876
f 883/1631/881 259/934/879 260/935/882
f 883/1631/881 260/935/882 572/1309/883
f 883/1631/881 572/1309/883 571/1308/880
f 883/1631/881 571/1308/880 259/934/879
f 884/1632/884 260/935/882 261/936/885
f 884/1632/884 261/936/885 573/1310/886
f 884/1632/884 573/1310/886 572/1309/883
f 884/1632/884 572/1309/883 260/935/882
f 885/1633/887 261/936/885 262/937/888
f 885/1633/887 262/937/888 574/1311/889
f 885/1633/887 574/1311/889 573/1310/886
f 885/1633/887 573/1310/886 261/936/885
f 886/1634/890 262/937/888 263/938/891
f 886/1634/890 263/938/891 575/1312/892
f 886/1634/890 575/1312/892 574/1311/889
f 886/1634/890 574/1311/889 262/937/888
f 887/1635/893 263/938/891 264/939/894
f 887/1635/893 264/939/894 576/1313/895
f 887/1635/893 576/1313/895 575/1312/892
f 887/1635/893 575/1312/892 263/938/891
f 888/1636/896 264/939/894 265/940/897
f 888/1636/896 265/940/897 577/1314/898
f 888/1636/896 577/1314/898 576/1313/895
f 888/1636/896 576/1313/895 264/939/894
f 889/1637/899 265/940/897 266/941/900
f 889/1637/899 266/941/900 578/1315/901
f 889/1637/899 578/1315/901 577/1314/898
f 889/1637/899 577/1314/898 265/940/897
f 890/1638/902 266/941/900 267/942/903
f 890/1638/902 267/942/903 579/1316/904
f 890/1638/902 579/1316/904 578/1315/901
f 890/1638/902 578/1315/901 266/941/900
f 891/1639/905 267/942/903 268/943/906
f 891/1639/905 268/943/906 580/1317/907
f 891/1639/905 580/1317/907 579/1316/904
f 891/1639/905 579/1316/904 267/942/903
f 892/1640/908 268/943/906 269/944/909
f 892/1640/908 269/944/909 581/1318/910
f 892/1640/908 581/1318/910 580/1317/907
f 892/1640/908 580/1317/907 268/943/906
f 893/1641/911 269/944/909 270/945/912
f 893/1641/911 270/945/912 582/1319/913
f 893/1641/911 582/1319/913 581/1318/910
f 893/1641/911 581/1318/910 269/944/909
f 894/1642/914 270/945/912 271/946/915
f 894/1642/914 271/946/915 583/1320/916
f 894/1642/914 583/1320/916 582/1319/913
f 894/1642/914 582/1319/913 270/945/912
f 895/1643/917 271/946/915 272/947/918
f 895/1643/917 272/947/918 584/1321/919
f 895/1643/917 584/1321/919 583/1320/916
f 895/1643/917 583/1320/916 271/946/915
f 896/1644/920 272/948/921 273/949/922
f 896/1644/920 273/949/922 585/1323/923
f 896/1644/920 585/1323/923 584/1322/924
f 896/1644/920 584/1322/924 272/948/921
f 897/1645/925 273/950/926 274/951/927
f 897/1645/925 274/951/927 586/1325/928
f 897/1645/925 586/1325/928 585/1324/929
f 897/1645/925 585/1324/929 273/950/926
f 898/1646/930 274/952/931 275/953/932
f 898/1646/930 275/953/932 587/1327/933
f 898/1646/930 587/1327/933 586/1326/934
f 898/1646/930 586/1326/934 274/952/931
f 899/1647/935 275/954/936 276/955/937
f 899/1647/935 276/955/937 588/1329/938
f 899/1647/935 588/1329/938 587/1328/939
f 899/1647/935 587/1328/939 275/954/936
f 900/1648/940 276/956/941 277/957/942
f 900/1648/940 277/957/942 589/1331/943
f 900/1648/940 589/1331/943 588/1330/944
f 900/1648/940 588/1330/944 276/956/941
f 901/1649/945 277/958/946 278/959/947
f 901/1649/945 278/959/947 590/1333/948
f 901/1649/945 590/1333/948 589/1332/949
f 901/1649/945 589/1332/949 277/958/946
f 902/1650/950 278/960/951 279/961/952
f 902/1650/950 279/961/952 591/1335/953
f 902/1650/950 591/1335/953 590/1334/954
f 902/1650/950 590/1334/954 278/960/951
f 903/1651/955 279/962/956 280/963/957
f 903/1651/955 280/963/957 592/1337/958
f 903/1651/955 592/1337/958 591/1336/959
f 903/1651/955 591/1336/959 279/962/956
f 904/1652/960 280/964/961 281/965/962
f 904/1652/960 281/965/962 593/1339/963
f 904/1652/960 593/1339/963 592/1338/964
f 904/1652/960 592/1338/964 280/964/961
f 905/1653/965 281/966/966 282/967/967
f 905/1653/965 282/967/967 594/1341/968
f 905/1653/965 594/1341/968 593/1340/969
f 905/1653/965 593/1340/969 281/966/966
f 906/1654/970 282/967/967 283/968/971
f 906/1654/970 283/968/971 595/1342/972
f 906/1654/970 595/1342/972 594/1341/968
f 906/1654/970 594/1341/968 282/967/967
f 907/1655/973 283/968/971 284/969/974
f 907/1655/973 284/969/974 596/1343/975
f 907/1655/973 596/1343/975 595/1342/972
f 907/1655/973 595/1342/972 283/968/971
f 908/1656/976 284/969/974 285/970/977
f 908/1656/976 285/970/977 597/1344/978
f 908/1656/976 597/1344/978 596/1343/975
f 908/1656/976 596/1343/975 284/969/974
f 909/1657/979 285/970/977 286/971/980
f 909/1657/979 286/971/980 598/1345/981
f 909/1657/979 598/1345/981 597/1344/978
f 909/1657/979 597/1344/978 285/970/977
f 910/1658/982 286/971/980 287/972/983
f 910/1658/982 287/972/983 599/1346/984
f 910/1658/982 599/1346/984 598/1345/981
f 910/1658/982 598/1345/981 286/971/980
f 911/1659/985 287/972/983 288/973/986
f 911/1659/985 288/973/986 600/1347/987
f 911/1659/985 600/1347/987 599/1346/984
f 911/1659/985 599/1346/984 287/972/983
f 912/1660/988 288/973/986 289/974/989
f 912/1660/988 289/974/989 601/1348/990
f 912/1660/988 601/1348/990 600/1347/987
f 912/1660/988 600/1347/987 288/973/986
f 913/1661/991 289/974/989 290/975/992
f 913/1661/991 290/975/992 602/1349/993
f 913/1661/991 602/1349/993 601/1348/990
f 913/1661/991 601/1348/990 289/974/989
f 914/1662/994 290/975/992 291/976/995
f 914/1662/994 291/976/995 603/1350/996
f 914/1662/994 603/1350/996 602/1349/993
f 914/1662/994 602/1349/993 290/975/992
f 915/1663/997 291/976/995 292/977/998
f 915/1663/997 292/977/998 604/1351/999
f 915/1663/997 604/1351/999 603/1350/996
f 915/1663/997 603/1350/996 291/976/995
f 916/1664/1000 292/977/998 293/978/1001
f 916/1664/1000 293/978/1001 605/1352/1002
f 916/1664/1000 605/1352/1002 604/1351/999
f 916/1664/1000 604/1351/999 292/977/998
f 917/1665/1003 293/978/1001 294/979/1004
f 917/1665/1003 294/979/1004 606/1353/1005
f 917/1665/1003 606/1353/1005 605/1352/1002
f 917/1665/1003 605/1352/1002 293/978/1001
f 918/1666/1006 294/979/1004 295/980/1007
f 918/1666/1006 295/980/1007 607/1354/1008
f 918/1666/1006 607/1354/1008 606/1353/1005
f 918/1666/1006 606/1353/1005 294/979/1004
f 919/1667/1009 295/980/1007 296/981/1010
f 919/1667/1009 296/981/1010 608/1355/1011
f 919/1667/1009 608/1355/1011 607/1354/1008
f 919/1667/1009 607/1354/1008 295/980/1007
f 920/1668/1012 296/981/1010 297/982/1013
f 920/1668/1012 297/982/1013 609/1356/1014
f 920/1668/1012 609/1356/1014 608/1355/1011
f 920/1668/1012 608/1355/1011 296/981/1010
f 921/1669/1015 297/982/1013 298/983/1016
f 921/1669/1015 298/983/1016 610/1357/1017
f 921/1669/1015 610/1357/1017 609/1356/1014
f 921/1669/1015 609/1356/1014 297/982/1013
f 922/1670/1018 298/983/1016 299/984/1019
f 922/1670/1018 299/984/1019 611/1358/1020
f 922/1670/1018 611/1358/1020 610/1357/1017
f 922/1670/1018 610/1357/1017 298/983/1016
f 923/1671/1021 299/984/1019 300/985/1022
f 923/1671/1021 300/985/1022 612/1359/1023
f 923/1671/1021 612/1359/1023 611/1358/1020
f 923/1671/1021 611/1358/1020 299/984/1019
f 924/1672/1024 300/985/1022 301/986/1025
f 924/1672/1024 301/986/1025 613/1360/1026
f 924/1672/1024 613/1360/1026 612/1359/1023
f 924/1672/1024 612/1359/1023 300/985/1022
f 925/1673/1027 301/986/1025 302/987/1028
f 925/1673/1027 302/987/1028 614/1361/1029
f 925/1673/1027 614/1361/1029 613/1360/1026
f 925/1673/1027 613/1360/1026 301/986/1025
f 926/1674/1030 302/987/1028 303/988/1031
f 926/1674/1030 303/988/1031 615/1362/1032
f 926/1674/1030 615/1362/1032 614/1361/1029
f 926/1674/1030 614/1361/1029 302/987/1028
f 927/1675/1033 303/988/1031 304/989/1034
f 927/1675/1033 304/989/1034 616/1363/1035
f 927/1675/1033 616/1363/1035 615/1362/1032
f 927/1675/1033 615/1362/1032 303/988/1031
f 928/1676/1036 304/989/1034 305/990/1037
f 928/1676/1036 305/990/1037 617/1364/1038
f 928/1676/1036 617/1364/1038 616/1363/1035
f 928/1676/1036 616/1363/1035 304/989/1034
f 929/1677/1039 305/990/1037 306/991/1040
f 929/1677/1039 306/991/1040 618/1365/1041
f 929/1677/1039 618/1365/1041 617/1364/1038
f 929/1677/1039 617/1364/1038 305/990/1037
f 930/1678/1042 306/991/1040 307/992/1043
f 930/1678/1042 307/992/1043 619/1366/1044
f 930/1678/1042 619/1366/1044 618/1365/1041
f 930/1678/1042 618/1365/1041 306/991/1040
f 931/1679/1045 307/992/1043 308/993/1046
f 931/1679/1045 308/993/1046 620/1367/1047
f 931/1679/1045 620/1367/1047 619/1366/1044
f 931/1679/1045 619/1366/1044 307/992/1043
f 932/1680/1048 308/993/1046 309/994/1049
f 932/1680/1048 309/994/1049 621/1368/1050
f 932/1680/1048 621/1368/1050 620/1367/1047
f 932/1680/1048 620/1367/1047 308/993/1046
f 933/1681/1051 309/994/1049 310/995/1052
f 933/1681/1051 310/995/1052 622/1369/1053
f 933/1681/1051 622/1369/1053 621/1368/1050
f 933/1681/1051 621/1368/1050 309/994/1049
f 934/1682/1054 310/995/1052 311/996/1055
f 934/1682/1054 311/996/1055 623/1370/1056
f 934/1682/1054 623/1370/1056 622/1369/1053
f 934/1682/1054 622/1369/1053 310/995/1052
f 935/1683/1057 311/996/1055 312/997/1058
f 935/1683/1057 312/997/1058 624/1371/1059
f 935/1683/1057 624/1371/1059 623/1370/1056
f 935/1683/1057 623/1370/1056 311/996/1055
f 936/1684/1060 312/997/1058 1/998/1061
f 936/1684/1060 1/998/1061 313/1372/1062
f 936/1684/1060 313/1372/1062 624/1371/1059
f 936/1684/1060 624/1371/1059 312/997/1058
