mtllib RAINBOW RIB.mtl
# Vertex Positions: 
g groupNumber_0
v 13.9787 -0.198476 -16.9263
v 13.6529 -0.0180637 -16.9263
v 13.3475 -0.19303 -16.9263
v 13.1823 0.053605 -16.9263
v 13.1397 0.10327 -16.9263
v 13.0878 0.140246 -16.9263
v 13.0284 0.163495 -16.9263
v 12.9635 0.171984 -16.9263
v 12.8962 0.164434 -16.9263
v 12.8373 0.14237 -16.9263
v 12.7853 0.106768 -16.9263
v 12.7421 0.0585863 -16.9263
v 12.5642 -0.194478 -16.9263
v 11.8047 -0.194478 -16.9263
v 11.7373 -0.114708 -16.9263
v 11.6786 -0.190168 -16.9263
v 10.5428 -0.190168 -16.9263
v 10.4895 -0.11357 -16.9263
v 10.4413 -0.194478 -16.9263
v 9.84039 -0.194478 -16.9263
v 9.81257 -0.161453 -16.9263
v 9.75641 -0.127582 -16.9263
v 9.69768 -0.103901 -16.9263
v 9.63668 -0.0896896 -16.9263
v 9.57454 -0.0849515 -16.9263
v 9.51143 -0.089834 -16.9263
v 9.44945 -0.104485 -16.9263
v 9.38976 -0.128908 -16.9263
v 9.33354 -0.163107 -16.9263
v 9.30679 -0.194478 -16.9263
v 8.55129 -0.194478 -16.9263
v 8.48879 -0.114139 -16.9263
v 8.43853 -0.190168 -16.9263
v 7.51769 -0.190168 -16.9263
v 7.46309 -0.11426 -16.9263
v 7.40273 -0.194478 -16.9263
v 6.76195 -0.194478 -16.9263
v 6.56646 0.0920765 -16.9263
v 6.52451 0.140274 -16.9263
v 6.47356 0.176274 -16.9263
v 6.41549 0.199058 -16.9263
v 6.35217 0.207612 -16.9263
v 6.28528 0.200451 -16.9263
v 6.22779 0.179411 -16.9263
v 6.1768 0.14544 -16.9263
v 6.13413 0.0994364 -16.9263
v 5.92171 -0.190168 -16.9263
v 5.03897 -0.186445 -16.9263
v 4.98902 -0.114208 -16.9263
v 4.92752 -0.194478 -16.9263
v 3.89424 -0.194478 -16.9263
v 3.84439 -0.114156 -16.9263
v 3.78155 -0.190168 -16.9263
v 3.15656 -0.190168 -16.9263
v 3.13691 -0.167106 -16.9263
v 3.08119 -0.131187 -16.9263
v 3.02383 -0.105544 -16.9263
v 2.96544 -0.0901658 -16.9263
v 2.90662 -0.0850422 -16.9263
v 2.84429 -0.0908284 -16.9263
v 2.78289 -0.108178 -16.9263
v 2.72314 -0.137079 -16.9263
v 2.66577 -0.177517 -16.9263
v 2.65015 -0.194478 -16.9263
v 1.9718 -0.194478 -16.9263
v 1.91578 -0.114587 -16.9263
v 1.84546 -0.194478 -16.9263
v 0.832239 -0.194478 -16.9263
v 0.777531 -0.114018 -16.9263
v 0.719444 -0.194478 -16.9263
v 0.152438 -0.194478 -16.9263
v -0.0133064 0.047262 -16.9263
v -0.0614631 0.101848 -16.9263
v -0.120417 0.142633 -16.9263
v -0.187393 0.168167 -16.9263
v -0.259614 0.177 -16.9263
v -0.333937 0.167637 -16.9263
v -0.401094 0.141411 -16.9263
v -0.459997 0.0998339 -16.9263
v -0.507834 0.044418 -16.9263
v -0.667684 -0.194478 -16.9263
v -1.43075 -0.194478 -16.9263
v -1.46445 -0.113674 -16.9263
v -1.53934 -0.194478 -16.9263
v -2.59241 -0.194478 -16.9263
v -2.65738 -0.114846 -16.9263
v -2.72241 -0.190168 -16.9263
v -3.28364 -0.190168 -16.9263
v -3.29369 -0.169761 -16.9263
v -3.35142 -0.122679 -16.9263
v -3.41035 -0.0899194 -16.9263
v -3.47069 -0.0702537 -16.9263
v -3.53174 -0.0636955 -16.9263
v -3.59006 -0.069681 -16.9263
v -3.64776 -0.0876452 -16.9263
v -3.70424 -0.1176 -16.9263
v -3.75886 -0.159557 -16.9263
v -3.77484 -0.190168 -16.9263
v -4.7761 -0.190168 -16.9263
v -4.83495 -0.118258 -16.9263
v -4.90615 -0.194478 -16.9263
v -5.56473 -0.194478 -16.9263
v -5.61916 -0.102711 -16.9263
v -5.68857 -0.194478 -16.9263
v -6.41262 -0.194478 -16.9263
v -6.56554 0.0328007 -16.9263
v -6.61424 0.0889069 -16.9263
v -6.67408 0.130817 -16.9263
v -6.74225 0.15705 -16.9263
v -6.81593 0.166124 -16.9263
v -6.89239 0.156352 -16.9263
v -6.9608 0.129214 -16.9263
v -7.02057 0.0862697 -16.9263
v -7.06884 0.0290777 -16.9263
v -7.21449 -0.194478 -16.9263
v -8.33258 -0.194478 -16.9263
v -8.3823 -0.113277 -16.9263
v -8.43248 -0.194478 -16.9263
v -9.18534 -0.194478 -16.9263
v -9.22826 -0.11326 -16.9263
v -9.28526 -0.194478 -16.9263
v -9.99854 -0.194478 -16.9263
v -10.0433 -0.149043 -16.9263
v -10.0966 -0.108988 -16.9263
v -10.1498 -0.0803603 -16.9263
v -10.2031 -0.063174 -16.9263
v -10.2569 -0.0574423 -16.9263
v -10.316 -0.064223 -16.9263
v -10.376 -0.0845766 -16.9263
v -10.4374 -0.11852 -16.9263
v -10.5003 -0.166072 -16.9263
v -10.5231 -0.194478 -16.9263
v -11.2454 -0.194478 -16.9263
v -11.2949 -0.113174 -16.9263
v -11.3436 -0.194512 -16.9263
v -11.9617 -0.198718 -16.9263
v -12.003 -0.113225 -16.9263
v -12.0633 -0.194478 -16.9263
v -12.6216 -0.194478 -16.9263
v -12.8094 0.102866 -16.9263
v -12.8519 0.146492 -16.9263
v -12.9022 0.179103 -16.9263
v -12.9585 0.199782 -16.9263
v -13.0189 0.207612 -16.9263
v -13.0829 0.201168 -16.9263
v -13.1386 0.182222 -16.9263
v -13.1889 0.151597 -16.9263
v -13.2321 0.110071 -16.9263
v -13.4387 -0.192237 -16.9263
v -13.6108 -0.0386438 -16.9263
v -13.9787 -0.199131 -16.9263
v -13.6125 -0.0489856 -16.9263
v -13.4408 -0.202165 -16.9263
v -13.2251 0.104762 -16.9263
v -13.1833 0.144806 -16.9263
v -13.1345 0.174322 -16.9263
v -13.0805 0.192573 -16.9263
v -13.0233 0.19882 -16.9263
v -12.9606 0.191219 -16.9263
v -12.9062 0.171252 -16.9263
v -12.8576 0.139804 -16.9263
v -12.8166 0.0977989 -16.9263
v -12.6265 -0.203302 -16.9263
v -12.0588 -0.203302 -16.9263
v -12.0046 -0.130186 -16.9263
v -11.9672 -0.207612 -16.9263
v -11.3411 -0.203302 -16.9263
v -11.2948 -0.130255 -16.9263
v -11.2504 -0.203302 -16.9263
v -10.5188 -0.203302 -16.9263
v -10.494 -0.172174 -16.9263
v -10.4323 -0.125341 -16.9263
v -10.3725 -0.0919112 -16.9263
v -10.3143 -0.0718661 -16.9263
v -10.2572 -0.0651883 -16.9263
v -10.2052 -0.0708389 -16.9263
v -10.1535 -0.0877817 -16.9263
v -10.1016 -0.116003 -16.9263
v -10.0493 -0.155489 -16.9263
v -10.0022 -0.203302 -16.9263
v -9.28068 -0.203302 -16.9263
v -9.22933 -0.130152 -16.9263
v -9.19065 -0.203302 -16.9263
v -8.42755 -0.203302 -16.9263
v -8.38234 -0.130117 -16.9263
v -8.33751 -0.203302 -16.9263
v -7.2097 -0.203302 -16.9263
v -7.06145 0.0242515 -16.9263
v -7.01459 0.079774 -16.9263
v -6.95657 0.121464 -16.9263
v -6.89015 0.14781 -16.9263
v -6.81812 0.157299 -16.9263
v -6.74441 0.14849 -16.9263
v -6.67823 0.123022 -16.9263
v -6.62013 0.0823361 -16.9263
v -6.57285 0.0278711 -16.9263
v -6.41862 -0.201338 -16.9263
v -5.6842 -0.203302 -16.9263
v -5.62006 -0.1185 -16.9263
v -5.56976 -0.203302 -16.9263
v -4.90232 -0.203302 -16.9263
v -4.83539 -0.131668 -16.9263
v -4.78027 -0.198993 -16.9263
v -3.76943 -0.198993 -16.9263
v -3.75237 -0.165589 -16.9263
v -3.6993 -0.124961 -16.9263
v -3.64445 -0.0959547 -16.9263
v -3.58841 -0.0785599 -16.9263
v -3.53177 -0.0727642 -16.9263
v -3.47244 -0.079122 -16.9263
v -3.41378 -0.0981863 -16.9263
v -3.3565 -0.129944 -16.9263
v -3.30126 -0.17438 -16.9263
v -3.28912 -0.198993 -16.9263
v -2.71838 -0.198993 -16.9263
v -2.65758 -0.128566 -16.9263
v -2.59662 -0.203302 -16.9263
v -1.53548 -0.203302 -16.9263
v -1.46731 -0.129738 -16.9263
v -1.43665 -0.203302 -16.9263
v -0.662961 -0.203302 -16.9263
v -0.500491 0.0395229 -16.9263
v -0.454072 0.0933019 -16.9263
v -0.396912 0.133646 -16.9263
v -0.33174 0.159092 -16.9263
v -0.261286 0.168175 -16.9263
v -0.189521 0.1596 -16.9263
v -0.12453 0.134816 -16.9263
v -0.0673189 0.0952337 -16.9263
v -0.0205802 0.0422635 -16.9263
v 0.146474 -0.201372 -16.9263
v 0.72396 -0.203302 -16.9263
v 0.777324 -0.129393 -16.9263
v 0.827551 -0.203302 -16.9263
v 1.84946 -0.203302 -16.9263
v 1.91503 -0.128842 -16.9263
v 1.96587 -0.201406 -16.9263
v 2.65402 -0.203302 -16.9263
v 2.67184 -0.183929 -16.9263
v 2.72823 -0.143973 -16.9263
v 2.78651 -0.115428 -16.9263
v 2.84613 -0.0982991 -16.9263
v 2.90651 -0.0925887 -16.9263
v 2.9635 -0.0976433 -16.9263
v 3.02021 -0.112809 -16.9263
v 3.07615 -0.138088 -16.9263
v 3.13088 -0.173484 -16.9263
v 3.15249 -0.198993 -16.9263
v 3.78568 -0.198993 -16.9263
v 3.84336 -0.129255 -16.9263
v 3.88803 -0.201234 -16.9263
v 4.93187 -0.203302 -16.9263
v 4.98868 -0.129186 -16.9263
v 5.03435 -0.19527 -16.9263
v 5.92392 -0.198993 -16.9263
v 6.14124 0.094231 -16.9263
v 6.18229 0.138594 -16.9263
v 6.2313 0.171441 -16.9263
v 6.28661 0.191835 -16.9263
v 6.3466 0.198841 -16.9263
v 6.41321 0.190521 -16.9263
v 6.46935 0.1685 -16.9263
v 6.51861 0.133704 -16.9263
v 6.55915 0.0871124 -16.9263
v 6.75595 -0.201372 -16.9263
v 7.40714 -0.203302 -16.9263
v 7.46295 -0.129152 -16.9263
v 7.51314 -0.198993 -16.9263
v 8.44328 -0.198993 -16.9263
v 8.48934 -0.129255 -16.9263
v 8.54694 -0.203302 -16.9263
v 9.31086 -0.203302 -16.9263
v 9.33947 -0.169554 -16.9263
v 9.39414 -0.136374 -16.9263
v 9.45224 -0.112671 -16.9263
v 9.51264 -0.0984479 -16.9263
v 9.57419 -0.0937062 -16.9263
v 9.63493 -0.0983227 -16.9263
v 9.69457 -0.112174 -16.9263
v 9.75203 -0.135262 -16.9263
v 9.8062 -0.167589 -16.9263
v 9.83626 -0.203302 -16.9263
v 10.4463 -0.203302 -16.9263
v 10.4901 -0.129841 -16.9263
v 10.5382 -0.198993 -16.9263
v 11.6829 -0.198993 -16.9263
v 11.7375 -0.128704 -16.9263
v 11.7993 -0.201751 -16.9263
v 12.5688 -0.203302 -16.9263
v 12.7494 0.0535188 -16.9263
v 12.7911 0.100103 -16.9263
v 12.8413 0.134525 -16.9263
v 12.8984 0.155859 -16.9263
v 12.9603 0.163176 -16.9263
v 13.0262 0.154952 -16.9263
v 13.0836 0.132474 -16.9263
v 13.1338 0.096726 -16.9263
v 13.175 0.0487099 -16.9263
v 13.3424 -0.201338 -16.9263
v 13.6531 -0.0281297 -16.9263
v 13.9787 -0.198476 16.9263
v 13.6529 -0.0180637 16.9263
v 13.3475 -0.19303 16.9263
v 13.1823 0.053605 16.9263
v 13.1397 0.10327 16.9263
v 13.0878 0.140246 16.9263
v 13.0284 0.163495 16.9263
v 12.9635 0.171984 16.9263
v 12.8962 0.164434 16.9263
v 12.8373 0.14237 16.9263
v 12.7853 0.106768 16.9263
v 12.7421 0.0585863 16.9263
v 12.5642 -0.194478 16.9263
v 11.8047 -0.194478 16.9263
v 11.7373 -0.114708 16.9263
v 11.6786 -0.190168 16.9263
v 10.5428 -0.190168 16.9263
v 10.4895 -0.11357 16.9263
v 10.4413 -0.194478 16.9263
v 9.84039 -0.194478 16.9263
v 9.81257 -0.161453 16.9263
v 9.75641 -0.127582 16.9263
v 9.69768 -0.103901 16.9263
v 9.63668 -0.0896896 16.9263
v 9.57454 -0.0849515 16.9263
v 9.51143 -0.089834 16.9263
v 9.44945 -0.104485 16.9263
v 9.38976 -0.128908 16.9263
v 9.33354 -0.163107 16.9263
v 9.30679 -0.194478 16.9263
v 8.55129 -0.194478 16.9263
v 8.48879 -0.114139 16.9263
v 8.43853 -0.190168 16.9263
v 7.51769 -0.190168 16.9263
v 7.46309 -0.11426 16.9263
v 7.40273 -0.194478 16.9263
v 6.76195 -0.194478 16.9263
v 6.56646 0.0920765 16.9263
v 6.52451 0.140274 16.9263
v 6.47356 0.176274 16.9263
v 6.41549 0.199058 16.9263
v 6.35217 0.207612 16.9263
v 6.28528 0.200451 16.9263
v 6.22779 0.179411 16.9263
v 6.1768 0.14544 16.9263
v 6.13413 0.0994364 16.9263
v 5.92171 -0.190168 16.9263
v 5.03897 -0.186445 16.9263
v 4.98902 -0.114208 16.9263
v 4.92752 -0.194478 16.9263
v 3.89424 -0.194478 16.9263
v 3.84439 -0.114156 16.9263
v 3.78155 -0.190168 16.9263
v 3.15656 -0.190168 16.9263
v 3.13691 -0.167106 16.9263
v 3.08119 -0.131187 16.9263
v 3.02383 -0.105544 16.9263
v 2.96544 -0.0901658 16.9263
v 2.90662 -0.0850422 16.9263
v 2.84429 -0.0908284 16.9263
v 2.78289 -0.108178 16.9263
v 2.72314 -0.137079 16.9263
v 2.66577 -0.177517 16.9263
v 2.65015 -0.194478 16.9263
v 1.9718 -0.194478 16.9263
v 1.91578 -0.114587 16.9263
v 1.84546 -0.194478 16.9263
v 0.832239 -0.194478 16.9263
v 0.777531 -0.114018 16.9263
v 0.719444 -0.194478 16.9263
v 0.152438 -0.194478 16.9263
v -0.0133064 0.047262 16.9263
v -0.0614631 0.101848 16.9263
v -0.120417 0.142633 16.9263
v -0.187393 0.168167 16.9263
v -0.259614 0.177 16.9263
v -0.333937 0.167637 16.9263
v -0.401094 0.141411 16.9263
v -0.459997 0.0998339 16.9263
v -0.507834 0.044418 16.9263
v -0.667684 -0.194478 16.9263
v -1.43075 -0.194478 16.9263
v -1.46445 -0.113674 16.9263
v -1.53934 -0.194478 16.9263
v -2.59241 -0.194478 16.9263
v -2.65738 -0.114846 16.9263
v -2.72241 -0.190168 16.9263
v -3.28364 -0.190168 16.9263
v -3.29369 -0.169761 16.9263
v -3.35142 -0.122679 16.9263
v -3.41035 -0.0899194 16.9263
v -3.47069 -0.0702537 16.9263
v -3.53174 -0.0636955 16.9263
v -3.59006 -0.069681 16.9263
v -3.64776 -0.0876452 16.9263
v -3.70424 -0.1176 16.9263
v -3.75886 -0.159557 16.9263
v -3.77484 -0.190168 16.9263
v -4.7761 -0.190168 16.9263
v -4.83495 -0.118258 16.9263
v -4.90615 -0.194478 16.9263
v -5.56473 -0.194478 16.9263
v -5.61916 -0.102711 16.9263
v -5.68857 -0.194478 16.9263
v -6.41262 -0.194478 16.9263
v -6.56554 0.0328007 16.9263
v -6.61424 0.0889069 16.9263
v -6.67408 0.130817 16.9263
v -6.74225 0.15705 16.9263
v -6.81593 0.166124 16.9263
v -6.89239 0.156352 16.9263
v -6.9608 0.129214 16.9263
v -7.02057 0.0862697 16.9263
v -7.06884 0.0290777 16.9263
v -7.21449 -0.194478 16.9263
v -8.33258 -0.194478 16.9263
v -8.3823 -0.113277 16.9263
v -8.43248 -0.194478 16.9263
v -9.18534 -0.194478 16.9263
v -9.22826 -0.11326 16.9263
v -9.28526 -0.194478 16.9263
v -9.99854 -0.194478 16.9263
v -10.0433 -0.149043 16.9263
v -10.0966 -0.108988 16.9263
v -10.1498 -0.0803603 16.9263
v -10.2031 -0.063174 16.9263
v -10.2569 -0.0574423 16.9263
v -10.316 -0.064223 16.9263
v -10.376 -0.0845766 16.9263
v -10.4374 -0.11852 16.9263
v -10.5003 -0.166072 16.9263
v -10.5231 -0.194478 16.9263
v -11.2454 -0.194478 16.9263
v -11.2949 -0.113174 16.9263
v -11.3436 -0.194512 16.9263
v -11.9617 -0.198718 16.9263
v -12.003 -0.113225 16.9263
v -12.0633 -0.194478 16.9263
v -12.6216 -0.194478 16.9263
v -12.8094 0.102866 16.9263
v -12.8519 0.146492 16.9263
v -12.9022 0.179103 16.9263
v -12.9585 0.199782 16.9263
v -13.0189 0.207612 16.9263
v -13.0829 0.201168 16.9263
v -13.1386 0.182222 16.9263
v -13.1889 0.151597 16.9263
v -13.2321 0.110071 16.9263
v -13.4387 -0.192237 16.9263
v -13.6108 -0.0386438 16.9263
v -13.9787 -0.199131 16.9263
v -13.6125 -0.0489856 16.9263
v -13.4408 -0.202165 16.9263
v -13.2251 0.104762 16.9263
v -13.1833 0.144806 16.9263
v -13.1345 0.174322 16.9263
v -13.0805 0.192573 16.9263
v -13.0233 0.19882 16.9263
v -12.9606 0.191219 16.9263
v -12.9062 0.171252 16.9263
v -12.8576 0.139804 16.9263
v -12.8166 0.0977989 16.9263
v -12.6265 -0.203302 16.9263
v -12.0588 -0.203302 16.9263
v -12.0046 -0.130186 16.9263
v -11.9672 -0.207612 16.9263
v -11.3411 -0.203302 16.9263
v -11.2948 -0.130255 16.9263
v -11.2504 -0.203302 16.9263
v -10.5188 -0.203302 16.9263
v -10.494 -0.172174 16.9263
v -10.4323 -0.125341 16.9263
v -10.3725 -0.0919112 16.9263
v -10.3143 -0.0718661 16.9263
v -10.2572 -0.0651883 16.9263
v -10.2052 -0.0708389 16.9263
v -10.1535 -0.0877817 16.9263
v -10.1016 -0.116003 16.9263
v -10.0493 -0.155489 16.9263
v -10.0022 -0.203302 16.9263
v -9.28068 -0.203302 16.9263
v -9.22933 -0.130152 16.9263
v -9.19065 -0.203302 16.9263
v -8.42755 -0.203302 16.9263
v -8.38234 -0.130117 16.9263
v -8.33751 -0.203302 16.9263
v -7.2097 -0.203302 16.9263
v -7.06145 0.0242515 16.9263
v -7.01459 0.079774 16.9263
v -6.95657 0.121464 16.9263
v -6.89015 0.14781 16.9263
v -6.81812 0.157299 16.9263
v -6.74441 0.14849 16.9263
v -6.67823 0.123022 16.9263
v -6.62013 0.0823361 16.9263
v -6.57285 0.0278711 16.9263
v -6.41862 -0.201338 16.9263
v -5.6842 -0.203302 16.9263
v -5.62006 -0.1185 16.9263
v -5.56976 -0.203302 16.9263
v -4.90232 -0.203302 16.9263
v -4.83539 -0.131668 16.9263
v -4.78027 -0.198993 16.9263
v -3.76943 -0.198993 16.9263
v -3.75237 -0.165589 16.9263
v -3.6993 -0.124961 16.9263
v -3.64445 -0.0959547 16.9263
v -3.58841 -0.0785599 16.9263
v -3.53177 -0.0727642 16.9263
v -3.47244 -0.079122 16.9263
v -3.41378 -0.0981863 16.9263
v -3.3565 -0.129944 16.9263
v -3.30126 -0.17438 16.9263
v -3.28912 -0.198993 16.9263
v -2.71838 -0.198993 16.9263
v -2.65758 -0.128566 16.9263
v -2.59662 -0.203302 16.9263
v -1.53548 -0.203302 16.9263
v -1.46731 -0.129738 16.9263
v -1.43665 -0.203302 16.9263
v -0.662961 -0.203302 16.9263
v -0.500491 0.0395229 16.9263
v -0.454072 0.0933019 16.9263
v -0.396912 0.133646 16.9263
v -0.33174 0.159092 16.9263
v -0.261286 0.168175 16.9263
v -0.189521 0.1596 16.9263
v -0.12453 0.134816 16.9263
v -0.0673189 0.0952337 16.9263
v -0.0205802 0.0422635 16.9263
v 0.146474 -0.201372 16.9263
v 0.72396 -0.203302 16.9263
v 0.777324 -0.129393 16.9263
v 0.827551 -0.203302 16.9263
v 1.84946 -0.203302 16.9263
v 1.91503 -0.128842 16.9263
v 1.96587 -0.201406 16.9263
v 2.65402 -0.203302 16.9263
v 2.67184 -0.183929 16.9263
v 2.72823 -0.143973 16.9263
v 2.78651 -0.115428 16.9263
v 2.84613 -0.0982991 16.9263
v 2.90651 -0.0925887 16.9263
v 2.9635 -0.0976433 16.9263
v 3.02021 -0.112809 16.9263
v 3.07615 -0.138088 16.9263
v 3.13088 -0.173484 16.9263
v 3.15249 -0.198993 16.9263
v 3.78568 -0.198993 16.9263
v 3.84336 -0.129255 16.9263
v 3.88803 -0.201234 16.9263
v 4.93187 -0.203302 16.9263
v 4.98868 -0.129186 16.9263
v 5.03435 -0.19527 16.9263
v 5.92392 -0.198993 16.9263
v 6.14124 0.094231 16.9263
v 6.18229 0.138594 16.9263
v 6.2313 0.171441 16.9263
v 6.28661 0.191835 16.9263
v 6.3466 0.198841 16.9263
v 6.41321 0.190521 16.9263
v 6.46935 0.1685 16.9263
v 6.51861 0.133704 16.9263
v 6.55915 0.0871124 16.9263
v 6.75595 -0.201372 16.9263
v 7.40714 -0.203302 16.9263
v 7.46295 -0.129152 16.9263
v 7.51314 -0.198993 16.9263
v 8.44328 -0.198993 16.9263
v 8.48934 -0.129255 16.9263
v 8.54694 -0.203302 16.9263
v 9.31086 -0.203302 16.9263
v 9.33947 -0.169554 16.9263
v 9.39414 -0.136374 16.9263
v 9.45224 -0.112671 16.9263
v 9.51264 -0.0984479 16.9263
v 9.57419 -0.0937062 16.9263
v 9.63493 -0.0983227 16.9263
v 9.69457 -0.112174 16.9263
v 9.75203 -0.135262 16.9263
v 9.8062 -0.167589 16.9263
v 9.83626 -0.203302 16.9263
v 10.4463 -0.203302 16.9263
v 10.4901 -0.129841 16.9263
v 10.5382 -0.198993 16.9263
v 11.6829 -0.198993 16.9263
v 11.7375 -0.128704 16.9263
v 11.7993 -0.201751 16.9263
v 12.5688 -0.203302 16.9263
v 12.7494 0.0535188 16.9263
v 12.7911 0.100103 16.9263
v 12.8413 0.134525 16.9263
v 12.8984 0.155859 16.9263
v 12.9603 0.163176 16.9263
v 13.0262 0.154952 16.9263
v 13.0836 0.132474 16.9263
v 13.1338 0.096726 16.9263
v 13.175 0.0487099 16.9263
v 13.3424 -0.201338 16.9263
v 13.6531 -0.0281297 16.9263
v 13.8158 -0.10827 0
v 13.5002 -0.105547 0
v 13.2649 -0.0697123 0
v 13.161 0.0784375 0
v 13.1137 0.121758 0
v 13.0581 0.151871 0
v 12.996 0.16774 0
v 12.9299 0.168209 0
v 12.8668 0.153402 0
v 12.8113 0.124569 0
v 12.7637 0.0826772 0
v 12.6532 -0.0679456 0
v 12.1845 -0.194478 0
v 11.771 -0.154593 0
v 11.7079 -0.152438 0
v 11.1107 -0.190168 0
v 10.5162 -0.151869 0
v 10.4654 -0.154024 0
v 10.1408 -0.194478 0
v 9.82648 -0.177965 0
v 9.78449 -0.144518 0
v 9.72704 -0.115742 0
v 9.66718 -0.0967955 0
v 9.60561 -0.0873205 0
v 9.54298 -0.0873927 0
v 9.48044 -0.0971593 0
v 9.4196 -0.116696 0
v 9.36165 -0.146008 0
v 9.32017 -0.178792 0
v 8.92904 -0.194478 0
v 8.52004 -0.154308 0
v 8.46366 -0.152154 0
v 7.97811 -0.190168 0
v 7.49039 -0.152214 0
v 7.43291 -0.154369 0
v 7.08234 -0.194478 0
v 6.6642 -0.0512005 0
v 6.54548 0.116175 0
v 6.49903 0.158274 0
v 6.44452 0.187666 0
v 6.38383 0.203335 0
v 6.31872 0.204031 0
v 6.25653 0.189931 0
v 6.20229 0.162426 0
v 6.15547 0.122438 0
v 6.02792 -0.045366 0
v 5.48034 -0.188307 0
v 5.014 -0.150327 0
v 4.95827 -0.154343 0
v 4.41088 -0.194478 0
v 3.86931 -0.154317 0
v 3.81297 -0.152162 0
v 3.46905 -0.190168 0
v 3.14673 -0.178637 0
v 3.10905 -0.149147 0
v 3.05251 -0.118365 0
v 2.99463 -0.0978548 0
v 2.93603 -0.087604 0
v 2.87545 -0.0879353 0
v 2.81359 -0.0995034 0
v 2.75302 -0.122629 0
v 2.69446 -0.157298 0
v 2.65796 -0.185997 0
v 2.31098 -0.194478 0
v 1.94379 -0.154532 0
v 1.88062 -0.154532 0
v 1.33885 -0.194478 0
v 0.804885 -0.154248 0
v 0.748488 -0.154248 0
v 0.435941 -0.194478 0
v 0.0695658 -0.0736077 0
v -0.0373848 0.0745551 0
v -0.0909402 0.12224 0
v -0.153905 0.1554 0
v -0.223503 0.172583 0
v -0.296775 0.172319 0
v -0.367515 0.154524 0
v -0.430545 0.120623 0
v -0.483915 0.072126 0
v -0.587759 -0.0750297 0
v -1.04922 -0.194478 0
v -1.4476 -0.154076 0
v -1.5019 -0.154076 0
v -2.06588 -0.194478 0
v -2.62489 -0.154662 0
v -2.68989 -0.152507 0
v -3.00303 -0.190168 0
v -3.28867 -0.179965 0
v -3.32256 -0.14622 0
v -3.38089 -0.106299 0
v -3.44052 -0.0800865 0
v -3.50122 -0.0669746 0
v -3.5609 -0.0666882 0
v -3.61891 -0.0786631 0
v -3.676 -0.102623 0
v -3.73155 -0.138578 0
v -3.76685 -0.174863 0
v -4.27547 -0.190168 0
v -4.80552 -0.154213 0
v -4.87055 -0.156368 0
v -5.23544 -0.194478 0
v -5.59195 -0.148594 0
v -5.65387 -0.148594 0
v -6.0506 -0.194478 0
v -6.48908 -0.0808384 0
v -6.58989 0.0608538 0
v -6.64416 0.109862 0
v -6.70816 0.143934 0
v -6.77909 0.161587 0
v -6.85416 0.161238 0
v -6.9266 0.142783 0
v -6.99069 0.107742 0
v -7.04471 0.0576737 0
v -7.14167 -0.0826999 0
v -7.77353 -0.194478 0
v -8.35744 -0.153877 0
v -8.40739 -0.153877 0
v -8.80891 -0.194478 0
v -9.2068 -0.153869 0
v -9.25676 -0.153869 0
v -9.6419 -0.194478 0
v -10.0209 -0.17176 0
v -10.0699 -0.129015 0
v -10.1232 -0.094674 0
v -10.1765 -0.0717672 0
v -10.23 -0.0603082 0
v -10.2864 -0.0608326 0
v -10.346 -0.0743998 0
v -10.4067 -0.101549 0
v -10.4689 -0.142296 0
v -10.5117 -0.180275 0
v -10.8842 -0.194478 0
v -11.2702 -0.153826 0
v -11.3193 -0.153843 0
v -11.6526 -0.196615 0
v -11.9823 -0.155972 0
v -12.0331 -0.153851 0
v -12.3424 -0.194478 0
v -12.7155 -0.0458055 0
v -12.8307 0.124679 0
v -12.8771 0.162797 0
v -12.9303 0.189442 0
v -12.9887 0.203697 0
v -13.0509 0.20439 0
v -13.1108 0.191695 0
v -13.1637 0.16691 0
v -13.2105 0.130834 0
v -13.3354 -0.0410828 0
v -13.5248 -0.11544 0
v -13.7947 -0.118888 0
v -13.7956 -0.124058 0
v -13.5266 -0.125575 0
v -13.333 -0.0487012 0
v -13.2042 0.124784 0
v -13.1589 0.159564 0
v -13.1075 0.183447 0
v -13.0519 0.195696 0
v -12.9919 0.19502 0
v -12.9334 0.181235 0
v -12.8819 0.155528 0
v -12.8371 0.118802 0
v -12.7216 -0.0527518 0
v -12.3427 -0.203302 0
v -12.0317 -0.166744 0
v -11.9859 -0.168899 0
v -11.6541 -0.205457 0
v -11.318 -0.166779 0
v -11.2726 -0.166779 0
v -10.8846 -0.203302 0
v -10.5064 -0.187738 0
v -10.4632 -0.148757 0
v -10.4024 -0.108626 0
v -10.3434 -0.0818886 0
v -10.2857 -0.0685272 0
v -10.2312 -0.0680136 0
v -10.1793 -0.0793103 0
v -10.1276 -0.101892 0
v -10.0755 -0.135746 0
v -10.0258 -0.179396 0
v -9.64145 -0.203302 0
v -9.255 -0.166727 0
v -9.20999 -0.166727 0
v -8.8091 -0.203302 0
v -8.40494 -0.16671 0
v -8.35992 -0.16671 0
v -7.7736 -0.203302 0
v -7.13557 -0.0895255 0
v -7.03802 0.0520128 0
v -6.98558 0.100619 0
v -6.92336 0.134637 0
v -6.85414 0.152554 0
v -6.78127 0.152894 0
v -6.71132 0.135756 0
v -6.64918 0.102679 0
v -6.59649 0.0551036 0
v -6.49573 -0.0867332 0
v -6.05141 -0.20232 0
v -5.65213 -0.160901 0
v -5.59491 -0.160901 0
v -5.23604 -0.203302 0
v -4.86886 -0.167485 0
v -4.80783 -0.165331 0
v -4.27485 -0.198993 0
v -3.7609 -0.182291 0
v -3.72583 -0.145275 0
v -3.67188 -0.110458 0
v -3.61643 -0.0872573 0
v -3.56009 -0.075662 0
v -3.5021 -0.0759431 0
v -3.44311 -0.0886542 0
v -3.38514 -0.114065 0
v -3.32888 -0.152162 0
v -3.29519 -0.186687 0
v -3.00375 -0.198993 0
v -2.68798 -0.16378 0
v -2.6271 -0.165934 0
v -2.06605 -0.203302 0
v -1.5014 -0.16652 0
v -1.45198 -0.16652 0
v -1.0498 -0.203302 0
v -0.581726 -0.0818898 0
v -0.477282 0.0664124 0
v -0.425492 0.113474 0
v -0.364326 0.146369 0
v -0.296513 0.163633 0
v -0.225403 0.163887 0
v -0.157026 0.147208 0
v -0.0959246 0.115025 0
v -0.0439495 0.0687486 0
v 0.0629471 -0.0795543 0
v 0.435217 -0.202337 0
v 0.750642 -0.166348 0
v 0.802437 -0.166348 0
v 1.3385 -0.203302 0
v 1.88224 -0.166072 0
v 1.94045 -0.165124 0
v 2.30994 -0.202354 0
v 2.66293 -0.193616 0
v 2.70003 -0.163951 0
v 2.75737 -0.1297 0
v 2.81632 -0.106864 0
v 2.87632 -0.0954439 0
v 2.935 -0.095116 0
v 2.99185 -0.105226 0
v 3.04818 -0.125448 0
v 3.10351 -0.155786 0
v 3.14168 -0.186239 0
v 3.46909 -0.198993 0
v 3.81452 -0.164124 0
v 3.86569 -0.165245 0
v 4.40995 -0.202268 0
v 4.96027 -0.166244 0
v 5.01151 -0.162228 0
v 5.47914 -0.197132 0
v 6.03258 -0.0523812 0
v 6.16176 0.116412 0
v 6.20679 0.155017 0
v 6.25895 0.181638 0
v 6.31661 0.195338 0
v 6.37991 0.194681 0
v 6.44128 0.179511 0
v 6.49398 0.151102 0
v 6.53888 0.110408 0
v 6.65755 -0.0571298 0
v 7.08155 -0.202337 0
v 7.43505 -0.166227 0
v 7.48805 -0.164073 0
v 7.97821 -0.198993 0
v 8.46631 -0.164124 0
v 8.51814 -0.166279 0
v 8.9289 -0.203302 0
v 9.32516 -0.186428 0
v 9.3668 -0.152964 0
v 9.42319 -0.124523 0
v 9.48244 -0.10556 0
v 9.54341 -0.0960771 0
v 9.60456 -0.0960145 0
v 9.66475 -0.105248 0
v 9.7233 -0.123718 0
v 9.77911 -0.151425 0
v 9.82123 -0.185446 0
v 10.1413 -0.203302 0
v 10.4682 -0.166572 0
v 10.5141 -0.164417 0
v 11.1106 -0.198993 0
v 11.7102 -0.163849 0
v 11.7684 -0.165227 0
v 12.1841 -0.202527 0
v 12.6591 -0.0748918 0
v 12.7702 0.0768107 0
v 12.8162 0.117314 0
v 12.8698 0.145192 0
v 12.9293 0.159518 0
v 12.9933 0.159064 0
v 13.0549 0.143713 0
v 13.1087 0.1146 0
v 13.1544 0.0727179 0
v 13.2587 -0.0763138 0
v 13.4978 -0.114734 0
v 13.8159 -0.113303 0


# Vertex Texture Coordinates :
vt 0.405472 0.000132491
vt 0.400748 0.00274906
vt 0.396318 0.000211486
vt 0.393922 0.00378849
vt 0.393305 0.0045088
vt 0.392552 0.00504506
vt 0.391691 0.00538226
vt 0.39075 0.00550537
vt 0.389774 0.00539587
vt 0.388918 0.00507587
vt 0.388164 0.00455953
vt 0.387539 0.00386074
vt 0.384958 0.000190487
vt 0.373943 0.000190487
vt 0.372965 0.00134741
vt 0.372114 0.000252983
vt 0.355641 0.000252983
vt 0.354869 0.00136391
vt 0.354169 0.000190487
vt 0.345454 0.000190487
vt 0.34505 0.000669454
vt 0.344236 0.00116068
vt 0.343384 0.00150414
vt 0.3425 0.00171025
vt 0.341598 0.00177897
vt 0.340683 0.00170816
vt 0.339784 0.00149568
vt 0.338918 0.00114146
vt 0.338103 0.000645456
vt 0.337715 0.000190487
vt 0.326758 0.000190487
vt 0.325851 0.00135566
vt 0.325122 0.000252983
vt 0.311767 0.000252983
vt 0.310975 0.00135391
vt 0.3101 0.000190487
vt 0.300806 0.000190487
vt 0.297971 0.00434645
vt 0.297363 0.00504548
vt 0.296624 0.00556759
vt 0.295782 0.00589804
vt 0.294863 0.00602209
vt 0.293893 0.00591823
vt 0.293059 0.00561309
vt 0.29232 0.0051204
vt 0.291701 0.0044532
vt 0.28862 0.000252983
vt 0.275818 0.000306979
vt 0.275093 0.00135466
vt 0.274201 0.000190487
vt 0.259215 0.000190487
vt 0.258492 0.00135541
vt 0.257581 0.000252983
vt 0.248517 0.000252983
vt 0.248232 0.00058746
vt 0.247423 0.00110841
vt 0.246592 0.00148032
vt 0.245745 0.00170335
vt 0.244892 0.00177765
vt 0.243988 0.00169374
vt 0.243097 0.00144211
vt 0.242231 0.00102295
vt 0.241399 0.00043647
vt 0.241172 0.000190487
vt 0.231334 0.000190487
vt 0.230521 0.00134916
vt 0.229501 0.000190487
vt 0.214806 0.000190487
vt 0.214013 0.00135741
vt 0.21317 0.000190487
vt 0.204947 0.000190487
vt 0.202543 0.0036965
vt 0.201845 0.00448817
vt 0.20099 0.00507968
vt 0.200018 0.00545001
vt 0.198971 0.00557812
vt 0.197893 0.00544233
vt 0.196919 0.00506197
vt 0.196065 0.00445896
vt 0.195371 0.00365525
vt 0.193053 0.000190487
vt 0.181986 0.000190487
vt 0.181497 0.00136241
vt 0.180411 0.000190487
vt 0.165138 0.000190487
vt 0.164196 0.00134541
vt 0.163252 0.000252983
vt 0.155113 0.000252983
vt 0.154967 0.000548963
vt 0.15413 0.0012318
vt 0.153275 0.00170692
vt 0.1524 0.00199214
vt 0.151514 0.00208725
vt 0.150669 0.00200044
vt 0.149832 0.0017399
vt 0.149013 0.00130546
vt 0.14822 0.000696952
vt 0.147989 0.000252983
vt 0.133467 0.000252983
vt 0.132614 0.00129591
vt 0.131581 0.000190487
vt 0.122029 0.000190487
vt 0.12124 0.0015214
vt 0.120233 0.000190487
vt 0.109732 0.000190487
vt 0.107514 0.00348676
vt 0.106808 0.00430048
vt 0.10594 0.00490832
vt 0.104952 0.00528878
vt 0.103883 0.00542038
vt 0.102774 0.00527866
vt 0.101782 0.00488507
vt 0.100915 0.00426224
vt 0.100215 0.00343277
vt 0.0981026 0.000190487
vt 0.0818867 0.000190487
vt 0.0811655 0.00136816
vt 0.0804378 0.000190487
vt 0.0695188 0.000190487
vt 0.0688963 0.00136841
vt 0.0680696 0.000190487
vt 0.0577248 0.000190487
vt 0.0570756 0.000849442
vt 0.0563027 0.00143037
vt 0.055531 0.00184556
vt 0.0547573 0.00209481
vt 0.0539782 0.00217794
vt 0.0531212 0.0020796
vt 0.0522498 0.00178441
vt 0.0513599 0.00129211
vt 0.0504471 0.000602459
vt 0.0501173 0.000190487
vt 0.0396413 0.000190487
vt 0.0389231 0.00136966
vt 0.0382166 0.000189987
vt 0.029253 0.000128991
vt 0.0286538 0.00136891
vt 0.0277796 0.000190487
vt 0.0196814 0.000190487
vt 0.0169578 0.00450294
vt 0.0163416 0.00513565
vt 0.0156121 0.00560862
vt 0.0147962 0.00590853
vt 0.0139203 0.00602209
vt 0.0129908 0.00592864
vt 0.0121839 0.00565386
vt 0.011454 0.0052097
vt 0.010827 0.00460744
vt 0.00783097 0.000222985
vt 0.00533514 0.00245058
vt 0 0.000122992
vt 0.00531114 0.00230059
vt 0.00780022 7.89945e-05
vt 0.0109288 0.00453044
vt 0.0115355 0.0051112
vt 0.0122433 0.00553928
vt 0.0130259 0.00580397
vt 0.0138566 0.00589459
vt 0.0147653 0.00578435
vt 0.0155543 0.00549475
vt 0.0162591 0.00503866
vt 0.0168534 0.00442945
vt 0.0196109 6.24957e-05
vt 0.0278441 6.24957e-05
vt 0.0286305 0.00112292
vt 0.029173 0
vt 0.0382536 6.24957e-05
vt 0.0389241 0.00112192
vt 0.0395693 6.24957e-05
vt 0.0501788 6.24957e-05
vt 0.0505386 0.000513965
vt 0.0514341 0.00119319
vt 0.0523009 0.00167803
vt 0.0531453 0.00196875
vt 0.0539737 0.0020656
vt 0.0547273 0.00198365
vt 0.0554776 0.00173792
vt 0.0562297 0.00132862
vt 0.0569884 0.000755948
vt 0.0576713 6.24957e-05
vt 0.0681361 6.24957e-05
vt 0.0688808 0.00112342
vt 0.0694418 6.24957e-05
vt 0.0805093 6.24957e-05
vt 0.081165 0.00112392
vt 0.0818152 6.24957e-05
vt 0.0981721 6.24957e-05
vt 0.100322 0.00336277
vt 0.101002 0.00416803
vt 0.101843 0.00477267
vt 0.102806 0.00515477
vt 0.103851 0.00529239
vt 0.10492 0.00516463
vt 0.10588 0.00479527
vt 0.106723 0.00420519
vt 0.107408 0.00341527
vt 0.109645 9.09938e-05
vt 0.120297 6.24957e-05
vt 0.121227 0.00129241
vt 0.121956 6.24957e-05
vt 0.131637 6.24957e-05
vt 0.132607 0.00110142
vt 0.133407 0.000124991
vt 0.148067 0.000124991
vt 0.148315 0.000609458
vt 0.149084 0.00119871
vt 0.14988 0.00161939
vt 0.150693 0.00187167
vt 0.151514 0.00195573
vt 0.152375 0.00186352
vt 0.153225 0.00158702
vt 0.154056 0.00112644
vt 0.154857 0.000481967
vt 0.155033 0.000124991
vt 0.163311 0.000124991
vt 0.164193 0.00114642
vt 0.165077 6.24957e-05
vt 0.180467 6.24957e-05
vt 0.181455 0.00112942
vt 0.1819 6.24957e-05
vt 0.193121 6.24957e-05
vt 0.195477 0.00358426
vt 0.196151 0.00436423
vt 0.19698 0.00494935
vt 0.197925 0.00531839
vt 0.198947 0.00545013
vt 0.199987 0.00532577
vt 0.20093 0.00496632
vt 0.20176 0.00439224
vt 0.202438 0.003624
vt 0.204861 9.04938e-05
vt 0.213236 6.24957e-05
vt 0.21401 0.00113442
vt 0.214738 6.24957e-05
vt 0.229559 6.24957e-05
vt 0.23051 0.00114242
vt 0.231248 8.99939e-05
vt 0.241228 6.24957e-05
vt 0.241487 0.000343477
vt 0.242304 0.000922974
vt 0.24315 0.00133696
vt 0.244014 0.00158539
vt 0.24489 0.00166821
vt 0.245717 0.0015949
vt 0.246539 0.00137495
vt 0.24735 0.00100832
vt 0.248144 0.000494966
vt 0.248458 0.000124991
vt 0.257641 0.000124991
vt 0.258477 0.00113642
vt 0.259125 9.24936e-05
vt 0.274264 6.24957e-05
vt 0.275088 0.00113742
vt 0.275751 0.000178988
vt 0.288652 0.000124991
vt 0.291804 0.0043777
vt 0.2924 0.00502111
vt 0.29311 0.00549749
vt 0.293913 0.00579328
vt 0.294783 0.00589489
vt 0.295749 0.00577423
vt 0.296563 0.00545485
vt 0.297277 0.00495018
vt 0.297865 0.00427446
vt 0.300719 9.04938e-05
vt 0.310164 6.24957e-05
vt 0.310973 0.00113792
vt 0.311701 0.000124991
vt 0.325191 0.000124991
vt 0.325859 0.00113642
vt 0.326695 6.24957e-05
vt 0.337774 6.24957e-05
vt 0.338189 0.000551962
vt 0.338982 0.00103317
vt 0.339824 0.00137694
vt 0.3407 0.00158323
vt 0.341593 0.001652
vt 0.342474 0.00158505
vt 0.343339 0.00138416
vt 0.344172 0.00104931
vt 0.344958 0.00058046
vt 0.345394 6.24957e-05
vt 0.354242 6.24957e-05
vt 0.354877 0.00112792
vt 0.355574 0.000124991
vt 0.372177 0.000124991
vt 0.372969 0.00114442
vt 0.373864 8.49942e-05
vt 0.385025 6.24957e-05
vt 0.387644 0.00378724
vt 0.388248 0.00446286
vt 0.388977 0.0049621
vt 0.389804 0.00527151
vt 0.390703 0.00537763
vt 0.391658 0.00525836
vt 0.392491 0.00493235
vt 0.393219 0.00441389
vt 0.393816 0.0037175
vt 0.396245 9.09938e-05
vt 0.400751 0.00260307
vt 0.411501 0.000132491
vt 0.416226 0.00274906
vt 0.420656 0.000211486
vt 0.423052 0.00378849
vt 0.423669 0.0045088
vt 0.424422 0.00504506
vt 0.425283 0.00538226
vt 0.426224 0.00550537
vt 0.4272 0.00539587
vt 0.428055 0.00507587
vt 0.42881 0.00455953
vt 0.429435 0.00386074
vt 0.432016 0.000190487
vt 0.443031 0.000190487
vt 0.444009 0.00134741
vt 0.44486 0.000252983
vt 0.461333 0.000252983
vt 0.462105 0.00136391
vt 0.462805 0.000190487
vt 0.47152 0.000190487
vt 0.471923 0.000669454
vt 0.472738 0.00116068
vt 0.47359 0.00150414
vt 0.474474 0.00171025
vt 0.475376 0.00177897
vt 0.476291 0.00170816
vt 0.47719 0.00149568
vt 0.478055 0.00114146
vt 0.478871 0.000645456
vt 0.479259 0.000190487
vt 0.490216 0.000190487
vt 0.491122 0.00135566
vt 0.491851 0.000252983
vt 0.505207 0.000252983
vt 0.505998 0.00135391
vt 0.506874 0.000190487
vt 0.516167 0.000190487
vt 0.519003 0.00434645
vt 0.519611 0.00504548
vt 0.52035 0.00556759
vt 0.521192 0.00589804
vt 0.52211 0.00602209
vt 0.523081 0.00591823
vt 0.523914 0.00561309
vt 0.524654 0.0051204
vt 0.525273 0.0044532
vt 0.528353 0.000252983
vt 0.541156 0.000306979
vt 0.541881 0.00135466
vt 0.542772 0.000190487
vt 0.557758 0.000190487
vt 0.558481 0.00135541
vt 0.559393 0.000252983
vt 0.568457 0.000252983
vt 0.568742 0.00058746
vt 0.56955 0.00110841
vt 0.570382 0.00148032
vt 0.571229 0.00170335
vt 0.572082 0.00177765
vt 0.572986 0.00169374
vt 0.573877 0.00144211
vt 0.574743 0.00102295
vt 0.575575 0.00043647
vt 0.575802 0.000190487
vt 0.58564 0.000190487
vt 0.586452 0.00134916
vt 0.587472 0.000190487
vt 0.602167 0.000190487
vt 0.602961 0.00135741
vt 0.603803 0.000190487
vt 0.612027 0.000190487
vt 0.614431 0.0036965
vt 0.615129 0.00448817
vt 0.615984 0.00507968
vt 0.616955 0.00545001
vt 0.618003 0.00557812
vt 0.619081 0.00544233
vt 0.620055 0.00506197
vt 0.620909 0.00445896
vt 0.621603 0.00365525
vt 0.623921 0.000190487
vt 0.634988 0.000190487
vt 0.635477 0.00136241
vt 0.636563 0.000190487
vt 0.651836 0.000190487
vt 0.652778 0.00134541
vt 0.653721 0.000252983
vt 0.661861 0.000252983
vt 0.662007 0.000548963
vt 0.662844 0.0012318
vt 0.663699 0.00170692
vt 0.664574 0.00199214
vt 0.665459 0.00208725
vt 0.666305 0.00200044
vt 0.667142 0.0017399
vt 0.667961 0.00130546
vt 0.668753 0.000696952
vt 0.668985 0.000252983
vt 0.683507 0.000252983
vt 0.68436 0.00129591
vt 0.685393 0.000190487
vt 0.694944 0.000190487
vt 0.695734 0.0015214
vt 0.69674 0.000190487
vt 0.707241 0.000190487
vt 0.709459 0.00348676
vt 0.710166 0.00430048
vt 0.711034 0.00490832
vt 0.712022 0.00528878
vt 0.713091 0.00542038
vt 0.7142 0.00527866
vt 0.715192 0.00488507
vt 0.716059 0.00426224
vt 0.716759 0.00343277
vt 0.718871 0.000190487
vt 0.735087 0.000190487
vt 0.735808 0.00136816
vt 0.736536 0.000190487
vt 0.747455 0.000190487
vt 0.748077 0.00136841
vt 0.748904 0.000190487
vt 0.759249 0.000190487
vt 0.759898 0.000849442
vt 0.760671 0.00143037
vt 0.761443 0.00184556
vt 0.762216 0.00209481
vt 0.762996 0.00217794
vt 0.763853 0.0020796
vt 0.764724 0.00178441
vt 0.765614 0.00129211
vt 0.766527 0.000602459
vt 0.766856 0.000190487
vt 0.777332 0.000190487
vt 0.778051 0.00136966
vt 0.778757 0.000189987
vt 0.787721 0.000128991
vt 0.78832 0.00136891
vt 0.789194 0.000190487
vt 0.797292 0.000190487
vt 0.800016 0.00450294
vt 0.800632 0.00513565
vt 0.801362 0.00560862
vt 0.802178 0.00590853
vt 0.803053 0.00602209
vt 0.803983 0.00592864
vt 0.80479 0.00565386
vt 0.80552 0.0052097
vt 0.806147 0.00460744
vt 0.809143 0.000222985
vt 0.811639 0.00245058
vt 0.816974 0.000122992
vt 0.811663 0.00230059
vt 0.809174 7.89945e-05
vt 0.806045 0.00453044
vt 0.805438 0.0051112
vt 0.80473 0.00553928
vt 0.803948 0.00580397
vt 0.803117 0.00589459
vt 0.802208 0.00578435
vt 0.801419 0.00549475
vt 0.800715 0.00503866
vt 0.80012 0.00442945
vt 0.797363 6.24957e-05
vt 0.78913 6.24957e-05
vt 0.788343 0.00112292
vt 0.787801 0
vt 0.77872 6.24957e-05
vt 0.77805 0.00112192
vt 0.777404 6.24957e-05
vt 0.766795 6.24957e-05
vt 0.766435 0.000513965
vt 0.76554 0.00119319
vt 0.764673 0.00167803
vt 0.763828 0.00196875
vt 0.763 0.0020656
vt 0.762246 0.00198365
vt 0.761496 0.00173792
vt 0.760744 0.00132862
vt 0.759985 0.000755948
vt 0.759302 6.24957e-05
vt 0.748838 6.24957e-05
vt 0.748093 0.00112342
vt 0.747532 6.24957e-05
vt 0.736464 6.24957e-05
vt 0.735809 0.00112392
vt 0.735159 6.24957e-05
vt 0.718802 6.24957e-05
vt 0.716652 0.00336277
vt 0.715972 0.00416803
vt 0.71513 0.00477267
vt 0.714167 0.00515477
vt 0.713123 0.00529239
vt 0.712054 0.00516463
vt 0.711094 0.00479527
vt 0.710251 0.00420519
vt 0.709565 0.00341527
vt 0.707328 9.09938e-05
vt 0.696677 6.24957e-05
vt 0.695747 0.00129241
vt 0.695017 6.24957e-05
vt 0.685337 6.24957e-05
vt 0.684367 0.00110142
vt 0.683567 0.000124991
vt 0.668907 0.000124991
vt 0.668659 0.000609458
vt 0.66789 0.00119871
vt 0.667094 0.00161939
vt 0.666281 0.00187167
vt 0.66546 0.00195573
vt 0.664599 0.00186352
vt 0.663749 0.00158702
vt 0.662918 0.00112644
vt 0.662117 0.000481967
vt 0.661941 0.000124991
vt 0.653663 0.000124991
vt 0.652781 0.00114642
vt 0.651897 6.24957e-05
vt 0.636507 6.24957e-05
vt 0.635518 0.00112942
vt 0.635074 6.24957e-05
vt 0.623853 6.24957e-05
vt 0.621496 0.00358426
vt 0.620823 0.00436423
vt 0.619994 0.00494935
vt 0.619049 0.00531839
vt 0.618027 0.00545013
vt 0.616986 0.00532577
vt 0.616044 0.00496632
vt 0.615214 0.00439224
vt 0.614536 0.003624
vt 0.612113 9.04938e-05
vt 0.603738 6.24957e-05
vt 0.602964 0.00113442
vt 0.602235 6.24957e-05
vt 0.587414 6.24957e-05
vt 0.586463 0.00114242
vt 0.585726 8.99939e-05
vt 0.575746 6.24957e-05
vt 0.575487 0.000343477
vt 0.574669 0.000922974
vt 0.573824 0.00133696
vt 0.572959 0.00158539
vt 0.572084 0.00166821
vt 0.571257 0.0015949
vt 0.570435 0.00137495
vt 0.569623 0.00100832
vt 0.56883 0.000494966
vt 0.568516 0.000124991
vt 0.559333 0.000124991
vt 0.558496 0.00113642
vt 0.557848 9.24936e-05
vt 0.542709 6.24957e-05
vt 0.541886 0.00113742
vt 0.541223 0.000178988
vt 0.528321 0.000124991
vt 0.52517 0.0043777
vt 0.524574 0.00502111
vt 0.523863 0.00549749
vt 0.523061 0.00579328
vt 0.522191 0.00589489
vt 0.521225 0.00577423
vt 0.520411 0.00545485
vt 0.519697 0.00495018
vt 0.519109 0.00427446
vt 0.516254 9.04938e-05
vt 0.50681 6.24957e-05
vt 0.506 0.00113792
vt 0.505273 0.000124991
vt 0.491782 0.000124991
vt 0.491114 0.00113642
vt 0.490279 6.24957e-05
vt 0.4792 6.24957e-05
vt 0.478785 0.000551962
vt 0.477992 0.00103317
vt 0.477149 0.00137694
vt 0.476273 0.00158323
vt 0.475381 0.001652
vt 0.4745 0.00158505
vt 0.473635 0.00138416
vt 0.472801 0.00104931
vt 0.472016 0.00058046
vt 0.47158 6.24957e-05
vt 0.462732 6.24957e-05
vt 0.462097 0.00112792
vt 0.4614 0.000124991
vt 0.444797 0.000124991
vt 0.444005 0.00114442
vt 0.443109 8.49942e-05
vt 0.431949 6.24957e-05
vt 0.42933 0.00378724
vt 0.428725 0.00446286
vt 0.427996 0.0049621
vt 0.427169 0.00527151
vt 0.42627 0.00537763
vt 0.425316 0.00525836
vt 0.424483 0.00493235
vt 0.423755 0.00441389
vt 0.423158 0.0037175
vt 0.420729 9.09938e-05
vt 0.416223 0.00260307
vt 3.88439e-05 0.012061
vt 0.00543924 0.012061
vt 6.50231e-06 0.509027
vt 0.00511198 0.509027
vt 0.0114973 0.012061
vt 0.0158025 0.012061
vt 0.0167512 0.012061
vt 0.0176757 0.012061
vt 0.0186003 0.012061
vt 0.0195492 0.012061
vt 0.0205314 0.012061
vt 0.0214448 0.012061
vt 0.0223587 0.012061
vt 0.0232966 0.012061
vt 0.0277831 0.012061
vt 0.0114955 0.509027
vt 0.0225108 0.509027
vt 0.033806 0.012061
vt 0.0353212 0.012061
vt 0.0338105 0.509027
vt 0.0351968 0.509027
vt 0.0413706 0.012061
vt 0.057843 0.012061
vt 0.0413787 0.509027
vt 0.0427318 0.509027
vt 0.0488038 0.509027
vt 0.0501701 0.509027
vt 0.0638886 0.012061
vt 0.0726035 0.012061
vt 0.0639273 0.509027
vt 0.0645535 0.509027
vt 0.0655048 0.509027
vt 0.0664232 0.509027
vt 0.0673315 0.509027
vt 0.0682354 0.509027
vt 0.0691535 0.509027
vt 0.0700772 0.509027
vt 0.0710125 0.509027
vt 0.0719669 0.509027
vt 0.0725648 0.509027
vt 0.0786497 0.012061
vt 0.089607 0.012061
vt 0.0562405 0.509027
vt 0.0577167 0.509027
vt 0.0786728 0.509027
vt 0.0799946 0.509027
vt 0.0956705 0.012061
vt 0.109026 0.012061
vt 0.0860873 0.509027
vt 0.0874435 0.509027
vt 0.0956866 0.509027
vt 0.0971427 0.509027
vt 0.115082 0.012061
vt 0.124375 0.012061
vt 0.130424 0.012061
vt 0.135455 0.012061
vt 0.136382 0.012061
vt 0.137287 0.012061
vt 0.138192 0.012061
vt 0.139118 0.012061
vt 0.140094 0.012061
vt 0.140982 0.012061
vt 0.14187 0.012061
vt 0.14278 0.012061
vt 0.147989 0.012061
vt 0.130408 0.509027
vt 0.143211 0.509027
vt 0.103209 0.509027
vt 0.104483 0.509027
vt 0.1151 0.509027
vt 0.116566 0.509027
vt 0.154069 0.012061
vt 0.169055 0.012061
vt 0.122639 0.509027
vt 0.12401 0.509027
vt 0.154014 0.509027
vt 0.155445 0.509027
vt 0.17513 0.012061
vt 0.184194 0.012061
vt 0.175146 0.509027
vt 0.175586 0.509027
vt 0.176547 0.509027
vt 0.177458 0.509027
vt 0.178334 0.509027
vt 0.17919 0.509027
vt 0.180098 0.509027
vt 0.181024 0.509027
vt 0.181986 0.509027
vt 0.183004 0.509027
vt 0.183339 0.509027
vt 0.190265 0.012061
vt 0.200104 0.012061
vt 0.161454 0.509027
vt 0.162869 0.509027
vt 0.190217 0.509027
vt 0.191761 0.509027
vt 0.206177 0.012061
vt 0.220872 0.012061
vt 0.197775 0.509027
vt 0.199186 0.509027
vt 0.206212 0.509027
vt 0.207651 0.509027
vt 0.226913 0.012061
vt 0.235136 0.012061
vt 0.241179 0.012061
vt 0.24543 0.012061
vt 0.246486 0.012061
vt 0.247526 0.012061
vt 0.248565 0.012061
vt 0.24962 0.012061
vt 0.250707 0.012061
vt 0.251752 0.012061
vt 0.252798 0.012061
vt 0.25386 0.012061
vt 0.258029 0.012061
vt 0.241194 0.509027
vt 0.252261 0.509027
vt 0.213728 0.509027
vt 0.214998 0.509027
vt 0.226929 0.509027
vt 0.228527 0.509027
vt 0.264083 0.012061
vt 0.279356 0.012061
vt 0.264082 0.509027
vt 0.265572 0.509027
vt 0.271657 0.509027
vt 0.2731 0.509027
vt 0.28539 0.012061
vt 0.293529 0.012061
vt 0.299547 0.012061
vt 0.299877 0.012061
vt 0.300958 0.012061
vt 0.301935 0.012061
vt 0.302856 0.012061
vt 0.303746 0.012061
vt 0.304597 0.012061
vt 0.305473 0.012061
vt 0.3064 0.012061
vt 0.307399 0.012061
vt 0.3079 0.012061
vt 0.313963 0.012061
vt 0.328485 0.012061
vt 0.285429 0.509027
vt 0.286777 0.509027
vt 0.299551 0.509027
vt 0.301064 0.509027
vt 0.313931 0.509027
vt 0.323483 0.509027
vt 0.334535 0.012061
vt 0.336082 0.012061
vt 0.342086 0.012061
vt 0.343754 0.012061
vt 0.349776 0.012061
vt 0.360277 0.012061
vt 0.366338 0.012061
vt 0.370311 0.012061
vt 0.371388 0.012061
vt 0.372448 0.012061
vt 0.373507 0.012061
vt 0.374584 0.012061
vt 0.375702 0.012061
vt 0.376769 0.012061
vt 0.377836 0.012061
vt 0.378922 0.012061
vt 0.382792 0.012061
vt 0.366337 0.509027
vt 0.382553 0.509027
vt 0.334558 0.509027
vt 0.335939 0.509027
vt 0.342108 0.509027
vt 0.343492 0.509027
vt 0.388883 0.012061
vt 0.399802 0.012061
vt 0.349805 0.509027
vt 0.351138 0.509027
vt 0.357244 0.509027
vt 0.358683 0.509027
vt 0.388871 0.509027
vt 0.399215 0.509027
vt 0.405867 0.012061
vt 0.406792 0.012061
vt 0.407759 0.012061
vt 0.408635 0.012061
vt 0.409448 0.012061
vt 0.410232 0.012061
vt 0.411094 0.012061
vt 0.412014 0.012061
vt 0.413031 0.012061
vt 0.414175 0.012061
vt 0.414703 0.012061
vt 0.420749 0.012061
vt 0.431225 0.012061
vt 0.405879 0.509027
vt 0.407259 0.509027
vt 0.413313 0.509027
vt 0.414688 0.509027
vt 0.420726 0.509027
vt 0.42969 0.509027
vt 0.437285 0.012061
vt 0.438663 0.012061
vt 0.444732 0.012061
vt 0.446199 0.012061
vt 0.452264 0.012061
vt 0.460363 0.012061
vt 0.466419 0.012061
vt 0.47152 0.012061
vt 0.472403 0.012061
vt 0.473273 0.012061
vt 0.474142 0.012061
vt 0.475025 0.012061
vt 0.475959 0.012061
vt 0.476812 0.012061
vt 0.477666 0.012061
vt 0.478535 0.012061
vt 0.483846 0.012061
vt 0.452244 0.509027
vt 0.455589 0.509027
vt 0.466409 0.509027
vt 0.472229 0.509027
vt 0.489883 0.012061
vt 0.495623 0.012061
vt 0.478259 0.509027
vt 0.481595 0.509027
vt 0.501683 0.012061
vt 0.507124 0.012061
vt 0.507964 0.012061
vt 0.508791 0.012061
vt 0.509617 0.012061
vt 0.510453 0.012061
vt 0.511368 0.012061
vt 0.512209 0.012061
vt 0.513048 0.012061
vt 0.513899 0.012061
vt 0.519064 0.012061
vt 0.501642 0.509027
vt 0.509875 0.509027
vt 0.437314 0.509027
vt 0.438634 0.509027
vt 0.444722 0.509027
vt 0.445969 0.509027
vt 0.525131 0.012061
vt 0.534212 0.012061
vt 0.51592 0.509027
vt 0.517173 0.509027
vt 0.489915 0.509027
vt 0.491156 0.509027
vt 0.540249 0.012061
vt 0.550859 0.012061
vt 0.525117 0.509027
vt 0.525695 0.509027
vt 0.526819 0.509027
vt 0.527812 0.509027
vt 0.528705 0.509027
vt 0.529539 0.509027
vt 0.530297 0.509027
vt 0.531087 0.509027
vt 0.531943 0.509027
vt 0.532893 0.509027
vt 0.533867 0.509027
vt 0.540262 0.509027
vt 0.550727 0.509027
vt 0.556893 0.012061
vt 0.558189 0.012061
vt 0.556941 0.509027
vt 0.558141 0.509027
vt 0.564233 0.012061
vt 0.575301 0.012061
vt 0.564229 0.509027
vt 0.565476 0.509027
vt 0.571542 0.509027
vt 0.572787 0.509027
vt 0.581367 0.012061
vt 0.597724 0.012061
vt 0.581392 0.509027
vt 0.585331 0.509027
vt 0.586385 0.509027
vt 0.587421 0.509027
vt 0.588457 0.509027
vt 0.589511 0.509027
vt 0.590588 0.509027
vt 0.591616 0.509027
vt 0.592645 0.509027
vt 0.593691 0.509027
vt 0.597698 0.509027
vt 0.603758 0.012061
vt 0.614409 0.012061
vt 0.603757 0.509027
vt 0.605299 0.509027
vt 0.611305 0.509027
vt 0.612735 0.509027
vt 0.620425 0.012061
vt 0.630105 0.012061
vt 0.620419 0.509027
vt 0.621841 0.509027
vt 0.627871 0.509027
vt 0.629133 0.509027
vt 0.636155 0.012061
vt 0.650815 0.012061
vt 0.636136 0.509027
vt 0.63668 0.509027
vt 0.637649 0.509027
vt 0.638549 0.509027
vt 0.6394 0.509027
vt 0.640226 0.509027
vt 0.641091 0.509027
vt 0.641985 0.509027
vt 0.642935 0.509027
vt 0.643964 0.509027
vt 0.644362 0.509027
vt 0.656907 0.012061
vt 0.665184 0.012061
vt 0.656895 0.509027
vt 0.658244 0.509027
vt 0.671254 0.012061
vt 0.672653 0.012061
vt 0.678702 0.012061
vt 0.694092 0.012061
vt 0.678718 0.509027
vt 0.680172 0.509027
vt 0.671255 0.509027
vt 0.672411 0.509027
vt 0.700145 0.012061
vt 0.711366 0.012061
vt 0.717422 0.012061
vt 0.72166 0.012061
vt 0.72269 0.012061
vt 0.723705 0.012061
vt 0.724719 0.012061
vt 0.72575 0.012061
vt 0.726798 0.012061
vt 0.727807 0.012061
vt 0.728816 0.012061
vt 0.72984 0.012061
vt 0.734124 0.012061
vt 0.700129 0.509027
vt 0.708505 0.509027
vt 0.686276 0.509027
vt 0.687598 0.509027
vt 0.717394 0.509027
vt 0.71869 0.509027
vt 0.740178 0.012061
vt 0.754999 0.012061
vt 0.724754 0.509027
vt 0.726193 0.509027
vt 0.732263 0.509027
vt 0.733548 0.509027
vt 0.740201 0.509027
vt 0.750182 0.509027
vt 0.761036 0.012061
vt 0.761418 0.012061
vt 0.762421 0.012061
vt 0.763362 0.012061
vt 0.764261 0.012061
vt 0.765141 0.012061
vt 0.765971 0.012061
vt 0.766822 0.012061
vt 0.767712 0.012061
vt 0.768658 0.012061
vt 0.769143 0.012061
vt 0.775181 0.012061
vt 0.784365 0.012061
vt 0.761017 0.509027
vt 0.76233 0.509027
vt 0.775203 0.509027
vt 0.776432 0.509027
vt 0.790423 0.012061
vt 0.805562 0.012061
vt 0.782512 0.509027
vt 0.783867 0.509027
vt 0.790398 0.509027
vt 0.791563 0.509027
vt 0.81162 0.012061
vt 0.824521 0.012061
vt 0.830567 0.012061
vt 0.83586 0.012061
vt 0.836737 0.012061
vt 0.837592 0.012061
vt 0.838447 0.012061
vt 0.839323 0.012061
vt 0.840297 0.012061
vt 0.841172 0.012061
vt 0.842046 0.012061
vt 0.842942 0.012061
vt 0.848007 0.012061
vt 0.81161 0.509027
vt 0.821055 0.509027
vt 0.797619 0.509027
vt 0.798965 0.509027
vt 0.830572 0.509027
vt 0.831819 0.509027
vt 0.854058 0.012061
vt 0.867548 0.012061
vt 0.837902 0.509027
vt 0.839114 0.509027
vt 0.845199 0.509027
vt 0.84656 0.509027
vt 0.854065 0.509027
vt 0.865144 0.509027
vt 0.873616 0.012061
vt 0.874257 0.012061
vt 0.875185 0.012061
vt 0.876095 0.012061
vt 0.876995 0.012061
vt 0.87789 0.012061
vt 0.878774 0.012061
vt 0.879662 0.012061
vt 0.88056 0.012061
vt 0.881475 0.012061
vt 0.882152 0.012061
vt 0.888203 0.012061
vt 0.897051 0.012061
vt 0.873608 0.509027
vt 0.874848 0.509027
vt 0.880929 0.509027
vt 0.882151 0.509027
vt 0.903085 0.012061
vt 0.919688 0.012061
vt 0.888206 0.509027
vt 0.889497 0.509027
vt 0.89553 0.509027
vt 0.896917 0.509027
vt 0.903109 0.509027
vt 0.91427 0.509027
vt 0.925719 0.012061
vt 0.930273 0.012061
vt 0.931179 0.012061
vt 0.932063 0.012061
vt 0.932946 0.012061
vt 0.933851 0.012061
vt 0.934813 0.012061
vt 0.935707 0.012061
vt 0.936601 0.012061
vt 0.937519 0.012061
vt 0.941884 0.012061
vt 0.925768 0.509027
vt 0.930927 0.509027
vt 0.947918 0.012061
vt 0.953247 0.012061
vt 3.88439e-05 0.503034
vt 0.00543924 0.503034
vt 6.50231e-06 1
vt 0.00511198 1
vt 0.0114973 0.503034
vt 0.0158025 0.503034
vt 0.0167512 0.503034
vt 0.0176757 0.503034
vt 0.0186003 0.503034
vt 0.0195492 0.503034
vt 0.0205314 0.503034
vt 0.0214448 0.503034
vt 0.0223587 0.503034
vt 0.0232966 0.503034
vt 0.0277831 0.503034
vt 0.0114955 1
vt 0.0225108 1
vt 0.033806 0.503034
vt 0.0353212 0.503034
vt 0.0338105 1
vt 0.0351968 1
vt 0.0413706 0.503034
vt 0.057843 0.503034
vt 0.0413787 1
vt 0.0427318 1
vt 0.0488038 1
vt 0.0501701 1
vt 0.0638886 0.503034
vt 0.0726035 0.503034
vt 0.0639273 1
vt 0.0645535 1
vt 0.0655048 1
vt 0.0664232 1
vt 0.0673315 1
vt 0.0682354 1
vt 0.0691535 1
vt 0.0700772 1
vt 0.0710125 1
vt 0.0719669 1
vt 0.0725648 1
vt 0.0786497 0.503034
vt 0.089607 0.503034
vt 0.0562405 1
vt 0.0577167 1
vt 0.0786728 1
vt 0.0799946 1
vt 0.0956705 0.503034
vt 0.109026 0.503034
vt 0.0860873 1
vt 0.0874435 1
vt 0.0956866 1
vt 0.0971427 1
vt 0.115082 0.503034
vt 0.124375 0.503034
vt 0.130424 0.503034
vt 0.135455 0.503034
vt 0.136382 0.503034
vt 0.137287 0.503034
vt 0.138192 0.503034
vt 0.139118 0.503034
vt 0.140094 0.503034
vt 0.140982 0.503034
vt 0.14187 0.503034
vt 0.14278 0.503034
vt 0.147989 0.503034
vt 0.130408 1
vt 0.143211 1
vt 0.103209 1
vt 0.104483 1
vt 0.1151 1
vt 0.116566 1
vt 0.154069 0.503034
vt 0.169055 0.503034
vt 0.122639 1
vt 0.12401 1
vt 0.154014 1
vt 0.155445 1
vt 0.17513 0.503034
vt 0.184194 0.503034
vt 0.175146 1
vt 0.175586 1
vt 0.176547 1
vt 0.177458 1
vt 0.178334 1
vt 0.17919 1
vt 0.180098 1
vt 0.181024 1
vt 0.181986 1
vt 0.183004 1
vt 0.183339 1
vt 0.190265 0.503034
vt 0.200104 0.503034
vt 0.161454 1
vt 0.162869 1
vt 0.190217 1
vt 0.191761 1
vt 0.206177 0.503034
vt 0.220872 0.503034
vt 0.197775 1
vt 0.199186 1
vt 0.206212 1
vt 0.207651 1
vt 0.226913 0.503034
vt 0.235136 0.503034
vt 0.241179 0.503034
vt 0.24543 0.503034
vt 0.246486 0.503034
vt 0.247526 0.503034
vt 0.248565 0.503034
vt 0.24962 0.503034
vt 0.250707 0.503034
vt 0.251752 0.503034
vt 0.252798 0.503034
vt 0.25386 0.503034
vt 0.258029 0.503034
vt 0.241194 1
vt 0.252261 1
vt 0.213728 1
vt 0.214998 1
vt 0.226929 1
vt 0.228527 1
vt 0.264083 0.503034
vt 0.279356 0.503034
vt 0.264082 1
vt 0.265572 1
vt 0.271657 1
vt 0.2731 1
vt 0.28539 0.503034
vt 0.293529 0.503034
vt 0.299547 0.503034
vt 0.299877 0.503034
vt 0.300958 0.503034
vt 0.301935 0.503034
vt 0.302856 0.503034
vt 0.303746 0.503034
vt 0.304597 0.503034
vt 0.305473 0.503034
vt 0.3064 0.503034
vt 0.307399 0.503034
vt 0.3079 0.503034
vt 0.313963 0.503034
vt 0.328485 0.503034
vt 0.285429 1
vt 0.286777 1
vt 0.299551 1
vt 0.301064 1
vt 0.313931 1
vt 0.323483 1
vt 0.334535 0.503034
vt 0.336082 0.503034
vt 0.342086 0.503034
vt 0.343754 0.503034
vt 0.349776 0.503034
vt 0.360277 0.503034
vt 0.366338 0.503034
vt 0.370311 0.503034
vt 0.371388 0.503034
vt 0.372448 0.503034
vt 0.373507 0.503034
vt 0.374584 0.503034
vt 0.375702 0.503034
vt 0.376769 0.503034
vt 0.377836 0.503034
vt 0.378922 0.503034
vt 0.382792 0.503034
vt 0.366337 1
vt 0.382553 1
vt 0.334558 1
vt 0.335939 1
vt 0.342108 1
vt 0.343492 1
vt 0.388883 0.503034
vt 0.399802 0.503034
vt 0.349805 1
vt 0.351138 1
vt 0.357244 1
vt 0.358683 1
vt 0.388871 1
vt 0.399215 1
vt 0.405867 0.503034
vt 0.406792 0.503034
vt 0.407759 0.503034
vt 0.408635 0.503034
vt 0.409448 0.503034
vt 0.410232 0.503034
vt 0.411094 0.503034
vt 0.412014 0.503034
vt 0.413031 0.503034
vt 0.414175 0.503034
vt 0.414703 0.503034
vt 0.420749 0.503034
vt 0.431225 0.503034
vt 0.405879 1
vt 0.407259 1
vt 0.413313 1
vt 0.414688 1
vt 0.420726 1
vt 0.42969 1
vt 0.437285 0.503034
vt 0.438663 0.503034
vt 0.444732 0.503034
vt 0.446199 0.503034
vt 0.452264 0.503034
vt 0.460363 0.503034
vt 0.466419 0.503034
vt 0.47152 0.503034
vt 0.472403 0.503034
vt 0.473273 0.503034
vt 0.474142 0.503034
vt 0.475025 0.503034
vt 0.475959 0.503034
vt 0.476812 0.503034
vt 0.477666 0.503034
vt 0.478535 0.503034
vt 0.483846 0.503034
vt 0.452244 1
vt 0.455589 1
vt 0.466409 1
vt 0.472229 1
vt 0.489883 0.503034
vt 0.495623 0.503034
vt 0.478259 1
vt 0.481595 1
vt 0.501683 0.503034
vt 0.507124 0.503034
vt 0.507964 0.503034
vt 0.508791 0.503034
vt 0.509617 0.503034
vt 0.510453 0.503034
vt 0.511368 0.503034
vt 0.512209 0.503034
vt 0.513048 0.503034
vt 0.513899 0.503034
vt 0.519064 0.503034
vt 0.501642 1
vt 0.509875 1
vt 0.437314 1
vt 0.438634 1
vt 0.444722 1
vt 0.445969 1
vt 0.525131 0.503034
vt 0.534212 0.503034
vt 0.51592 1
vt 0.517173 1
vt 0.489915 1
vt 0.491156 1
vt 0.540249 0.503034
vt 0.550859 0.503034
vt 0.525117 1
vt 0.525695 1
vt 0.526819 1
vt 0.527812 1
vt 0.528705 1
vt 0.529539 1
vt 0.530297 1
vt 0.531087 1
vt 0.531943 1
vt 0.532893 1
vt 0.533867 1
vt 0.540262 1
vt 0.550727 1
vt 0.556893 0.503034
vt 0.558189 0.503034
vt 0.556941 1
vt 0.558141 1
vt 0.564233 0.503034
vt 0.575301 0.503034
vt 0.564229 1
vt 0.565476 1
vt 0.571542 1
vt 0.572787 1
vt 0.581367 0.503034
vt 0.597724 0.503034
vt 0.581392 1
vt 0.585331 1
vt 0.586385 1
vt 0.587421 1
vt 0.588457 1
vt 0.589511 1
vt 0.590588 1
vt 0.591616 1
vt 0.592645 1
vt 0.593691 1
vt 0.597698 1
vt 0.603758 0.503034
vt 0.614409 0.503034
vt 0.603757 1
vt 0.605299 1
vt 0.611305 1
vt 0.612735 1
vt 0.620425 0.503034
vt 0.630105 0.503034
vt 0.620419 1
vt 0.621841 1
vt 0.627871 1
vt 0.629133 1
vt 0.636155 0.503034
vt 0.650815 0.503034
vt 0.636136 1
vt 0.63668 1
vt 0.637649 1
vt 0.638549 1
vt 0.6394 1
vt 0.640226 1
vt 0.641091 1
vt 0.641985 1
vt 0.642935 1
vt 0.643964 1
vt 0.644362 1
vt 0.656907 0.503034
vt 0.665184 0.503034
vt 0.656895 1
vt 0.658244 1
vt 0.671254 0.503034
vt 0.672653 0.503034
vt 0.678702 0.503034
vt 0.694092 0.503034
vt 0.678718 1
vt 0.680172 1
vt 0.671255 1
vt 0.672411 1
vt 0.700145 0.503034
vt 0.711366 0.503034
vt 0.717422 0.503034
vt 0.72166 0.503034
vt 0.72269 0.503034
vt 0.723705 0.503034
vt 0.724719 0.503034
vt 0.72575 0.503034
vt 0.726798 0.503034
vt 0.727807 0.503034
vt 0.728816 0.503034
vt 0.72984 0.503034
vt 0.734124 0.503034
vt 0.700129 1
vt 0.708505 1
vt 0.686276 1
vt 0.687598 1
vt 0.717394 1
vt 0.71869 1
vt 0.740178 0.503034
vt 0.754999 0.503034
vt 0.724754 1
vt 0.726193 1
vt 0.732263 1
vt 0.733548 1
vt 0.740201 1
vt 0.750182 1
vt 0.761036 0.503034
vt 0.761418 0.503034
vt 0.762421 0.503034
vt 0.763362 0.503034
vt 0.764261 0.503034
vt 0.765141 0.503034
vt 0.765971 0.503034
vt 0.766822 0.503034
vt 0.767712 0.503034
vt 0.768658 0.503034
vt 0.769143 0.503034
vt 0.775181 0.503034
vt 0.784365 0.503034
vt 0.761017 1
vt 0.76233 1
vt 0.775203 1
vt 0.776432 1
vt 0.790423 0.503034
vt 0.805562 0.503034
vt 0.782512 1
vt 0.783867 1
vt 0.790398 1
vt 0.791563 1
vt 0.81162 0.503034
vt 0.824521 0.503034
vt 0.830567 0.503034
vt 0.83586 0.503034
vt 0.836737 0.503034
vt 0.837592 0.503034
vt 0.838447 0.503034
vt 0.839323 0.503034
vt 0.840297 0.503034
vt 0.841172 0.503034
vt 0.842046 0.503034
vt 0.842942 0.503034
vt 0.848007 0.503034
vt 0.81161 1
vt 0.821055 1
vt 0.797619 1
vt 0.798965 1
vt 0.830572 1
vt 0.831819 1
vt 0.854058 0.503034
vt 0.867548 0.503034
vt 0.837902 1
vt 0.839114 1
vt 0.845199 1
vt 0.84656 1
vt 0.854065 1
vt 0.865144 1
vt 0.873616 0.503034
vt 0.874257 0.503034
vt 0.875185 0.503034
vt 0.876095 0.503034
vt 0.876995 0.503034
vt 0.87789 0.503034
vt 0.878774 0.503034
vt 0.879662 0.503034
vt 0.88056 0.503034
vt 0.881475 0.503034
vt 0.882152 0.503034
vt 0.888203 0.503034
vt 0.897051 0.503034
vt 0.873608 1
vt 0.874848 1
vt 0.880929 1
vt 0.882151 1
vt 0.903085 0.503034
vt 0.919688 0.503034
vt 0.888206 1
vt 0.889497 1
vt 0.89553 1
vt 0.896917 1
vt 0.903109 1
vt 0.91427 1
vt 0.925719 0.503034
vt 0.930273 0.503034
vt 0.931179 0.503034
vt 0.932063 0.503034
vt 0.932946 0.503034
vt 0.933851 0.503034
vt 0.934813 0.503034
vt 0.935707 0.503034
vt 0.936601 0.503034
vt 0.937519 0.503034
vt 0.941884 0.503034
vt 0.925768 1
vt 0.930927 1
vt 0.947918 0.503034
vt 0.953247 0.503034
vt 0.00273904 0.257547
vt 0.00255924 0.754514
vt 0.0136499 0.257547
vt 0.0162769 0.257547
vt 0.0172135 0.257547
vt 0.018138 0.257547
vt 0.0190748 0.257547
vt 0.0200403 0.257547
vt 0.0209881 0.257547
vt 0.0219017 0.257547
vt 0.0228277 0.257547
vt 0.0255399 0.257547
vt 0.0170031 0.754514
vt 0.0345636 0.257547
vt 0.0345036 0.754514
vt 0.0496068 0.257547
vt 0.0420552 0.754514
vt 0.0494869 0.754514
vt 0.068246 0.257547
vt 0.0642404 0.754514
vt 0.0650292 0.754514
vt 0.065964 0.754514
vt 0.0668773 0.754514
vt 0.0677835 0.754514
vt 0.0686945 0.754514
vt 0.0696153 0.754514
vt 0.0705448 0.754514
vt 0.0714897 0.754514
vt 0.0722658 0.754514
vt 0.0841283 0.257547
vt 0.0569786 0.754514
vt 0.0793337 0.754514
vt 0.102348 0.257547
vt 0.0867654 0.754514
vt 0.0964147 0.754514
vt 0.119729 0.257547
vt 0.13294 0.257547
vt 0.135919 0.257547
vt 0.136835 0.257547
vt 0.137739 0.257547
vt 0.138655 0.257547
vt 0.139606 0.257547
vt 0.140538 0.257547
vt 0.141426 0.257547
vt 0.142325 0.257547
vt 0.145385 0.257547
vt 0.13681 0.754514
vt 0.103846 0.754514
vt 0.115833 0.754514
vt 0.161562 0.257547
vt 0.123325 0.754514
vt 0.15473 0.754514
vt 0.179662 0.257547
vt 0.175366 0.754514
vt 0.176066 0.754514
vt 0.177003 0.754514
vt 0.177896 0.754514
vt 0.178762 0.754514
vt 0.179644 0.754514
vt 0.180561 0.754514
vt 0.181505 0.754514
vt 0.182495 0.754514
vt 0.183171 0.754514
vt 0.195185 0.257547
vt 0.162161 0.754514
vt 0.190989 0.754514
vt 0.213524 0.257547
vt 0.198481 0.754514
vt 0.206931 0.754514
vt 0.231025 0.257547
vt 0.243305 0.257547
vt 0.245958 0.257547
vt 0.247006 0.257547
vt 0.248045 0.257547
vt 0.249093 0.257547
vt 0.250164 0.257547
vt 0.25123 0.257547
vt 0.252275 0.257547
vt 0.253329 0.257547
vt 0.255944 0.257547
vt 0.246727 0.754514
vt 0.214363 0.754514
vt 0.227728 0.754514
vt 0.271719 0.257547
vt 0.264827 0.754514
vt 0.272379 0.754514
vt 0.28946 0.257547
vt 0.299712 0.257547
vt 0.300417 0.257547
vt 0.301446 0.257547
vt 0.302396 0.257547
vt 0.303301 0.257547
vt 0.304171 0.257547
vt 0.305035 0.257547
vt 0.305937 0.257547
vt 0.3069 0.257547
vt 0.30765 0.257547
vt 0.321224 0.257547
vt 0.286103 0.754514
vt 0.300307 0.754514
vt 0.318707 0.754514
vt 0.335308 0.257547
vt 0.34292 0.257547
vt 0.355026 0.257547
vt 0.368324 0.257547
vt 0.370849 0.257547
vt 0.371918 0.257547
vt 0.372977 0.257547
vt 0.374045 0.257547
vt 0.375143 0.257547
vt 0.376235 0.257547
vt 0.377303 0.257547
vt 0.378379 0.257547
vt 0.380857 0.257547
vt 0.374445 0.754514
vt 0.335248 0.754514
vt 0.3428 0.754514
vt 0.394343 0.257547
vt 0.350472 0.754514
vt 0.357963 0.754514
vt 0.394043 0.754514
vt 0.406329 0.257547
vt 0.407275 0.257547
vt 0.408197 0.257547
vt 0.409042 0.257547
vt 0.40984 0.257547
vt 0.410663 0.257547
vt 0.411554 0.257547
vt 0.412523 0.257547
vt 0.413603 0.257547
vt 0.414439 0.257547
vt 0.425987 0.257547
vt 0.406569 0.754514
vt 0.414001 0.754514
vt 0.425208 0.754514
vt 0.437974 0.257547
vt 0.445466 0.257547
vt 0.456314 0.257547
vt 0.46897 0.257547
vt 0.471962 0.257547
vt 0.472838 0.257547
vt 0.473707 0.257547
vt 0.474583 0.257547
vt 0.475492 0.257547
vt 0.476385 0.257547
vt 0.477239 0.257547
vt 0.478101 0.257547
vt 0.481191 0.257547
vt 0.453916 0.754514
vt 0.469319 0.754514
vt 0.492753 0.257547
vt 0.479927 0.754514
vt 0.504403 0.257547
vt 0.507544 0.257547
vt 0.508377 0.257547
vt 0.509204 0.257547
vt 0.510035 0.257547
vt 0.51091 0.257547
vt 0.511788 0.257547
vt 0.512628 0.257547
vt 0.513473 0.257547
vt 0.516481 0.257547
vt 0.505758 0.754514
vt 0.437974 0.754514
vt 0.445346 0.754514
vt 0.529672 0.257547
vt 0.516546 0.754514
vt 0.490535 0.754514
vt 0.545554 0.257547
vt 0.525406 0.754514
vt 0.526257 0.754514
vt 0.527315 0.754514
vt 0.528258 0.754514
vt 0.529122 0.754514
vt 0.529918 0.754514
vt 0.530692 0.754514
vt 0.531515 0.754514
vt 0.532418 0.754514
vt 0.53338 0.754514
vt 0.545494 0.754514
vt 0.557541 0.257547
vt 0.557541 0.754514
vt 0.569767 0.257547
vt 0.564853 0.754514
vt 0.572164 0.754514
vt 0.589545 0.257547
vt 0.583362 0.754514
vt 0.585858 0.754514
vt 0.586903 0.754514
vt 0.587939 0.754514
vt 0.588984 0.754514
vt 0.590049 0.754514
vt 0.591102 0.754514
vt 0.592131 0.754514
vt 0.593168 0.754514
vt 0.595694 0.754514
vt 0.609083 0.257547
vt 0.604528 0.754514
vt 0.61202 0.754514
vt 0.625265 0.257547
vt 0.62113 0.754514
vt 0.628502 0.754514
vt 0.643485 0.257547
vt 0.636408 0.754514
vt 0.637164 0.754514
vt 0.638099 0.754514
vt 0.638974 0.754514
vt 0.639813 0.754514
vt 0.640658 0.754514
vt 0.641538 0.754514
vt 0.64246 0.754514
vt 0.64345 0.754514
vt 0.644163 0.754514
vt 0.661045 0.257547
vt 0.657569 0.754514
vt 0.671953 0.257547
vt 0.686397 0.257547
vt 0.679445 0.754514
vt 0.671833 0.754514
vt 0.705756 0.257547
vt 0.719541 0.257547
vt 0.722175 0.257547
vt 0.723197 0.257547
vt 0.724212 0.257547
vt 0.725234 0.257547
vt 0.726274 0.257547
vt 0.727302 0.257547
vt 0.728311 0.257547
vt 0.729328 0.257547
vt 0.731982 0.257547
vt 0.704317 0.754514
vt 0.686937 0.754514
vt 0.718042 0.754514
vt 0.747589 0.257547
vt 0.725474 0.754514
vt 0.732905 0.754514
vt 0.745192 0.754514
vt 0.761227 0.257547
vt 0.761919 0.257547
vt 0.762891 0.257547
vt 0.763812 0.257547
vt 0.764701 0.257547
vt 0.765556 0.257547
vt 0.766396 0.257547
vt 0.767267 0.257547
vt 0.768185 0.257547
vt 0.7689 0.257547
vt 0.779773 0.257547
vt 0.761673 0.754514
vt 0.775818 0.754514
vt 0.797993 0.257547
vt 0.783189 0.754514
vt 0.790981 0.754514
vt 0.81807 0.257547
vt 0.833213 0.257547
vt 0.836298 0.257547
vt 0.837165 0.257547
vt 0.83802 0.257547
vt 0.838885 0.257547
vt 0.83981 0.257547
vt 0.840734 0.257547
vt 0.841609 0.257547
vt 0.842494 0.257547
vt 0.845474 0.257547
vt 0.816332 0.754514
vt 0.798292 0.754514
vt 0.831196 0.754514
vt 0.860803 0.257547
vt 0.838508 0.754514
vt 0.845879 0.754514
vt 0.859604 0.754514
vt 0.873937 0.257547
vt 0.874721 0.257547
vt 0.87564 0.257547
vt 0.876545 0.257547
vt 0.877443 0.257547
vt 0.878332 0.257547
vt 0.879218 0.257547
vt 0.880111 0.257547
vt 0.881017 0.257547
vt 0.881813 0.257547
vt 0.892627 0.257547
vt 0.874228 0.754514
vt 0.88154 0.754514
vt 0.911386 0.257547
vt 0.888852 0.754514
vt 0.896223 0.754514
vt 0.908689 0.754514
vt 0.927996 0.257547
vt 0.930726 0.257547
vt 0.931621 0.257547
vt 0.932504 0.257547
vt 0.933399 0.257547
vt 0.934332 0.257547
vt 0.93526 0.257547
vt 0.936154 0.257547
vt 0.93706 0.257547
vt 0.939701 0.257547
vt 0.928348 0.754514
vt 0.950583 0.257547


# Vertex Surface Normals: 
vn 0 0 1
vn 0 0 -1
vn 0.484515 0.874783 0
vn 0.484515 0.874783 0
vn 0.484515 0.874783 0
vn 0.484515 0.874783 0
vn 0.484515 0.874783 0
vn -0.49703 0.867733 0
vn -0.49703 0.867733 0
vn -0.49703 0.867733 0
vn -0.49703 0.867733 0
vn -0.49703 0.867733 0
vn 0.830851 0.556494 0
vn 0.830851 0.556494 0
vn 0.796442 0.604715 0
vn 0.796442 0.604715 0
vn 0.830851 0.556494 0
vn 0.759237 0.650814 0
vn 0.674632 0.738154 0
vn 0.674632 0.738154 0
vn 0.580051 0.81458 0
vn 0.47596 0.879467 0
vn 0.47596 0.879467 0
vn 0.364707 0.931122 0
vn 0.249065 0.968487 7.2051e-19
vn 0.249065 0.968487 -7.2051e-19
vn 0.129746 0.991547 0
vn 0.00919844 0.999958 7.20449e-19
vn 0.00919844 0.999958 -7.20449e-19
vn -0.111483 0.993766 0
vn -0.232685 0.972552 0
vn -0.232685 0.972552 0
vn -0.350365 0.936613 0
vn -0.46105 0.887374 0
vn -0.46105 0.887374 0
vn -0.564969 0.825112 0
vn -0.659755 0.751481 -2.30146e-19
vn -0.659755 0.751481 2.30146e-19
vn -0.745037 0.667024 0
vn -0.782899 0.622149 -4.82904e-19
vn -0.782899 0.622149 4.82904e-19
vn -0.818063 0.575129 0
vn -0.818063 0.575129 -5.07165e-19
vn -0.818063 0.575129 5.07165e-19
vn 0 1 0
vn 0 1 0
vn 0 1 0
vn 0 1 0
vn 0 1 0
vn 0.763549 0.64575 0
vn 0.763549 0.64575 0
vn 0.763549 0.64575 0
vn 0.763549 0.64575 0
vn 0.763549 0.64575 0
vn -0.789449 0.613816 0
vn -0.789449 0.613816 0
vn -0.789449 0.613816 0
vn -0.789449 0.613816 0
vn -0.789449 0.613816 0
vn 0 1 0
vn 0 1 0
vn 0 1 0
vn 0 1 0
vn 0 1 0
vn 0.821033 0.57088 0
vn 0.821033 0.57088 0
vn 0.821033 0.57088 0
vn 0.821033 0.57088 0
vn 0.821033 0.57088 0
vn -0.858814 0.512288 0
vn -0.858814 0.512288 0
vn -0.858814 0.512288 0
vn -0.858814 0.512288 0
vn -0.858814 0.512288 0
vn 0 1 0
vn 0 1 0
vn 0 1 0
vn 0 1 0
vn 0 1 0
vn 0.764808 0.644259 0
vn 0.764808 0.644259 -1.14113e-19
vn 0.649321 0.760514 -1.97749e-20
vn 0.649321 0.760514 1.97749e-20
vn 0.764808 0.644259 1.14113e-19
vn 0.516399 0.856348 0
vn 0.44661 0.894729 3.76667e-20
vn 0.44661 0.894729 -3.76667e-20
vn 0.373987 0.927434 0
vn 0.301351 0.953513 5.91626e-20
vn 0.301351 0.953513 -5.91626e-20
vn 0.226919 0.973914 0
vn 0.151913 0.988394 5.9159e-20
vn 0.151913 0.988394 -5.9159e-20
vn 0.0760193 0.997106 0
vn -0.000559431 1 0
vn -0.000559431 1 0
vn -0.0771348 0.997021 0
vn -0.154046 0.988064 -1.93926e-20
vn -0.154046 0.988064 1.93926e-20
vn -0.230034 0.973183 0
vn -0.30531 0.952253 -1.93936e-20
vn -0.30531 0.952253 1.93936e-20
vn -0.378722 0.92551 0
vn -0.450624 0.892714 -7.50823e-20
vn -0.450624 0.892714 7.50823e-20
vn -0.519712 0.854342 0
vn -0.6485 0.761215 -1.36332e-19
vn -0.6485 0.761215 1.36332e-19
vn -0.760907 0.648861 0
vn -0.760907 0.648861 -1.19524e-19
vn -0.760907 0.648861 1.19524e-19
vn 0 1 0
vn 0 1 0
vn 0 1 0
vn 0 1 0
vn 0 1 0
vn 0.789288 0.614023 0
vn 0.789288 0.614023 0
vn 0.789288 0.614023 0
vn 0.789288 0.614023 0
vn 0.789288 0.614023 0
vn -0.834197 0.551466 0
vn -0.834197 0.551466 0
vn -0.834197 0.551466 0
vn -0.834197 0.551466 0
vn -0.834197 0.551466 0
vn 0 1 0
vn 0 1 0
vn 0 1 0
vn 0 1 0
vn 0 1 0
vn 0.811786 0.583955 0
vn 0.811786 0.583955 0
vn 0.811786 0.583955 0
vn 0.811786 0.583955 0
vn 0.811786 0.583955 0
vn -0.799051 0.601263 0
vn -0.799051 0.601263 0
vn -0.799051 0.601263 0
vn -0.799051 0.601263 0
vn -0.799051 0.601263 0
vn 0 1 0
vn 0 1 0
vn 0 1 0
vn 0 1 0
vn 0 1 0
vn 0.826071 0.563567 0
vn 0.826071 0.563567 -4.51955e-19
vn 0.791569 0.61108 -8.91386e-18
vn 0.791569 0.61108 8.91386e-18
vn 0.826071 0.563567 4.51955e-19
vn 0.754338 0.656486 0
vn 0.670501 0.741909 -2.05484e-18
vn 0.670501 0.741909 2.05484e-18
vn 0.577058 0.816703 0
vn 0.474598 0.880203 7.357e-18
vn 0.474598 0.880203 -7.357e-18
vn 0.365241 0.930913 0
vn 0.25136 0.967894 2.94731e-18
vn 0.25136 0.967894 -2.94731e-18
vn 0.133876 0.990998 0
vn 0.0138206 0.999904 1.03634e-18
vn 0.0138206 0.999904 -1.03634e-18
vn -0.106435 0.99432 0
vn -0.226751 0.973953 2.7369e-18
vn -0.226751 0.973953 -2.7369e-18
vn -0.34369 0.939083 0
vn -0.452248 0.891892 3.97053e-18
vn -0.452248 0.891892 -3.97053e-18
vn -0.55447 0.832204 0
vn -0.648314 0.761373 1.71933e-17
vn -0.648314 0.761373 -1.71933e-17
vn -0.733195 0.680018 0
vn -0.771044 0.636782 7.48569e-18
vn -0.771044 0.636782 -7.48569e-18
vn -0.806347 0.591443 0
vn -0.806347 0.591443 -1.92023e-17
vn -0.806347 0.591443 1.92023e-17
vn 0.00421757 0.999991 0
vn 0.00421757 0.999991 -8.79004e-20
vn 0.00421757 0.999991 -8.79004e-20
vn 0.00421757 0.999991 8.79004e-20
vn 0.00421757 0.999991 8.79004e-20
vn 0.82251 0.568751 0
vn 0.82251 0.568751 0
vn 0.82251 0.568751 0
vn 0.82251 0.568751 0
vn 0.82251 0.568751 0
vn -0.793801 0.608177 0
vn -0.793801 0.608177 3.64093e-17
vn -0.793801 0.608177 3.64093e-17
vn -0.793801 0.608177 -3.64093e-17
vn -0.793801 0.608177 -3.64093e-17
vn 0 1 0
vn 0 1 0
vn 0 1 0
vn 0 1 0
vn 0 1 0
vn 0.849674 0.527308 0
vn 0.849674 0.527308 0
vn 0.849674 0.527308 0
vn 0.849674 0.527308 0
vn 0.849674 0.527308 0
vn -0.770708 0.637189 0
vn -0.770708 0.637189 0
vn -0.770708 0.637189 0
vn -0.770708 0.637189 0
vn -0.770708 0.637189 0
vn 0 1 0
vn 0 1 0
vn 0 1 0
vn 0 1 0
vn 0 1 0
vn 0.761181 0.64854 0
vn 0.761181 0.64854 8.66235e-18
vn 0.658525 0.752559 4.30283e-18
vn 0.658525 0.752559 -4.30283e-18
vn 0.761181 0.64854 -8.66235e-18
vn 0.541803 0.840505 0
vn 0.476347 0.879257 -2.43322e-18
vn 0.476347 0.879257 2.43322e-18
vn 0.408134 0.912922 0
vn 0.332506 0.943101 -2.38017e-18
vn 0.332506 0.943101 2.38017e-18
vn 0.254674 0.967027 0
vn 0.171348 0.98521 -1.02529e-18
vn 0.171348 0.98521 1.02529e-18
vn 0.0867768 0.996228 0
vn -0.00284432 0.999996 -1.4941e-18
vn -0.00284432 0.999996 1.4941e-18
vn -0.0924425 0.995718 0
vn -0.182948 0.983123 1.10024e-18
vn -0.182948 0.983123 -1.10024e-18
vn -0.271925 0.962318 0
vn -0.355041 0.934851 4.0842e-18
vn -0.355041 0.934851 -4.0842e-18
vn -0.435437 0.900219 0
vn -0.50747 0.861669 2.52951e-18
vn -0.50747 0.861669 -2.52951e-18
vn -0.576116 0.817368 0
vn -0.659615 0.751603 3.52819e-20
vn -0.659615 0.751603 -3.52819e-20
vn -0.735663 0.677348 0
vn -0.735663 0.677348 0
vn -0.735663 0.677348 0
vn 0 1 0
vn 0 1 0
vn 0 1 0
vn 0 1 0
vn 0 1 0
vn 0.818775 0.574114 0
vn 0.818775 0.574114 -9.48434e-18
vn 0.818775 0.574114 -9.48434e-18
vn 0.818775 0.574114 9.48434e-18
vn 0.818775 0.574114 9.48434e-18
vn -0.750617 0.660737 0
vn -0.750617 0.660737 0
vn -0.750617 0.660737 0
vn -0.750617 0.660737 0
vn -0.750617 0.660737 0
vn 0 1 0
vn 0 1 0
vn 0 1 0
vn 0 1 0
vn 0 1 0
vn 0.826946 0.562281 0
vn 0.826946 0.562281 0
vn 0.826946 0.562281 0
vn 0.826946 0.562281 0
vn 0.826946 0.562281 0
vn -0.810789 0.585338 0
vn -0.810789 0.585338 -2.28169e-18
vn -0.810789 0.585338 -2.28169e-18
vn -0.810789 0.585338 2.28169e-18
vn -0.810789 0.585338 2.28169e-18
vn 0 1 0
vn 0 1 0
vn 0 1 0
vn 0 1 0
vn 0 1 0
vn 0.82476 0.565483 0
vn 0.82476 0.565483 8.03152e-19
vn 0.788789 0.614664 6.39554e-19
vn 0.788789 0.614664 -6.39554e-19
vn 0.82476 0.565483 -8.03152e-19
vn 0.749889 0.661563 0
vn 0.664294 0.747471 8.26815e-19
vn 0.664294 0.747471 -8.26815e-19
vn 0.568929 0.822386 0
vn 0.465958 0.884807 6.57418e-19
vn 0.465958 0.884807 -6.57418e-19
vn 0.35623 0.934398 0
vn 0.240584 0.970628 6.92162e-20
vn 0.240584 0.970628 -6.92162e-20
vn 0.121406 0.992603 0
vn -0.00180258 0.999998 6.78996e-19
vn -0.00180258 0.999998 -6.78996e-19
vn -0.124983 0.992159 0
vn -0.24625 0.969206 -9.33213e-21
vn -0.24625 0.969206 9.33213e-21
vn -0.363765 0.931491 0
vn -0.473691 0.880691 -3.78482e-19
vn -0.473691 0.880691 3.78482e-19
vn -0.576671 0.816977 0
vn -0.671815 0.740719 -4.69723e-19
vn -0.671815 0.740719 4.69723e-19
vn -0.756971 0.653449 0
vn -0.79553 0.605915 4.55829e-19
vn -0.79553 0.605915 -4.55829e-19
vn -0.831108 0.556111 0
vn -0.831108 0.556111 2.45717e-18
vn -0.831108 0.556111 -2.45717e-18
vn 0 1 0
vn 0 1 0
vn 0 1 0
vn 0 1 0
vn 0 1 0
vn 0.92296 0.384895 0
vn 0.92296 0.384895 5.28615e-18
vn 0.92296 0.384895 5.28615e-18
vn 0.92296 0.384895 -5.28615e-18
vn 0.92296 0.384895 -5.28615e-18
vn -0.733428 0.679767 0
vn -0.733428 0.679767 8.39768e-18
vn -0.733428 0.679767 8.39768e-18
vn -0.733428 0.679767 -8.39768e-18
vn -0.733428 0.679767 -8.39768e-18
vn 0 1 0
vn 0 1 0
vn 0 1 0
vn 0 1 0
vn 0 1 0
vn 0.774861 0.632132 0
vn 0.774861 0.632132 0
vn 0.774861 0.632132 0
vn 0.774861 0.632132 0
vn 0.774861 0.632132 0
vn -0.756916 0.653512 0
vn -0.756916 0.653512 0
vn -0.756916 0.653512 0
vn -0.756916 0.653512 0
vn -0.756916 0.653512 0
vn 0 1 0
vn 0 1 0
vn 0 1 0
vn 0 1 0
vn 0 1 0
vn 0.897138 0.44175 0
vn 0.897138 0.44175 -2.07217e-17
vn 0.782511 0.622637 -1.06717e-17
vn 0.782511 0.622637 1.06717e-17
vn 0.897138 0.44175 2.07217e-17
vn 0.631998 0.77497 0
vn 0.561143 0.827719 -6.63638e-20
vn 0.561143 0.827719 6.63638e-20
vn 0.485909 0.874009 0
vn 0.399734 0.916631 0
vn 0.399734 0.916631 0
vn 0.309864 0.950781 0
vn 0.209467 0.977816 -6.15009e-19
vn 0.209467 0.977816 6.15009e-19
vn 0.106807 0.99428 0
vn 0.00236625 0.999997 -1.20648e-18
vn 0.00236625 0.999997 1.20648e-18
vn -0.1021 0.994774 0
vn -0.200672 0.979659 -5.91135e-19
vn -0.200672 0.979659 5.91135e-19
vn -0.297248 0.9548 0
vn -0.384574 0.923094 0
vn -0.384574 0.923094 0
vn -0.468581 0.88342 0
vn -0.54074 0.84119 -6.99583e-18
vn -0.54074 0.84119 6.99583e-18
vn -0.609119 0.793079 0
vn -0.765838 0.643034 -1.76265e-17
vn -0.765838 0.643034 1.76265e-17
vn -0.886505 0.462719 0
vn -0.886505 0.462719 -2.04805e-17
vn -0.886505 0.462719 2.04805e-17
vn 0 1 0
vn 0 1 0
vn 0 1 0
vn 0 1 0
vn 0 1 0
vn 0.773908 0.633298 0
vn 0.773908 0.633298 3.5497e-17
vn 0.773908 0.633298 3.5497e-17
vn 0.773908 0.633298 -3.5497e-17
vn 0.773908 0.633298 -3.5497e-17
vn -0.730742 0.682654 0
vn -0.730742 0.682654 0
vn -0.730742 0.682654 0
vn -0.730742 0.682654 0
vn -0.730742 0.682654 0
vn 0 1 0
vn 0 1 0
vn 0 1 0
vn 0 1 0
vn 0 1 0
vn 0.860076 0.510166 0
vn 0.860076 0.510166 -1.98348e-17
vn 0.860076 0.510166 -1.98348e-17
vn 0.860076 0.510166 1.98348e-17
vn 0.860076 0.510166 1.98348e-17
vn -0.797549 0.603255 0
vn -0.797549 0.603255 0
vn -0.797549 0.603255 0
vn -0.797549 0.603255 0
vn -0.797549 0.603255 0
vn 0 1 0
vn 0 1 0
vn 0 1 0
vn 0 1 0
vn 0 1 0
vn 0.829681 0.558238 0
vn 0.829681 0.558238 1.89126e-17
vn 0.793926 0.608015 9.47409e-18
vn 0.793926 0.608015 -9.47409e-18
vn 0.829681 0.558238 -1.89126e-17
vn 0.755188 0.655508 0
vn 0.669447 0.74286 6.92771e-18
vn 0.669447 0.74286 -6.92771e-18
vn 0.573675 0.819083 0
vn 0.469897 0.882721 1.10707e-17
vn 0.469897 0.882721 -1.10707e-17
vn 0.359154 0.933278 0
vn 0.2425 0.970151 4.14388e-18
vn 0.2425 0.970151 -4.14388e-18
vn 0.122216 0.992504 0
vn -0.00229752 0.999997 1.47288e-18
vn -0.00229752 0.999997 -1.47288e-18
vn -0.126775 0.991931 0
vn -0.249713 0.96832 -2.80964e-18
vn -0.249713 0.96832 2.80964e-18
vn -0.368737 0.929534 0
vn -0.47973 0.877416 -4.55092e-18
vn -0.47973 0.877416 4.55092e-18
vn -0.58351 0.812106 0
vn -0.679004 0.734135 1.74334e-17
vn -0.679004 0.734135 -1.74334e-17
vn -0.764178 0.645006 0
vn -0.802555 0.596579 1.73073e-17
vn -0.802555 0.596579 -1.73073e-17
vn -0.837868 0.545874 0
vn -0.837868 0.545874 -5.88482e-19
vn -0.837868 0.545874 5.88482e-19
vn 0 1 0
vn 0 1 0
vn 0 1 0
vn 0 1 0
vn 0 1 0
vn 0.852794 0.522248 0
vn 0.852794 0.522248 0
vn 0.852794 0.522248 0
vn 0.852794 0.522248 0
vn 0.852794 0.522248 0
vn -0.850696 0.525658 0
vn -0.850696 0.525658 0
vn -0.850696 0.525658 0
vn -0.850696 0.525658 0
vn -0.850696 0.525658 0
vn 0 1 0
vn 0 1 0
vn 0 1 0
vn 0 1 0
vn 0 1 0
vn 0.884144 0.467215 0
vn 0.884144 0.467215 0
vn 0.884144 0.467215 0
vn 0.884144 0.467215 0
vn 0.884144 0.467215 0
vn -0.81853 0.574464 0
vn -0.81853 0.574464 0
vn -0.81853 0.574464 0
vn -0.81853 0.574464 0
vn -0.81853 0.574464 0
vn 0 1 0
vn 0 1 0
vn 0 1 0
vn 0 1 0
vn 0 1 0
vn 0.712357 0.701817 0
vn 0.712357 0.701817 -1.54452e-19
vn 0.658406 0.752663 -1.14481e-19
vn 0.658406 0.752663 1.14481e-19
vn 0.712357 0.701817 1.54452e-19
vn 0.600836 0.799372 0
vn 0.538855 0.842399 -7.7926e-20
vn 0.538855 0.842399 7.7926e-20
vn 0.473806 0.880629 0
vn 0.391834 0.920036 -4.09329e-20
vn 0.391834 0.920036 4.09329e-20
vn 0.306621 0.951832 0
vn 0.207451 0.978245 9.1672e-20
vn 0.207451 0.978245 -9.1672e-20
vn 0.106096 0.994356 0
vn -0.00398095 0.999992 1.85493e-19
vn -0.00398095 0.999992 -1.85493e-19
vn -0.114009 0.99348 0
vn -0.218666 0.9758 9.3705e-20
vn -0.218666 0.9758 -9.3705e-20
vn -0.32086 0.947127 0
vn -0.404059 0.914733 0
vn -0.404059 0.914733 0
vn -0.484036 0.875048 0
vn -0.544796 0.838569 0
vn -0.544796 0.838569 0
vn -0.602819 0.797878 0
vn -0.697162 0.716914 -5.11893e-20
vn -0.697162 0.716914 5.11893e-20
vn -0.78073 0.624868 0
vn -0.78073 0.624868 -1.01587e-19
vn -0.78073 0.624868 1.01587e-19
vn 0 1 0
vn 0 1 0
vn 0 1 0
vn 0 1 0
vn 0 1 0
vn 0.854055 0.520182 0
vn 0.854055 0.520182 0
vn 0.854055 0.520182 0
vn 0.854055 0.520182 0
vn 0.854055 0.520182 0
vn -0.857926 0.513774 0
vn -0.857926 0.513774 0
vn -0.857926 0.513774 0
vn -0.857926 0.513774 0
vn -0.857926 0.513774 0
vn -0.00680466 0.999977 0
vn -0.00680466 0.999977 0
vn -0.00680466 0.999977 0
vn -0.00680466 0.999977 0
vn -0.00680466 0.999977 0
vn 0.900373 0.43512 0
vn 0.900373 0.43512 0
vn 0.900373 0.43512 0
vn 0.900373 0.43512 0
vn 0.900373 0.43512 0
vn -0.803137 0.595794 0
vn -0.803137 0.595794 0
vn -0.803137 0.595794 0
vn -0.803137 0.595794 0
vn -0.803137 0.595794 0
vn 0 1 0
vn 0 1 0
vn 0 1 0
vn 0 1 0
vn 0 1 0
vn 0.845497 0.53398 0
vn 0.845497 0.53398 -4.45757e-19
vn 0.785201 0.619242 -2.241e-19
vn 0.785201 0.619242 2.241e-19
vn 0.845497 0.53398 4.45757e-19
vn 0.716341 0.69775 0
vn 0.634142 0.773217 0
vn 0.634142 0.773217 0
vn 0.544046 0.839055 0
vn 0.447299 0.894384 0
vn 0.447299 0.894384 0
vn 0.344996 0.938604 0
vn 0.238268 0.971199 0
vn 0.238268 0.971199 0
vn 0.128573 0.9917 0
vn 0.0143644 0.999897 0
vn 0.0143644 0.999897 0
vn -0.100032 0.994984 0
vn -0.212584 0.977143 0
vn -0.212584 0.977143 0
vn -0.322374 0.946612 0
vn -0.42362 0.90584 0
vn -0.42362 0.90584 0
vn -0.519818 0.854277 0
vn -0.609932 0.792454 0
vn -0.609932 0.792454 0
vn -0.692761 0.721167 0
vn -0.763249 0.646104 0
vn -0.763249 0.646104 0
vn -0.825644 0.564191 0
vn -0.825644 0.564191 0
vn -0.825644 0.564191 0
vn 0.665879 0.74606 0
vn 0.665879 0.74606 0
vn 0.665879 0.74606 0
vn 0.665879 0.74606 0
vn 0.665879 0.74606 0
vn -0.399877 0.916569 0
vn -0.399877 0.916569 0
vn -0.399877 0.916569 0
vn -0.399877 0.916569 0
vn -0.399877 0.916569 0
vn 0.379358 -0.92525 0
vn 0.379358 -0.92525 0
vn 0.379358 -0.92525 0
vn 0.379358 -0.92525 0
vn 0.379358 -0.92525 0
vn -0.665883 -0.746056 0
vn -0.665883 -0.746056 0
vn -0.665883 -0.746056 0
vn -0.665883 -0.746056 0
vn -0.665883 -0.746056 0
vn 0.818149 -0.575006 0
vn 0.818149 -0.575006 4.17685e-19
vn 0.758409 -0.651779 2.09835e-19
vn 0.758409 -0.651779 -2.09835e-19
vn 0.818149 -0.575006 -4.17685e-19
vn 0.691491 -0.722385 0
vn 0.608145 -0.793826 -6.08219e-19
vn 0.608145 -0.793826 6.08219e-19
vn 0.51747 -0.855701 0
vn 0.421438 -0.906857 -6.08155e-19
vn 0.421438 -0.906857 6.08155e-19
vn 0.320416 -0.947277 0
vn 0.2157 -0.97646 7.20309e-19
vn 0.2157 -0.97646 -7.20309e-19
vn 0.108434 -0.994104 0
vn -0.00603588 -0.999982 7.20788e-19
vn -0.00603588 -0.999982 -7.20788e-19
vn -0.120427 -0.992722 0
vn -0.234051 -0.972224 0
vn -0.234051 -0.972224 0
vn -0.344556 -0.938766 0
vn -0.44671 -0.894679 0
vn -0.44671 -0.894679 0
vn -0.543335 -0.839516 0
vn -0.633523 -0.773724 0
vn -0.633523 -0.773724 0
vn -0.715816 -0.698289 0
vn -0.784989 -0.61951 0
vn -0.784989 -0.61951 0
vn -0.845534 -0.533922 0
vn -0.845534 -0.533922 0
vn -0.845534 -0.533922 0
vn 0 -1 0
vn 0 -1 0
vn 0 -1 0
vn 0 -1 0
vn 0 -1 0
vn 0.803215 -0.595689 0
vn 0.803215 -0.595689 0
vn 0.803215 -0.595689 0
vn 0.803215 -0.595689 0
vn 0.803215 -0.595689 0
vn -0.900438 -0.434985 0
vn -0.900438 -0.434985 1.14518e-19
vn -0.900438 -0.434985 1.14518e-19
vn -0.900438 -0.434985 -1.14518e-19
vn -0.900438 -0.434985 -1.14518e-19
vn 0.00688215 -0.999976 0
vn 0.00688215 -0.999976 0
vn 0.00688215 -0.999976 0
vn 0.00688215 -0.999976 0
vn 0.00688215 -0.999976 0
vn 0.845005 -0.534758 0
vn 0.845005 -0.534758 0
vn 0.845005 -0.534758 0
vn 0.845005 -0.534758 0
vn 0.845005 -0.534758 0
vn -0.854078 -0.520145 0
vn -0.854078 -0.520145 2.30266e-19
vn -0.854078 -0.520145 2.30266e-19
vn -0.854078 -0.520145 -2.30266e-19
vn -0.854078 -0.520145 -2.30266e-19
vn 0 -1 0
vn 0 -1 0
vn 0 -1 0
vn 0 -1 0
vn 0 -1 0
vn 0.782092 -0.623162 0
vn 0.782092 -0.623162 1.23808e-19
vn 0.698611 -0.715502 1.58442e-19
vn 0.698611 -0.715502 -1.58442e-19
vn 0.782092 -0.623162 -1.23808e-19
vn 0.604304 -0.796754 0
vn 0.547558 -0.836768 1.31588e-19
vn 0.547558 -0.836768 -1.31588e-19
vn 0.488172 -0.872748 0
vn 0.408477 -0.912769 -4.0531e-21
vn 0.408477 -0.912769 4.0531e-21
vn 0.325533 -0.945531 0
vn 0.222114 -0.975021 -4.02299e-20
vn 0.222114 -0.975021 4.02299e-20
vn 0.116125 -0.993235 0
vn 0.00403347 -0.999992 0
vn 0.00403347 -0.999992 0
vn -0.108109 -0.994139 0
vn -0.210803 -0.977529 0
vn -0.210803 -0.977529 0
vn -0.311216 -0.950339 0
vn -0.396265 -0.918136 0
vn -0.396265 -0.918136 0
vn -0.478037 -0.87834 0
vn -0.541737 -0.840548 0
vn -0.541737 -0.840548 0
vn -0.602466 -0.798145 0
vn -0.659239 -0.751933 7.35893e-20
vn -0.659239 -0.751933 -7.35893e-20
vn -0.71248 -0.701693 0
vn -0.71248 -0.701693 1.46784e-19
vn -0.71248 -0.701693 -1.46784e-19
vn 0 -1 0
vn 0 -1 0
vn 0 -1 0
vn 0 -1 0
vn 0 -1 0
vn 0.818488 -0.574523 0
vn 0.818488 -0.574523 0
vn 0.818488 -0.574523 0
vn 0.818488 -0.574523 0
vn 0.818488 -0.574523 0
vn -0.884031 -0.467428 0
vn -0.884031 -0.467428 1.78513e-19
vn -0.884031 -0.467428 1.78513e-19
vn -0.884031 -0.467428 -1.78513e-19
vn -0.884031 -0.467428 -1.78513e-19
vn 0 -1 0
vn 0 -1 0
vn 0 -1 0
vn 0 -1 0
vn 0 -1 0
vn 0.850756 -0.525561 0
vn 0.850756 -0.525561 0
vn 0.850756 -0.525561 0
vn 0.850756 -0.525561 0
vn 0.850756 -0.525561 0
vn -0.852725 -0.52236 0
vn -0.852725 -0.52236 1.14733e-19
vn -0.852725 -0.52236 1.14733e-19
vn -0.852725 -0.52236 -1.14733e-19
vn -0.852725 -0.52236 -1.14733e-19
vn 0 -1 0
vn 0 -1 0
vn 0 -1 0
vn 0 -1 0
vn 0 -1 0
vn 0.837872 -0.545867 0
vn 0.837872 -0.545867 -3.8443e-17
vn 0.802564 -0.596567 -3.70852e-17
vn 0.802564 -0.596567 3.70852e-17
vn 0.837872 -0.545867 3.8443e-17
vn 0.764192 -0.644989 0
vn 0.679017 -0.734122 -1.82417e-17
vn 0.679017 -0.734122 1.82417e-17
vn 0.583522 -0.812098 0
vn 0.479743 -0.877409 -3.88938e-18
vn 0.479743 -0.877409 3.88938e-18
vn 0.36875 -0.929528 0
vn 0.251587 -0.967835 -5.08833e-18
vn 0.251587 -0.967835 5.08833e-18
vn 0.130601 -0.991435 0
vn 0.00601615 -0.999982 -1.51151e-18
vn 0.00601615 -0.999982 1.51151e-18
vn -0.118662 -0.992935 0
vn -0.240765 -0.970584 -4.16458e-18
vn -0.240765 -0.970584 4.16458e-18
vn -0.359157 -0.933277 0
vn -0.469871 -0.882735 -3.88352e-18
vn -0.469871 -0.882735 3.88352e-18
vn -0.573626 -0.819117 0
vn -0.66939 -0.742911 -8.45711e-18
vn -0.66939 -0.742911 8.45711e-18
vn -0.755128 -0.655577 0
vn -0.793888 -0.608065 -1.79392e-17
vn -0.793888 -0.608065 1.79392e-17
vn -0.829662 -0.558266 0
vn -0.829662 -0.558266 -1.84679e-17
vn -0.829662 -0.558266 1.84679e-17
vn -0.00267548 -0.999996 0
vn -0.00267548 -0.999996 -5.95981e-20
vn -0.00267548 -0.999996 -5.95981e-20
vn -0.00267548 -0.999996 5.95981e-20
vn -0.00267548 -0.999996 5.95981e-20
vn 0.797581 -0.603211 0
vn 0.797581 -0.603211 -1.83302e-17
vn 0.797581 -0.603211 -1.83302e-17
vn 0.797581 -0.603211 1.83302e-17
vn 0.797581 -0.603211 1.83302e-17
vn -0.860104 -0.510119 0
vn -0.860104 -0.510119 0
vn -0.860104 -0.510119 0
vn -0.860104 -0.510119 0
vn -0.860104 -0.510119 0
vn 0 -1 0
vn 0 -1 0
vn 0 -1 0
vn 0 -1 0
vn 0 -1 0
vn 0.730699 -0.6827 0
vn 0.730699 -0.6827 -1.69711e-17
vn 0.730699 -0.6827 -1.69711e-17
vn 0.730699 -0.6827 1.69711e-17
vn 0.730699 -0.6827 1.69711e-17
vn -0.773745 -0.633497 0
vn -0.773745 -0.633497 -1.13166e-19
vn -0.773745 -0.633497 -1.13166e-19
vn -0.773745 -0.633497 1.13166e-19
vn -0.773745 -0.633497 1.13166e-19
vn 0 -1 0
vn 0 -1 0
vn 0 -1 0
vn 0 -1 0
vn 0 -1 0
vn 0.890534 -0.454917 0
vn 0.890534 -0.454917 2.05606e-17
vn 0.768169 -0.640247 1.06158e-17
vn 0.768169 -0.640247 -1.06158e-17
vn 0.890534 -0.454917 -2.05606e-17
vn 0.607917 -0.794 0
vn 0.539577 -0.841937 1.13785e-19
vn 0.539577 -0.841937 -1.13785e-19
vn 0.467476 -0.884006 0
vn 0.383606 -0.923497 -2.29118e-21
vn 0.383606 -0.923497 2.29118e-21
vn 0.296439 -0.955052 0
vn 0.200107 -0.979774 -6.29127e-19
vn 0.200107 -0.979774 6.29127e-19
vn 0.101796 -0.994805 0
vn -0.00238617 -0.999997 -1.20973e-18
vn -0.00238617 -0.999997 1.20973e-18
vn -0.106542 -0.994308 0
vn -0.208954 -0.977926 -4.23597e-18
vn -0.208954 -0.977926 4.23597e-18
vn -0.309118 -0.951024 0
vn -0.398811 -0.917033 -6.44357e-18
vn -0.398811 -0.917033 6.44357e-18
vn -0.484835 -0.874606 0
vn -0.557865 -0.829932 7.9546e-19
vn -0.557865 -0.829932 -7.9546e-19
vn -0.626805 -0.779176 0
vn -0.780276 -0.625436 8.98831e-18
vn -0.780276 -0.625436 -8.98831e-18
vn -0.896925 -0.442182 0
vn -0.896925 -0.442182 1.03277e-17
vn -0.896925 -0.442182 -1.03277e-17
vn 0 -1 0
vn 0 -1 0
vn 0 -1 0
vn 0 -1 0
vn 0 -1 0
vn 0.75699 -0.653427 0
vn 0.75699 -0.653427 8.67775e-18
vn 0.75699 -0.653427 8.67775e-18
vn 0.75699 -0.653427 -8.67775e-18
vn 0.75699 -0.653427 -8.67775e-18
vn -0.774888 -0.632099 0
vn -0.774888 -0.632099 -1.77612e-17
vn -0.774888 -0.632099 -1.77612e-17
vn -0.774888 -0.632099 1.77612e-17
vn -0.774888 -0.632099 1.77612e-17
vn 0 -1 0
vn 0 -1 0
vn 0 -1 0
vn 0 -1 0
vn 0 -1 0
vn 0.733491 -0.679699 0
vn 0.733491 -0.679699 0
vn 0.733491 -0.679699 0
vn 0.733491 -0.679699 0
vn 0.733491 -0.679699 0
vn -0.923026 -0.384738 0
vn -0.923026 -0.384738 5.31335e-18
vn -0.923026 -0.384738 5.31335e-18
vn -0.923026 -0.384738 -5.31335e-18
vn -0.923026 -0.384738 -5.31335e-18
vn 0 -1 0
vn 0 -1 0
vn 0 -1 0
vn 0 -1 0
vn 0 -1 0
vn 0.831123 -0.556088 0
vn 0.831123 -0.556088 0
vn 0.795554 -0.605883 3.12542e-19
vn 0.795554 -0.605883 -3.12542e-19
vn 0.831123 -0.556088 0
vn 0.757005 -0.653409 0
vn 0.671822 -0.740712 1.0235e-18
vn 0.671822 -0.740712 -1.0235e-18
vn 0.576644 -0.816995 0
vn 0.473646 -0.880715 1.63101e-18
vn 0.473646 -0.880715 -1.63101e-18
vn 0.3637 -0.931516 0
vn 0.247622 -0.968857 2.49694e-19
vn 0.247622 -0.968857 -2.49694e-19
vn 0.127862 -0.991792 0
vn 0.00464616 -0.999989 -7.15324e-19
vn 0.00464616 -0.999989 7.15324e-19
vn -0.118641 -0.992937 0
vn -0.239279 -0.970951 -1.14253e-19
vn -0.239279 -0.970951 1.14253e-19
vn -0.356318 -0.934365 0
vn -0.466017 -0.884776 3.56406e-20
vn -0.466017 -0.884776 -3.56406e-20
vn -0.568962 -0.822364 0
vn -0.664279 -0.747485 -1.73954e-19
vn -0.664279 -0.747485 1.73954e-19
vn -0.749836 -0.661624 0
vn -0.788756 -0.614707 -1.32723e-20
vn -0.788756 -0.614707 1.32723e-20
vn -0.824744 -0.565506 0
vn -0.824744 -0.565506 5.31234e-19
vn -0.824744 -0.565506 -5.31234e-19
vn -0.00334286 -0.999994 0
vn -0.00334286 -0.999994 4.22339e-21
vn -0.00334286 -0.999994 4.22339e-21
vn -0.00334286 -0.999994 -4.22339e-21
vn -0.00334286 -0.999994 -4.22339e-21
vn 0.810759 -0.58538 0
vn 0.810759 -0.58538 2.37616e-18
vn 0.810759 -0.58538 2.37616e-18
vn 0.810759 -0.58538 -2.37616e-18
vn 0.810759 -0.58538 -2.37616e-18
vn -0.827091 -0.562067 0
vn -0.827091 -0.562067 2.42411e-18
vn -0.827091 -0.562067 2.42411e-18
vn -0.827091 -0.562067 -2.42411e-18
vn -0.827091 -0.562067 -2.42411e-18
vn 0 -1 0
vn 0 -1 0
vn 0 -1 0
vn 0 -1 0
vn 0 -1 0
vn 0.750507 -0.660863 0
vn 0.750507 -0.660863 0
vn 0.750507 -0.660863 0
vn 0.750507 -0.660863 0
vn 0.750507 -0.660863 0
vn -0.818958 -0.573854 0
vn -0.818958 -0.573854 -9.33461e-18
vn -0.818958 -0.573854 -9.33461e-18
vn -0.818958 -0.573854 9.33461e-18
vn -0.818958 -0.573854 9.33461e-18
vn -0.00275523 -0.999996 0
vn -0.00275523 -0.999996 -3.18312e-20
vn -0.00275523 -0.999996 -3.18312e-20
vn -0.00275523 -0.999996 3.18312e-20
vn -0.00275523 -0.999996 3.18312e-20
vn 0.735957 -0.677028 0
vn 0.735957 -0.677028 -8.4727e-18
vn 0.660703 -0.750647 -9.63705e-19
vn 0.660703 -0.750647 9.63705e-19
vn 0.735957 -0.677028 8.4727e-18
vn 0.578126 -0.815947 0
vn 0.510632 -0.859799 5.87744e-18
vn 0.510632 -0.859799 -5.87744e-18
vn 0.43983 -0.898081 0
vn 0.359382 -0.933191 2.5904e-18
vn 0.359382 -0.933191 -2.5904e-18
vn 0.276165 -0.96111 0
vn 0.185961 -0.982557 0
vn 0.185961 -0.982557 0
vn 0.0941575 -0.995557 0
vn 0.00292217 -0.999996 -5.0792e-19
vn 0.00292217 -0.999996 5.0792e-19
vn -0.0883375 -0.996091 0
vn -0.173999 -0.984746 -1.98181e-18
vn -0.173999 -0.984746 1.98181e-18
vn -0.258362 -0.966048 0
vn -0.336175 -0.9418 -1.45338e-18
vn -0.336175 -0.9418 1.45338e-18
vn -0.411754 -0.911295 0
vn -0.478777 -0.877936 -3.12513e-18
vn -0.478777 -0.877936 3.12513e-18
vn -0.543117 -0.839657 0
vn -0.660143 -0.75114 -3.17056e-18
vn -0.660143 -0.75114 3.17056e-18
vn -0.762956 -0.646451 0
vn -0.762956 -0.646451 0
vn -0.762956 -0.646451 0
vn 0 -1 0
vn 0 -1 0
vn 0 -1 0
vn 0 -1 0
vn 0 -1 0
vn 0.77062 -0.637295 0
vn 0.77062 -0.637295 1.77347e-17
vn 0.77062 -0.637295 1.77347e-17
vn 0.77062 -0.637295 -1.77347e-17
vn 0.77062 -0.637295 -1.77347e-17
vn -0.84964 -0.527363 0
vn -0.84964 -0.527363 -1.95278e-17
vn -0.84964 -0.527363 -1.95278e-17
vn -0.84964 -0.527363 1.95278e-17
vn -0.84964 -0.527363 1.95278e-17
vn -0.00198149 -0.999998 0
vn -0.00198149 -0.999998 0
vn -0.00198149 -0.999998 0
vn -0.00198149 -0.999998 0
vn -0.00198149 -0.999998 0
vn 0.793666 -0.608354 0
vn 0.793666 -0.608354 0
vn 0.793666 -0.608354 0
vn 0.793666 -0.608354 0
vn 0.793666 -0.608354 0
vn -0.822625 -0.568585 0
vn -0.822625 -0.568585 0
vn -0.822625 -0.568585 0
vn -0.822625 -0.568585 0
vn -0.822625 -0.568585 0
vn -0.00418519 -0.999991 0
vn -0.00418519 -0.999991 0
vn -0.00418519 -0.999991 0
vn -0.00418519 -0.999991 0
vn -0.00418519 -0.999991 0
vn 0.80341 -0.595426 0
vn 0.80341 -0.595426 1.84647e-17
vn 0.76981 -0.638273 9.0012e-18
vn 0.76981 -0.638273 -9.0012e-18
vn 0.80341 -0.595426 -1.84647e-17
vn 0.733927 -0.679228 0
vn 0.64978 -0.760122 -2.46154e-19
vn 0.64978 -0.760122 2.46154e-19
vn 0.55678 -0.83066 0
vn 0.45455 -0.890721 4.69115e-18
vn 0.45455 -0.890721 -4.69115e-18
vn 0.34593 -0.93826 0
vn 0.232595 -0.972574 5.40971e-18
vn 0.232595 -0.972574 -5.40971e-18
vn 0.115998 -0.993249 0
vn -0.00399996 -0.999992 -2.15432e-18
vn -0.00399996 -0.999992 2.15432e-18
vn -0.12394 -0.99229 0
vn -0.246461 -0.969153 1.34416e-18
vn -0.246461 -0.969153 -1.34416e-18
vn -0.365151 -0.930948 0
vn -0.474532 -0.880238 4.21673e-18
vn -0.474532 -0.880238 -4.21673e-18
vn -0.577015 -0.816734 0
vn -0.670515 -0.741896 0
vn -0.670515 -0.741896 0
vn -0.754399 -0.656417 0
vn -0.791602 -0.611037 -9.44349e-18
vn -0.791602 -0.611037 9.44349e-18
vn -0.82608 -0.563553 0
vn -0.82608 -0.563553 -1.88545e-17
vn -0.82608 -0.563553 1.88545e-17
vn -0.00296451 -0.999996 0
vn -0.00296451 -0.999996 0
vn -0.00296451 -0.999996 0
vn -0.00296451 -0.999996 0
vn -0.00296451 -0.999996 0
vn 0.798974 -0.601366 0
vn 0.798974 -0.601366 0
vn 0.798974 -0.601366 0
vn 0.798974 -0.601366 0
vn 0.798974 -0.601366 0
vn -0.812051 -0.583586 0
vn -0.812051 -0.583586 0
vn -0.812051 -0.583586 0
vn -0.812051 -0.583586 0
vn -0.812051 -0.583586 0
vn 0 -1 0
vn 0 -1 0
vn 0 -1 0
vn 0 -1 0
vn 0 -1 0
vn 0.834454 -0.551078 0
vn 0.834454 -0.551078 0
vn 0.834454 -0.551078 0
vn 0.834454 -0.551078 0
vn 0.834454 -0.551078 0
vn -0.789293 -0.614017 0
vn -0.789293 -0.614017 0
vn -0.789293 -0.614017 0
vn -0.789293 -0.614017 0
vn -0.789293 -0.614017 0
vn 0 -1 0
vn 0 -1 0
vn 0 -1 0
vn 0 -1 0
vn 0 -1 0
vn 0.762765 -0.646675 0
vn 0.762765 -0.646675 1.11365e-19
vn 0.649213 -0.760607 9.543e-20
vn 0.649213 -0.760607 -9.543e-20
vn 0.762765 -0.646675 -1.11365e-19
vn 0.518863 -0.854858 0
vn 0.449696 -0.893182 5.83185e-20
vn 0.449696 -0.893182 -5.83185e-20
vn 0.377718 -0.925921 0
vn 0.304397 -0.952545 -2.01289e-20
vn 0.304397 -0.952545 2.01289e-20
vn 0.229223 -0.973374 0
vn 0.153474 -0.988153 -3.98096e-20
vn 0.153474 -0.988153 3.98096e-20
vn 0.0768114 -0.997046 0
vn 0.000513343 -1 0
vn 0.000513343 -1 0
vn -0.0757877 -0.997124 0
vn -0.151433 -0.988468 2.01692e-20
vn -0.151433 -0.988468 -2.01692e-20
vn -0.2262 -0.974081 0
vn -0.300418 -0.953808 4.01165e-20
vn -0.300418 -0.953808 -4.01165e-20
vn -0.372858 -0.927888 0
vn -0.444016 -0.896019 5.9109e-20
vn -0.444016 -0.896019 -5.9109e-20
vn -0.512475 -0.858702 0
vn -0.647731 -0.761869 9.31056e-20
vn -0.647731 -0.761869 -9.31056e-20
vn -0.765064 -0.643954 0
vn -0.765064 -0.643954 1.0555e-19
vn -0.765064 -0.643954 -1.0555e-19
vn 0 -1 0
vn 0 -1 0
vn 0 -1 0
vn 0 -1 0
vn 0 -1 0
vn 0.859019 -0.511944 0
vn 0.859019 -0.511944 0
vn 0.859019 -0.511944 0
vn 0.859019 -0.511944 0
vn 0.859019 -0.511944 0
vn -0.820997 -0.570933 0
vn -0.820997 -0.570933 0
vn -0.820997 -0.570933 0
vn -0.820997 -0.570933 0
vn -0.820997 -0.570933 0
vn 0 -1 0
vn 0 -1 0
vn 0 -1 0
vn 0 -1 0
vn 0 -1 0
vn 0.789707 -0.613485 0
vn 0.789707 -0.613485 0
vn 0.789707 -0.613485 0
vn 0.789707 -0.613485 0
vn 0.789707 -0.613485 0
vn -0.763564 -0.645732 0
vn -0.763564 -0.645732 0
vn -0.763564 -0.645732 0
vn -0.763564 -0.645732 0
vn -0.763564 -0.645732 0
vn -0.00201594 -0.999998 0
vn -0.00201594 -0.999998 0
vn -0.00201594 -0.999998 0
vn -0.00201594 -0.999998 0
vn -0.00201594 -0.999998 0
vn 0.818044 -0.575156 0
vn 0.818044 -0.575156 0
vn 0.782911 -0.622134 2.36758e-19
vn 0.782911 -0.622134 -2.36758e-19
vn 0.818044 -0.575156 0
vn 0.745084 -0.66697 0
vn 0.659811 -0.751432 -3.32028e-19
vn 0.659811 -0.751432 3.32028e-19
vn 0.565032 -0.825069 0
vn 0.461097 -0.88735 -1.24256e-18
vn 0.461097 -0.88735 1.24256e-18
vn 0.350392 -0.936603 0
vn 0.235517 -0.97187 -1.38776e-18
vn 0.235517 -0.97187 1.38776e-18
vn 0.11724 -0.993104 0
vn -0.00338951 -0.999994 4.36672e-21
vn -0.00338951 -0.999994 -4.36672e-21
vn -0.12397 -0.992286 0
vn -0.24621 -0.969216 3.57015e-20
vn -0.24621 -0.969216 -3.57015e-20
vn -0.364641 -0.931148 0
vn -0.475855 -0.879524 -4.02545e-19
vn -0.475855 -0.879524 4.02545e-19
vn -0.579916 -0.814676 0
vn -0.674477 -0.738296 5.5632e-19
vn -0.674477 -0.738296 -5.5632e-19
vn -0.759072 -0.651007 0
vn -0.796374 -0.604805 4.03598e-19
vn -0.796374 -0.604805 -4.03598e-19
vn -0.830868 -0.55647 0
vn -0.830868 -0.55647 2.607e-19
vn -0.830868 -0.55647 -2.607e-19
vn 0.486922 -0.873446 0
vn 0.486922 -0.873446 0
vn 0.486922 -0.873446 0
vn 0.486922 -0.873446 0
vn 0.486922 -0.873446 0
vn -0.463651 -0.886018 0
vn -0.463651 -0.886018 0
vn -0.463651 -0.886018 0
vn -0.463651 -0.886018 0
vn -0.463651 -0.886018 0


# Faces: 
usemtl material0
f 439/139/1 463/163/1 464/164/1
f 454/154/1 449/149/1 453/153/1
f 466/166/1 436/136/1 465/165/1
f 438/138/1 439/139/1 464/164/1
f 467/167/1 435/135/1 436/136/1
f 436/136/1 437/137/1 465/165/1
f 464/164/1 465/165/1 438/138/1
f 436/136/1 466/166/1 467/167/1
f 467/167/1 468/168/1 435/135/1
f 433/133/1 470/170/1 432/132/1
f 469/169/1 470/170/1 433/133/1
f 481/181/1 421/121/1 480/180/1
f 419/119/1 483/183/1 484/184/1
f 433/133/1 468/168/1 469/169/1
f 439/139/1 462/162/1 463/163/1
f 431/131/1 471/171/1 430/130/1
f 471/171/1 431/131/1 432/132/1
f 468/168/1 433/133/1 434/134/1
f 468/168/1 434/134/1 435/135/1
f 429/129/1 430/130/1 472/172/1
f 471/171/1 472/172/1 430/130/1
f 432/132/1 470/170/1 471/171/1
f 452/152/1 453/153/1 449/149/1
f 421/121/1 422/122/1 480/180/1
f 482/182/1 419/119/1 420/120/1
f 418/118/1 419/119/1 484/184/1
f 485/185/1 486/186/1 416/116/1
f 484/184/1 485/185/1 418/118/1
f 483/183/1 419/119/1 482/182/1
f 481/181/1 482/182/1 421/121/1
f 478/178/1 479/179/1 424/124/1
f 479/179/1 422/122/1 423/123/1
f 421/121/1 482/182/1 420/120/1
f 416/116/1 417/117/1 485/185/1
f 424/124/1 479/179/1 423/123/1
f 415/115/1 416/116/1 487/187/1
f 422/122/1 479/179/1 480/180/1
f 418/118/1 485/185/1 417/117/1
f 416/116/1 486/186/1 487/187/1
f 438/138/1 465/165/1 437/137/1
f 500/200/1 501/201/1 402/102/1
f 404/104/1 498/198/1 499/199/1
f 497/197/1 498/198/1 405/105/1
f 499/199/1 500/200/1 402/102/1
f 405/105/1 498/198/1 404/104/1
f 499/199/1 402/102/1 403/103/1
f 501/201/1 401/101/1 402/102/1
f 401/101/1 501/201/1 502/202/1
f 496/196/1 497/197/1 405/105/1
f 385/85/1 517/217/1 518/218/1
f 519/219/1 384/84/1 518/218/1
f 385/85/1 518/218/1 384/84/1
f 516/216/1 385/85/1 386/86/1
f 514/214/1 515/215/1 388/88/1
f 503/203/1 504/204/1 398/98/1
f 520/220/1 521/221/1 382/82/1
f 516/216/1 517/217/1 385/85/1
f 399/99/1 503/203/1 398/98/1
f 397/97/1 505/205/1 396/96/1
f 505/205/1 397/97/1 398/98/1
f 504/204/1 505/205/1 398/98/1
f 401/101/1 502/202/1 400/100/1
f 399/99/1 400/100/1 502/202/1
f 507/207/1 396/96/1 506/206/1
f 505/205/1 506/206/1 396/96/1
f 404/104/1 499/199/1 403/103/1
f 502/202/1 503/203/1 399/99/1
f 389/89/1 513/213/1 388/88/1
f 387/87/1 515/215/1 516/216/1
f 387/87/1 388/88/1 515/215/1
f 381/81/1 382/82/1 521/221/1
f 514/214/1 388/88/1 513/213/1
f 383/83/1 519/219/1 382/82/1
f 512/212/1 513/213/1 390/90/1
f 516/216/1 386/86/1 387/87/1
f 513/213/1 389/89/1 390/90/1
f 511/211/1 512/212/1 390/90/1
f 382/82/1 519/219/1 520/220/1
f 519/219/1 383/83/1 384/84/1
f 521/221/1 522/222/1 381/81/1
f 488/188/1 415/115/1 487/187/1
f 429/129/1 473/173/1 428/128/1
f 473/173/1 429/129/1 472/172/1
f 452/152/1 450/150/1 451/151/1
f 452/152/1 449/149/1 450/150/1
f 428/128/1 474/174/1 475/175/1
f 428/128/1 475/175/1 427/127/1
f 473/173/1 474/174/1 428/128/1
f 477/177/1 478/178/1 425/125/1
f 425/125/1 478/178/1 424/124/1
f 427/127/1 476/176/1 426/126/1
f 427/127/1 475/175/1 476/176/1
f 426/126/1 476/176/1 477/177/1
f 477/177/1 425/125/1 426/126/1
f 488/188/1 414/114/1 415/115/1
f 448/148/1 454/154/1 447/147/1
f 447/147/1 455/155/1 446/146/1
f 455/155/1 447/147/1 454/154/1
f 446/146/1 456/156/1 445/145/1
f 456/156/1 446/146/1 455/155/1
f 445/145/1 457/157/1 458/158/1
f 457/157/1 445/145/1 456/156/1
f 445/145/1 458/158/1 444/144/1
f 461/161/1 441/141/1 442/142/1
f 441/141/1 461/161/1 462/162/1
f 440/140/1 462/162/1 439/139/1
f 462/162/1 440/140/1 441/141/1
f 444/144/1 459/159/1 443/143/1
f 458/158/1 459/159/1 444/144/1
f 443/143/1 460/160/1 442/142/1
f 460/160/1 443/143/1 459/159/1
f 442/142/1 460/160/1 461/161/1
f 449/149/1 454/154/1 448/148/1
f 488/188/1 489/189/1 414/114/1
f 507/207/1 508/208/1 395/95/1
f 507/207/1 395/95/1 396/96/1
f 394/94/1 395/95/1 508/208/1
f 406/106/1 496/196/1 405/105/1
f 406/106/1 407/107/1 495/195/1
f 496/196/1 406/106/1 495/195/1
f 508/208/1 509/209/1 394/94/1
f 510/210/1 511/211/1 391/91/1
f 391/91/1 511/211/1 390/90/1
f 391/91/1 392/92/1 510/210/1
f 509/209/1 393/93/1 394/94/1
f 393/93/1 509/209/1 392/92/1
f 392/92/1 509/209/1 510/210/1
f 380/80/1 522/222/1 379/79/1
f 381/81/1 522/222/1 380/80/1
f 412/112/1 413/113/1 490/190/1
f 412/112/1 490/190/1 411/111/1
f 411/111/1 490/190/1 491/191/1
f 411/111/1 492/192/1 410/110/1
f 411/111/1 491/191/1 492/192/1
f 410/110/1 493/193/1 409/109/1
f 493/193/1 410/110/1 492/192/1
f 409/109/1 493/193/1 494/194/1
f 413/113/1 489/189/1 490/190/1
f 494/194/1 408/108/1 409/109/1
f 408/108/1 494/194/1 407/107/1
f 494/194/1 495/195/1 407/107/1
f 379/79/1 523/223/1 378/78/1
f 378/78/1 524/224/1 377/77/1
f 524/224/1 378/78/1 523/223/1
f 377/77/1 525/225/1 526/226/1
f 525/225/1 377/77/1 524/224/1
f 523/223/1 379/79/1 522/222/1
f 489/189/1 413/113/1 414/114/1
f 526/226/1 376/76/1 377/77/1
f 533/233/1 370/70/1 532/232/1
f 534/234/1 535/235/1 368/68/1
f 535/235/1 536/236/1 367/67/1
f 531/231/1 371/71/1 530/230/1
f 531/231/1 532/232/1 371/71/1
f 533/233/1 534/234/1 368/68/1
f 371/71/1 532/232/1 370/70/1
f 533/233/1 368/68/1 369/69/1
f 535/235/1 367/67/1 368/68/1
f 351/51/1 551/251/1 552/252/1
f 538/238/1 364/64/1 365/65/1
f 348/48/1 554/254/1 555/255/1
f 353/53/1 548/248/1 549/249/1
f 347/47/1 555/255/1 556/256/1
f 538/238/1 365/65/1 537/237/1
f 536/236/1 537/237/1 365/65/1
f 365/65/1 366/66/1 536/236/1
f 363/63/1 364/64/1 539/239/1
f 363/63/1 539/239/1 362/62/1
f 362/62/1 539/239/1 540/240/1
f 366/66/1 367/67/1 536/236/1
f 540/240/1 361/61/1 362/62/1
f 356/56/1 546/246/1 547/247/1
f 546/246/1 356/56/1 357/57/1
f 364/64/1 538/238/1 539/239/1
f 354/54/1 548/248/1 353/53/1
f 352/52/1 550/250/1 351/51/1
f 350/50/1 351/51/1 552/252/1
f 348/48/1 555/255/1 347/47/1
f 550/250/1 353/53/1 549/249/1
f 354/54/1 547/247/1 548/248/1
f 554/254/1 348/48/1 553/253/1
f 547/247/1 355/55/1 356/56/1
f 547/247/1 354/54/1 355/55/1
f 349/49/1 553/253/1 348/48/1
f 353/53/1 550/250/1 352/52/1
f 553/253/1 350/50/1 552/252/1
f 550/250/1 551/251/1 351/51/1
f 350/50/1 553/253/1 349/49/1
f 369/69/1 370/70/1 533/233/1
f 336/36/1 566/266/1 567/267/1
f 331/31/1 571/271/1 572/272/1
f 337/37/1 566/266/1 336/36/1
f 331/31/1 572/272/1 330/30/1
f 568/268/1 569/269/1 333/33/1
f 571/271/1 331/31/1 570/270/1
f 330/30/1 572/272/1 573/273/1
f 566/266/1 337/37/1 565/265/1
f 319/19/1 582/282/1 583/283/1
f 589/289/1 314/14/1 588/288/1
f 320/20/1 582/282/1 319/19/1
f 317/17/1 585/285/1 586/286/1
f 313/13/1 589/289/1 590/290/1
f 319/19/1 583/283/1 584/284/1
f 599/299/1 600/300/1 303/3/1
f 581/281/1 582/282/1 320/20/1
f 334/34/1 568/268/1 333/33/1
f 329/29/1 573/273/1 328/28/1
f 332/32/1 570/270/1 331/31/1
f 573/273/1 329/29/1 330/30/1
f 333/33/1 569/269/1 570/270/1
f 332/32/1 333/33/1 570/270/1
f 335/35/1 567/267/1 334/34/1
f 574/274/1 327/27/1 328/28/1
f 574/274/1 328/28/1 573/273/1
f 334/34/1 567/267/1 568/268/1
f 584/284/1 317/17/1 318/18/1
f 317/17/1 586/286/1 316/16/1
f 315/15/1 587/287/1 314/14/1
f 313/13/1 314/14/1 589/289/1
f 587/287/1 316/16/1 586/286/1
f 585/285/1 317/17/1 584/284/1
f 322/22/1 581/281/1 321/21/1
f 581/281/1 322/22/1 580/280/1
f 321/21/1 581/281/1 320/20/1
f 319/19/1 584/284/1 318/18/1
f 587/287/1 315/15/1 316/16/1
f 303/3/1 598/298/1 599/299/1
f 588/288/1 314/14/1 587/287/1
f 336/36/1 567/267/1 335/35/1
f 564/264/1 565/265/1 337/37/1
f 580/280/1 322/22/1 323/23/1
f 361/61/1 541/241/1 360/60/1
f 541/241/1 361/61/1 540/240/1
f 529/229/1 530/230/1 372/72/1
f 530/230/1 371/71/1 372/72/1
f 360/60/1 542/242/1 359/59/1
f 372/72/1 373/73/1 529/229/1
f 542/242/1 360/60/1 541/241/1
f 545/245/1 357/57/1 358/58/1
f 545/245/1 546/246/1 357/57/1
f 543/243/1 359/59/1 542/242/1
f 359/59/1 543/243/1 544/244/1
f 545/245/1 358/58/1 544/244/1
f 544/244/1 358/58/1 359/59/1
f 556/256/1 346/46/1 347/47/1
f 374/74/1 528/228/1 373/73/1
f 346/46/1 556/256/1 557/257/1
f 557/257/1 345/45/1 346/46/1
f 376/76/1 527/227/1 375/75/1
f 526/226/1 527/227/1 376/76/1
f 374/74/1 375/75/1 527/227/1
f 527/227/1 528/228/1 374/74/1
f 557/257/1 558/258/1 345/45/1
f 528/228/1 529/229/1 373/73/1
f 559/259/1 344/44/1 558/258/1
f 558/258/1 344/44/1 345/45/1
f 341/41/1 561/261/1 562/262/1
f 340/40/1 562/262/1 339/39/1
f 341/41/1 562/262/1 340/40/1
f 343/43/1 559/259/1 560/260/1
f 559/259/1 343/43/1 344/44/1
f 561/261/1 342/42/1 560/260/1
f 560/260/1 342/42/1 343/43/1
f 341/41/1 342/42/1 561/261/1
f 327/27/1 575/275/1 326/26/1
f 575/275/1 327/27/1 574/274/1
f 326/26/1 576/276/1 577/277/1
f 576/276/1 326/26/1 575/275/1
f 577/277/1 578/278/1 325/25/1
f 325/25/1 578/278/1 324/24/1
f 577/277/1 325/25/1 326/26/1
f 324/24/1 579/279/1 323/23/1
f 579/279/1 324/24/1 578/278/1
f 323/23/1 579/279/1 580/280/1
f 304/4/1 598/298/1 303/3/1
f 302/2/1 600/300/1 301/1/1
f 313/13/1 590/290/1 312/12/1
f 597/297/1 598/298/1 304/4/1
f 303/3/1 600/300/1 302/2/1
f 564/264/1 338/38/1 563/263/1
f 337/37/1 338/38/1 564/264/1
f 311/11/1 312/12/1 591/291/1
f 563/263/1 339/39/1 562/262/1
f 563/263/1 338/38/1 339/39/1
f 311/11/1 592/292/1 310/10/1
f 592/292/1 311/11/1 591/291/1
f 310/10/1 592/292/1 309/9/1
f 312/12/1 590/290/1 591/291/1
f 307/7/1 595/295/1 596/296/1
f 596/296/1 305/5/1 306/6/1
f 305/5/1 596/296/1 597/297/1
f 305/5/1 597/297/1 304/4/1
f 307/7/1 596/296/1 306/6/1
f 309/9/1 593/293/1 594/294/1
f 593/293/1 309/9/1 592/292/1
f 595/295/1 308/8/1 594/294/1
f 594/294/1 308/8/1 309/9/1
f 307/7/1 308/8/1 595/295/1
f 163/463/2 139/439/2 164/464/2
f 149/449/2 154/454/2 153/453/2
f 136/436/2 166/466/2 165/465/2
f 139/439/2 138/438/2 164/464/2
f 135/435/2 167/467/2 136/436/2
f 137/437/2 136/436/2 165/465/2
f 165/465/2 164/464/2 138/438/2
f 166/466/2 136/436/2 167/467/2
f 168/468/2 167/467/2 135/435/2
f 170/470/2 133/433/2 132/432/2
f 170/470/2 169/469/2 133/433/2
f 121/421/2 181/481/2 180/480/2
f 183/483/2 119/419/2 184/484/2
f 168/468/2 133/433/2 169/469/2
f 162/462/2 139/439/2 163/463/2
f 171/471/2 131/431/2 130/430/2
f 131/431/2 171/471/2 132/432/2
f 133/433/2 168/468/2 134/434/2
f 134/434/2 168/468/2 135/435/2
f 130/430/2 129/429/2 172/472/2
f 172/472/2 171/471/2 130/430/2
f 170/470/2 132/432/2 171/471/2
f 153/453/2 152/452/2 149/449/2
f 122/422/2 121/421/2 180/480/2
f 119/419/2 182/482/2 120/420/2
f 119/419/2 118/418/2 184/484/2
f 186/486/2 185/485/2 116/416/2
f 185/485/2 184/484/2 118/418/2
f 119/419/2 183/483/2 182/482/2
f 182/482/2 181/481/2 121/421/2
f 179/479/2 178/478/2 124/424/2
f 122/422/2 179/479/2 123/423/2
f 182/482/2 121/421/2 120/420/2
f 117/417/2 116/416/2 185/485/2
f 179/479/2 124/424/2 123/423/2
f 116/416/2 115/415/2 187/487/2
f 179/479/2 122/422/2 180/480/2
f 185/485/2 118/418/2 117/417/2
f 186/486/2 116/416/2 187/487/2
f 165/465/2 138/438/2 137/437/2
f 201/501/2 200/500/2 102/402/2
f 198/498/2 104/404/2 199/499/2
f 198/498/2 197/497/2 105/405/2
f 200/500/2 199/499/2 102/402/2
f 198/498/2 105/405/2 104/404/2
f 102/402/2 199/499/2 103/403/2
f 101/401/2 201/501/2 102/402/2
f 201/501/2 101/401/2 202/502/2
f 197/497/2 196/496/2 105/405/2
f 217/517/2 85/385/2 218/518/2
f 84/384/2 219/519/2 218/518/2
f 218/518/2 85/385/2 84/384/2
f 85/385/2 216/516/2 86/386/2
f 215/515/2 214/514/2 88/388/2
f 204/504/2 203/503/2 98/398/2
f 221/521/2 220/520/2 82/382/2
f 217/517/2 216/516/2 85/385/2
f 203/503/2 99/399/2 98/398/2
f 205/505/2 97/397/2 96/396/2
f 97/397/2 205/505/2 98/398/2
f 205/505/2 204/504/2 98/398/2
f 202/502/2 101/401/2 100/400/2
f 100/400/2 99/399/2 202/502/2
f 96/396/2 207/507/2 206/506/2
f 206/506/2 205/505/2 96/396/2
f 199/499/2 104/404/2 103/403/2
f 203/503/2 202/502/2 99/399/2
f 213/513/2 89/389/2 88/388/2
f 215/515/2 87/387/2 216/516/2
f 88/388/2 87/387/2 215/515/2
f 82/382/2 81/381/2 221/521/2
f 88/388/2 214/514/2 213/513/2
f 219/519/2 83/383/2 82/382/2
f 213/513/2 212/512/2 90/390/2
f 86/386/2 216/516/2 87/387/2
f 89/389/2 213/513/2 90/390/2
f 212/512/2 211/511/2 90/390/2
f 219/519/2 82/382/2 220/520/2
f 83/383/2 219/519/2 84/384/2
f 222/522/2 221/521/2 81/381/2
f 115/415/2 188/488/2 187/487/2
f 173/473/2 129/429/2 128/428/2
f 129/429/2 173/473/2 172/472/2
f 150/450/2 152/452/2 151/451/2
f 149/449/2 152/452/2 150/450/2
f 174/474/2 128/428/2 175/475/2
f 175/475/2 128/428/2 127/427/2
f 174/474/2 173/473/2 128/428/2
f 178/478/2 177/477/2 125/425/2
f 178/478/2 125/425/2 124/424/2
f 176/476/2 127/427/2 126/426/2
f 175/475/2 127/427/2 176/476/2
f 176/476/2 126/426/2 177/477/2
f 125/425/2 177/477/2 126/426/2
f 114/414/2 188/488/2 115/415/2
f 154/454/2 148/448/2 147/447/2
f 155/455/2 147/447/2 146/446/2
f 147/447/2 155/455/2 154/454/2
f 156/456/2 146/446/2 145/445/2
f 146/446/2 156/456/2 155/455/2
f 157/457/2 145/445/2 158/458/2
f 145/445/2 157/457/2 156/456/2
f 158/458/2 145/445/2 144/444/2
f 141/441/2 161/461/2 142/442/2
f 161/461/2 141/441/2 162/462/2
f 162/462/2 140/440/2 139/439/2
f 140/440/2 162/462/2 141/441/2
f 159/459/2 144/444/2 143/443/2
f 159/459/2 158/458/2 144/444/2
f 160/460/2 143/443/2 142/442/2
f 143/443/2 160/460/2 159/459/2
f 160/460/2 142/442/2 161/461/2
f 154/454/2 149/449/2 148/448/2
f 189/489/2 188/488/2 114/414/2
f 208/508/2 207/507/2 95/395/2
f 95/395/2 207/507/2 96/396/2
f 95/395/2 94/394/2 208/508/2
f 196/496/2 106/406/2 105/405/2
f 107/407/2 106/406/2 195/495/2
f 106/406/2 196/496/2 195/495/2
f 209/509/2 208/508/2 94/394/2
f 211/511/2 210/510/2 91/391/2
f 211/511/2 91/391/2 90/390/2
f 92/392/2 91/391/2 210/510/2
f 93/393/2 209/509/2 94/394/2
f 209/509/2 93/393/2 92/392/2
f 209/509/2 92/392/2 210/510/2
f 222/522/2 80/380/2 79/379/2
f 222/522/2 81/381/2 80/380/2
f 113/413/2 112/412/2 190/490/2
f 190/490/2 112/412/2 111/411/2
f 190/490/2 111/411/2 191/491/2
f 192/492/2 111/411/2 110/410/2
f 191/491/2 111/411/2 192/492/2
f 193/493/2 110/410/2 109/409/2
f 110/410/2 193/493/2 192/492/2
f 193/493/2 109/409/2 194/494/2
f 189/489/2 113/413/2 190/490/2
f 108/408/2 194/494/2 109/409/2
f 194/494/2 108/408/2 107/407/2
f 195/495/2 194/494/2 107/407/2
f 223/523/2 79/379/2 78/378/2
f 224/524/2 78/378/2 77/377/2
f 78/378/2 224/524/2 223/523/2
f 225/525/2 77/377/2 226/526/2
f 77/377/2 225/525/2 224/524/2
f 79/379/2 223/523/2 222/522/2
f 113/413/2 189/489/2 114/414/2
f 76/376/2 226/526/2 77/377/2
f 70/370/2 233/533/2 232/532/2
f 235/535/2 234/534/2 68/368/2
f 236/536/2 235/535/2 67/367/2
f 71/371/2 231/531/2 230/530/2
f 232/532/2 231/531/2 71/371/2
f 234/534/2 233/533/2 68/368/2
f 232/532/2 71/371/2 70/370/2
f 68/368/2 233/533/2 69/369/2
f 67/367/2 235/535/2 68/368/2
f 251/551/2 51/351/2 252/552/2
f 64/364/2 238/538/2 65/365/2
f 254/554/2 48/348/2 255/555/2
f 248/548/2 53/353/2 249/549/2
f 255/555/2 47/347/2 256/556/2
f 65/365/2 238/538/2 237/537/2
f 237/537/2 236/536/2 65/365/2
f 66/366/2 65/365/2 236/536/2
f 64/364/2 63/363/2 239/539/2
f 239/539/2 63/363/2 62/362/2
f 239/539/2 62/362/2 240/540/2
f 67/367/2 66/366/2 236/536/2
f 61/361/2 240/540/2 62/362/2
f 246/546/2 56/356/2 247/547/2
f 56/356/2 246/546/2 57/357/2
f 238/538/2 64/364/2 239/539/2
f 248/548/2 54/354/2 53/353/2
f 250/550/2 52/352/2 51/351/2
f 51/351/2 50/350/2 252/552/2
f 255/555/2 48/348/2 47/347/2
f 53/353/2 250/550/2 249/549/2
f 247/547/2 54/354/2 248/548/2
f 48/348/2 254/554/2 253/553/2
f 55/355/2 247/547/2 56/356/2
f 54/354/2 247/547/2 55/355/2
f 253/553/2 49/349/2 48/348/2
f 250/550/2 53/353/2 52/352/2
f 50/350/2 253/553/2 252/552/2
f 251/551/2 250/550/2 51/351/2
f 253/553/2 50/350/2 49/349/2
f 70/370/2 69/369/2 233/533/2
f 266/566/2 36/336/2 267/567/2
f 271/571/2 31/331/2 272/572/2
f 266/566/2 37/337/2 36/336/2
f 272/572/2 31/331/2 30/330/2
f 269/569/2 268/568/2 33/333/2
f 31/331/2 271/571/2 270/570/2
f 272/572/2 30/330/2 273/573/2
f 37/337/2 266/566/2 265/565/2
f 282/582/2 19/319/2 283/583/2
f 14/314/2 289/589/2 288/588/2
f 282/582/2 20/320/2 19/319/2
f 285/585/2 17/317/2 286/586/2
f 289/589/2 13/313/2 290/590/2
f 283/583/2 19/319/2 284/584/2
f 300/600/2 299/599/2 3/303/2
f 282/582/2 281/581/2 20/320/2
f 268/568/2 34/334/2 33/333/2
f 273/573/2 29/329/2 28/328/2
f 270/570/2 32/332/2 31/331/2
f 29/329/2 273/573/2 30/330/2
f 269/569/2 33/333/2 270/570/2
f 33/333/2 32/332/2 270/570/2
f 267/567/2 35/335/2 34/334/2
f 27/327/2 274/574/2 28/328/2
f 28/328/2 274/574/2 273/573/2
f 267/567/2 34/334/2 268/568/2
f 17/317/2 284/584/2 18/318/2
f 286/586/2 17/317/2 16/316/2
f 287/587/2 15/315/2 14/314/2
f 14/314/2 13/313/2 289/589/2
f 16/316/2 287/587/2 286/586/2
f 17/317/2 285/585/2 284/584/2
f 281/581/2 22/322/2 21/321/2
f 22/322/2 281/581/2 280/580/2
f 281/581/2 21/321/2 20/320/2
f 284/584/2 19/319/2 18/318/2
f 15/315/2 287/587/2 16/316/2
f 298/598/2 3/303/2 299/599/2
f 14/314/2 288/588/2 287/587/2
f 267/567/2 36/336/2 35/335/2
f 265/565/2 264/564/2 37/337/2
f 22/322/2 280/580/2 23/323/2
f 241/541/2 61/361/2 60/360/2
f 61/361/2 241/541/2 240/540/2
f 230/530/2 229/529/2 72/372/2
f 71/371/2 230/530/2 72/372/2
f 242/542/2 60/360/2 59/359/2
f 73/373/2 72/372/2 229/529/2
f 60/360/2 242/542/2 241/541/2
f 57/357/2 245/545/2 58/358/2
f 246/546/2 245/545/2 57/357/2
f 59/359/2 243/543/2 242/542/2
f 243/543/2 59/359/2 244/544/2
f 58/358/2 245/545/2 244/544/2
f 58/358/2 244/544/2 59/359/2
f 46/346/2 256/556/2 47/347/2
f 228/528/2 74/374/2 73/373/2
f 256/556/2 46/346/2 257/557/2
f 45/345/2 257/557/2 46/346/2
f 227/527/2 76/376/2 75/375/2
f 227/527/2 226/526/2 76/376/2
f 75/375/2 74/374/2 227/527/2
f 228/528/2 227/527/2 74/374/2
f 258/558/2 257/557/2 45/345/2
f 229/529/2 228/528/2 73/373/2
f 44/344/2 259/559/2 258/558/2
f 44/344/2 258/558/2 45/345/2
f 261/561/2 41/341/2 262/562/2
f 262/562/2 40/340/2 39/339/2
f 262/562/2 41/341/2 40/340/2
f 259/559/2 43/343/2 260/560/2
f 43/343/2 259/559/2 44/344/2
f 42/342/2 261/561/2 260/560/2
f 42/342/2 260/560/2 43/343/2
f 42/342/2 41/341/2 261/561/2
f 275/575/2 27/327/2 26/326/2
f 27/327/2 275/575/2 274/574/2
f 276/576/2 26/326/2 277/577/2
f 26/326/2 276/576/2 275/575/2
f 278/578/2 277/577/2 25/325/2
f 278/578/2 25/325/2 24/324/2
f 25/325/2 277/577/2 26/326/2
f 279/579/2 24/324/2 23/323/2
f 24/324/2 279/579/2 278/578/2
f 279/579/2 23/323/2 280/580/2
f 298/598/2 4/304/2 3/303/2
f 300/600/2 2/302/2 1/301/2
f 290/590/2 13/313/2 12/312/2
f 298/598/2 297/597/2 4/304/2
f 300/600/2 3/303/2 2/302/2
f 38/338/2 264/564/2 263/563/2
f 38/338/2 37/337/2 264/564/2
f 12/312/2 11/311/2 291/591/2
f 39/339/2 263/563/2 262/562/2
f 38/338/2 263/563/2 39/339/2
f 292/592/2 11/311/2 10/310/2
f 11/311/2 292/592/2 291/591/2
f 292/592/2 10/310/2 9/309/2
f 290/590/2 12/312/2 291/591/2
f 295/595/2 7/307/2 296/596/2
f 5/305/2 296/596/2 6/306/2
f 296/596/2 5/305/2 297/597/2
f 297/597/2 5/305/2 4/304/2
f 296/596/2 7/307/2 6/306/2
f 293/593/2 9/309/2 294/594/2
f 9/309/2 293/593/2 292/592/2
f 8/308/2 295/595/2 294/594/2
f 8/308/2 294/594/2 9/309/2
f 8/308/2 7/307/2 295/595/2
f 601/1477/3 1/601/4 2/602/5
f 601/1477/3 2/602/5 302/1040/6
f 601/1477/3 302/1040/6 301/1039/7
f 601/1477/3 301/1039/7 1/601/4
f 602/1478/8 2/603/9 3/604/10
f 602/1478/8 3/604/10 303/1042/11
f 602/1478/8 303/1042/11 302/1041/12
f 602/1478/8 302/1041/12 2/603/9
f 603/1479/13 3/605/14 4/606/15
f 603/1479/13 4/606/15 304/1044/16
f 603/1479/13 304/1044/16 303/1043/17
f 603/1479/13 303/1043/17 3/605/14
f 604/1480/18 4/606/15 5/607/19
f 604/1480/18 5/607/19 305/1045/20
f 604/1480/18 305/1045/20 304/1044/16
f 604/1480/18 304/1044/16 4/606/15
f 605/1481/21 5/607/19 6/608/22
f 605/1481/21 6/608/22 306/1046/23
f 605/1481/21 306/1046/23 305/1045/20
f 605/1481/21 305/1045/20 5/607/19
f 606/1482/24 6/608/22 7/609/25
f 606/1482/24 7/609/25 307/1047/26
f 606/1482/24 307/1047/26 306/1046/23
f 606/1482/24 306/1046/23 6/608/22
f 607/1483/27 7/609/25 8/610/28
f 607/1483/27 8/610/28 308/1048/29
f 607/1483/27 308/1048/29 307/1047/26
f 607/1483/27 307/1047/26 7/609/25
f 608/1484/30 8/610/28 9/611/31
f 608/1484/30 9/611/31 309/1049/32
f 608/1484/30 309/1049/32 308/1048/29
f 608/1484/30 308/1048/29 8/610/28
f 609/1485/33 9/611/31 10/612/34
f 609/1485/33 10/612/34 310/1050/35
f 609/1485/33 310/1050/35 309/1049/32
f 609/1485/33 309/1049/32 9/611/31
f 610/1486/36 10/612/34 11/613/37
f 610/1486/36 11/613/37 311/1051/38
f 610/1486/36 311/1051/38 310/1050/35
f 610/1486/36 310/1050/35 10/612/34
f 611/1487/39 11/613/37 12/614/40
f 611/1487/39 12/614/40 312/1052/41
f 611/1487/39 312/1052/41 311/1051/38
f 611/1487/39 311/1051/38 11/613/37
f 612/1488/42 12/614/40 13/615/43
f 612/1488/42 13/615/43 313/1053/44
f 612/1488/42 313/1053/44 312/1052/41
f 612/1488/42 312/1052/41 12/614/40
f 613/1489/45 13/616/46 14/617/47
f 613/1489/45 14/617/47 314/1055/48
f 613/1489/45 314/1055/48 313/1054/49
f 613/1489/45 313/1054/49 13/616/46
f 614/1490/50 14/618/51 15/619/52
f 614/1490/50 15/619/52 315/1057/53
f 614/1490/50 315/1057/53 314/1056/54
f 614/1490/50 314/1056/54 14/618/51
f 615/1491/55 15/620/56 16/621/57
f 615/1491/55 16/621/57 316/1059/58
f 615/1491/55 316/1059/58 315/1058/59
f 615/1491/55 315/1058/59 15/620/56
f 616/1492/60 16/622/61 17/623/62
f 616/1492/60 17/623/62 317/1061/63
f 616/1492/60 317/1061/63 316/1060/64
f 616/1492/60 316/1060/64 16/622/61
f 617/1493/65 17/624/66 18/625/67
f 617/1493/65 18/625/67 318/1063/68
f 617/1493/65 318/1063/68 317/1062/69
f 617/1493/65 317/1062/69 17/624/66
f 618/1494/70 18/626/71 19/627/72
f 618/1494/70 19/627/72 319/1065/73
f 618/1494/70 319/1065/73 318/1064/74
f 618/1494/70 318/1064/74 18/626/71
f 619/1495/75 19/628/76 20/629/77
f 619/1495/75 20/629/77 320/1067/78
f 619/1495/75 320/1067/78 319/1066/79
f 619/1495/75 319/1066/79 19/628/76
f 620/1496/80 20/630/81 21/631/82
f 620/1496/80 21/631/82 321/1069/83
f 620/1496/80 321/1069/83 320/1068/84
f 620/1496/80 320/1068/84 20/630/81
f 621/1497/85 21/631/82 22/632/86
f 621/1497/85 22/632/86 322/1070/87
f 621/1497/85 322/1070/87 321/1069/83
f 621/1497/85 321/1069/83 21/631/82
f 622/1498/88 22/632/86 23/633/89
f 622/1498/88 23/633/89 323/1071/90
f 622/1498/88 323/1071/90 322/1070/87
f 622/1498/88 322/1070/87 22/632/86
f 623/1499/91 23/633/89 24/634/92
f 623/1499/91 24/634/92 324/1072/93
f 623/1499/91 324/1072/93 323/1071/90
f 623/1499/91 323/1071/90 23/633/89
f 624/1500/94 24/634/92 25/635/95
f 624/1500/94 25/635/95 325/1073/96
f 624/1500/94 325/1073/96 324/1072/93
f 624/1500/94 324/1072/93 24/634/92
f 625/1501/97 25/635/95 26/636/98
f 625/1501/97 26/636/98 326/1074/99
f 625/1501/97 326/1074/99 325/1073/96
f 625/1501/97 325/1073/96 25/635/95
f 626/1502/100 26/636/98 27/637/101
f 626/1502/100 27/637/101 327/1075/102
f 626/1502/100 327/1075/102 326/1074/99
f 626/1502/100 326/1074/99 26/636/98
f 627/1503/103 27/637/101 28/638/104
f 627/1503/103 28/638/104 328/1076/105
f 627/1503/103 328/1076/105 327/1075/102
f 627/1503/103 327/1075/102 27/637/101
f 628/1504/106 28/638/104 29/639/107
f 628/1504/106 29/639/107 329/1077/108
f 628/1504/106 329/1077/108 328/1076/105
f 628/1504/106 328/1076/105 28/638/104
f 629/1505/109 29/639/107 30/640/110
f 629/1505/109 30/640/110 330/1078/111
f 629/1505/109 330/1078/111 329/1077/108
f 629/1505/109 329/1077/108 29/639/107
f 630/1506/112 30/641/113 31/642/114
f 630/1506/112 31/642/114 331/1080/115
f 630/1506/112 331/1080/115 330/1079/116
f 630/1506/112 330/1079/116 30/641/113
f 631/1507/117 31/643/118 32/644/119
f 631/1507/117 32/644/119 332/1082/120
f 631/1507/117 332/1082/120 331/1081/121
f 631/1507/117 331/1081/121 31/643/118
f 632/1508/122 32/645/123 33/646/124
f 632/1508/122 33/646/124 333/1084/125
f 632/1508/122 333/1084/125 332/1083/126
f 632/1508/122 332/1083/126 32/645/123
f 633/1509/127 33/647/128 34/648/129
f 633/1509/127 34/648/129 334/1086/130
f 633/1509/127 334/1086/130 333/1085/131
f 633/1509/127 333/1085/131 33/647/128
f 634/1510/132 34/649/133 35/650/134
f 634/1510/132 35/650/134 335/1088/135
f 634/1510/132 335/1088/135 334/1087/136
f 634/1510/132 334/1087/136 34/649/133
f 635/1511/137 35/651/138 36/652/139
f 635/1511/137 36/652/139 336/1090/140
f 635/1511/137 336/1090/140 335/1089/141
f 635/1511/137 335/1089/141 35/651/138
f 636/1512/142 36/653/143 37/654/144
f 636/1512/142 37/654/144 337/1092/145
f 636/1512/142 337/1092/145 336/1091/146
f 636/1512/142 336/1091/146 36/653/143
f 637/1513/147 37/655/148 38/656/149
f 637/1513/147 38/656/149 338/1094/150
f 637/1513/147 338/1094/150 337/1093/151
f 637/1513/147 337/1093/151 37/655/148
f 638/1514/152 38/656/149 39/657/153
f 638/1514/152 39/657/153 339/1095/154
f 638/1514/152 339/1095/154 338/1094/150
f 638/1514/152 338/1094/150 38/656/149
f 639/1515/155 39/657/153 40/658/156
f 639/1515/155 40/658/156 340/1096/157
f 639/1515/155 340/1096/157 339/1095/154
f 639/1515/155 339/1095/154 39/657/153
f 640/1516/158 40/658/156 41/659/159
f 640/1516/158 41/659/159 341/1097/160
f 640/1516/158 341/1097/160 340/1096/157
f 640/1516/158 340/1096/157 40/658/156
f 641/1517/161 41/659/159 42/660/162
f 641/1517/161 42/660/162 342/1098/163
f 641/1517/161 342/1098/163 341/1097/160
f 641/1517/161 341/1097/160 41/659/159
f 642/1518/164 42/660/162 43/661/165
f 642/1518/164 43/661/165 343/1099/166
f 642/1518/164 343/1099/166 342/1098/163
f 642/1518/164 342/1098/163 42/660/162
f 643/1519/167 43/661/165 44/662/168
f 643/1519/167 44/662/168 344/1100/169
f 643/1519/167 344/1100/169 343/1099/166
f 643/1519/167 343/1099/166 43/661/165
f 644/1520/170 44/662/168 45/663/171
f 644/1520/170 45/663/171 345/1101/172
f 644/1520/170 345/1101/172 344/1100/169
f 644/1520/170 344/1100/169 44/662/168
f 645/1521/173 45/663/171 46/664/174
f 645/1521/173 46/664/174 346/1102/175
f 645/1521/173 346/1102/175 345/1101/172
f 645/1521/173 345/1101/172 45/663/171
f 646/1522/176 46/664/174 47/665/177
f 646/1522/176 47/665/177 347/1103/178
f 646/1522/176 347/1103/178 346/1102/175
f 646/1522/176 346/1102/175 46/664/174
f 647/1523/179 47/666/180 48/667/181
f 647/1523/179 48/667/181 348/1105/182
f 647/1523/179 348/1105/182 347/1104/183
f 647/1523/179 347/1104/183 47/666/180
f 648/1524/184 48/668/185 49/669/186
f 648/1524/184 49/669/186 349/1107/187
f 648/1524/184 349/1107/187 348/1106/188
f 648/1524/184 348/1106/188 48/668/185
f 649/1525/189 49/670/190 50/671/191
f 649/1525/189 50/671/191 350/1109/192
f 649/1525/189 350/1109/192 349/1108/193
f 649/1525/189 349/1108/193 49/670/190
f 650/1526/194 50/672/195 51/673/196
f 650/1526/194 51/673/196 351/1111/197
f 650/1526/194 351/1111/197 350/1110/198
f 650/1526/194 350/1110/198 50/672/195
f 651/1527/199 51/674/200 52/675/201
f 651/1527/199 52/675/201 352/1113/202
f 651/1527/199 352/1113/202 351/1112/203
f 651/1527/199 351/1112/203 51/674/200
f 652/1528/204 52/676/205 53/677/206
f 652/1528/204 53/677/206 353/1115/207
f 652/1528/204 353/1115/207 352/1114/208
f 652/1528/204 352/1114/208 52/676/205
f 653/1529/209 53/678/210 54/679/211
f 653/1529/209 54/679/211 354/1117/212
f 653/1529/209 354/1117/212 353/1116/213
f 653/1529/209 353/1116/213 53/678/210
f 654/1530/214 54/680/215 55/681/216
f 654/1530/214 55/681/216 355/1119/217
f 654/1530/214 355/1119/217 354/1118/218
f 654/1530/214 354/1118/218 54/680/215
f 655/1531/219 55/681/216 56/682/220
f 655/1531/219 56/682/220 356/1120/221
f 655/1531/219 356/1120/221 355/1119/217
f 655/1531/219 355/1119/217 55/681/216
f 656/1532/222 56/682/220 57/683/223
f 656/1532/222 57/683/223 357/1121/224
f 656/1532/222 357/1121/224 356/1120/221
f 656/1532/222 356/1120/221 56/682/220
f 657/1533/225 57/683/223 58/684/226
f 657/1533/225 58/684/226 358/1122/227
f 657/1533/225 358/1122/227 357/1121/224
f 657/1533/225 357/1121/224 57/683/223
f 658/1534/228 58/684/226 59/685/229
f 658/1534/228 59/685/229 359/1123/230
f 658/1534/228 359/1123/230 358/1122/227
f 658/1534/228 358/1122/227 58/684/226
f 659/1535/231 59/685/229 60/686/232
f 659/1535/231 60/686/232 360/1124/233
f 659/1535/231 360/1124/233 359/1123/230
f 659/1535/231 359/1123/230 59/685/229
f 660/1536/234 60/686/232 61/687/235
f 660/1536/234 61/687/235 361/1125/236
f 660/1536/234 361/1125/236 360/1124/233
f 660/1536/234 360/1124/233 60/686/232
f 661/1537/237 61/687/235 62/688/238
f 661/1537/237 62/688/238 362/1126/239
f 661/1537/237 362/1126/239 361/1125/236
f 661/1537/237 361/1125/236 61/687/235
f 662/1538/240 62/688/238 63/689/241
f 662/1538/240 63/689/241 363/1127/242
f 662/1538/240 363/1127/242 362/1126/239
f 662/1538/240 362/1126/239 62/688/238
f 663/1539/243 63/689/241 64/690/244
f 663/1539/243 64/690/244 364/1128/245
f 663/1539/243 364/1128/245 363/1127/242
f 663/1539/243 363/1127/242 63/689/241
f 664/1540/246 64/691/247 65/692/248
f 664/1540/246 65/692/248 365/1130/249
f 664/1540/246 365/1130/249 364/1129/250
f 664/1540/246 364/1129/250 64/691/247
f 665/1541/251 65/693/252 66/694/253
f 665/1541/251 66/694/253 366/1132/254
f 665/1541/251 366/1132/254 365/1131/255
f 665/1541/251 365/1131/255 65/693/252
f 666/1542/256 66/695/257 67/696/258
f 666/1542/256 67/696/258 367/1134/259
f 666/1542/256 367/1134/259 366/1133/260
f 666/1542/256 366/1133/260 66/695/257
f 667/1543/261 67/697/262 68/698/263
f 667/1543/261 68/698/263 368/1136/264
f 667/1543/261 368/1136/264 367/1135/265
f 667/1543/261 367/1135/265 67/697/262
f 668/1544/266 68/699/267 69/700/268
f 668/1544/266 69/700/268 369/1138/269
f 668/1544/266 369/1138/269 368/1137/270
f 668/1544/266 368/1137/270 68/699/267
f 669/1545/271 69/701/272 70/702/273
f 669/1545/271 70/702/273 370/1140/274
f 669/1545/271 370/1140/274 369/1139/275
f 669/1545/271 369/1139/275 69/701/272
f 670/1546/276 70/703/277 71/704/278
f 670/1546/276 71/704/278 371/1142/279
f 670/1546/276 371/1142/279 370/1141/280
f 670/1546/276 370/1141/280 70/703/277
f 671/1547/281 71/705/282 72/706/283
f 671/1547/281 72/706/283 372/1144/284
f 671/1547/281 372/1144/284 371/1143/285
f 671/1547/281 371/1143/285 71/705/282
f 672/1548/286 72/706/283 73/707/287
f 672/1548/286 73/707/287 373/1145/288
f 672/1548/286 373/1145/288 372/1144/284
f 672/1548/286 372/1144/284 72/706/283
f 673/1549/289 73/707/287 74/708/290
f 673/1549/289 74/708/290 374/1146/291
f 673/1549/289 374/1146/291 373/1145/288
f 673/1549/289 373/1145/288 73/707/287
f 674/1550/292 74/708/290 75/709/293
f 674/1550/292 75/709/293 375/1147/294
f 674/1550/292 375/1147/294 374/1146/291
f 674/1550/292 374/1146/291 74/708/290
f 675/1551/295 75/709/293 76/710/296
f 675/1551/295 76/710/296 376/1148/297
f 675/1551/295 376/1148/297 375/1147/294
f 675/1551/295 375/1147/294 75/709/293
f 676/1552/298 76/710/296 77/711/299
f 676/1552/298 77/711/299 377/1149/300
f 676/1552/298 377/1149/300 376/1148/297
f 676/1552/298 376/1148/297 76/710/296
f 677/1553/301 77/711/299 78/712/302
f 677/1553/301 78/712/302 378/1150/303
f 677/1553/301 378/1150/303 377/1149/300
f 677/1553/301 377/1149/300 77/711/299
f 678/1554/304 78/712/302 79/713/305
f 678/1554/304 79/713/305 379/1151/306
f 678/1554/304 379/1151/306 378/1150/303
f 678/1554/304 378/1150/303 78/712/302
f 679/1555/307 79/713/305 80/714/308
f 679/1555/307 80/714/308 380/1152/309
f 679/1555/307 380/1152/309 379/1151/306
f 679/1555/307 379/1151/306 79/713/305
f 680/1556/310 80/714/308 81/715/311
f 680/1556/310 81/715/311 381/1153/312
f 680/1556/310 381/1153/312 380/1152/309
f 680/1556/310 380/1152/309 80/714/308
f 681/1557/313 81/716/314 82/717/315
f 681/1557/313 82/717/315 382/1155/316
f 681/1557/313 382/1155/316 381/1154/317
f 681/1557/313 381/1154/317 81/716/314
f 682/1558/318 82/718/319 83/719/320
f 682/1558/318 83/719/320 383/1157/321
f 682/1558/318 383/1157/321 382/1156/322
f 682/1558/318 382/1156/322 82/718/319
f 683/1559/323 83/720/324 84/721/325
f 683/1559/323 84/721/325 384/1159/326
f 683/1559/323 384/1159/326 383/1158/327
f 683/1559/323 383/1158/327 83/720/324
f 684/1560/328 84/722/329 85/723/330
f 684/1560/328 85/723/330 385/1161/331
f 684/1560/328 385/1161/331 384/1160/332
f 684/1560/328 384/1160/332 84/722/329
f 685/1561/333 85/724/334 86/725/335
f 685/1561/333 86/725/335 386/1163/336
f 685/1561/333 386/1163/336 385/1162/337
f 685/1561/333 385/1162/337 85/724/334
f 686/1562/338 86/726/339 87/727/340
f 686/1562/338 87/727/340 387/1165/341
f 686/1562/338 387/1165/341 386/1164/342
f 686/1562/338 386/1164/342 86/726/339
f 687/1563/343 87/728/344 88/729/345
f 687/1563/343 88/729/345 388/1167/346
f 687/1563/343 388/1167/346 387/1166/347
f 687/1563/343 387/1166/347 87/728/344
f 688/1564/348 88/730/349 89/731/350
f 688/1564/348 89/731/350 389/1169/351
f 688/1564/348 389/1169/351 388/1168/352
f 688/1564/348 388/1168/352 88/730/349
f 689/1565/353 89/731/350 90/732/354
f 689/1565/353 90/732/354 390/1170/355
f 689/1565/353 390/1170/355 389/1169/351
f 689/1565/353 389/1169/351 89/731/350
f 690/1566/356 90/732/354 91/733/357
f 690/1566/356 91/733/357 391/1171/358
f 690/1566/356 391/1171/358 390/1170/355
f 690/1566/356 390/1170/355 90/732/354
f 691/1567/359 91/733/357 92/734/360
f 691/1567/359 92/734/360 392/1172/361
f 691/1567/359 392/1172/361 391/1171/358
f 691/1567/359 391/1171/358 91/733/357
f 692/1568/362 92/734/360 93/735/363
f 692/1568/362 93/735/363 393/1173/364
f 692/1568/362 393/1173/364 392/1172/361
f 692/1568/362 392/1172/361 92/734/360
f 693/1569/365 93/735/363 94/736/366
f 693/1569/365 94/736/366 394/1174/367
f 693/1569/365 394/1174/367 393/1173/364
f 693/1569/365 393/1173/364 93/735/363
f 694/1570/368 94/736/366 95/737/369
f 694/1570/368 95/737/369 395/1175/370
f 694/1570/368 395/1175/370 394/1174/367
f 694/1570/368 394/1174/367 94/736/366
f 695/1571/371 95/737/369 96/738/372
f 695/1571/371 96/738/372 396/1176/373
f 695/1571/371 396/1176/373 395/1175/370
f 695/1571/371 395/1175/370 95/737/369
f 696/1572/374 96/738/372 97/739/375
f 696/1572/374 97/739/375 397/1177/376
f 696/1572/374 397/1177/376 396/1176/373
f 696/1572/374 396/1176/373 96/738/372
f 697/1573/377 97/739/375 98/740/378
f 697/1573/377 98/740/378 398/1178/379
f 697/1573/377 398/1178/379 397/1177/376
f 697/1573/377 397/1177/376 97/739/375
f 698/1574/380 98/741/381 99/742/382
f 698/1574/380 99/742/382 399/1180/383
f 698/1574/380 399/1180/383 398/1179/384
f 698/1574/380 398/1179/384 98/741/381
f 699/1575/385 99/743/386 100/744/387
f 699/1575/385 100/744/387 400/1182/388
f 699/1575/385 400/1182/388 399/1181/389
f 699/1575/385 399/1181/389 99/743/386
f 700/1576/390 100/745/391 101/746/392
f 700/1576/390 101/746/392 401/1184/393
f 700/1576/390 401/1184/393 400/1183/394
f 700/1576/390 400/1183/394 100/745/391
f 701/1577/395 101/747/396 102/748/397
f 701/1577/395 102/748/397 402/1186/398
f 701/1577/395 402/1186/398 401/1185/399
f 701/1577/395 401/1185/399 101/747/396
f 702/1578/400 102/749/401 103/750/402
f 702/1578/400 103/750/402 403/1188/403
f 702/1578/400 403/1188/403 402/1187/404
f 702/1578/400 402/1187/404 102/749/401
f 703/1579/405 103/751/406 104/752/407
f 703/1579/405 104/752/407 404/1190/408
f 703/1579/405 404/1190/408 403/1189/409
f 703/1579/405 403/1189/409 103/751/406
f 704/1580/410 104/753/411 105/754/412
f 704/1580/410 105/754/412 405/1192/413
f 704/1580/410 405/1192/413 404/1191/414
f 704/1580/410 404/1191/414 104/753/411
f 705/1581/415 105/755/416 106/756/417
f 705/1581/415 106/756/417 406/1194/418
f 705/1581/415 406/1194/418 405/1193/419
f 705/1581/415 405/1193/419 105/755/416
f 706/1582/420 106/756/417 107/757/421
f 706/1582/420 107/757/421 407/1195/422
f 706/1582/420 407/1195/422 406/1194/418
f 706/1582/420 406/1194/418 106/756/417
f 707/1583/423 107/757/421 108/758/424
f 707/1583/423 108/758/424 408/1196/425
f 707/1583/423 408/1196/425 407/1195/422
f 707/1583/423 407/1195/422 107/757/421
f 708/1584/426 108/758/424 109/759/427
f 708/1584/426 109/759/427 409/1197/428
f 708/1584/426 409/1197/428 408/1196/425
f 708/1584/426 408/1196/425 108/758/424
f 709/1585/429 109/759/427 110/760/430
f 709/1585/429 110/760/430 410/1198/431
f 709/1585/429 410/1198/431 409/1197/428
f 709/1585/429 409/1197/428 109/759/427
f 710/1586/432 110/760/430 111/761/433
f 710/1586/432 111/761/433 411/1199/434
f 710/1586/432 411/1199/434 410/1198/431
f 710/1586/432 410/1198/431 110/760/430
f 711/1587/435 111/761/433 112/762/436
f 711/1587/435 112/762/436 412/1200/437
f 711/1587/435 412/1200/437 411/1199/434
f 711/1587/435 411/1199/434 111/761/433
f 712/1588/438 112/762/436 113/763/439
f 712/1588/438 113/763/439 413/1201/440
f 712/1588/438 413/1201/440 412/1200/437
f 712/1588/438 412/1200/437 112/762/436
f 713/1589/441 113/763/439 114/764/442
f 713/1589/441 114/764/442 414/1202/443
f 713/1589/441 414/1202/443 413/1201/440
f 713/1589/441 413/1201/440 113/763/439
f 714/1590/444 114/764/442 115/765/445
f 714/1590/444 115/765/445 415/1203/446
f 714/1590/444 415/1203/446 414/1202/443
f 714/1590/444 414/1202/443 114/764/442
f 715/1591/447 115/766/448 116/767/449
f 715/1591/447 116/767/449 416/1205/450
f 715/1591/447 416/1205/450 415/1204/451
f 715/1591/447 415/1204/451 115/766/448
f 716/1592/452 116/768/453 117/769/454
f 716/1592/452 117/769/454 417/1207/455
f 716/1592/452 417/1207/455 416/1206/456
f 716/1592/452 416/1206/456 116/768/453
f 717/1593/457 117/770/458 118/771/459
f 717/1593/457 118/771/459 418/1209/460
f 717/1593/457 418/1209/460 417/1208/461
f 717/1593/457 417/1208/461 117/770/458
f 718/1594/462 118/772/463 119/773/464
f 718/1594/462 119/773/464 419/1211/465
f 718/1594/462 419/1211/465 418/1210/466
f 718/1594/462 418/1210/466 118/772/463
f 719/1595/467 119/774/468 120/775/469
f 719/1595/467 120/775/469 420/1213/470
f 719/1595/467 420/1213/470 419/1212/471
f 719/1595/467 419/1212/471 119/774/468
f 720/1596/472 120/776/473 121/777/474
f 720/1596/472 121/777/474 421/1215/475
f 720/1596/472 421/1215/475 420/1214/476
f 720/1596/472 420/1214/476 120/776/473
f 721/1597/477 121/778/478 122/779/479
f 721/1597/477 122/779/479 422/1217/480
f 721/1597/477 422/1217/480 421/1216/481
f 721/1597/477 421/1216/481 121/778/478
f 722/1598/482 122/780/483 123/781/484
f 722/1598/482 123/781/484 423/1219/485
f 722/1598/482 423/1219/485 422/1218/486
f 722/1598/482 422/1218/486 122/780/483
f 723/1599/487 123/781/484 124/782/488
f 723/1599/487 124/782/488 424/1220/489
f 723/1599/487 424/1220/489 423/1219/485
f 723/1599/487 423/1219/485 123/781/484
f 724/1600/490 124/782/488 125/783/491
f 724/1600/490 125/783/491 425/1221/492
f 724/1600/490 425/1221/492 424/1220/489
f 724/1600/490 424/1220/489 124/782/488
f 725/1601/493 125/783/491 126/784/494
f 725/1601/493 126/784/494 426/1222/495
f 725/1601/493 426/1222/495 425/1221/492
f 725/1601/493 425/1221/492 125/783/491
f 726/1602/496 126/784/494 127/785/497
f 726/1602/496 127/785/497 427/1223/498
f 726/1602/496 427/1223/498 426/1222/495
f 726/1602/496 426/1222/495 126/784/494
f 727/1603/499 127/785/497 128/786/500
f 727/1603/499 128/786/500 428/1224/501
f 727/1603/499 428/1224/501 427/1223/498
f 727/1603/499 427/1223/498 127/785/497
f 728/1604/502 128/786/500 129/787/503
f 728/1604/502 129/787/503 429/1225/504
f 728/1604/502 429/1225/504 428/1224/501
f 728/1604/502 428/1224/501 128/786/500
f 729/1605/505 129/787/503 130/788/506
f 729/1605/505 130/788/506 430/1226/507
f 729/1605/505 430/1226/507 429/1225/504
f 729/1605/505 429/1225/504 129/787/503
f 730/1606/508 130/788/506 131/789/509
f 730/1606/508 131/789/509 431/1227/510
f 730/1606/508 431/1227/510 430/1226/507
f 730/1606/508 430/1226/507 130/788/506
f 731/1607/511 131/789/509 132/790/512
f 731/1607/511 132/790/512 432/1228/513
f 731/1607/511 432/1228/513 431/1227/510
f 731/1607/511 431/1227/510 131/789/509
f 732/1608/514 132/791/515 133/792/516
f 732/1608/514 133/792/516 433/1230/517
f 732/1608/514 433/1230/517 432/1229/518
f 732/1608/514 432/1229/518 132/791/515
f 733/1609/519 133/793/520 134/794/521
f 733/1609/519 134/794/521 434/1232/522
f 733/1609/519 434/1232/522 433/1231/523
f 733/1609/519 433/1231/523 133/793/520
f 734/1610/524 134/795/525 135/796/526
f 734/1610/524 135/796/526 435/1234/527
f 734/1610/524 435/1234/527 434/1233/528
f 734/1610/524 434/1233/528 134/795/525
f 735/1611/529 135/797/530 136/798/531
f 735/1611/529 136/798/531 436/1236/532
f 735/1611/529 436/1236/532 435/1235/533
f 735/1611/529 435/1235/533 135/797/530
f 736/1612/534 136/799/535 137/800/536
f 736/1612/534 137/800/536 437/1238/537
f 736/1612/534 437/1238/537 436/1237/538
f 736/1612/534 436/1237/538 136/799/535
f 737/1613/539 137/801/540 138/802/541
f 737/1613/539 138/802/541 438/1240/542
f 737/1613/539 438/1240/542 437/1239/543
f 737/1613/539 437/1239/543 137/801/540
f 738/1614/544 138/803/545 139/804/546
f 738/1614/544 139/804/546 439/1242/547
f 738/1614/544 439/1242/547 438/1241/548
f 738/1614/544 438/1241/548 138/803/545
f 739/1615/549 139/805/550 140/806/551
f 739/1615/549 140/806/551 440/1244/552
f 739/1615/549 440/1244/552 439/1243/553
f 739/1615/549 439/1243/553 139/805/550
f 740/1616/554 140/806/551 141/807/555
f 740/1616/554 141/807/555 441/1245/556
f 740/1616/554 441/1245/556 440/1244/552
f 740/1616/554 440/1244/552 140/806/551
f 741/1617/557 141/807/555 142/808/558
f 741/1617/557 142/808/558 442/1246/559
f 741/1617/557 442/1246/559 441/1245/556
f 741/1617/557 441/1245/556 141/807/555
f 742/1618/560 142/808/558 143/809/561
f 742/1618/560 143/809/561 443/1247/562
f 742/1618/560 443/1247/562 442/1246/559
f 742/1618/560 442/1246/559 142/808/558
f 743/1619/563 143/809/561 144/810/564
f 743/1619/563 144/810/564 444/1248/565
f 743/1619/563 444/1248/565 443/1247/562
f 743/1619/563 443/1247/562 143/809/561
f 744/1620/566 144/810/564 145/811/567
f 744/1620/566 145/811/567 445/1249/568
f 744/1620/566 445/1249/568 444/1248/565
f 744/1620/566 444/1248/565 144/810/564
f 745/1621/569 145/811/567 146/812/570
f 745/1621/569 146/812/570 446/1250/571
f 745/1621/569 446/1250/571 445/1249/568
f 745/1621/569 445/1249/568 145/811/567
f 746/1622/572 146/812/570 147/813/573
f 746/1622/572 147/813/573 447/1251/574
f 746/1622/572 447/1251/574 446/1250/571
f 746/1622/572 446/1250/571 146/812/570
f 747/1623/575 147/813/573 148/814/576
f 747/1623/575 148/814/576 448/1252/577
f 747/1623/575 448/1252/577 447/1251/574
f 747/1623/575 447/1251/574 147/813/573
f 748/1624/578 148/814/576 149/815/579
f 748/1624/578 149/815/579 449/1253/580
f 748/1624/578 449/1253/580 448/1252/577
f 748/1624/578 448/1252/577 148/814/576
f 749/1625/581 149/816/582 150/817/583
f 749/1625/581 150/817/583 450/1255/584
f 749/1625/581 450/1255/584 449/1254/585
f 749/1625/581 449/1254/585 149/816/582
f 750/1626/586 150/818/587 151/819/588
f 750/1626/586 151/819/588 451/1257/589
f 750/1626/586 451/1257/589 450/1256/590
f 750/1626/586 450/1256/590 150/818/587
f 751/1627/591 151/820/592 152/821/593
f 751/1627/591 152/821/593 452/1259/594
f 751/1627/591 452/1259/594 451/1258/595
f 751/1627/591 451/1258/595 151/820/592
f 752/1628/596 152/822/597 153/823/598
f 752/1628/596 153/823/598 453/1261/599
f 752/1628/596 453/1261/599 452/1260/600
f 752/1628/596 452/1260/600 152/822/597
f 753/1629/601 153/824/602 154/825/603
f 753/1629/601 154/825/603 454/1263/604
f 753/1629/601 454/1263/604 453/1262/605
f 753/1629/601 453/1262/605 153/824/602
f 754/1630/606 154/825/603 155/826/607
f 754/1630/606 155/826/607 455/1264/608
f 754/1630/606 455/1264/608 454/1263/604
f 754/1630/606 454/1263/604 154/825/603
f 755/1631/609 155/826/607 156/827/610
f 755/1631/609 156/827/610 456/1265/611
f 755/1631/609 456/1265/611 455/1264/608
f 755/1631/609 455/1264/608 155/826/607
f 756/1632/612 156/827/610 157/828/613
f 756/1632/612 157/828/613 457/1266/614
f 756/1632/612 457/1266/614 456/1265/611
f 756/1632/612 456/1265/611 156/827/610
f 757/1633/615 157/828/613 158/829/616
f 757/1633/615 158/829/616 458/1267/617
f 757/1633/615 458/1267/617 457/1266/614
f 757/1633/615 457/1266/614 157/828/613
f 758/1634/618 158/829/616 159/830/619
f 758/1634/618 159/830/619 459/1268/620
f 758/1634/618 459/1268/620 458/1267/617
f 758/1634/618 458/1267/617 158/829/616
f 759/1635/621 159/830/619 160/831/622
f 759/1635/621 160/831/622 460/1269/623
f 759/1635/621 460/1269/623 459/1268/620
f 759/1635/621 459/1268/620 159/830/619
f 760/1636/624 160/831/622 161/832/625
f 760/1636/624 161/832/625 461/1270/626
f 760/1636/624 461/1270/626 460/1269/623
f 760/1636/624 460/1269/623 160/831/622
f 761/1637/627 161/832/625 162/833/628
f 761/1637/627 162/833/628 462/1271/629
f 761/1637/627 462/1271/629 461/1270/626
f 761/1637/627 461/1270/626 161/832/625
f 762/1638/630 162/833/628 163/834/631
f 762/1638/630 163/834/631 463/1272/632
f 762/1638/630 463/1272/632 462/1271/629
f 762/1638/630 462/1271/629 162/833/628
f 763/1639/633 163/835/634 164/836/635
f 763/1639/633 164/836/635 464/1274/636
f 763/1639/633 464/1274/636 463/1273/637
f 763/1639/633 463/1273/637 163/835/634
f 764/1640/638 164/837/639 165/838/640
f 764/1640/638 165/838/640 465/1276/641
f 764/1640/638 465/1276/641 464/1275/642
f 764/1640/638 464/1275/642 164/837/639
f 765/1641/643 165/839/644 166/840/645
f 765/1641/643 166/840/645 466/1278/646
f 765/1641/643 466/1278/646 465/1277/647
f 765/1641/643 465/1277/647 165/839/644
f 766/1642/648 166/841/649 167/842/650
f 766/1642/648 167/842/650 467/1280/651
f 766/1642/648 467/1280/651 466/1279/652
f 766/1642/648 466/1279/652 166/841/649
f 767/1643/653 167/843/654 168/844/655
f 767/1643/653 168/844/655 468/1282/656
f 767/1643/653 468/1282/656 467/1281/657
f 767/1643/653 467/1281/657 167/843/654
f 768/1644/658 168/845/659 169/846/660
f 768/1644/658 169/846/660 469/1284/661
f 768/1644/658 469/1284/661 468/1283/662
f 768/1644/658 468/1283/662 168/845/659
f 769/1645/663 169/847/664 170/848/665
f 769/1645/663 170/848/665 470/1286/666
f 769/1645/663 470/1286/666 469/1285/667
f 769/1645/663 469/1285/667 169/847/664
f 770/1646/668 170/849/669 171/850/670
f 770/1646/668 171/850/670 471/1288/671
f 770/1646/668 471/1288/671 470/1287/672
f 770/1646/668 470/1287/672 170/849/669
f 771/1647/673 171/850/670 172/851/674
f 771/1647/673 172/851/674 472/1289/675
f 771/1647/673 472/1289/675 471/1288/671
f 771/1647/673 471/1288/671 171/850/670
f 772/1648/676 172/851/674 173/852/677
f 772/1648/676 173/852/677 473/1290/678
f 772/1648/676 473/1290/678 472/1289/675
f 772/1648/676 472/1289/675 172/851/674
f 773/1649/679 173/852/677 174/853/680
f 773/1649/679 174/853/680 474/1291/681
f 773/1649/679 474/1291/681 473/1290/678
f 773/1649/679 473/1290/678 173/852/677
f 774/1650/682 174/853/680 175/854/683
f 774/1650/682 175/854/683 475/1292/684
f 774/1650/682 475/1292/684 474/1291/681
f 774/1650/682 474/1291/681 174/853/680
f 775/1651/685 175/854/683 176/855/686
f 775/1651/685 176/855/686 476/1293/687
f 775/1651/685 476/1293/687 475/1292/684
f 775/1651/685 475/1292/684 175/854/683
f 776/1652/688 176/855/686 177/856/689
f 776/1652/688 177/856/689 477/1294/690
f 776/1652/688 477/1294/690 476/1293/687
f 776/1652/688 476/1293/687 176/855/686
f 777/1653/691 177/856/689 178/857/692
f 777/1653/691 178/857/692 478/1295/693
f 777/1653/691 478/1295/693 477/1294/690
f 777/1653/691 477/1294/690 177/856/689
f 778/1654/694 178/857/692 179/858/695
f 778/1654/694 179/858/695 479/1296/696
f 778/1654/694 479/1296/696 478/1295/693
f 778/1654/694 478/1295/693 178/857/692
f 779/1655/697 179/858/695 180/859/698
f 779/1655/697 180/859/698 480/1297/699
f 779/1655/697 480/1297/699 479/1296/696
f 779/1655/697 479/1296/696 179/858/695
f 780/1656/700 180/860/701 181/861/702
f 780/1656/700 181/861/702 481/1299/703
f 780/1656/700 481/1299/703 480/1298/704
f 780/1656/700 480/1298/704 180/860/701
f 781/1657/705 181/862/706 182/863/707
f 781/1657/705 182/863/707 482/1301/708
f 781/1657/705 482/1301/708 481/1300/709
f 781/1657/705 481/1300/709 181/862/706
f 782/1658/710 182/864/711 183/865/712
f 782/1658/710 183/865/712 483/1303/713
f 782/1658/710 483/1303/713 482/1302/714
f 782/1658/710 482/1302/714 182/864/711
f 783/1659/715 183/866/716 184/867/717
f 783/1659/715 184/867/717 484/1305/718
f 783/1659/715 484/1305/718 483/1304/719
f 783/1659/715 483/1304/719 183/866/716
f 784/1660/720 184/868/721 185/869/722
f 784/1660/720 185/869/722 485/1307/723
f 784/1660/720 485/1307/723 484/1306/724
f 784/1660/720 484/1306/724 184/868/721
f 785/1661/725 185/870/726 186/871/727
f 785/1661/725 186/871/727 486/1309/728
f 785/1661/725 486/1309/728 485/1308/729
f 785/1661/725 485/1308/729 185/870/726
f 786/1662/730 186/872/731 187/873/732
f 786/1662/730 187/873/732 487/1311/733
f 786/1662/730 487/1311/733 486/1310/734
f 786/1662/730 486/1310/734 186/872/731
f 787/1663/735 187/874/736 188/875/737
f 787/1663/735 188/875/737 488/1313/738
f 787/1663/735 488/1313/738 487/1312/739
f 787/1663/735 487/1312/739 187/874/736
f 788/1664/740 188/875/737 189/876/741
f 788/1664/740 189/876/741 489/1314/742
f 788/1664/740 489/1314/742 488/1313/738
f 788/1664/740 488/1313/738 188/875/737
f 789/1665/743 189/876/741 190/877/744
f 789/1665/743 190/877/744 490/1315/745
f 789/1665/743 490/1315/745 489/1314/742
f 789/1665/743 489/1314/742 189/876/741
f 790/1666/746 190/877/744 191/878/747
f 790/1666/746 191/878/747 491/1316/748
f 790/1666/746 491/1316/748 490/1315/745
f 790/1666/746 490/1315/745 190/877/744
f 791/1667/749 191/878/747 192/879/750
f 791/1667/749 192/879/750 492/1317/751
f 791/1667/749 492/1317/751 491/1316/748
f 791/1667/749 491/1316/748 191/878/747
f 792/1668/752 192/879/750 193/880/753
f 792/1668/752 193/880/753 493/1318/754
f 792/1668/752 493/1318/754 492/1317/751
f 792/1668/752 492/1317/751 192/879/750
f 793/1669/755 193/880/753 194/881/756
f 793/1669/755 194/881/756 494/1319/757
f 793/1669/755 494/1319/757 493/1318/754
f 793/1669/755 493/1318/754 193/880/753
f 794/1670/758 194/881/756 195/882/759
f 794/1670/758 195/882/759 495/1320/760
f 794/1670/758 495/1320/760 494/1319/757
f 794/1670/758 494/1319/757 194/881/756
f 795/1671/761 195/882/759 196/883/762
f 795/1671/761 196/883/762 496/1321/763
f 795/1671/761 496/1321/763 495/1320/760
f 795/1671/761 495/1320/760 195/882/759
f 796/1672/764 196/883/762 197/884/765
f 796/1672/764 197/884/765 497/1322/766
f 796/1672/764 497/1322/766 496/1321/763
f 796/1672/764 496/1321/763 196/883/762
f 797/1673/767 197/885/768 198/886/769
f 797/1673/767 198/886/769 498/1324/770
f 797/1673/767 498/1324/770 497/1323/771
f 797/1673/767 497/1323/771 197/885/768
f 798/1674/772 198/887/773 199/888/774
f 798/1674/772 199/888/774 499/1326/775
f 798/1674/772 499/1326/775 498/1325/776
f 798/1674/772 498/1325/776 198/887/773
f 799/1675/777 199/889/778 200/890/779
f 799/1675/777 200/890/779 500/1328/780
f 799/1675/777 500/1328/780 499/1327/781
f 799/1675/777 499/1327/781 199/889/778
f 800/1676/782 200/891/783 201/892/784
f 800/1676/782 201/892/784 501/1330/785
f 800/1676/782 501/1330/785 500/1329/786
f 800/1676/782 500/1329/786 200/891/783
f 801/1677/787 201/893/788 202/894/789
f 801/1677/787 202/894/789 502/1332/790
f 801/1677/787 502/1332/790 501/1331/791
f 801/1677/787 501/1331/791 201/893/788
f 802/1678/792 202/895/793 203/896/794
f 802/1678/792 203/896/794 503/1334/795
f 802/1678/792 503/1334/795 502/1333/796
f 802/1678/792 502/1333/796 202/895/793
f 803/1679/797 203/897/798 204/898/799
f 803/1679/797 204/898/799 504/1336/800
f 803/1679/797 504/1336/800 503/1335/801
f 803/1679/797 503/1335/801 203/897/798
f 804/1680/802 204/899/803 205/900/804
f 804/1680/802 205/900/804 505/1338/805
f 804/1680/802 505/1338/805 504/1337/806
f 804/1680/802 504/1337/806 204/899/803
f 805/1681/807 205/900/804 206/901/808
f 805/1681/807 206/901/808 506/1339/809
f 805/1681/807 506/1339/809 505/1338/805
f 805/1681/807 505/1338/805 205/900/804
f 806/1682/810 206/901/808 207/902/811
f 806/1682/810 207/902/811 507/1340/812
f 806/1682/810 507/1340/812 506/1339/809
f 806/1682/810 506/1339/809 206/901/808
f 807/1683/813 207/902/811 208/903/814
f 807/1683/813 208/903/814 508/1341/815
f 807/1683/813 508/1341/815 507/1340/812
f 807/1683/813 507/1340/812 207/902/811
f 808/1684/816 208/903/814 209/904/817
f 808/1684/816 209/904/817 509/1342/818
f 808/1684/816 509/1342/818 508/1341/815
f 808/1684/816 508/1341/815 208/903/814
f 809/1685/819 209/904/817 210/905/820
f 809/1685/819 210/905/820 510/1343/821
f 809/1685/819 510/1343/821 509/1342/818
f 809/1685/819 509/1342/818 209/904/817
f 810/1686/822 210/905/820 211/906/823
f 810/1686/822 211/906/823 511/1344/824
f 810/1686/822 511/1344/824 510/1343/821
f 810/1686/822 510/1343/821 210/905/820
f 811/1687/825 211/906/823 212/907/826
f 811/1687/825 212/907/826 512/1345/827
f 811/1687/825 512/1345/827 511/1344/824
f 811/1687/825 511/1344/824 211/906/823
f 812/1688/828 212/907/826 213/908/829
f 812/1688/828 213/908/829 513/1346/830
f 812/1688/828 513/1346/830 512/1345/827
f 812/1688/828 512/1345/827 212/907/826
f 813/1689/831 213/908/829 214/909/832
f 813/1689/831 214/909/832 514/1347/833
f 813/1689/831 514/1347/833 513/1346/830
f 813/1689/831 513/1346/830 213/908/829
f 814/1690/834 214/910/835 215/911/836
f 814/1690/834 215/911/836 515/1349/837
f 814/1690/834 515/1349/837 514/1348/838
f 814/1690/834 514/1348/838 214/910/835
f 815/1691/839 215/912/840 216/913/841
f 815/1691/839 216/913/841 516/1351/842
f 815/1691/839 516/1351/842 515/1350/843
f 815/1691/839 515/1350/843 215/912/840
f 816/1692/844 216/914/845 217/915/846
f 816/1692/844 217/915/846 517/1353/847
f 816/1692/844 517/1353/847 516/1352/848
f 816/1692/844 516/1352/848 216/914/845
f 817/1693/849 217/916/850 218/917/851
f 817/1693/849 218/917/851 518/1355/852
f 817/1693/849 518/1355/852 517/1354/853
f 817/1693/849 517/1354/853 217/916/850
f 818/1694/854 218/918/855 219/919/856
f 818/1694/854 219/919/856 519/1357/857
f 818/1694/854 519/1357/857 518/1356/858
f 818/1694/854 518/1356/858 218/918/855
f 819/1695/859 219/920/860 220/921/861
f 819/1695/859 220/921/861 520/1359/862
f 819/1695/859 520/1359/862 519/1358/863
f 819/1695/859 519/1358/863 219/920/860
f 820/1696/864 220/922/865 221/923/866
f 820/1696/864 221/923/866 521/1361/867
f 820/1696/864 521/1361/867 520/1360/868
f 820/1696/864 520/1360/868 220/922/865
f 821/1697/869 221/924/870 222/925/871
f 821/1697/869 222/925/871 522/1363/872
f 821/1697/869 522/1363/872 521/1362/873
f 821/1697/869 521/1362/873 221/924/870
f 822/1698/874 222/925/871 223/926/875
f 822/1698/874 223/926/875 523/1364/876
f 822/1698/874 523/1364/876 522/1363/872
f 822/1698/874 522/1363/872 222/925/871
f 823/1699/877 223/926/875 224/927/878
f 823/1699/877 224/927/878 524/1365/879
f 823/1699/877 524/1365/879 523/1364/876
f 823/1699/877 523/1364/876 223/926/875
f 824/1700/880 224/927/878 225/928/881
f 824/1700/880 225/928/881 525/1366/882
f 824/1700/880 525/1366/882 524/1365/879
f 824/1700/880 524/1365/879 224/927/878
f 825/1701/883 225/928/881 226/929/884
f 825/1701/883 226/929/884 526/1367/885
f 825/1701/883 526/1367/885 525/1366/882
f 825/1701/883 525/1366/882 225/928/881
f 826/1702/886 226/929/884 227/930/887
f 826/1702/886 227/930/887 527/1368/888
f 826/1702/886 527/1368/888 526/1367/885
f 826/1702/886 526/1367/885 226/929/884
f 827/1703/889 227/930/887 228/931/890
f 827/1703/889 228/931/890 528/1369/891
f 827/1703/889 528/1369/891 527/1368/888
f 827/1703/889 527/1368/888 227/930/887
f 828/1704/892 228/931/890 229/932/893
f 828/1704/892 229/932/893 529/1370/894
f 828/1704/892 529/1370/894 528/1369/891
f 828/1704/892 528/1369/891 228/931/890
f 829/1705/895 229/932/893 230/933/896
f 829/1705/895 230/933/896 530/1371/897
f 829/1705/895 530/1371/897 529/1370/894
f 829/1705/895 529/1370/894 229/932/893
f 830/1706/898 230/933/896 231/934/899
f 830/1706/898 231/934/899 531/1372/900
f 830/1706/898 531/1372/900 530/1371/897
f 830/1706/898 530/1371/897 230/933/896
f 831/1707/901 231/935/902 232/936/903
f 831/1707/901 232/936/903 532/1374/904
f 831/1707/901 532/1374/904 531/1373/905
f 831/1707/901 531/1373/905 231/935/902
f 832/1708/906 232/937/907 233/938/908
f 832/1708/906 233/938/908 533/1376/909
f 832/1708/906 533/1376/909 532/1375/910
f 832/1708/906 532/1375/910 232/937/907
f 833/1709/911 233/939/912 234/940/913
f 833/1709/911 234/940/913 534/1378/914
f 833/1709/911 534/1378/914 533/1377/915
f 833/1709/911 533/1377/915 233/939/912
f 834/1710/916 234/941/917 235/942/918
f 834/1710/916 235/942/918 535/1380/919
f 834/1710/916 535/1380/919 534/1379/920
f 834/1710/916 534/1379/920 234/941/917
f 835/1711/921 235/943/922 236/944/923
f 835/1711/921 236/944/923 536/1382/924
f 835/1711/921 536/1382/924 535/1381/925
f 835/1711/921 535/1381/925 235/943/922
f 836/1712/926 236/945/927 237/946/928
f 836/1712/926 237/946/928 537/1384/929
f 836/1712/926 537/1384/929 536/1383/930
f 836/1712/926 536/1383/930 236/945/927
f 837/1713/931 237/947/932 238/948/933
f 837/1713/931 238/948/933 538/1386/934
f 837/1713/931 538/1386/934 537/1385/935
f 837/1713/931 537/1385/935 237/947/932
f 838/1714/936 238/949/937 239/950/938
f 838/1714/936 239/950/938 539/1388/939
f 838/1714/936 539/1388/939 538/1387/940
f 838/1714/936 538/1387/940 238/949/937
f 839/1715/941 239/950/938 240/951/942
f 839/1715/941 240/951/942 540/1389/943
f 839/1715/941 540/1389/943 539/1388/939
f 839/1715/941 539/1388/939 239/950/938
f 840/1716/944 240/951/942 241/952/945
f 840/1716/944 241/952/945 541/1390/946
f 840/1716/944 541/1390/946 540/1389/943
f 840/1716/944 540/1389/943 240/951/942
f 841/1717/947 241/952/945 242/953/948
f 841/1717/947 242/953/948 542/1391/949
f 841/1717/947 542/1391/949 541/1390/946
f 841/1717/947 541/1390/946 241/952/945
f 842/1718/950 242/953/948 243/954/951
f 842/1718/950 243/954/951 543/1392/952
f 842/1718/950 543/1392/952 542/1391/949
f 842/1718/950 542/1391/949 242/953/948
f 843/1719/953 243/954/951 244/955/954
f 843/1719/953 244/955/954 544/1393/955
f 843/1719/953 544/1393/955 543/1392/952
f 843/1719/953 543/1392/952 243/954/951
f 844/1720/956 244/955/954 245/956/957
f 844/1720/956 245/956/957 545/1394/958
f 844/1720/956 545/1394/958 544/1393/955
f 844/1720/956 544/1393/955 244/955/954
f 845/1721/959 245/956/957 246/957/960
f 845/1721/959 246/957/960 546/1395/961
f 845/1721/959 546/1395/961 545/1394/958
f 845/1721/959 545/1394/958 245/956/957
f 846/1722/962 246/957/960 247/958/963
f 846/1722/962 247/958/963 547/1396/964
f 846/1722/962 547/1396/964 546/1395/961
f 846/1722/962 546/1395/961 246/957/960
f 847/1723/965 247/958/963 248/959/966
f 847/1723/965 248/959/966 548/1397/967
f 847/1723/965 548/1397/967 547/1396/964
f 847/1723/965 547/1396/964 247/958/963
f 848/1724/968 248/960/969 249/961/970
f 848/1724/968 249/961/970 549/1399/971
f 848/1724/968 549/1399/971 548/1398/972
f 848/1724/968 548/1398/972 248/960/969
f 849/1725/973 249/962/974 250/963/975
f 849/1725/973 250/963/975 550/1401/976
f 849/1725/973 550/1401/976 549/1400/977
f 849/1725/973 549/1400/977 249/962/974
f 850/1726/978 250/964/979 251/965/980
f 850/1726/978 251/965/980 551/1403/981
f 850/1726/978 551/1403/981 550/1402/982
f 850/1726/978 550/1402/982 250/964/979
f 851/1727/983 251/966/984 252/967/985
f 851/1727/983 252/967/985 552/1405/986
f 851/1727/983 552/1405/986 551/1404/987
f 851/1727/983 551/1404/987 251/966/984
f 852/1728/988 252/968/989 253/969/990
f 852/1728/988 253/969/990 553/1407/991
f 852/1728/988 553/1407/991 552/1406/992
f 852/1728/988 552/1406/992 252/968/989
f 853/1729/993 253/970/994 254/971/995
f 853/1729/993 254/971/995 554/1409/996
f 853/1729/993 554/1409/996 553/1408/997
f 853/1729/993 553/1408/997 253/970/994
f 854/1730/998 254/972/999 255/973/1000
f 854/1730/998 255/973/1000 555/1411/1001
f 854/1730/998 555/1411/1001 554/1410/1002
f 854/1730/998 554/1410/1002 254/972/999
f 855/1731/1003 255/974/1004 256/975/1005
f 855/1731/1003 256/975/1005 556/1413/1006
f 855/1731/1003 556/1413/1006 555/1412/1007
f 855/1731/1003 555/1412/1007 255/974/1004
f 856/1732/1008 256/975/1005 257/976/1009
f 856/1732/1008 257/976/1009 557/1414/1010
f 856/1732/1008 557/1414/1010 556/1413/1006
f 856/1732/1008 556/1413/1006 256/975/1005
f 857/1733/1011 257/976/1009 258/977/1012
f 857/1733/1011 258/977/1012 558/1415/1013
f 857/1733/1011 558/1415/1013 557/1414/1010
f 857/1733/1011 557/1414/1010 257/976/1009
f 858/1734/1014 258/977/1012 259/978/1015
f 858/1734/1014 259/978/1015 559/1416/1016
f 858/1734/1014 559/1416/1016 558/1415/1013
f 858/1734/1014 558/1415/1013 258/977/1012
f 859/1735/1017 259/978/1015 260/979/1018
f 859/1735/1017 260/979/1018 560/1417/1019
f 859/1735/1017 560/1417/1019 559/1416/1016
f 859/1735/1017 559/1416/1016 259/978/1015
f 860/1736/1020 260/979/1018 261/980/1021
f 860/1736/1020 261/980/1021 561/1418/1022
f 860/1736/1020 561/1418/1022 560/1417/1019
f 860/1736/1020 560/1417/1019 260/979/1018
f 861/1737/1023 261/980/1021 262/981/1024
f 861/1737/1023 262/981/1024 562/1419/1025
f 861/1737/1023 562/1419/1025 561/1418/1022
f 861/1737/1023 561/1418/1022 261/980/1021
f 862/1738/1026 262/981/1024 263/982/1027
f 862/1738/1026 263/982/1027 563/1420/1028
f 862/1738/1026 563/1420/1028 562/1419/1025
f 862/1738/1026 562/1419/1025 262/981/1024
f 863/1739/1029 263/982/1027 264/983/1030
f 863/1739/1029 264/983/1030 564/1421/1031
f 863/1739/1029 564/1421/1031 563/1420/1028
f 863/1739/1029 563/1420/1028 263/982/1027
f 864/1740/1032 264/983/1030 265/984/1033
f 864/1740/1032 265/984/1033 565/1422/1034
f 864/1740/1032 565/1422/1034 564/1421/1031
f 864/1740/1032 564/1421/1031 264/983/1030
f 865/1741/1035 265/985/1036 266/986/1037
f 865/1741/1035 266/986/1037 566/1424/1038
f 865/1741/1035 566/1424/1038 565/1423/1039
f 865/1741/1035 565/1423/1039 265/985/1036
f 866/1742/1040 266/987/1041 267/988/1042
f 866/1742/1040 267/988/1042 567/1426/1043
f 866/1742/1040 567/1426/1043 566/1425/1044
f 866/1742/1040 566/1425/1044 266/987/1041
f 867/1743/1045 267/989/1046 268/990/1047
f 867/1743/1045 268/990/1047 568/1428/1048
f 867/1743/1045 568/1428/1048 567/1427/1049
f 867/1743/1045 567/1427/1049 267/989/1046
f 868/1744/1050 268/991/1051 269/992/1052
f 868/1744/1050 269/992/1052 569/1430/1053
f 868/1744/1050 569/1430/1053 568/1429/1054
f 868/1744/1050 568/1429/1054 268/991/1051
f 869/1745/1055 269/993/1056 270/994/1057
f 869/1745/1055 270/994/1057 570/1432/1058
f 869/1745/1055 570/1432/1058 569/1431/1059
f 869/1745/1055 569/1431/1059 269/993/1056
f 870/1746/1060 270/995/1061 271/996/1062
f 870/1746/1060 271/996/1062 571/1434/1063
f 870/1746/1060 571/1434/1063 570/1433/1064
f 870/1746/1060 570/1433/1064 270/995/1061
f 871/1747/1065 271/997/1066 272/998/1067
f 871/1747/1065 272/998/1067 572/1436/1068
f 871/1747/1065 572/1436/1068 571/1435/1069
f 871/1747/1065 571/1435/1069 271/997/1066
f 872/1748/1070 272/999/1071 273/1000/1072
f 872/1748/1070 273/1000/1072 573/1438/1073
f 872/1748/1070 573/1438/1073 572/1437/1074
f 872/1748/1070 572/1437/1074 272/999/1071
f 873/1749/1075 273/1000/1072 274/1001/1076
f 873/1749/1075 274/1001/1076 574/1439/1077
f 873/1749/1075 574/1439/1077 573/1438/1073
f 873/1749/1075 573/1438/1073 273/1000/1072
f 874/1750/1078 274/1001/1076 275/1002/1079
f 874/1750/1078 275/1002/1079 575/1440/1080
f 874/1750/1078 575/1440/1080 574/1439/1077
f 874/1750/1078 574/1439/1077 274/1001/1076
f 875/1751/1081 275/1002/1079 276/1003/1082
f 875/1751/1081 276/1003/1082 576/1441/1083
f 875/1751/1081 576/1441/1083 575/1440/1080
f 875/1751/1081 575/1440/1080 275/1002/1079
f 876/1752/1084 276/1003/1082 277/1004/1085
f 876/1752/1084 277/1004/1085 577/1442/1086
f 876/1752/1084 577/1442/1086 576/1441/1083
f 876/1752/1084 576/1441/1083 276/1003/1082
f 877/1753/1087 277/1004/1085 278/1005/1088
f 877/1753/1087 278/1005/1088 578/1443/1089
f 877/1753/1087 578/1443/1089 577/1442/1086
f 877/1753/1087 577/1442/1086 277/1004/1085
f 878/1754/1090 278/1005/1088 279/1006/1091
f 878/1754/1090 279/1006/1091 579/1444/1092
f 878/1754/1090 579/1444/1092 578/1443/1089
f 878/1754/1090 578/1443/1089 278/1005/1088
f 879/1755/1093 279/1006/1091 280/1007/1094
f 879/1755/1093 280/1007/1094 580/1445/1095
f 879/1755/1093 580/1445/1095 579/1444/1092
f 879/1755/1093 579/1444/1092 279/1006/1091
f 880/1756/1096 280/1007/1094 281/1008/1097
f 880/1756/1096 281/1008/1097 581/1446/1098
f 880/1756/1096 581/1446/1098 580/1445/1095
f 880/1756/1096 580/1445/1095 280/1007/1094
f 881/1757/1099 281/1008/1097 282/1009/1100
f 881/1757/1099 282/1009/1100 582/1447/1101
f 881/1757/1099 582/1447/1101 581/1446/1098
f 881/1757/1099 581/1446/1098 281/1008/1097
f 882/1758/1102 282/1010/1103 283/1011/1104
f 882/1758/1102 283/1011/1104 583/1449/1105
f 882/1758/1102 583/1449/1105 582/1448/1106
f 882/1758/1102 582/1448/1106 282/1010/1103
f 883/1759/1107 283/1012/1108 284/1013/1109
f 883/1759/1107 284/1013/1109 584/1451/1110
f 883/1759/1107 584/1451/1110 583/1450/1111
f 883/1759/1107 583/1450/1111 283/1012/1108
f 884/1760/1112 284/1014/1113 285/1015/1114
f 884/1760/1112 285/1015/1114 585/1453/1115
f 884/1760/1112 585/1453/1115 584/1452/1116
f 884/1760/1112 584/1452/1116 284/1014/1113
f 885/1761/1117 285/1016/1118 286/1017/1119
f 885/1761/1117 286/1017/1119 586/1455/1120
f 885/1761/1117 586/1455/1120 585/1454/1121
f 885/1761/1117 585/1454/1121 285/1016/1118
f 886/1762/1122 286/1018/1123 287/1019/1124
f 886/1762/1122 287/1019/1124 587/1457/1125
f 886/1762/1122 587/1457/1125 586/1456/1126
f 886/1762/1122 586/1456/1126 286/1018/1123
f 887/1763/1127 287/1020/1128 288/1021/1129
f 887/1763/1127 288/1021/1129 588/1459/1130
f 887/1763/1127 588/1459/1130 587/1458/1131
f 887/1763/1127 587/1458/1131 287/1020/1128
f 888/1764/1132 288/1022/1133 289/1023/1134
f 888/1764/1132 289/1023/1134 589/1461/1135
f 888/1764/1132 589/1461/1135 588/1460/1136
f 888/1764/1132 588/1460/1136 288/1022/1133
f 889/1765/1137 289/1024/1138 290/1025/1139
f 889/1765/1137 290/1025/1139 590/1463/1140
f 889/1765/1137 590/1463/1140 589/1462/1141
f 889/1765/1137 589/1462/1141 289/1024/1138
f 890/1766/1142 290/1025/1139 291/1026/1143
f 890/1766/1142 291/1026/1143 591/1464/1144
f 890/1766/1142 591/1464/1144 590/1463/1140
f 890/1766/1142 590/1463/1140 290/1025/1139
f 891/1767/1145 291/1026/1143 292/1027/1146
f 891/1767/1145 292/1027/1146 592/1465/1147
f 891/1767/1145 592/1465/1147 591/1464/1144
f 891/1767/1145 591/1464/1144 291/1026/1143
f 892/1768/1148 292/1027/1146 293/1028/1149
f 892/1768/1148 293/1028/1149 593/1466/1150
f 892/1768/1148 593/1466/1150 592/1465/1147
f 892/1768/1148 592/1465/1147 292/1027/1146
f 893/1769/1151 293/1028/1149 294/1029/1152
f 893/1769/1151 294/1029/1152 594/1467/1153
f 893/1769/1151 594/1467/1153 593/1466/1150
f 893/1769/1151 593/1466/1150 293/1028/1149
f 894/1770/1154 294/1029/1152 295/1030/1155
f 894/1770/1154 295/1030/1155 595/1468/1156
f 894/1770/1154 595/1468/1156 594/1467/1153
f 894/1770/1154 594/1467/1153 294/1029/1152
f 895/1771/1157 295/1030/1155 296/1031/1158
f 895/1771/1157 296/1031/1158 596/1469/1159
f 895/1771/1157 596/1469/1159 595/1468/1156
f 895/1771/1157 595/1468/1156 295/1030/1155
f 896/1772/1160 296/1031/1158 297/1032/1161
f 896/1772/1160 297/1032/1161 597/1470/1162
f 896/1772/1160 597/1470/1162 596/1469/1159
f 896/1772/1160 596/1469/1159 296/1031/1158
f 897/1773/1163 297/1032/1161 298/1033/1164
f 897/1773/1163 298/1033/1164 598/1471/1165
f 897/1773/1163 598/1471/1165 597/1470/1162
f 897/1773/1163 597/1470/1162 297/1032/1161
f 898/1774/1166 298/1033/1164 299/1034/1167
f 898/1774/1166 299/1034/1167 599/1472/1168
f 898/1774/1166 599/1472/1168 598/1471/1165
f 898/1774/1166 598/1471/1165 298/1033/1164
f 899/1775/1169 299/1035/1170 300/1036/1171
f 899/1775/1169 300/1036/1171 600/1474/1172
f 899/1775/1169 600/1474/1172 599/1473/1173
f 899/1775/1169 599/1473/1173 299/1035/1170
f 900/1776/1174 300/1037/1175 1/1038/1176
f 900/1776/1174 1/1038/1176 301/1476/1177
f 900/1776/1174 301/1476/1177 600/1475/1178
f 900/1776/1174 600/1475/1178 300/1037/1175
