mtllib Snap-Lok-16.mtl
# Vertex Positions: 
g groupNumber_0
v 13.9951 -0.704493 -16.9263
v 13.885 0.652697 -16.9263
v 13.8797 0.681888 -16.9263
v 13.8693 0.708917 -16.9263
v 13.8542 0.733251 -16.9263
v 13.8351 0.754357 -16.9263
v 13.8125 0.7717 -16.9263
v 13.787 0.784749 -16.9263
v 13.7592 0.792969 -16.9263
v 13.7297 0.795827 -16.9263
v 13.2749 0.795827 -16.9263
v 13.2452 0.793054 -16.9263
v 13.2175 0.785054 -16.9263
v 13.1921 0.772308 -16.9263
v 13.1697 0.755298 -16.9263
v 13.1507 0.734504 -16.9263
v 13.1357 0.710408 -16.9263
v 13.1252 0.68349 -16.9263
v 13.1198 0.654231 -16.9263
v 13.0303 -0.324293 -16.9263
v 13.0213 -0.391977 -16.9263
v 13.0072 -0.44984 -16.9263
v 12.9879 -0.498127 -16.9263
v 12.9633 -0.537084 -16.9263
v 12.933 -0.566956 -16.9263
v 12.897 -0.587989 -16.9263
v 12.8551 -0.600429 -16.9263
v 12.8069 -0.604521 -16.9263
v 11.5615 -0.604521 -16.9263
v 11.4377 -0.787812 -16.9263
v 7.84802 -0.787812 -16.9263
v 7.72637 -0.652473 -16.9263
v 5.53884 -0.652473 -16.9263
v 5.40926 -0.787812 -16.9263
v 1.80504 -0.787812 -16.9263
v 1.69459 -0.655265 -16.9263
v -0.513543 -0.655265 -16.9263
v -0.613876 -0.787812 -16.9263
v -4.27192 -0.787812 -16.9263
v -4.35354 -0.655265 -16.9263
v -6.57672 -0.655265 -16.9263
v -6.67105 -0.787812 -16.9263
v -10.3749 -0.787812 -16.9263
v -10.4033 -0.784942 -16.9263
v -10.4297 -0.776713 -16.9263
v -10.4537 -0.763696 -16.9263
v -10.4746 -0.746462 -16.9263
v -10.4918 -0.725583 -16.9263
v -10.5048 -0.70163 -16.9263
v -10.5131 -0.675173 -16.9263
v -10.5159 -0.646785 -16.9263
v -10.5113 -0.612941 -16.9263
v -10.4979 -0.582248 -16.9263
v -10.4768 -0.556254 -16.9263
v -10.449 -0.536507 -16.9263
v -10.2874 -0.452497 -16.9263
v -10.2628 -0.434906 -16.9263
v -10.2442 -0.411711 -16.9263
v -10.2325 -0.384529 -16.9263
v -10.2284 -0.354978 -16.9263
v -10.2304 -0.334324 -16.9263
v -10.3409 0.232751 -16.9263
v -10.3534 0.270931 -16.9263
v -10.3744 0.304417 -16.9263
v -10.4028 0.33185 -16.9263
v -10.4377 0.351871 -16.9263
v -10.5032 0.379535 -16.9263
v -10.5239 0.392066 -16.9263
v -10.5396 0.409634 -16.9263
v -10.5497 0.430984 -16.9263
v -10.5532 0.454858 -16.9263
v -10.5532 0.490744 -16.9263
v -10.5599 0.556362 -16.9263
v -10.5789 0.617515 -16.9263
v -10.609 0.672885 -16.9263
v -10.6488 0.721149 -16.9263
v -10.6971 0.760986 -16.9263
v -10.7525 0.791077 -16.9263
v -10.8136 0.8101 -16.9263
v -10.8792 0.816735 -16.9263
v -10.938 0.816735 -16.9263
v -10.9957 0.811357 -16.9263
v -11.0499 0.795846 -16.9263
v -11.0996 0.771134 -16.9263
v -11.1437 0.738152 -16.9263
v -11.1812 0.697834 -16.9263
v -11.2112 0.65111 -16.9263
v -11.2325 0.598914 -16.9263
v -11.244 0.542177 -16.9263
v -11.3379 -0.322293 -16.9263
v -11.3513 -0.420555 -16.9263
v -11.3682 -0.510024 -16.9263
v -11.391 -0.589371 -16.9263
v -11.4221 -0.657269 -16.9263
v -11.4641 -0.71239 -16.9263
v -11.5192 -0.753406 -16.9263
v -11.5901 -0.778989 -16.9263
v -11.6792 -0.787812 -16.9263
v -13.9951 -0.787812 -16.9263
v -13.9951 -0.805462 -16.9263
v -11.6792 -0.805462 -16.9263
v -11.6298 -0.803054 -16.9263
v -11.5854 -0.795971 -16.9263
v -11.5458 -0.784424 -16.9263
v -11.5106 -0.768626 -16.9263
v -11.4796 -0.748786 -16.9263
v -11.4524 -0.725117 -16.9263
v -11.4287 -0.69783 -16.9263
v -11.4081 -0.667136 -16.9263
v -11.3905 -0.633248 -16.9263
v -11.3753 -0.596376 -16.9263
v -11.3624 -0.556732 -16.9263
v -11.3515 -0.514527 -16.9263
v -11.3421 -0.469972 -16.9263
v -11.334 -0.42328 -16.9263
v -11.3268 -0.374661 -16.9263
v -11.3204 -0.324327 -16.9263
v -11.2265 0.540281 -16.9263
v -11.2156 0.593763 -16.9263
v -11.1955 0.642964 -16.9263
v -11.1673 0.687007 -16.9263
v -11.1319 0.725012 -16.9263
v -11.0903 0.756101 -16.9263
v -11.0435 0.779395 -16.9263
v -10.9924 0.794016 -16.9263
v -10.938 0.799085 -16.9263
v -10.8792 0.799085 -16.9263
v -10.8172 0.792809 -16.9263
v -10.7593 0.774816 -16.9263
v -10.707 0.746353 -16.9263
v -10.6613 0.708672 -16.9263
v -10.6236 0.663021 -16.9263
v -10.5952 0.610649 -16.9263
v -10.5772 0.552807 -16.9263
v -10.5709 0.490744 -16.9263
v -10.5709 0.454858 -16.9263
v -10.5666 0.425829 -16.9263
v -10.5543 0.39987 -16.9263
v -10.5352 0.378507 -16.9263
v -10.5101 0.363264 -16.9263
v -10.4445 0.3356 -16.9263
v -10.4135 0.317749 -16.9263
v -10.3881 0.293287 -16.9263
v -10.3694 0.263425 -16.9263
v -10.3582 0.229372 -16.9263
v -10.2477 -0.337703 -16.9263
v -10.2461 -0.355035 -16.9263
v -10.2495 -0.37982 -16.9263
v -10.2593 -0.402618 -16.9263
v -10.2749 -0.422077 -16.9263
v -10.2955 -0.436846 -16.9263
v -10.4571 -0.520856 -16.9263
v -10.4889 -0.543412 -16.9263
v -10.513 -0.573091 -16.9263
v -10.5283 -0.608134 -16.9263
v -10.5336 -0.646785 -16.9263
v -10.5303 -0.678722 -16.9263
v -10.5211 -0.708489 -16.9263
v -10.5064 -0.73544 -16.9263
v -10.487 -0.758933 -16.9263
v -10.4636 -0.778325 -16.9263
v -10.4366 -0.792972 -16.9263
v -10.4068 -0.802233 -16.9263
v -10.3749 -0.805462 -16.9263
v -6.66195 -0.805462 -16.9263
v -6.56761 -0.672915 -16.9263
v -4.3634 -0.672915 -16.9263
v -4.28178 -0.805462 -16.9263
v -0.605103 -0.805462 -16.9263
v -0.504753 -0.672915 -16.9263
v 1.68631 -0.672915 -16.9263
v 1.79676 -0.805462 -16.9263
v 5.41677 -0.805462 -16.9263
v 5.54635 -0.670123 -16.9263
v 7.71851 -0.670123 -16.9263
v 7.84016 -0.805462 -16.9263
v 11.4471 -0.805462 -16.9263
v 11.5708 -0.622171 -16.9263
v 12.8069 -0.622171 -16.9263
v 12.8718 -0.614657 -16.9263
v 12.9238 -0.593764 -16.9263
v 12.9644 -0.561962 -16.9263
v 12.995 -0.521726 -16.9263
v 13.0171 -0.475528 -16.9263
v 13.0323 -0.425839 -16.9263
v 13.0421 -0.375131 -16.9263
v 13.0479 -0.325879 -16.9263
v 13.1373 0.652628 -16.9263
v 13.1515 0.702436 -16.9263
v 13.1816 0.742239 -16.9263
v 13.224 0.768624 -16.9263
v 13.2749 0.778177 -16.9263
v 13.7297 0.778177 -16.9263
v 13.7805 0.768355 -16.9263
v 13.8232 0.741408 -16.9263
v 13.8535 0.701113 -16.9263
v 13.8674 0.651249 -16.9263
v 13.9771 -0.696873 -16.9263
v 13.971 -0.738965 -16.9263
v 13.9524 -0.768611 -16.9263
v 13.9209 -0.791216 -16.9263
v 13.8829 -0.799085 -16.9263
v 13.6078 -0.799085 -16.9263
v 13.6078 -0.816735 -16.9263
v 13.8829 -0.816735 -16.9263
v 13.9279 -0.807276 -16.9263
v 13.9654 -0.780573 -16.9263
v 13.9874 -0.745277 -16.9263
v 13.9951 -0.704493 16.9263
v 13.885 0.652697 16.9263
v 13.8797 0.681888 16.9263
v 13.8693 0.708917 16.9263
v 13.8542 0.733251 16.9263
v 13.8351 0.754357 16.9263
v 13.8125 0.7717 16.9263
v 13.787 0.784749 16.9263
v 13.7592 0.792969 16.9263
v 13.7297 0.795827 16.9263
v 13.2749 0.795827 16.9263
v 13.2452 0.793054 16.9263
v 13.2175 0.785054 16.9263
v 13.1921 0.772308 16.9263
v 13.1697 0.755298 16.9263
v 13.1507 0.734504 16.9263
v 13.1357 0.710408 16.9263
v 13.1252 0.68349 16.9263
v 13.1198 0.654231 16.9263
v 13.0303 -0.324293 16.9263
v 13.0213 -0.391977 16.9263
v 13.0072 -0.44984 16.9263
v 12.9879 -0.498127 16.9263
v 12.9633 -0.537084 16.9263
v 12.933 -0.566956 16.9263
v 12.897 -0.587989 16.9263
v 12.8551 -0.600429 16.9263
v 12.8069 -0.604521 16.9263
v 11.5615 -0.604521 16.9263
v 11.4377 -0.787812 16.9263
v 7.84802 -0.787812 16.9263
v 7.72637 -0.652473 16.9263
v 5.53884 -0.652473 16.9263
v 5.40926 -0.787812 16.9263
v 1.80504 -0.787812 16.9263
v 1.69459 -0.655265 16.9263
v -0.513543 -0.655265 16.9263
v -0.613876 -0.787812 16.9263
v -4.27192 -0.787812 16.9263
v -4.35354 -0.655265 16.9263
v -6.57672 -0.655265 16.9263
v -6.67105 -0.787812 16.9263
v -10.3749 -0.787812 16.9263
v -10.4033 -0.784942 16.9263
v -10.4297 -0.776713 16.9263
v -10.4537 -0.763696 16.9263
v -10.4746 -0.746462 16.9263
v -10.4918 -0.725583 16.9263
v -10.5048 -0.70163 16.9263
v -10.5131 -0.675173 16.9263
v -10.5159 -0.646785 16.9263
v -10.5113 -0.612941 16.9263
v -10.4979 -0.582248 16.9263
v -10.4768 -0.556254 16.9263
v -10.449 -0.536507 16.9263
v -10.2874 -0.452497 16.9263
v -10.2628 -0.434906 16.9263
v -10.2442 -0.411711 16.9263
v -10.2325 -0.384529 16.9263
v -10.2284 -0.354978 16.9263
v -10.2304 -0.334324 16.9263
v -10.3409 0.232751 16.9263
v -10.3534 0.270931 16.9263
v -10.3744 0.304417 16.9263
v -10.4028 0.33185 16.9263
v -10.4377 0.351871 16.9263
v -10.5032 0.379535 16.9263
v -10.5239 0.392066 16.9263
v -10.5396 0.409634 16.9263
v -10.5497 0.430984 16.9263
v -10.5532 0.454858 16.9263
v -10.5532 0.490744 16.9263
v -10.5599 0.556362 16.9263
v -10.5789 0.617515 16.9263
v -10.609 0.672885 16.9263
v -10.6488 0.721149 16.9263
v -10.6971 0.760986 16.9263
v -10.7525 0.791077 16.9263
v -10.8136 0.8101 16.9263
v -10.8792 0.816735 16.9263
v -10.938 0.816735 16.9263
v -10.9957 0.811357 16.9263
v -11.0499 0.795846 16.9263
v -11.0996 0.771134 16.9263
v -11.1437 0.738152 16.9263
v -11.1812 0.697834 16.9263
v -11.2112 0.65111 16.9263
v -11.2325 0.598914 16.9263
v -11.244 0.542177 16.9263
v -11.3379 -0.322293 16.9263
v -11.3513 -0.420555 16.9263
v -11.3682 -0.510024 16.9263
v -11.391 -0.589371 16.9263
v -11.4221 -0.657269 16.9263
v -11.4641 -0.71239 16.9263
v -11.5192 -0.753406 16.9263
v -11.5901 -0.778989 16.9263
v -11.6792 -0.787812 16.9263
v -13.9951 -0.787812 16.9263
v -13.9951 -0.805462 16.9263
v -11.6792 -0.805462 16.9263
v -11.6298 -0.803054 16.9263
v -11.5854 -0.795971 16.9263
v -11.5458 -0.784424 16.9263
v -11.5106 -0.768626 16.9263
v -11.4796 -0.748786 16.9263
v -11.4524 -0.725117 16.9263
v -11.4287 -0.69783 16.9263
v -11.4081 -0.667136 16.9263
v -11.3905 -0.633248 16.9263
v -11.3753 -0.596376 16.9263
v -11.3624 -0.556732 16.9263
v -11.3515 -0.514527 16.9263
v -11.3421 -0.469972 16.9263
v -11.334 -0.42328 16.9263
v -11.3268 -0.374661 16.9263
v -11.3204 -0.324327 16.9263
v -11.2265 0.540281 16.9263
v -11.2156 0.593763 16.9263
v -11.1955 0.642964 16.9263
v -11.1673 0.687007 16.9263
v -11.1319 0.725012 16.9263
v -11.0903 0.756101 16.9263
v -11.0435 0.779395 16.9263
v -10.9924 0.794016 16.9263
v -10.938 0.799085 16.9263
v -10.8792 0.799085 16.9263
v -10.8172 0.792809 16.9263
v -10.7593 0.774816 16.9263
v -10.707 0.746353 16.9263
v -10.6613 0.708672 16.9263
v -10.6236 0.663021 16.9263
v -10.5952 0.610649 16.9263
v -10.5772 0.552807 16.9263
v -10.5709 0.490744 16.9263
v -10.5709 0.454858 16.9263
v -10.5666 0.425829 16.9263
v -10.5543 0.39987 16.9263
v -10.5352 0.378507 16.9263
v -10.5101 0.363264 16.9263
v -10.4445 0.3356 16.9263
v -10.4135 0.317749 16.9263
v -10.3881 0.293287 16.9263
v -10.3694 0.263425 16.9263
v -10.3582 0.229372 16.9263
v -10.2477 -0.337703 16.9263
v -10.2461 -0.355035 16.9263
v -10.2495 -0.37982 16.9263
v -10.2593 -0.402618 16.9263
v -10.2749 -0.422077 16.9263
v -10.2955 -0.436846 16.9263
v -10.4571 -0.520856 16.9263
v -10.4889 -0.543412 16.9263
v -10.513 -0.573091 16.9263
v -10.5283 -0.608134 16.9263
v -10.5336 -0.646785 16.9263
v -10.5303 -0.678722 16.9263
v -10.5211 -0.708489 16.9263
v -10.5064 -0.73544 16.9263
v -10.487 -0.758933 16.9263
v -10.4636 -0.778325 16.9263
v -10.4366 -0.792972 16.9263
v -10.4068 -0.802233 16.9263
v -10.3749 -0.805462 16.9263
v -6.66195 -0.805462 16.9263
v -6.56761 -0.672915 16.9263
v -4.3634 -0.672915 16.9263
v -4.28178 -0.805462 16.9263
v -0.605103 -0.805462 16.9263
v -0.504753 -0.672915 16.9263
v 1.68631 -0.672915 16.9263
v 1.79676 -0.805462 16.9263
v 5.41677 -0.805462 16.9263
v 5.54635 -0.670123 16.9263
v 7.71851 -0.670123 16.9263
v 7.84016 -0.805462 16.9263
v 11.4471 -0.805462 16.9263
v 11.5708 -0.622171 16.9263
v 12.8069 -0.622171 16.9263
v 12.8718 -0.614657 16.9263
v 12.9238 -0.593764 16.9263
v 12.9644 -0.561962 16.9263
v 12.995 -0.521726 16.9263
v 13.0171 -0.475528 16.9263
v 13.0323 -0.425839 16.9263
v 13.0421 -0.375131 16.9263
v 13.0479 -0.325879 16.9263
v 13.1373 0.652628 16.9263
v 13.1515 0.702436 16.9263
v 13.1816 0.742239 16.9263
v 13.224 0.768624 16.9263
v 13.2749 0.778177 16.9263
v 13.7297 0.778177 16.9263
v 13.7805 0.768355 16.9263
v 13.8232 0.741408 16.9263
v 13.8535 0.701113 16.9263
v 13.8674 0.651249 16.9263
v 13.9771 -0.696873 16.9263
v 13.971 -0.738965 16.9263
v 13.9524 -0.768611 16.9263
v 13.9209 -0.791216 16.9263
v 13.8829 -0.799085 16.9263
v 13.6078 -0.799085 16.9263
v 13.6078 -0.816735 16.9263
v 13.8829 -0.816735 16.9263
v 13.9279 -0.807276 16.9263
v 13.9654 -0.780573 16.9263
v 13.9874 -0.745277 16.9263
v 13.94 -0.0258981 0
v 13.8824 0.667292 0
v 13.8745 0.695403 0
v 13.8618 0.721084 0
v 13.8447 0.743804 0
v 13.8238 0.763028 0
v 13.7998 0.778224 0
v 13.7731 0.788859 0
v 13.7445 0.794398 0
v 13.5023 0.795827 0
v 13.2601 0.79444 0
v 13.2314 0.789054 0
v 13.2048 0.778681 0
v 13.1809 0.763803 0
v 13.1602 0.744901 0
v 13.1432 0.722456 0
v 13.1304 0.696949 0
v 13.1225 0.66886 0
v 13.075 0.164969 0
v 13.0258 -0.358135 0
v 13.0142 -0.420909 0
v 12.9976 -0.473984 0
v 12.9756 -0.517606 0
v 12.9482 -0.55202 0
v 12.915 -0.577473 0
v 12.8761 -0.594209 0
v 12.831 -0.602475 0
v 12.1842 -0.604521 0
v 11.4996 -0.696167 0
v 9.64286 -0.787812 0
v 7.7872 -0.720142 0
v 6.6326 -0.652473 0
v 5.47405 -0.720142 0
v 3.60715 -0.787812 0
v 1.74981 -0.721539 0
v 0.590521 -0.655265 0
v -0.56371 -0.721539 0
v -2.4429 -0.787812 0
v -4.31273 -0.721539 0
v -5.46513 -0.655265 0
v -6.62388 -0.721539 0
v -8.52297 -0.787812 0
v -10.3891 -0.786377 0
v -10.4165 -0.780828 0
v -10.4417 -0.770205 0
v -10.4641 -0.755079 0
v -10.4832 -0.736023 0
v -10.4983 -0.713606 0
v -10.5089 -0.688401 0
v -10.5145 -0.660979 0
v -10.5136 -0.629863 0
v -10.5046 -0.597594 0
v -10.4874 -0.569251 0
v -10.4629 -0.54638 0
v -10.3682 -0.494502 0
v -10.2751 -0.443701 0
v -10.2535 -0.423308 0
v -10.2384 -0.39812 0
v -10.2305 -0.369753 0
v -10.2294 -0.344651 0
v -10.2857 -0.0507868 0
v -10.3471 0.251841 0
v -10.3639 0.287674 0
v -10.3886 0.318134 0
v -10.4202 0.341861 0
v -10.4704 0.365703 0
v -10.5135 0.3858 0
v -10.5317 0.40085 0
v -10.5447 0.420309 0
v -10.5515 0.442921 0
v -10.5532 0.472801 0
v -10.5566 0.523553 0
v -10.5694 0.586939 0
v -10.5939 0.6452 0
v -10.6289 0.697017 0
v -10.673 0.741067 0
v -10.7248 0.776032 0
v -10.7831 0.800589 0
v -10.8464 0.813418 0
v -10.9086 0.816735 0
v -10.9669 0.814046 0
v -11.0228 0.803602 0
v -11.0747 0.78349 0
v -11.1216 0.754643 0
v -11.1625 0.717993 0
v -11.1962 0.674472 0
v -11.2218 0.625012 0
v -11.2382 0.570546 0
v -11.291 0.109942 0
v -11.3446 -0.371424 0
v -11.3598 -0.465289 0
v -11.3796 -0.549697 0
v -11.4066 -0.62332 0
v -11.4431 -0.684829 0
v -11.4917 -0.732898 0
v -11.5547 -0.766198 0
v -11.6347 -0.783401 0
v -12.8371 -0.787812 0
v -13.9951 -0.796637 0
v -12.8371 -0.805462 0
v -11.6545 -0.804258 0
v -11.6076 -0.799513 0
v -11.5656 -0.790198 0
v -11.5282 -0.776525 0
v -11.4951 -0.758706 0
v -11.466 -0.736951 0
v -11.4405 -0.711473 0
v -11.4184 -0.682483 0
v -11.3993 -0.650192 0
v -11.3829 -0.614812 0
v -11.3689 -0.576554 0
v -11.3569 -0.535629 0
v -11.3468 -0.492249 0
v -11.338 -0.446626 0
v -11.3304 -0.398971 0
v -11.3236 -0.349494 0
v -11.2734 0.107977 0
v -11.221 0.567022 0
v -11.2055 0.618363 0
v -11.1814 0.664985 0
v -11.1496 0.706009 0
v -11.1111 0.740556 0
v -11.0669 0.767748 0
v -11.0179 0.786705 0
v -10.9652 0.79655 0
v -10.9086 0.799085 0
v -10.8482 0.795947 0
v -10.7883 0.783812 0
v -10.7331 0.760584 0
v -10.6841 0.727512 0
v -10.6425 0.685846 0
v -10.6094 0.636835 0
v -10.5862 0.581728 0
v -10.574 0.521776 0
v -10.5709 0.472801 0
v -10.5687 0.440343 0
v -10.5605 0.412849 0
v -10.5448 0.389188 0
v -10.5226 0.370885 0
v -10.4773 0.349432 0
v -10.429 0.326674 0
v -10.4008 0.305518 0
v -10.3787 0.278356 0
v -10.3638 0.246399 0
v -10.303 -0.0541652 0
v -10.2469 -0.346369 0
v -10.2478 -0.367428 0
v -10.2544 -0.391219 0
v -10.2671 -0.412348 0
v -10.2852 -0.429462 0
v -10.3763 -0.478851 0
v -10.473 -0.532134 0
v -10.501 -0.558251 0
v -10.5206 -0.590613 0
v -10.5309 -0.627459 0
v -10.532 -0.662754 0
v -10.5257 -0.693605 0
v -10.5138 -0.721964 0
v -10.4967 -0.747186 0
v -10.4753 -0.768629 0
v -10.4501 -0.785649 0
v -10.4217 -0.797602 0
v -10.3909 -0.803847 0
v -8.51842 -0.805462 0
v -6.61478 -0.739189 0
v -5.46551 -0.672915 0
v -4.32259 -0.739189 0
v -2.44344 -0.805462 0
v -0.554928 -0.739189 0
v 0.59078 -0.672915 0
v 1.74154 -0.739189 0
v 3.60677 -0.805462 0
v 5.48156 -0.737792 0
v 6.63243 -0.670123 0
v 7.77934 -0.737792 0
v 9.64362 -0.805462 0
v 11.509 -0.713817 0
v 12.1889 -0.622171 0
v 12.8394 -0.618414 0
v 12.8978 -0.60421 0
v 12.9441 -0.577863 0
v 12.9797 -0.541844 0
v 13.006 -0.498627 0
v 13.0247 -0.450683 0
v 13.0372 -0.400485 0
v 13.045 -0.350505 0
v 13.0926 0.163375 0
v 13.1444 0.677532 0
v 13.1665 0.722338 0
v 13.2028 0.755432 0
v 13.2494 0.773401 0
v 13.5023 0.778177 0
v 13.7551 0.773266 0
v 13.8019 0.754881 0
v 13.8383 0.72126 0
v 13.8604 0.676181 0
v 13.9223 -0.0228123 0
v 13.9741 -0.717919 0
v 13.9617 -0.753788 0
v 13.9366 -0.779914 0
v 13.9019 -0.795151 0
v 13.7453 -0.799085 0
v 13.6078 -0.80791 0
v 13.7453 -0.816735 0
v 13.9054 -0.812006 0
v 13.9466 -0.793925 0
v 13.9764 -0.762925 0
v 13.9912 -0.724885 0


# Vertex Texture Coordinates :
vt 0.398925 0.00159965
vt 0.397356 0.020942
vt 0.397281 0.0213581
vt 0.397132 0.0217433
vt 0.396917 0.0220901
vt 0.396645 0.0223909
vt 0.396323 0.022638
vt 0.39596 0.022824
vt 0.395564 0.0229412
vt 0.395143 0.0229819
vt 0.388661 0.0229819
vt 0.388238 0.0229424
vt 0.387842 0.0228284
vt 0.387481 0.0226467
vt 0.387161 0.0224043
vt 0.386891 0.0221079
vt 0.386677 0.0217645
vt 0.386527 0.0213809
vt 0.38645 0.0209639
vt 0.385175 0.00701818
vt 0.385046 0.00605356
vt 0.384845 0.00522891
vt 0.384571 0.00454073
vt 0.38422 0.00398553
vt 0.383789 0.00355979
vt 0.383276 0.00326003
vt 0.382677 0.00308274
vt 0.381991 0.00302443
vt 0.364241 0.00302443
vt 0.362477 0.000412198
vt 0.311318 0.000412198
vt 0.309584 0.00234103
vt 0.278408 0.00234103
vt 0.276561 0.000412198
vt 0.225195 0.000412198
vt 0.223621 0.00230124
vt 0.192151 0.00230124
vt 0.190721 0.000412198
vt 0.138587 0.000412198
vt 0.137424 0.00230124
vt 0.10574 0.00230124
vt 0.104395 0.000412198
vt 0.0516088 0.000412198
vt 0.0512043 0.000453101
vt 0.0508272 0.00057038
vt 0.0504858 0.000755897
vt 0.0501883 0.00100151
vt 0.0499426 0.00129908
vt 0.0497571 0.00164046
vt 0.0496399 0.00201751
vt 0.0495989 0.0024221
vt 0.0496653 0.00290443
vt 0.0498554 0.00334186
vt 0.0501559 0.00371233
vt 0.0505533 0.00399376
vt 0.0528558 0.00519105
vt 0.0532068 0.00544175
vt 0.0534713 0.00577232
vt 0.0536382 0.00615971
vt 0.0536963 0.00658086
vt 0.0536679 0.00687521
vt 0.0520933 0.0149571
vt 0.0519156 0.0155012
vt 0.0516162 0.0159784
vt 0.0512106 0.0163694
vt 0.0507144 0.0166547
vt 0.0497797 0.017049
vt 0.0494858 0.0172276
vt 0.0492611 0.017478
vt 0.0491176 0.0177822
vt 0.0490671 0.0181225
vt 0.0490671 0.0186339
vt 0.0489726 0.0195691
vt 0.0487014 0.0204406
vt 0.0482725 0.0212298
vt 0.0477047 0.0219176
vt 0.0470168 0.0224854
vt 0.0462277 0.0229142
vt 0.0453561 0.0231853
vt 0.0444209 0.0232799
vt 0.0435833 0.0232799
vt 0.0427615 0.0232032
vt 0.0419892 0.0229822
vt 0.0412811 0.02263
vt 0.0406521 0.0221599
vt 0.0401169 0.0215853
vt 0.0396903 0.0209194
vt 0.0393871 0.0201755
vt 0.0392223 0.0193669
vt 0.0378845 0.00704668
vt 0.037693 0.00564627
vt 0.0374524 0.00437119
vt 0.0371277 0.00324035
vt 0.036684 0.00227268
vt 0.0360863 0.00148711
vt 0.0352997 0.000902551
vt 0.0342893 0.000537941
vt 0.0330201 0.000412198
vt 1.47774e-05 0.000412198
vt 1.47774e-05 0.000160654
vt 0.0330201 0.000160654
vt 0.0337248 0.000194973
vt 0.0343571 0.000295919
vt 0.0349216 0.000460481
vt 0.0354226 0.000685644
vt 0.0358648 0.000968395
vt 0.0362527 0.00130572
vt 0.0365907 0.00169461
vt 0.0368834 0.00213205
vt 0.0371353 0.00261502
vt 0.0373509 0.00314051
vt 0.0375347 0.00370551
vt 0.0376911 0.00430701
vt 0.0378248 0.00494199
vt 0.0379402 0.00560744
vt 0.0380419 0.00630034
vt 0.0381343 0.00701769
vt 0.0394723 0.0193399
vt 0.0396278 0.0201021
vt 0.0399136 0.0208033
vt 0.0403157 0.021431
vt 0.0408202 0.0219727
vt 0.0414132 0.0224157
vt 0.0420807 0.0227477
vt 0.0428087 0.0229561
vt 0.0435833 0.0230283
vt 0.0444209 0.0230283
vt 0.0453055 0.0229389
vt 0.0461299 0.0226824
vt 0.0468764 0.0222768
vt 0.047527 0.0217398
vt 0.048064 0.0210892
vt 0.0484697 0.0203428
vt 0.0487261 0.0195184
vt 0.0488156 0.0186339
vt 0.0488156 0.0181225
vt 0.048877 0.0177088
vt 0.0490515 0.0173388
vt 0.0493246 0.0170343
vt 0.049682 0.0168171
vt 0.0506167 0.0164228
vt 0.0510591 0.0161684
vt 0.0514208 0.0158198
vt 0.0516878 0.0153942
vt 0.0518461 0.0149089
vt 0.053421 0.00682707
vt 0.0534448 0.00658006
vt 0.0533961 0.00622681
vt 0.0532561 0.00590191
vt 0.0530342 0.00562458
vt 0.0527398 0.0054141
vt 0.0504373 0.0042168
vt 0.0499834 0.00389534
vt 0.0496402 0.00347237
vt 0.0494232 0.00297293
vt 0.0493474 0.0024221
vt 0.0493934 0.00196692
vt 0.0495254 0.0015427
vt 0.0497342 0.0011586
vt 0.0500105 0.000823782
vt 0.0503454 0.000547412
vt 0.0507295 0.000338657
vt 0.0511537 0.000206683
vt 0.0516088 0.000160654
vt 0.104525 0.000160654
vt 0.105869 0.00204969
vt 0.137283 0.00204969
vt 0.138447 0.000160654
vt 0.190846 0.000160654
vt 0.192276 0.00204969
vt 0.223503 0.00204969
vt 0.225077 0.000160654
vt 0.276668 0.000160654
vt 0.278515 0.00208949
vt 0.309472 0.00208949
vt 0.311206 0.000160654
vt 0.362611 0.000160654
vt 0.364375 0.00277288
vt 0.381991 0.00277288
vt 0.382917 0.00287997
vt 0.383657 0.00317774
vt 0.384235 0.00363096
vt 0.384671 0.0042044
vt 0.384987 0.00486281
vt 0.385204 0.00557097
vt 0.385343 0.00629364
vt 0.385426 0.00699558
vt 0.3867 0.0209411
vt 0.386902 0.0216509
vt 0.387331 0.0222182
vt 0.387935 0.0225942
vt 0.388661 0.0227304
vt 0.395143 0.0227304
vt 0.395867 0.0225904
vt 0.396475 0.0222063
vt 0.396907 0.0216321
vt 0.397105 0.0209214
vt 0.398669 0.00170824
vt 0.398582 0.00110836
vt 0.398316 0.000685851
vt 0.397867 0.000363683
vt 0.397326 0.000251544
vt 0.393406 0.000251544
vt 0.393406 0
vt 0.397326 0
vt 0.397967 0.0001348
vt 0.398501 0.000515371
vt 0.398815 0.00101841
vt 0.404853 0.00159965
vt 0.406422 0.020942
vt 0.406496 0.0213581
vt 0.406645 0.0217433
vt 0.40686 0.0220901
vt 0.407132 0.0223909
vt 0.407454 0.022638
vt 0.407818 0.022824
vt 0.408214 0.0229412
vt 0.408634 0.0229819
vt 0.415117 0.0229819
vt 0.415539 0.0229424
vt 0.415935 0.0228284
vt 0.416296 0.0226467
vt 0.416616 0.0224043
vt 0.416887 0.0221079
vt 0.4171 0.0217645
vt 0.41725 0.0213809
vt 0.417327 0.0209639
vt 0.418602 0.00701818
vt 0.418731 0.00605356
vt 0.418932 0.00522891
vt 0.419206 0.00454073
vt 0.419558 0.00398553
vt 0.419988 0.00355979
vt 0.420502 0.00326003
vt 0.4211 0.00308274
vt 0.421786 0.00302443
vt 0.439536 0.00302443
vt 0.4413 0.000412198
vt 0.492459 0.000412198
vt 0.494193 0.00234103
vt 0.525369 0.00234103
vt 0.527216 0.000412198
vt 0.578582 0.000412198
vt 0.580157 0.00230124
vt 0.611626 0.00230124
vt 0.613056 0.000412198
vt 0.66519 0.000412198
vt 0.666353 0.00230124
vt 0.698037 0.00230124
vt 0.699382 0.000412198
vt 0.752168 0.000412198
vt 0.752573 0.000453101
vt 0.75295 0.00057038
vt 0.753291 0.000755897
vt 0.753589 0.00100151
vt 0.753835 0.00129908
vt 0.75402 0.00164046
vt 0.754137 0.00201751
vt 0.754178 0.0024221
vt 0.754112 0.00290443
vt 0.753922 0.00334186
vt 0.753621 0.00371233
vt 0.753224 0.00399376
vt 0.750921 0.00519105
vt 0.75057 0.00544175
vt 0.750306 0.00577232
vt 0.750139 0.00615971
vt 0.750081 0.00658086
vt 0.750109 0.00687521
vt 0.751684 0.0149571
vt 0.751862 0.0155012
vt 0.752161 0.0159784
vt 0.752567 0.0163694
vt 0.753063 0.0166547
vt 0.753997 0.017049
vt 0.754291 0.0172276
vt 0.754516 0.017478
vt 0.75466 0.0177822
vt 0.75471 0.0181225
vt 0.75471 0.0186339
vt 0.754805 0.0195691
vt 0.755076 0.0204406
vt 0.755505 0.0212298
vt 0.756072 0.0219176
vt 0.75676 0.0224854
vt 0.757549 0.0229142
vt 0.758421 0.0231853
vt 0.759356 0.0232799
vt 0.760194 0.0232799
vt 0.761016 0.0232032
vt 0.761788 0.0229822
vt 0.762496 0.02263
vt 0.763125 0.0221599
vt 0.76366 0.0215853
vt 0.764087 0.0209194
vt 0.76439 0.0201755
vt 0.764555 0.0193669
vt 0.765893 0.00704668
vt 0.766084 0.00564627
vt 0.766325 0.00437119
vt 0.766649 0.00324035
vt 0.767093 0.00227268
vt 0.767691 0.00148711
vt 0.768477 0.000902551
vt 0.769488 0.000537941
vt 0.770757 0.000412198
vt 0.803762 0.000412198
vt 0.803762 0.000160654
vt 0.770757 0.000160654
vt 0.770052 0.000194973
vt 0.76942 0.000295919
vt 0.768856 0.000460481
vt 0.768355 0.000685644
vt 0.767912 0.000968395
vt 0.767524 0.00130572
vt 0.767186 0.00169461
vt 0.766894 0.00213205
vt 0.766642 0.00261502
vt 0.766426 0.00314051
vt 0.766243 0.00370551
vt 0.766086 0.00430701
vt 0.765952 0.00494199
vt 0.765837 0.00560744
vt 0.765735 0.00630034
vt 0.765643 0.00701769
vt 0.764305 0.0193399
vt 0.764149 0.0201021
vt 0.763864 0.0208033
vt 0.763461 0.021431
vt 0.762957 0.0219727
vt 0.762364 0.0224157
vt 0.761697 0.0227477
vt 0.760969 0.0229561
vt 0.760194 0.0230283
vt 0.759356 0.0230283
vt 0.758472 0.0229389
vt 0.757647 0.0226824
vt 0.756901 0.0222768
vt 0.75625 0.0217398
vt 0.755713 0.0210892
vt 0.755307 0.0203428
vt 0.755051 0.0195184
vt 0.754962 0.0186339
vt 0.754962 0.0181225
vt 0.7549 0.0177088
vt 0.754726 0.0173388
vt 0.754453 0.0170343
vt 0.754095 0.0168171
vt 0.753161 0.0164228
vt 0.752718 0.0161684
vt 0.752356 0.0158198
vt 0.752089 0.0153942
vt 0.751931 0.0149089
vt 0.750356 0.00682707
vt 0.750332 0.00658006
vt 0.750381 0.00622681
vt 0.750521 0.00590191
vt 0.750743 0.00562458
vt 0.751037 0.0054141
vt 0.75334 0.0042168
vt 0.753794 0.00389534
vt 0.754137 0.00347237
vt 0.754354 0.00297293
vt 0.75443 0.0024221
vt 0.754384 0.00196692
vt 0.754252 0.0015427
vt 0.754043 0.0011586
vt 0.753767 0.000823782
vt 0.753432 0.000547412
vt 0.753048 0.000338657
vt 0.752624 0.000206683
vt 0.752168 0.000160654
vt 0.699252 0.000160654
vt 0.697908 0.00204969
vt 0.666494 0.00204969
vt 0.665331 0.000160654
vt 0.612931 0.000160654
vt 0.611501 0.00204969
vt 0.580274 0.00204969
vt 0.5787 0.000160654
vt 0.527109 0.000160654
vt 0.525262 0.00208949
vt 0.494305 0.00208949
vt 0.492571 0.000160654
vt 0.441166 0.000160654
vt 0.439402 0.00277288
vt 0.421786 0.00277288
vt 0.420861 0.00287997
vt 0.42012 0.00317774
vt 0.419542 0.00363096
vt 0.419106 0.0042044
vt 0.41879 0.00486281
vt 0.418574 0.00557097
vt 0.418434 0.00629364
vt 0.418351 0.00699558
vt 0.417077 0.0209411
vt 0.416876 0.0216509
vt 0.416446 0.0222182
vt 0.415842 0.0225942
vt 0.415117 0.0227304
vt 0.408634 0.0227304
vt 0.40791 0.0225904
vt 0.407302 0.0222063
vt 0.40687 0.0216321
vt 0.406672 0.0209214
vt 0.405108 0.00170824
vt 0.405195 0.00110836
vt 0.405461 0.000685851
vt 0.40591 0.000363683
vt 0.406452 0.000251544
vt 0.410372 0.000251544
vt 0.410372 0
vt 0.406452 0
vt 0.40581 0.0001348
vt 0.405276 0.000515371
vt 0.404962 0.00101841
vt 0 0.0291904
vt 0.0194059 0.0291904
vt 0.0198286 0.0291904
vt 0.0202416 0.0291904
vt 0.0206495 0.0291904
vt 0.0210554 0.0291904
vt 0.0214613 0.0291904
vt 0.0218693 0.0291904
vt 0.0222823 0.0291904
vt 0.0227051 0.0291904
vt 0.0291872 0.0291904
vt 0.0296116 0.0291904
vt 0.0300234 0.0291904
vt 0.030428 0.0291904
vt 0.0308293 0.0291904
vt 0.0312305 0.0291904
vt 0.031635 0.0291904
vt 0.0320467 0.0291904
vt 0.0324709 0.0291904
vt 0.0464747 0.0291904
vt 0.047448 0.0291904
vt 0.0482966 0.0291904
vt 0.0490376 0.0291904
vt 0.0496946 0.0291904
vt 0.0503002 0.0291904
vt 0.0508945 0.0291904
vt 0.0515185 0.0291904
vt 0.0522071 0.0291904
vt 0.0699572 0.0291904
vt 9.72528e-06 0.51754
vt 0.00316164 0.51754
vt 0.00910451 0.51754
vt 0.0602638 0.51754
vt 0.0662503 0.51754
vt 0.0688438 0.51754
vt 0.0758699 0.0291904
vt 0.107046 0.0291904
vt 0.0758705 0.51754
vt 0.0785409 0.51754
vt 0.113008 0.0291904
vt 0.164374 0.0291904
vt 0.0844569 0.51754
vt 0.0869159 0.51754
vt 0.113003 0.51754
vt 0.144473 0.51754
vt 0.150463 0.51754
vt 0.152832 0.51754
vt 0.17034 0.0291904
vt 0.222474 0.0291904
vt 0.158784 0.51754
vt 0.161002 0.51754
vt 0.170318 0.51754
vt 0.202002 0.51754
vt 0.0928312 0.51754
vt 0.0951498 0.51754
vt 0.228419 0.0291904
vt 0.281206 0.0291904
vt 0.281612 0.0291904
vt 0.282007 0.0291904
vt 0.282396 0.0291904
vt 0.282782 0.0291904
vt 0.283167 0.0291904
vt 0.283556 0.0291904
vt 0.283951 0.0291904
vt 0.284357 0.0291904
vt 0.284844 0.0291904
vt 0.285321 0.0291904
vt 0.285798 0.0291904
vt 0.286285 0.0291904
vt 0.28888 0.0291904
vt 0.289312 0.0291904
vt 0.289735 0.0291904
vt 0.290157 0.0291904
vt 0.290582 0.0291904
vt 0.290878 0.0291904
vt 0.299112 0.0291904
vt 0.299684 0.0291904
vt 0.300247 0.0291904
vt 0.300811 0.0291904
vt 0.301383 0.0291904
vt 0.302398 0.0291904
vt 0.302742 0.0291904
vt 0.303078 0.0291904
vt 0.303414 0.0291904
vt 0.303758 0.0291904
vt 0.30427 0.0291904
vt 0.30521 0.0291904
vt 0.306122 0.0291904
vt 0.307021 0.0291904
vt 0.307913 0.0291904
vt 0.308804 0.0291904
vt 0.309703 0.0291904
vt 0.310615 0.0291904
vt 0.311555 0.0291904
vt 0.312393 0.0291904
vt 0.313218 0.0291904
vt 0.314022 0.0291904
vt 0.314812 0.0291904
vt 0.315598 0.0291904
vt 0.316383 0.0291904
vt 0.317174 0.0291904
vt 0.317977 0.0291904
vt 0.318802 0.0291904
vt 0.331195 0.0291904
vt 0.332608 0.0291904
vt 0.333906 0.0291904
vt 0.335083 0.0291904
vt 0.336147 0.0291904
vt 0.337134 0.0291904
vt 0.338114 0.0291904
vt 0.339188 0.0291904
vt 0.340464 0.0291904
vt 0.373469 0.0291904
vt 0.101109 0.51754
vt 0.10136 0.51754
vt 0.379415 0.0291904
vt 0.41242 0.0291904
vt 0.413126 0.0291904
vt 0.413766 0.0291904
vt 0.414354 0.0291904
vt 0.414903 0.0291904
vt 0.415428 0.0291904
vt 0.415942 0.0291904
vt 0.416458 0.0291904
vt 0.416984 0.0291904
vt 0.417529 0.0291904
vt 0.418097 0.0291904
vt 0.418691 0.0291904
vt 0.419312 0.0291904
vt 0.419961 0.0291904
vt 0.420637 0.0291904
vt 0.421337 0.0291904
vt 0.42206 0.0291904
vt 0.434455 0.0291904
vt 0.435233 0.0291904
vt 0.43599 0.0291904
vt 0.436735 0.0291904
vt 0.437476 0.0291904
vt 0.438216 0.0291904
vt 0.438961 0.0291904
vt 0.439719 0.0291904
vt 0.440497 0.0291904
vt 0.441334 0.0291904
vt 0.442223 0.0291904
vt 0.443087 0.0291904
vt 0.443936 0.0291904
vt 0.44478 0.0291904
vt 0.445623 0.0291904
vt 0.446473 0.0291904
vt 0.447336 0.0291904
vt 0.448225 0.0291904
vt 0.448737 0.0291904
vt 0.449155 0.0291904
vt 0.449564 0.0291904
vt 0.449973 0.0291904
vt 0.450391 0.0291904
vt 0.451406 0.0291904
vt 0.451916 0.0291904
vt 0.452418 0.0291904
vt 0.452921 0.0291904
vt 0.453431 0.0291904
vt 0.461665 0.0291904
vt 0.461913 0.0291904
vt 0.46227 0.0291904
vt 0.462624 0.0291904
vt 0.462979 0.0291904
vt 0.463341 0.0291904
vt 0.465936 0.0291904
vt 0.466492 0.0291904
vt 0.467037 0.0291904
vt 0.467581 0.0291904
vt 0.468138 0.0291904
vt 0.468595 0.0291904
vt 0.469039 0.0291904
vt 0.469476 0.0291904
vt 0.469911 0.0291904
vt 0.470345 0.0291904
vt 0.470782 0.0291904
vt 0.471226 0.0291904
vt 0.471684 0.0291904
vt 0.5246 0.0291904
vt 0.20791 0.51754
vt 0.210229 0.51754
vt 0.228404 0.51754
vt 0.259818 0.51754
vt 0.216147 0.51754
vt 0.218365 0.51754
vt 0.265734 0.51754
vt 0.318133 0.51754
vt 0.324083 0.51754
vt 0.326452 0.51754
vt 0.332446 0.51754
vt 0.363673 0.51754
vt 0.369622 0.51754
vt 0.372081 0.51754
vt 0.37945 0.51754
vt 0.431041 0.51754
vt 0.437009 0.51754
vt 0.439679 0.51754
vt 0.445599 0.51754
vt 0.476556 0.51754
vt 0.482513 0.51754
vt 0.485107 0.51754
vt 0.530547 0.0291904
vt 0.581952 0.0291904
vt 0.491068 0.51754
vt 0.49422 0.51754
vt 0.587917 0.0291904
vt 0.605534 0.0291904
vt 0.606465 0.0291904
vt 0.607263 0.0291904
vt 0.607998 0.0291904
vt 0.608718 0.0291904
vt 0.609448 0.0291904
vt 0.610189 0.0291904
vt 0.610925 0.0291904
vt 0.611632 0.0291904
vt 0.625635 0.0291904
vt 0.626373 0.0291904
vt 0.627085 0.0291904
vt 0.627796 0.0291904
vt 0.628534 0.0291904
vt 0.635017 0.0291904
vt 0.635754 0.0291904
vt 0.636473 0.0291904
vt 0.637192 0.0291904
vt 0.63793 0.0291904
vt 0.657206 0.0291904
vt 0.657812 0.0291904
vt 0.658312 0.0291904
vt 0.658864 0.0291904
vt 0.659417 0.0291904
vt 0.663337 0.0291904
vt 0.500175 0.51754
vt 0.500426 0.51754
vt 0.506398 0.51754
vt 0.510318 0.51754
vt 0.510974 0.51754
vt 0.511629 0.51754
vt 0.512222 0.51754
vt 0.512814 0.51754
vt 0 0.51165
vt 0.0194059 0.51165
vt 0.0198286 0.51165
vt 0.0202416 0.51165
vt 0.0206495 0.51165
vt 0.0210554 0.51165
vt 0.0214613 0.51165
vt 0.0218693 0.51165
vt 0.0222823 0.51165
vt 0.0227051 0.51165
vt 0.0291872 0.51165
vt 0.0296116 0.51165
vt 0.0300234 0.51165
vt 0.030428 0.51165
vt 0.0308293 0.51165
vt 0.0312305 0.51165
vt 0.031635 0.51165
vt 0.0320467 0.51165
vt 0.0324709 0.51165
vt 0.0464747 0.51165
vt 0.047448 0.51165
vt 0.0482966 0.51165
vt 0.0490376 0.51165
vt 0.0496946 0.51165
vt 0.0503002 0.51165
vt 0.0508945 0.51165
vt 0.0515185 0.51165
vt 0.0522071 0.51165
vt 0.0699572 0.51165
vt 9.72528e-06 1
vt 0.00316164 1
vt 0.00910451 1
vt 0.0602638 1
vt 0.0662503 1
vt 0.0688438 1
vt 0.0758699 0.51165
vt 0.107046 0.51165
vt 0.0758705 1
vt 0.0785409 1
vt 0.113008 0.51165
vt 0.164374 0.51165
vt 0.0844569 1
vt 0.0869159 1
vt 0.113003 1
vt 0.144473 1
vt 0.150463 1
vt 0.152832 1
vt 0.17034 0.51165
vt 0.222474 0.51165
vt 0.158784 1
vt 0.161002 1
vt 0.170318 1
vt 0.202002 1
vt 0.0928312 1
vt 0.0951498 1
vt 0.228419 0.51165
vt 0.281206 0.51165
vt 0.281612 0.51165
vt 0.282007 0.51165
vt 0.282396 0.51165
vt 0.282782 0.51165
vt 0.283167 0.51165
vt 0.283556 0.51165
vt 0.283951 0.51165
vt 0.284357 0.51165
vt 0.284844 0.51165
vt 0.285321 0.51165
vt 0.285798 0.51165
vt 0.286285 0.51165
vt 0.28888 0.51165
vt 0.289312 0.51165
vt 0.289735 0.51165
vt 0.290157 0.51165
vt 0.290582 0.51165
vt 0.290878 0.51165
vt 0.299112 0.51165
vt 0.299684 0.51165
vt 0.300247 0.51165
vt 0.300811 0.51165
vt 0.301383 0.51165
vt 0.302398 0.51165
vt 0.302742 0.51165
vt 0.303078 0.51165
vt 0.303414 0.51165
vt 0.303758 0.51165
vt 0.30427 0.51165
vt 0.30521 0.51165
vt 0.306122 0.51165
vt 0.307021 0.51165
vt 0.307913 0.51165
vt 0.308804 0.51165
vt 0.309703 0.51165
vt 0.310615 0.51165
vt 0.311555 0.51165
vt 0.312393 0.51165
vt 0.313218 0.51165
vt 0.314022 0.51165
vt 0.314812 0.51165
vt 0.315598 0.51165
vt 0.316383 0.51165
vt 0.317174 0.51165
vt 0.317977 0.51165
vt 0.318802 0.51165
vt 0.331195 0.51165
vt 0.332608 0.51165
vt 0.333906 0.51165
vt 0.335083 0.51165
vt 0.336147 0.51165
vt 0.337134 0.51165
vt 0.338114 0.51165
vt 0.339188 0.51165
vt 0.340464 0.51165
vt 0.373469 0.51165
vt 0.101109 1
vt 0.10136 1
vt 0.379415 0.51165
vt 0.41242 0.51165
vt 0.413126 0.51165
vt 0.413766 0.51165
vt 0.414354 0.51165
vt 0.414903 0.51165
vt 0.415428 0.51165
vt 0.415942 0.51165
vt 0.416458 0.51165
vt 0.416984 0.51165
vt 0.417529 0.51165
vt 0.418097 0.51165
vt 0.418691 0.51165
vt 0.419312 0.51165
vt 0.419961 0.51165
vt 0.420637 0.51165
vt 0.421337 0.51165
vt 0.42206 0.51165
vt 0.434455 0.51165
vt 0.435233 0.51165
vt 0.43599 0.51165
vt 0.436735 0.51165
vt 0.437476 0.51165
vt 0.438216 0.51165
vt 0.438961 0.51165
vt 0.439719 0.51165
vt 0.440497 0.51165
vt 0.441334 0.51165
vt 0.442223 0.51165
vt 0.443087 0.51165
vt 0.443936 0.51165
vt 0.44478 0.51165
vt 0.445623 0.51165
vt 0.446473 0.51165
vt 0.447336 0.51165
vt 0.448225 0.51165
vt 0.448737 0.51165
vt 0.449155 0.51165
vt 0.449564 0.51165
vt 0.449973 0.51165
vt 0.450391 0.51165
vt 0.451406 0.51165
vt 0.451916 0.51165
vt 0.452418 0.51165
vt 0.452921 0.51165
vt 0.453431 0.51165
vt 0.461665 0.51165
vt 0.461913 0.51165
vt 0.46227 0.51165
vt 0.462624 0.51165
vt 0.462979 0.51165
vt 0.463341 0.51165
vt 0.465936 0.51165
vt 0.466492 0.51165
vt 0.467037 0.51165
vt 0.467581 0.51165
vt 0.468138 0.51165
vt 0.468595 0.51165
vt 0.469039 0.51165
vt 0.469476 0.51165
vt 0.469911 0.51165
vt 0.470345 0.51165
vt 0.470782 0.51165
vt 0.471226 0.51165
vt 0.471684 0.51165
vt 0.5246 0.51165
vt 0.20791 1
vt 0.210229 1
vt 0.228404 1
vt 0.259818 1
vt 0.216147 1
vt 0.218365 1
vt 0.265734 1
vt 0.318133 1
vt 0.324083 1
vt 0.326452 1
vt 0.332446 1
vt 0.363673 1
vt 0.369622 1
vt 0.372081 1
vt 0.37945 1
vt 0.431041 1
vt 0.437009 1
vt 0.439679 1
vt 0.445599 1
vt 0.476556 1
vt 0.482513 1
vt 0.485107 1
vt 0.530547 0.51165
vt 0.581952 0.51165
vt 0.491068 1
vt 0.49422 1
vt 0.587917 0.51165
vt 0.605534 0.51165
vt 0.606465 0.51165
vt 0.607263 0.51165
vt 0.607998 0.51165
vt 0.608718 0.51165
vt 0.609448 0.51165
vt 0.610189 0.51165
vt 0.610925 0.51165
vt 0.611632 0.51165
vt 0.625635 0.51165
vt 0.626373 0.51165
vt 0.627085 0.51165
vt 0.627796 0.51165
vt 0.628534 0.51165
vt 0.635017 0.51165
vt 0.635754 0.51165
vt 0.636473 0.51165
vt 0.637192 0.51165
vt 0.63793 0.51165
vt 0.657206 0.51165
vt 0.657812 0.51165
vt 0.658312 0.51165
vt 0.658864 0.51165
vt 0.659417 0.51165
vt 0.663337 0.51165
vt 0.500175 1
vt 0.500426 1
vt 0.506398 1
vt 0.510318 1
vt 0.510974 1
vt 0.511629 1
vt 0.512222 1
vt 0.512814 1
vt 0.00970296 0.27042
vt 0.0196173 0.27042
vt 0.0200351 0.27042
vt 0.0204456 0.27042
vt 0.0208525 0.27042
vt 0.0212583 0.27042
vt 0.0216653 0.27042
vt 0.0220758 0.27042
vt 0.0224937 0.27042
vt 0.0259462 0.27042
vt 0.0293994 0.27042
vt 0.0298175 0.27042
vt 0.0302257 0.27042
vt 0.0306286 0.27042
vt 0.0310299 0.27042
vt 0.0314328 0.27042
vt 0.0318409 0.27042
vt 0.0322588 0.27042
vt 0.0394728 0.27042
vt 0.0469613 0.27042
vt 0.0478723 0.27042
vt 0.0486671 0.27042
vt 0.0493661 0.27042
vt 0.0499974 0.27042
vt 0.0505974 0.27042
vt 0.0512065 0.27042
vt 0.0518628 0.27042
vt 0.0610822 0.27042
vt 0.00158568 0.75877
vt 0.0346841 0.75877
vt 0.067547 0.75877
vt 0.091458 0.27042
vt 0.0772057 0.75877
vt 0.138691 0.27042
vt 0.0856864 0.75877
vt 0.128738 0.75877
vt 0.151648 0.75877
vt 0.196407 0.27042
vt 0.159893 0.75877
vt 0.18616 0.75877
vt 0.0939905 0.75877
vt 0.254812 0.27042
vt 0.281409 0.27042
vt 0.28181 0.27042
vt 0.282201 0.27042
vt 0.282589 0.27042
vt 0.282974 0.27042
vt 0.283362 0.27042
vt 0.283753 0.27042
vt 0.284154 0.27042
vt 0.284601 0.27042
vt 0.285083 0.27042
vt 0.28556 0.27042
vt 0.286042 0.27042
vt 0.287583 0.27042
vt 0.289096 0.27042
vt 0.289523 0.27042
vt 0.289946 0.27042
vt 0.29037 0.27042
vt 0.29073 0.27042
vt 0.294995 0.27042
vt 0.299398 0.27042
vt 0.299966 0.27042
vt 0.300529 0.27042
vt 0.301097 0.27042
vt 0.30189 0.27042
vt 0.30257 0.27042
vt 0.30291 0.27042
vt 0.303246 0.27042
vt 0.303586 0.27042
vt 0.304014 0.27042
vt 0.30474 0.27042
vt 0.305666 0.27042
vt 0.306572 0.27042
vt 0.307467 0.27042
vt 0.308358 0.27042
vt 0.309254 0.27042
vt 0.310159 0.27042
vt 0.311085 0.27042
vt 0.311974 0.27042
vt 0.312806 0.27042
vt 0.31362 0.27042
vt 0.314417 0.27042
vt 0.315205 0.27042
vt 0.31599 0.27042
vt 0.316778 0.27042
vt 0.317575 0.27042
vt 0.31839 0.27042
vt 0.324999 0.27042
vt 0.331902 0.27042
vt 0.333257 0.27042
vt 0.334494 0.27042
vt 0.335615 0.27042
vt 0.336641 0.27042
vt 0.337624 0.27042
vt 0.338651 0.27042
vt 0.339826 0.27042
vt 0.356966 0.27042
vt 0.101234 0.75877
vt 0.395918 0.27042
vt 0.412773 0.27042
vt 0.413446 0.27042
vt 0.41406 0.27042
vt 0.414629 0.27042
vt 0.415166 0.27042
vt 0.415685 0.27042
vt 0.4162 0.27042
vt 0.416721 0.27042
vt 0.417256 0.27042
vt 0.417813 0.27042
vt 0.418394 0.27042
vt 0.419002 0.27042
vt 0.419637 0.27042
vt 0.420299 0.27042
vt 0.420987 0.27042
vt 0.421699 0.27042
vt 0.428258 0.27042
vt 0.434844 0.27042
vt 0.435611 0.27042
vt 0.436363 0.27042
vt 0.437106 0.27042
vt 0.437846 0.27042
vt 0.438589 0.27042
vt 0.43934 0.27042
vt 0.440108 0.27042
vt 0.440915 0.27042
vt 0.441779 0.27042
vt 0.442655 0.27042
vt 0.443511 0.27042
vt 0.444358 0.27042
vt 0.445202 0.27042
vt 0.446048 0.27042
vt 0.446905 0.27042
vt 0.447781 0.27042
vt 0.448481 0.27042
vt 0.448946 0.27042
vt 0.44936 0.27042
vt 0.449769 0.27042
vt 0.450182 0.27042
vt 0.450899 0.27042
vt 0.451661 0.27042
vt 0.452167 0.27042
vt 0.45267 0.27042
vt 0.453176 0.27042
vt 0.457548 0.27042
vt 0.461789 0.27042
vt 0.462092 0.27042
vt 0.462447 0.27042
vt 0.462801 0.27042
vt 0.46316 0.27042
vt 0.464638 0.27042
vt 0.466214 0.27042
vt 0.466765 0.27042
vt 0.467309 0.27042
vt 0.467859 0.27042
vt 0.468366 0.27042
vt 0.468817 0.27042
vt 0.469258 0.27042
vt 0.469694 0.27042
vt 0.470128 0.27042
vt 0.470563 0.27042
vt 0.471004 0.27042
vt 0.471455 0.27042
vt 0.498142 0.27042
vt 0.209069 0.75877
vt 0.244111 0.75877
vt 0.217256 0.75877
vt 0.291933 0.75877
vt 0.325267 0.75877
vt 0.348059 0.75877
vt 0.370851 0.75877
vt 0.405246 0.75877
vt 0.438344 0.75877
vt 0.461077 0.75877
vt 0.48381 0.75877
vt 0.55625 0.27042
vt 0.492644 0.75877
vt 0.596725 0.27042
vt 0.605999 0.27042
vt 0.606864 0.27042
vt 0.607631 0.27042
vt 0.608358 0.27042
vt 0.609083 0.27042
vt 0.609819 0.27042
vt 0.610557 0.27042
vt 0.611278 0.27042
vt 0.618634 0.27042
vt 0.626004 0.27042
vt 0.626729 0.27042
vt 0.62744 0.27042
vt 0.628165 0.27042
vt 0.631775 0.27042
vt 0.635385 0.27042
vt 0.636114 0.27042
vt 0.636832 0.27042
vt 0.637561 0.27042
vt 0.647568 0.27042
vt 0.657509 0.27042
vt 0.658062 0.27042
vt 0.658588 0.27042
vt 0.659141 0.27042
vt 0.661377 0.27042
vt 0.500301 0.75877
vt 0.508358 0.75877
vt 0.510646 0.75877
vt 0.511301 0.75877
vt 0.511926 0.75877
vt 0.512518 0.75877


# Vertex Surface Normals: 
vn 0 0 1
vn 0 0 -1
vn 0.996726 0.0808555 0
vn 0.998613 -0.0526489 4.56079e-17
vn 0.991657 0.128906 4.52542e-17
vn 0.991657 0.128906 -4.52542e-17
vn 0.998613 -0.0526489 -4.56079e-17
vn 0.984273 0.176656 0
vn 0.962919 0.269792 0
vn 0.962919 0.269792 0
vn 0.932773 0.360464 0
vn 0.895313 0.445438 1.54119e-18
vn 0.895313 0.445438 -1.54119e-18
vn 0.850131 0.526571 0
vn 0.798901 0.601463 1.54089e-18
vn 0.798901 0.601463 -1.54089e-18
vn 0.741092 0.671403 0
vn 0.677774 0.73527 2.84051e-17
vn 0.677774 0.73527 -2.84051e-17
vn 0.608974 0.793191 0
vn 0.534589 0.845112 2.84071e-17
vn 0.534589 0.845112 -2.84071e-17
vn 0.455805 0.890079 0
vn 0.371315 0.928507 0
vn 0.371315 0.928507 0
vn 0.283626 0.958935 0
vn 0.190867 0.981616 -2.90073e-18
vn 0.190867 0.981616 2.90073e-18
vn 0.0963679 0.995346 0
vn 0.0482401 0.998836 -2.89087e-18
vn 0.0482401 0.998836 2.89087e-18
vn 0 1 0
vn -0.0466293 0.998912 -2.89315e-18
vn -0.0466293 0.998912 2.89315e-18
vn -0.0931572 0.995651 0
vn -0.185811 0.982586 7.20605e-18
vn -0.185811 0.982586 -7.20605e-18
vn -0.276837 0.960917 0
vn -0.364463 0.931218 7.49939e-18
vn -0.364463 0.931218 -7.49939e-18
vn -0.44897 0.893547 0
vn -0.528766 0.848768 -4.92449e-18
vn -0.528766 0.848768 4.92449e-18
vn -0.604135 0.796882 0
vn -0.674152 0.738593 -3.46729e-19
vn -0.674152 0.738593 3.46729e-19
vn -0.738573 0.674174 0
vn -0.797125 0.603814 1.96961e-18
vn -0.797125 0.603814 -1.96961e-18
vn -0.848998 0.528396 0
vn -0.894229 0.447611 -4.45126e-17
vn -0.894229 0.447611 4.45126e-17
vn -0.931794 0.362988 0
vn -0.961665 0.274227 -4.50517e-17
vn -0.961665 0.274227 4.50517e-17
vn -0.983102 0.18306 0
vn -0.990546 0.137181 -4.57764e-17
vn -0.990546 0.137181 4.57764e-17
vn -0.99585 0.0910055 0
vn -0.99371 0.111985 -4.52046e-17
vn -0.99371 0.111985 4.52046e-17
vn -0.991127 0.132915 0
vn -0.982764 0.184864 -4.51573e-17
vn -0.982764 0.184864 4.51573e-17
vn -0.97168 0.236301 0
vn -0.95262 0.304162 -4.52071e-17
vn -0.95262 0.304162 4.52071e-17
vn -0.928827 0.370513 0
vn -0.890735 0.454523 0
vn -0.890735 0.454523 0
vn -0.845064 0.534666 0
vn -0.779002 0.627021 0
vn -0.779002 0.627021 0
vn -0.702896 0.711293 0
vn -0.608426 0.793611 0
vn -0.608426 0.793611 0
vn -0.504403 0.863468 0
vn -0.397135 0.91776 -1.39992e-18
vn -0.397135 0.91776 1.39992e-18
vn -0.284126 0.958787 0
vn -0.185363 0.98267 2.55677e-18
vn -0.185363 0.98267 -2.55677e-18
vn -0.084686 0.996408 0
vn -0.0423811 0.999102 3.93692e-18
vn -0.0423811 0.999102 -3.93692e-18
vn 0 1 0
vn 0 1 0
vn 0 1 0
vn -0.828775 0.559583 0
vn -0.828775 0.559583 0
vn -0.828775 0.559583 0
vn -0.828775 0.559583 0
vn -0.828775 0.559583 0
vn 0 1 0
vn 0 1 0
vn 0 1 0
vn 0 1 0
vn 0 1 0
vn 0.743708 0.668504 0
vn 0.743708 0.668504 0
vn 0.743708 0.668504 0
vn 0.743708 0.668504 0
vn 0.743708 0.668504 0
vn 0 1 0
vn 0 1 0
vn 0 1 0
vn 0 1 0
vn 0 1 0
vn -0.722302 0.691578 0
vn -0.722302 0.691578 1.68815e-17
vn -0.722302 0.691578 1.68815e-17
vn -0.722302 0.691578 -1.68815e-17
vn -0.722302 0.691578 -1.68815e-17
vn 0 1 0
vn 0 1 0
vn 0 1 0
vn 0 1 0
vn 0 1 0
vn 0.768238 0.640165 0
vn 0.768238 0.640165 1.85706e-18
vn 0.768238 0.640165 1.85706e-18
vn 0.768238 0.640165 -1.85706e-18
vn 0.768238 0.640165 -1.85706e-18
vn 0 1 0
vn 0 1 0
vn 0 1 0
vn 0 1 0
vn 0 1 0
vn -0.79733 0.603544 0
vn -0.79733 0.603544 0
vn -0.79733 0.603544 0
vn -0.79733 0.603544 0
vn -0.79733 0.603544 0
vn 0 1 0
vn 0 1 0
vn 0 1 0
vn 0 1 0
vn 0 1 0
vn 0.851525 0.524314 0
vn 0.851525 0.524314 -1.8274e-17
vn 0.851525 0.524314 -1.8274e-17
vn 0.851525 0.524314 1.8274e-17
vn 0.851525 0.524314 1.8274e-17
vn 0 1 0
vn 0 1 0
vn 0 1 0
vn 0 1 0
vn 0 1 0
vn -0.814727 0.579844 0
vn -0.814727 0.579844 0
vn -0.814727 0.579844 0
vn -0.814727 0.579844 0
vn -0.814727 0.579844 0
vn 0 1 0
vn 0 1 0
vn 0.0503561 0.998731 0
vn 0.0503561 0.998731 0
vn 0 1 0
vn 0.100584 0.994929 0
vn 0.199802 0.979836 0
vn 0.199802 0.979836 0
vn 0.297007 0.954875 0
vn 0.389116 0.921189 1.28366e-18
vn 0.389116 0.921189 -1.28366e-18
vn 0.477481 0.878642 0
vn 0.559608 0.828758 2.40114e-18
vn 0.559608 0.828758 -2.40114e-18
vn 0.636567 0.771221 0
vn 0.707107 0.707107 3.61722e-17
vn 0.707107 0.707107 -3.61722e-17
vn 0.771221 0.636567 0
vn 0.828758 0.559608 3.50571e-17
vn 0.828758 0.559608 -3.50571e-17
vn 0.878642 0.477481 0
vn 0.921189 0.389116 4.32392e-19
vn 0.921189 0.389116 -4.32392e-19
vn 0.954875 0.297007 0
vn 0.979836 0.199802 4.3249e-19
vn 0.979836 0.199802 -4.3249e-19
vn 0.994929 0.100584 0
vn 0.999839 -0.0179703 0
vn 0.999839 -0.0179703 0
vn 0.990671 -0.136272 0
vn 0.962875 -0.269946 5.86664e-19
vn 0.962875 -0.269946 -5.86664e-19
vn 0.91713 -0.398588 0
vn 0.854758 -0.519028 3.69903e-17
vn 0.854758 -0.519028 -3.69903e-17
vn 0.776661 -0.629919 0
vn 0.683653 -0.729807 3.6408e-17
vn 0.683653 -0.729807 -3.6408e-17
vn 0.577911 -0.8161 0
vn 0.520849 -0.853649 2.14911e-17
vn 0.520849 -0.853649 -2.14911e-17
vn 0.461356 -0.887215 0
vn 0.522562 -0.852602 2.20967e-17
vn 0.522562 -0.852602 -2.20967e-17
vn 0.581184 -0.813772 0
vn 0.687521 -0.726165 3.72222e-17
vn 0.687521 -0.726165 -3.72222e-17
vn 0.780807 -0.624773 0
vn 0.857307 -0.514805 3.6596e-17
vn 0.857307 -0.514805 -3.6596e-17
vn 0.918423 -0.3956 0
vn 0.963264 -0.268558 0
vn 0.963264 -0.268558 0
vn 0.99062 -0.136642 0
vn 0.999791 -0.020463 0
vn 0.999791 -0.020463 0
vn 0.995382 0.0959939 0
vn 0.989609 0.143782 -1.37747e-19
vn 0.989609 0.143782 1.37747e-19
vn 0.981544 0.191237 0
vn 0.967923 0.251246 -5.91697e-19
vn 0.967923 0.251246 5.91697e-19
vn 0.950638 0.310303 0
vn 0.905622 0.424086 -4.0861e-17
vn 0.905622 0.424086 4.0861e-17
vn 0.847047 0.531519 0
vn 0.776252 0.630422 -3.93457e-17
vn 0.776252 0.630422 3.93457e-17
vn 0.693974 0.72 0
vn 0.600771 0.799421 1.05537e-18
vn 0.600771 0.799421 -1.05537e-18
vn 0.498559 0.866856 0
vn 0.444443 0.895807 0
vn 0.444443 0.895807 0
vn 0.388652 0.921384 0
vn 0.455157 0.890411 -2.41702e-17
vn 0.455157 0.890411 2.41702e-17
vn 0.519211 0.854646 0
vn 0.638613 0.769528 -2.5348e-17
vn 0.638613 0.769528 2.5348e-17
vn 0.744284 0.667863 0
vn 0.83314 0.553062 -3.49321e-19
vn 0.83314 0.553062 3.49321e-19
vn 0.904438 0.426606 0
vn 0.957088 0.289796 -4.58084e-17
vn 0.957088 0.289796 4.58084e-17
vn 0.989172 0.146759 0
vn 0.997289 0.0735789 -4.60658e-17
vn 0.997289 0.0735789 4.60658e-17
vn 1 0 0
vn 0.998731 0.0503677 -1.52316e-19
vn 0.998731 0.0503677 1.52316e-19
vn 0.994926 0.100608 0
vn 0.979829 0.19984 2.80101e-19
vn 0.979829 0.19984 -2.80101e-19
vn 0.954859 0.297058 0
vn 0.921167 0.389167 4.13883e-17
vn 0.921167 0.389167 -4.13883e-17
vn 0.878614 0.477533 0
vn 0.828728 0.559652 4.09474e-17
vn 0.828728 0.559652 -4.09474e-17
vn 0.771191 0.636604 0
vn 0.707082 0.707132 -2.96738e-17
vn 0.707082 0.707132 2.96738e-17
vn 0.636549 0.771237 0
vn 0.559597 0.828765 -2.9676e-17
vn 0.559597 0.828765 2.9676e-17
vn 0.477481 0.878642 0
vn 0.389122 0.921186 0
vn 0.389122 0.921186 0
vn 0.297022 0.954871 0
vn 0.199815 0.979834 -7.5968e-18
vn 0.199815 0.979834 7.5968e-18
vn 0.100595 0.994927 0
vn 0.0503615 0.998731 -7.56814e-18
vn 0.0503615 0.998731 7.56814e-18
vn 0 1 0
vn -0.0464817 0.998919 -1.4257e-18
vn -0.0464817 0.998919 1.4257e-18
vn -0.0928629 0.995679 0
vn -0.18482 0.982772 -4.22402e-18
vn -0.18482 0.982772 4.22402e-18
vn -0.275182 0.961392 0
vn -0.361774 0.932266 -5.40376e-18
vn -0.361774 0.932266 5.40376e-18
vn -0.445346 0.895359 0
vn -0.524087 0.851665 -2.78637e-19
vn -0.524087 0.851665 2.78637e-19
vn -0.598578 0.801065 0
vn -0.667838 0.744306 2.3314e-18
vn -0.667838 0.744306 -2.3314e-18
vn -0.731744 0.68158 0
vn -0.790094 0.612986 -1.58883e-18
vn -0.790094 0.612986 1.58883e-18
vn -0.842036 0.539421 0
vn -0.887754 0.460319 4.15865e-17
vn -0.887754 0.460319 -4.15865e-17
vn -0.926061 0.377374 0
vn -0.957075 0.28984 4.37689e-17
vn -0.957075 0.28984 -4.37689e-17
vn -0.979835 0.199806 0
vn -0.988064 0.154045 5.85494e-19
vn -0.988064 0.154045 -5.85494e-19
vn -0.994156 0.107951 0
vn -0.992565 0.121713 0
vn -0.992565 0.121713 0
vn -0.990784 0.135452 0
vn -0.987038 0.160489 0
vn -0.987038 0.160489 0
vn -0.982659 0.185422 0
vn -0.972966 0.230947 4.46671e-17
vn -0.972966 0.230947 -4.46671e-17
vn -0.961166 0.275971 0
vn -0.937728 0.347371 4.53511e-17
vn -0.937728 0.347371 -4.53511e-17
vn -0.908994 0.416809 0
vn -0.857627 0.514273 6.08013e-19
vn -0.857627 0.514273 -6.08013e-19
vn -0.795849 0.605495 0
vn -0.703108 0.711083 0
vn -0.703108 0.711083 0
vn -0.59648 0.802628 0
vn -0.473014 0.881055 1.59413e-17
vn -0.473014 0.881055 -1.59413e-17
vn -0.339427 0.940632 0
vn -0.220697 0.975342 1.73462e-17
vn -0.220697 0.975342 -1.73462e-17
vn -0.0985893 0.995128 0
vn -0.0493548 0.998781 1.44453e-18
vn -0.0493548 0.998781 -1.44453e-18
vn 0 1 0
vn 0 1 0
vn 0 1 0
vn -1 0 0
vn -1 0 0
vn -1 0 0
vn -1 0 0
vn -1 0 0
vn 0 -1 0
vn 0 -1 0
vn 0.0243285 -0.999704 0
vn 0.0243285 -0.999704 0
vn 0 -1 0
vn 0.0486426 -0.998816 0
vn 0.103303 -0.99465 0
vn 0.103303 -0.99465 0
vn 0.157652 -0.987495 0
vn 0.219205 -0.975679 -1.44143e-17
vn 0.219205 -0.975679 1.44143e-17
vn 0.279898 -0.96003 0
vn 0.34572 -0.938338 -1.44206e-17
vn 0.34572 -0.938338 1.44206e-17
vn 0.409882 -0.912138 0
vn 0.475564 -0.879681 0
vn 0.475564 -0.879681 0
vn 0.538694 -0.842502 0
vn 0.599079 -0.80069 0
vn 0.599079 -0.80069 0
vn 0.656233 -0.754559 0
vn 0.7072 -0.707013 -3.51219e-17
vn 0.7072 -0.707013 3.51219e-17
vn 0.754732 -0.656033 0
vn 0.79449 -0.607277 -3.51061e-17
vn 0.79449 -0.607277 3.51061e-17
vn 0.831103 -0.556118 0
vn 0.860159 -0.510025 0
vn 0.860159 -0.510025 0
vn 0.886662 -0.462418 0
vn 0.906867 -0.421416 -4.30033e-17
vn 0.906867 -0.421416 4.30033e-17
vn 0.925178 -0.379533 0
vn 0.938727 -0.34466 -4.29885e-17
vn 0.938727 -0.34466 4.29885e-17
vn 0.950963 -0.309305 0
vn 0.959807 -0.280661 0
vn 0.959807 -0.280661 0
vn 0.967789 -0.251764 0
vn 0.973436 -0.228959 0
vn 0.973436 -0.228959 0
vn 0.978546 -0.206027 0
vn 0.982076 -0.188488 0
vn 0.982076 -0.188488 0
vn 0.98529 -0.170888 0
vn 0.987434 -0.15803 4.59317e-17
vn 0.987434 -0.15803 -4.59317e-17
vn 0.98941 -0.145144 0
vn 0.990647 -0.136446 4.59296e-17
vn 0.990647 -0.136446 -4.59296e-17
vn 0.991808 -0.127738 0
vn 0.993031 -0.117851 9.0897e-20
vn 0.993031 -0.117851 -9.0897e-20
vn 0.994156 -0.107954 0
vn 0.988059 -0.154075 6.77646e-19
vn 0.988059 -0.154075 -6.77646e-19
vn 0.979824 -0.199862 0
vn 0.957061 -0.289886 -5.25915e-19
vn 0.957061 -0.289886 5.25915e-19
vn 0.926046 -0.37741 0
vn 0.887738 -0.460348 -1.11432e-18
vn 0.887738 -0.460348 1.11432e-18
vn 0.842022 -0.539444 0
vn 0.79008 -0.613003 -3.40964e-17
vn 0.79008 -0.613003 3.40964e-17
vn 0.731732 -0.681592 0
vn 0.667828 -0.744316 -3.17669e-17
vn 0.667828 -0.744316 3.17669e-17
vn 0.598569 -0.801071 0
vn 0.524079 -0.85167 2.56853e-17
vn 0.524079 -0.85167 -2.56853e-17
vn 0.445339 -0.895362 0
vn 0.361768 -0.932268 2.33601e-17
vn 0.361768 -0.932268 -2.33601e-17
vn 0.275177 -0.961393 0
vn 0.184816 -0.982773 0
vn 0.184816 -0.982773 0
vn 0.0928607 -0.995679 0
vn 0.0464806 -0.998919 0
vn 0.0464806 -0.998919 0
vn 0 -1 0
vn -0.0503608 -0.998731 0
vn -0.0503608 -0.998731 0
vn -0.100594 -0.994928 0
vn -0.199815 -0.979834 0
vn -0.199815 -0.979834 0
vn -0.297023 -0.95487 0
vn -0.389127 -0.921184 2.22849e-17
vn -0.389127 -0.921184 -2.22849e-17
vn -0.477488 -0.878638 0
vn -0.559607 -0.828758 2.00242e-17
vn -0.559607 -0.828758 -2.00242e-17
vn -0.63656 -0.771227 0
vn -0.707093 -0.70712 -4.12935e-18
vn -0.707093 -0.70712 4.12935e-18
vn -0.771203 -0.63659 0
vn -0.828738 -0.559637 -1.87326e-18
vn -0.828738 -0.559637 1.87326e-18
vn -0.878622 -0.477518 0
vn -0.921173 -0.389154 -4.36907e-19
vn -0.921173 -0.389154 4.36907e-19
vn -0.954863 -0.297047 0
vn -0.97983 -0.199832 -4.67022e-17
vn -0.97983 -0.199832 4.67022e-17
vn -0.994927 -0.100604 0
vn -0.998731 -0.0503657 -4.60907e-17
vn -0.998731 -0.0503657 4.60907e-17
vn -1 0 0
vn -0.997289 -0.0735789 2.14397e-19
vn -0.997289 -0.0735789 -2.14397e-19
vn -0.989172 -0.146759 0
vn -0.957089 -0.289795 8.45987e-19
vn -0.957089 -0.289795 -8.45987e-19
vn -0.904439 -0.426603 0
vn -0.833162 -0.553028 -3.42495e-19
vn -0.833162 -0.553028 3.42495e-19
vn -0.744337 -0.667805 0
vn -0.638746 -0.769418 2.81316e-19
vn -0.638746 -0.769418 -2.81316e-19
vn -0.519438 -0.854508 0
vn -0.455275 -0.890351 1.24362e-18
vn -0.455275 -0.890351 -1.24362e-18
vn -0.388652 -0.921384 0
vn -0.444415 -0.895821 2.44525e-17
vn -0.444415 -0.895821 -2.44525e-17
vn -0.498506 -0.866886 0
vn -0.600737 -0.799447 2.45909e-17
vn -0.600737 -0.799447 -2.45909e-17
vn -0.693957 -0.720017 0
vn -0.776264 -0.630408 -7.70996e-19
vn -0.776264 -0.630408 7.70996e-19
vn -0.847079 -0.531467 0
vn -0.905671 -0.423982 -3.12203e-19
vn -0.905671 -0.423982 3.12203e-19
vn -0.95069 -0.310142 0
vn -0.967941 -0.251178 -4.47574e-17
vn -0.967941 -0.251178 4.47574e-17
vn -0.981538 -0.191266 0
vn -0.989605 -0.143814 -4.51807e-17
vn -0.989605 -0.143814 4.51807e-17
vn -0.995379 -0.0960281 0
vn -0.999791 0.0204572 0
vn -0.999791 0.0204572 0
vn -0.990617 0.136664 0
vn -0.963253 0.268596 0
vn -0.963253 0.268596 0
vn -0.918401 0.395652 0
vn -0.85731 0.5148 -3.66027e-17
vn -0.85731 0.5148 3.66027e-17
vn -0.780849 0.624719 0
vn -0.687713 0.725983 -3.66212e-17
vn -0.687713 0.725983 3.66212e-17
vn -0.581559 0.813504 0
vn -0.522758 0.852481 2.14944e-17
vn -0.522758 0.852481 -2.14944e-17
vn -0.461356 0.887215 0
vn -0.520852 0.853647 2.14911e-17
vn -0.520852 0.853647 -2.14911e-17
vn -0.577917 0.816096 0
vn -0.683608 0.72985 0
vn -0.683608 0.72985 0
vn -0.776578 0.630022 0
vn -0.854709 0.519107 0
vn -0.854709 0.519107 0
vn -0.917108 0.398638 0
vn -0.962872 0.26996 0
vn -0.962872 0.26996 0
vn -0.990675 0.136246 0
vn -0.999839 0.0179443 1.47637e-19
vn -0.999839 0.0179443 -1.47637e-19
vn -0.994926 -0.10061 0
vn -0.979829 -0.19984 1.4734e-19
vn -0.979829 -0.19984 -1.4734e-19
vn -0.95486 -0.297057 0
vn -0.92117 -0.38916 6.98858e-19
vn -0.92117 -0.38916 -6.98858e-19
vn -0.878621 -0.47752 0
vn -0.82874 -0.559633 -3.52874e-17
vn -0.82874 -0.559633 3.52874e-17
vn -0.77121 -0.636581 0
vn -0.707107 -0.707107 -3.71008e-17
vn -0.707107 -0.707107 3.71008e-17
vn -0.636581 -0.77121 0
vn -0.559633 -0.82874 1.56688e-19
vn -0.559633 -0.82874 -1.56688e-19
vn -0.47752 -0.878621 0
vn -0.38916 -0.92117 2.66995e-18
vn -0.38916 -0.92117 -2.66995e-18
vn -0.297057 -0.95486 0
vn -0.19984 -0.979829 -3.29935e-18
vn -0.19984 -0.979829 3.29935e-18
vn -0.10061 -0.994926 0
vn -0.050369 -0.998731 -4.67752e-18
vn -0.050369 -0.998731 4.67752e-18
vn 0 -1 0
vn 0 -1 0
vn 0 -1 0
vn 0.814727 -0.579844 0
vn 0.814727 -0.579844 -1.89594e-17
vn 0.814727 -0.579844 -1.89594e-17
vn 0.814727 -0.579844 1.89594e-17
vn 0.814727 -0.579844 1.89594e-17
vn 0 -1 0
vn 0 -1 0
vn 0 -1 0
vn 0 -1 0
vn 0 -1 0
vn -0.851525 -0.524314 0
vn -0.851525 -0.524314 1.96896e-17
vn -0.851525 -0.524314 1.96896e-17
vn -0.851525 -0.524314 -1.96896e-17
vn -0.851525 -0.524314 -1.96896e-17
vn 0 -1 0
vn 0 -1 0
vn 0 -1 0
vn 0 -1 0
vn 0 -1 0
vn 0.79728 -0.60361 0
vn 0.79728 -0.60361 0
vn 0.79728 -0.60361 0
vn 0.79728 -0.60361 0
vn 0.79728 -0.60361 0
vn 0 -1 0
vn 0 -1 0
vn 0 -1 0
vn 0 -1 0
vn 0 -1 0
vn -0.768238 -0.640165 0
vn -0.768238 -0.640165 0
vn -0.768238 -0.640165 0
vn -0.768238 -0.640165 0
vn -0.768238 -0.640165 0
vn 0 -1 0
vn 0 -1 0
vn 0 -1 0
vn 0 -1 0
vn 0 -1 0
vn 0.722302 -0.691578 0
vn 0.722302 -0.691578 -1.88047e-17
vn 0.722302 -0.691578 -1.88047e-17
vn 0.722302 -0.691578 1.88047e-17
vn 0.722302 -0.691578 1.88047e-17
vn 0 -1 0
vn 0 -1 0
vn 0 -1 0
vn 0 -1 0
vn 0 -1 0
vn -0.743708 -0.668504 0
vn -0.743708 -0.668504 -1.98041e-18
vn -0.743708 -0.668504 -1.98041e-18
vn -0.743708 -0.668504 1.98041e-18
vn -0.743708 -0.668504 1.98041e-18
vn 0 -1 0
vn 0 -1 0
vn 0 -1 0
vn 0 -1 0
vn 0 -1 0
vn 0.828775 -0.559583 0
vn 0.828775 -0.559583 0
vn 0.828775 -0.559583 0
vn 0.828775 -0.559583 0
vn 0.828775 -0.559583 0
vn 0 -1 0
vn 0 -1 0
vn 0.0575754 -0.998341 0
vn 0.0575754 -0.998341 0
vn 0 -1 0
vn 0.11496 -0.99337 0
vn 0.246137 -0.969235 1.3554e-18
vn 0.246137 -0.969235 -1.3554e-18
vn 0.372936 -0.927857 0
vn 0.500075 -0.865982 1.35691e-18
vn 0.500075 -0.865982 -1.35691e-18
vn 0.617215 -0.786794 0
vn 0.712422 -0.701751 0
vn 0.712422 -0.701751 0
vn 0.796019 -0.605272 0
vn 0.853255 -0.521494 0
vn 0.853255 -0.521494 0
vn 0.901706 -0.432349 0
vn 0.93158 -0.363537 0
vn 0.93158 -0.363537 0
vn 0.956211 -0.29268 0
vn 0.970461 -0.241257 4.56497e-17
vn 0.970461 -0.241257 -4.56497e-17
vn 0.981949 -0.189147 0
vn 0.988162 -0.153415 4.56147e-17
vn 0.988162 -0.153415 -4.56147e-17
vn 0.993075 -0.117481 0
vn 0.994551 -0.104253 -1.60566e-19
vn 0.994551 -0.104253 1.60566e-19
vn 0.99585 -0.0910071 0
vn 0.983164 -0.182726 -1.61243e-19
vn 0.983164 -0.182726 1.61243e-19
vn 0.962049 -0.272878 0
vn 0.895116 -0.445833 0
vn 0.895116 -0.445833 0
vn 0.797398 -0.603454 0
vn 0.674207 -0.738542 0
vn 0.674207 -0.738542 0
vn 0.528482 -0.848944 0
vn 0.362685 -0.931912 -8.71025e-18
vn 0.362685 -0.931912 8.71025e-18
vn 0.184422 -0.982847 0
vn 0.0926091 -0.995703 -8.5975e-18
vn 0.0926091 -0.995703 8.5975e-18
vn 0 -1 0
vn -0.0952914 -0.995449 -2.86003e-18
vn -0.0952914 -0.995449 2.86003e-18
vn -0.189716 -0.981839 0
vn -0.368434 -0.929654 2.23425e-17
vn -0.368434 -0.929654 -2.23425e-17
vn -0.534382 -0.845243 0
vn -0.677809 -0.735238 2.69845e-17
vn -0.677809 -0.735238 -2.69845e-17
vn -0.79909 -0.601211 0
vn -0.896697 -0.442645 -4.37241e-17
vn -0.896697 -0.442645 4.37241e-17
vn -0.963215 -0.268732 0
vn -0.984439 -0.175728 -4.49119e-17
vn -0.984439 -0.175728 4.49119e-17
vn -0.996704 -0.0811238 0
vn -0.999511 0.0312599 0
vn -0.999511 0.0312599 0
vn -0.989687 0.143248 0
vn -0.938427 0.345476 -8.05625e-19
vn -0.938427 0.345476 8.05625e-19
vn -0.846324 0.532668 0
vn -0.728157 0.68541 -8.03068e-19
vn -0.728157 0.68541 8.03068e-19
vn -0.582834 0.812591 0
vn -0.401585 0.915822 -1.45505e-18
vn -0.401585 0.915822 1.45505e-18
vn -0.202863 0.979207 0
vn -0.101963 0.994788 -1.43085e-18
vn -0.101963 0.994788 1.43085e-18
vn 0 1 0
vn 0 1 0
vn 0 1 0
vn -1 0 0
vn -1 0 0
vn -1 0 0
vn -1 0 0
vn -1 0 0
vn 0 -1 0
vn 0 -1 0
vn 0.103353 -0.994645 1.42573e-18
vn 0.103353 -0.994645 -1.42573e-18
vn 0 -1 0
vn 0.2056 -0.978636 0
vn 0.401463 -0.915875 1.44873e-18
vn 0.401463 -0.915875 -1.44873e-18
vn 0.580343 -0.814372 0
vn 0.72847 -0.685078 4.01643e-17
vn 0.72847 -0.685078 -4.01643e-17
vn 0.848435 -0.529299 0
vn 0.931591 -0.363509 4.00773e-17
vn 0.931591 -0.363509 -4.00773e-17
vn 0.982698 -0.185215 0


# Faces: 
usemtl material0
f 306/98/1 308/100/1 309/101/1
f 306/98/1 309/101/1 310/102/1
f 306/98/1 307/99/1 308/100/1
f 305/97/1 306/98/1 310/102/1
f 310/102/1 311/103/1 305/97/1
f 305/97/1 312/104/1 304/96/1
f 304/96/1 312/104/1 313/105/1
f 304/96/1 314/106/1 303/95/1
f 314/106/1 304/96/1 313/105/1
f 303/95/1 315/107/1 316/108/1
f 315/107/1 303/95/1 314/106/1
f 305/97/1 311/103/1 312/104/1
f 316/108/1 317/109/1 302/94/1
f 302/94/1 317/109/1 318/110/1
f 316/108/1 302/94/1 303/95/1
f 301/93/1 318/110/1 319/111/1
f 318/110/1 301/93/1 302/94/1
f 301/93/1 319/111/1 320/112/1
f 300/92/1 320/112/1 321/113/1
f 320/112/1 300/92/1 301/93/1
f 300/92/1 321/113/1 322/114/1
f 299/91/1 322/114/1 323/115/1
f 322/114/1 299/91/1 300/92/1
f 323/115/1 324/116/1 299/91/1
f 299/91/1 324/116/1 298/90/1
f 256/48/1 367/159/1 368/160/1
f 255/47/1 368/160/1 254/46/1
f 256/48/1 368/160/1 255/47/1
f 367/159/1 257/49/1 366/158/1
f 257/49/1 367/159/1 256/48/1
f 366/158/1 257/49/1 258/50/1
f 252/44/1 370/162/1 371/163/1
f 252/44/1 371/163/1 372/164/1
f 369/161/1 254/46/1 368/160/1
f 254/46/1 369/161/1 253/45/1
f 253/45/1 369/161/1 370/162/1
f 370/162/1 252/44/1 253/45/1
f 364/156/1 365/157/1 258/50/1
f 258/50/1 365/157/1 366/158/1
f 364/156/1 258/50/1 259/51/1
f 260/52/1 363/155/1 364/156/1
f 260/52/1 364/156/1 259/51/1
f 363/155/1 261/53/1 362/154/1
f 261/53/1 363/155/1 260/52/1
f 362/154/1 261/53/1 361/153/1
f 361/153/1 262/54/1 360/152/1
f 262/54/1 361/153/1 261/53/1
f 263/55/1 360/152/1 262/54/1
f 360/152/1 263/55/1 264/56/1
f 324/116/1 325/117/1 298/90/1
f 298/90/1 326/118/1 297/89/1
f 297/89/1 326/118/1 327/119/1
f 295/87/1 296/88/1 328/120/1
f 327/119/1 296/88/1 297/89/1
f 328/120/1 296/88/1 327/119/1
f 328/120/1 329/121/1 294/86/1
f 294/86/1 329/121/1 293/85/1
f 328/120/1 294/86/1 295/87/1
f 292/84/1 293/85/1 330/122/1
f 330/122/1 293/85/1 329/121/1
f 292/84/1 330/122/1 331/123/1
f 298/90/1 325/117/1 326/118/1
f 292/84/1 331/123/1 291/83/1
f 331/123/1 332/124/1 291/83/1
f 290/82/1 332/124/1 333/125/1
f 332/124/1 290/82/1 291/83/1
f 289/81/1 290/82/1 333/125/1
f 289/81/1 333/125/1 334/126/1
f 336/128/1 337/129/1 286/78/1
f 285/77/1 286/78/1 337/129/1
f 336/128/1 286/78/1 287/79/1
f 289/81/1 335/127/1 288/80/1
f 335/127/1 289/81/1 334/126/1
f 288/80/1 335/127/1 336/128/1
f 336/128/1 287/79/1 288/80/1
f 337/129/1 338/130/1 285/77/1
f 277/69/1 346/138/1 347/139/1
f 276/68/1 347/139/1 348/140/1
f 277/69/1 347/139/1 276/68/1
f 345/137/1 277/69/1 278/70/1
f 277/69/1 345/137/1 346/138/1
f 345/137/1 278/70/1 344/136/1
f 350/142/1 351/143/1 273/65/1
f 273/65/1 351/143/1 272/64/1
f 350/142/1 273/65/1 274/66/1
f 348/140/1 275/67/1 276/68/1
f 275/67/1 348/140/1 274/66/1
f 349/141/1 274/66/1 348/140/1
f 274/66/1 349/141/1 350/142/1
f 340/132/1 341/133/1 283/75/1
f 283/75/1 341/133/1 282/74/1
f 340/132/1 283/75/1 284/76/1
f 338/130/1 284/76/1 285/77/1
f 284/76/1 339/131/1 340/132/1
f 284/76/1 338/130/1 339/131/1
f 344/136/1 279/71/1 343/135/1
f 279/71/1 344/136/1 278/70/1
f 343/135/1 279/71/1 280/72/1
f 282/74/1 342/134/1 281/73/1
f 342/134/1 282/74/1 341/133/1
f 280/72/1 281/73/1 342/134/1
f 342/134/1 343/135/1 280/72/1
f 251/43/1 252/44/1 372/164/1
f 250/42/1 372/164/1 373/165/1
f 374/166/1 250/42/1 373/165/1
f 375/167/1 376/168/1 247/39/1
f 377/169/1 246/38/1 247/39/1
f 247/39/1 376/168/1 377/169/1
f 372/164/1 250/42/1 251/43/1
f 380/172/1 381/173/1 243/35/1
f 243/35/1 381/173/1 242/34/1
f 239/31/1 384/176/1 238/30/1
f 242/34/1 381/173/1 382/174/1
f 383/175/1 384/176/1 239/31/1
f 246/38/1 377/169/1 378/170/1
f 243/35/1 379/171/1 380/172/1
f 374/166/1 375/167/1 249/41/1
f 378/170/1 245/37/1 246/38/1
f 247/39/1 248/40/1 375/167/1
f 248/40/1 249/41/1 375/167/1
f 378/170/1 244/36/1 245/37/1
f 374/166/1 249/41/1 250/42/1
f 241/33/1 242/34/1 382/174/1
f 243/35/1 244/36/1 379/171/1
f 383/175/1 240/32/1 241/33/1
f 383/175/1 239/31/1 240/32/1
f 382/174/1 383/175/1 241/33/1
f 379/171/1 244/36/1 378/170/1
f 384/176/1 385/177/1 238/30/1
f 410/202/1 412/204/1 413/205/1
f 410/202/1 411/203/1 412/204/1
f 409/201/1 410/202/1 413/205/1
f 413/205/1 414/206/1 409/201/1
f 415/207/1 408/200/1 409/201/1
f 408/200/1 415/207/1 407/199/1
f 406/198/1 407/199/1 209/1/1
f 416/208/1 209/1/1 407/199/1
f 407/199/1 415/207/1 416/208/1
f 406/198/1 209/1/1 210/2/1
f 409/201/1 414/206/1 415/207/1
f 236/28/1 386/178/1 387/179/1
f 235/27/1 387/179/1 388/180/1
f 236/28/1 237/29/1 386/178/1
f 235/27/1 236/28/1 387/179/1
f 388/180/1 234/26/1 235/27/1
f 237/29/1 238/30/1 386/178/1
f 234/26/1 389/181/1 233/25/1
f 389/181/1 234/26/1 388/180/1
f 233/25/1 389/181/1 390/182/1
f 232/24/1 390/182/1 391/183/1
f 390/182/1 232/24/1 233/25/1
f 392/184/1 231/23/1 391/183/1
f 391/183/1 231/23/1 232/24/1
f 386/178/1 238/30/1 385/177/1
f 359/151/1 264/56/1 265/57/1
f 359/151/1 360/152/1 264/56/1
f 359/151/1 265/57/1 358/150/1
f 266/58/1 357/149/1 358/150/1
f 266/58/1 356/148/1 357/149/1
f 266/58/1 358/150/1 265/57/1
f 230/22/1 392/184/1 393/185/1
f 230/22/1 393/185/1 229/21/1
f 266/58/1 267/59/1 356/148/1
f 394/186/1 229/21/1 393/185/1
f 356/148/1 267/59/1 355/147/1
f 231/23/1 392/184/1 230/22/1
f 394/186/1 228/20/1 229/21/1
f 270/62/1 353/145/1 269/61/1
f 269/61/1 353/145/1 354/146/1
f 353/145/1 270/62/1 352/144/1
f 351/143/1 271/63/1 272/64/1
f 352/144/1 271/63/1 351/143/1
f 271/63/1 352/144/1 270/62/1
f 268/60/1 269/61/1 354/146/1
f 355/147/1 267/59/1 268/60/1
f 268/60/1 354/146/1 355/147/1
f 228/20/1 395/187/1 227/19/1
f 396/188/1 226/18/1 227/19/1
f 227/19/1 395/187/1 396/188/1
f 395/187/1 228/20/1 394/186/1
f 226/18/1 397/189/1 225/17/1
f 397/189/1 226/18/1 396/188/1
f 225/17/1 397/189/1 224/16/1
f 397/189/1 398/190/1 224/16/1
f 224/16/1 398/190/1 223/15/1
f 405/197/1 210/2/1 211/3/1
f 405/197/1 211/3/1 404/196/1
f 403/195/1 213/5/1 214/6/1
f 403/195/1 404/196/1 213/5/1
f 212/4/1 213/5/1 404/196/1
f 404/196/1 211/3/1 212/4/1
f 215/7/1 403/195/1 214/6/1
f 398/190/1 222/14/1 223/15/1
f 398/190/1 399/191/1 222/14/1
f 222/14/1 399/191/1 221/13/1
f 399/191/1 220/12/1 221/13/1
f 220/12/1 399/191/1 400/192/1
f 220/12/1 400/192/1 219/11/1
f 217/9/1 401/193/1 402/194/1
f 401/193/1 219/11/1 400/192/1
f 215/7/1 402/194/1 403/195/1
f 216/8/1 402/194/1 215/7/1
f 219/11/1 401/193/1 218/10/1
f 217/9/1 218/10/1 401/193/1
f 216/8/1 217/9/1 402/194/1
f 406/198/1 210/2/1 405/197/1
f 100/308/2 98/306/2 101/309/2
f 101/309/2 98/306/2 102/310/2
f 99/307/2 98/306/2 100/308/2
f 98/306/2 97/305/2 102/310/2
f 103/311/2 102/310/2 97/305/2
f 104/312/2 97/305/2 96/304/2
f 104/312/2 96/304/2 105/313/2
f 106/314/2 96/304/2 95/303/2
f 96/304/2 106/314/2 105/313/2
f 107/315/2 95/303/2 108/316/2
f 95/303/2 107/315/2 106/314/2
f 103/311/2 97/305/2 104/312/2
f 109/317/2 108/316/2 94/302/2
f 109/317/2 94/302/2 110/318/2
f 94/302/2 108/316/2 95/303/2
f 110/318/2 93/301/2 111/319/2
f 93/301/2 110/318/2 94/302/2
f 111/319/2 93/301/2 112/320/2
f 112/320/2 92/300/2 113/321/2
f 92/300/2 112/320/2 93/301/2
f 113/321/2 92/300/2 114/322/2
f 114/322/2 91/299/2 115/323/2
f 91/299/2 114/322/2 92/300/2
f 116/324/2 115/323/2 91/299/2
f 116/324/2 91/299/2 90/298/2
f 159/367/2 48/256/2 160/368/2
f 160/368/2 47/255/2 46/254/2
f 160/368/2 48/256/2 47/255/2
f 49/257/2 159/367/2 158/366/2
f 159/367/2 49/257/2 48/256/2
f 49/257/2 158/366/2 50/258/2
f 162/370/2 44/252/2 163/371/2
f 163/371/2 44/252/2 164/372/2
f 46/254/2 161/369/2 160/368/2
f 161/369/2 46/254/2 45/253/2
f 161/369/2 45/253/2 162/370/2
f 44/252/2 162/370/2 45/253/2
f 157/365/2 156/364/2 50/258/2
f 157/365/2 50/258/2 158/366/2
f 50/258/2 156/364/2 51/259/2
f 155/363/2 52/260/2 156/364/2
f 156/364/2 52/260/2 51/259/2
f 53/261/2 155/363/2 154/362/2
f 155/363/2 53/261/2 52/260/2
f 53/261/2 154/362/2 153/361/2
f 54/262/2 153/361/2 152/360/2
f 153/361/2 54/262/2 53/261/2
f 152/360/2 55/263/2 54/262/2
f 55/263/2 152/360/2 56/264/2
f 117/325/2 116/324/2 90/298/2
f 118/326/2 90/298/2 89/297/2
f 118/326/2 89/297/2 119/327/2
f 88/296/2 87/295/2 120/328/2
f 88/296/2 119/327/2 89/297/2
f 88/296/2 120/328/2 119/327/2
f 121/329/2 120/328/2 86/294/2
f 121/329/2 86/294/2 85/293/2
f 86/294/2 120/328/2 87/295/2
f 85/293/2 84/292/2 122/330/2
f 85/293/2 122/330/2 121/329/2
f 122/330/2 84/292/2 123/331/2
f 117/325/2 90/298/2 118/326/2
f 123/331/2 84/292/2 83/291/2
f 124/332/2 123/331/2 83/291/2
f 124/332/2 82/290/2 125/333/2
f 82/290/2 124/332/2 83/291/2
f 82/290/2 81/289/2 125/333/2
f 125/333/2 81/289/2 126/334/2
f 129/337/2 128/336/2 78/286/2
f 78/286/2 77/285/2 129/337/2
f 78/286/2 128/336/2 79/287/2
f 127/335/2 81/289/2 80/288/2
f 81/289/2 127/335/2 126/334/2
f 127/335/2 80/288/2 128/336/2
f 79/287/2 128/336/2 80/288/2
f 130/338/2 129/337/2 77/285/2
f 138/346/2 69/277/2 139/347/2
f 139/347/2 68/276/2 140/348/2
f 139/347/2 69/277/2 68/276/2
f 69/277/2 137/345/2 70/278/2
f 137/345/2 69/277/2 138/346/2
f 70/278/2 137/345/2 136/344/2
f 143/351/2 142/350/2 65/273/2
f 143/351/2 65/273/2 64/272/2
f 65/273/2 142/350/2 66/274/2
f 67/275/2 140/348/2 68/276/2
f 140/348/2 67/275/2 66/274/2
f 66/274/2 141/349/2 140/348/2
f 141/349/2 66/274/2 142/350/2
f 133/341/2 132/340/2 75/283/2
f 133/341/2 75/283/2 74/282/2
f 75/283/2 132/340/2 76/284/2
f 76/284/2 130/338/2 77/285/2
f 131/339/2 76/284/2 132/340/2
f 130/338/2 76/284/2 131/339/2
f 71/279/2 136/344/2 135/343/2
f 136/344/2 71/279/2 70/278/2
f 71/279/2 135/343/2 72/280/2
f 134/342/2 74/282/2 73/281/2
f 74/282/2 134/342/2 133/341/2
f 73/281/2 72/280/2 134/342/2
f 135/343/2 134/342/2 72/280/2
f 44/252/2 43/251/2 164/372/2
f 164/372/2 42/250/2 165/373/2
f 42/250/2 166/374/2 165/373/2
f 168/376/2 167/375/2 39/247/2
f 38/246/2 169/377/2 39/247/2
f 168/376/2 39/247/2 169/377/2
f 42/250/2 164/372/2 43/251/2
f 173/381/2 172/380/2 35/243/2
f 173/381/2 35/243/2 34/242/2
f 176/384/2 31/239/2 30/238/2
f 173/381/2 34/242/2 174/382/2
f 176/384/2 175/383/2 31/239/2
f 169/377/2 38/246/2 170/378/2
f 171/379/2 35/243/2 172/380/2
f 167/375/2 166/374/2 41/249/2
f 37/245/2 170/378/2 38/246/2
f 40/248/2 39/247/2 167/375/2
f 41/249/2 40/248/2 167/375/2
f 36/244/2 170/378/2 37/245/2
f 41/249/2 166/374/2 42/250/2
f 34/242/2 33/241/2 174/382/2
f 36/244/2 35/243/2 171/379/2
f 32/240/2 175/383/2 33/241/2
f 31/239/2 175/383/2 32/240/2
f 175/383/2 174/382/2 33/241/2
f 36/244/2 171/379/2 170/378/2
f 177/385/2 176/384/2 30/238/2
f 204/412/2 202/410/2 205/413/2
f 203/411/2 202/410/2 204/412/2
f 202/410/2 201/409/2 205/413/2
f 206/414/2 205/413/2 201/409/2
f 200/408/2 207/415/2 201/409/2
f 207/415/2 200/408/2 199/407/2
f 199/407/2 198/406/2 1/209/2
f 1/209/2 208/416/2 199/407/2
f 207/415/2 199/407/2 208/416/2
f 1/209/2 198/406/2 2/210/2
f 206/414/2 201/409/2 207/415/2
f 178/386/2 28/236/2 179/387/2
f 179/387/2 27/235/2 180/388/2
f 29/237/2 28/236/2 178/386/2
f 28/236/2 27/235/2 179/387/2
f 26/234/2 180/388/2 27/235/2
f 30/238/2 29/237/2 178/386/2
f 181/389/2 26/234/2 25/233/2
f 26/234/2 181/389/2 180/388/2
f 181/389/2 25/233/2 182/390/2
f 182/390/2 24/232/2 183/391/2
f 24/232/2 182/390/2 25/233/2
f 23/231/2 184/392/2 183/391/2
f 23/231/2 183/391/2 24/232/2
f 30/238/2 178/386/2 177/385/2
f 56/264/2 151/359/2 57/265/2
f 152/360/2 151/359/2 56/264/2
f 57/265/2 151/359/2 150/358/2
f 149/357/2 58/266/2 150/358/2
f 148/356/2 58/266/2 149/357/2
f 150/358/2 58/266/2 57/265/2
f 184/392/2 22/230/2 185/393/2
f 185/393/2 22/230/2 21/229/2
f 59/267/2 58/266/2 148/356/2
f 21/229/2 186/394/2 185/393/2
f 59/267/2 148/356/2 147/355/2
f 184/392/2 23/231/2 22/230/2
f 20/228/2 186/394/2 21/229/2
f 145/353/2 62/270/2 61/269/2
f 145/353/2 61/269/2 146/354/2
f 62/270/2 145/353/2 144/352/2
f 63/271/2 143/351/2 64/272/2
f 63/271/2 144/352/2 143/351/2
f 144/352/2 63/271/2 62/270/2
f 61/269/2 60/268/2 146/354/2
f 59/267/2 147/355/2 60/268/2
f 146/354/2 60/268/2 147/355/2
f 187/395/2 20/228/2 19/227/2
f 18/226/2 188/396/2 19/227/2
f 187/395/2 19/227/2 188/396/2
f 20/228/2 187/395/2 186/394/2
f 189/397/2 18/226/2 17/225/2
f 18/226/2 189/397/2 188/396/2
f 189/397/2 17/225/2 16/224/2
f 190/398/2 189/397/2 16/224/2
f 190/398/2 16/224/2 15/223/2
f 2/210/2 197/405/2 3/211/2
f 3/211/2 197/405/2 196/404/2
f 5/213/2 195/403/2 6/214/2
f 196/404/2 195/403/2 5/213/2
f 5/213/2 4/212/2 196/404/2
f 3/211/2 196/404/2 4/212/2
f 195/403/2 7/215/2 6/214/2
f 14/222/2 190/398/2 15/223/2
f 191/399/2 190/398/2 14/222/2
f 191/399/2 14/222/2 13/221/2
f 12/220/2 191/399/2 13/221/2
f 191/399/2 12/220/2 192/400/2
f 192/400/2 12/220/2 11/219/2
f 193/401/2 9/217/2 194/402/2
f 11/219/2 193/401/2 192/400/2
f 194/402/2 7/215/2 195/403/2
f 194/402/2 8/216/2 7/215/2
f 193/401/2 11/219/2 10/218/2
f 10/218/2 9/217/2 193/401/2
f 9/217/2 8/216/2 194/402/2
f 2/210/2 198/406/2 197/405/2
f 417/899/3 1/417/4 2/418/5
f 417/899/3 2/418/5 210/659/6
f 417/899/3 210/659/6 209/658/7
f 417/899/3 209/658/7 1/417/4
f 418/900/8 2/418/5 3/419/9
f 418/900/8 3/419/9 211/660/10
f 418/900/8 211/660/10 210/659/6
f 418/900/8 210/659/6 2/418/5
f 419/901/11 3/419/9 4/420/12
f 419/901/11 4/420/12 212/661/13
f 419/901/11 212/661/13 211/660/10
f 419/901/11 211/660/10 3/419/9
f 420/902/14 4/420/12 5/421/15
f 420/902/14 5/421/15 213/662/16
f 420/902/14 213/662/16 212/661/13
f 420/902/14 212/661/13 4/420/12
f 421/903/17 5/421/15 6/422/18
f 421/903/17 6/422/18 214/663/19
f 421/903/17 214/663/19 213/662/16
f 421/903/17 213/662/16 5/421/15
f 422/904/20 6/422/18 7/423/21
f 422/904/20 7/423/21 215/664/22
f 422/904/20 215/664/22 214/663/19
f 422/904/20 214/663/19 6/422/18
f 423/905/23 7/423/21 8/424/24
f 423/905/23 8/424/24 216/665/25
f 423/905/23 216/665/25 215/664/22
f 423/905/23 215/664/22 7/423/21
f 424/906/26 8/424/24 9/425/27
f 424/906/26 9/425/27 217/666/28
f 424/906/26 217/666/28 216/665/25
f 424/906/26 216/665/25 8/424/24
f 425/907/29 9/425/27 10/426/30
f 425/907/29 10/426/30 218/667/31
f 425/907/29 218/667/31 217/666/28
f 425/907/29 217/666/28 9/425/27
f 426/908/32 10/426/30 11/427/33
f 426/908/32 11/427/33 219/668/34
f 426/908/32 219/668/34 218/667/31
f 426/908/32 218/667/31 10/426/30
f 427/909/35 11/427/33 12/428/36
f 427/909/35 12/428/36 220/669/37
f 427/909/35 220/669/37 219/668/34
f 427/909/35 219/668/34 11/427/33
f 428/910/38 12/428/36 13/429/39
f 428/910/38 13/429/39 221/670/40
f 428/910/38 221/670/40 220/669/37
f 428/910/38 220/669/37 12/428/36
f 429/911/41 13/429/39 14/430/42
f 429/911/41 14/430/42 222/671/43
f 429/911/41 222/671/43 221/670/40
f 429/911/41 221/670/40 13/429/39
f 430/912/44 14/430/42 15/431/45
f 430/912/44 15/431/45 223/672/46
f 430/912/44 223/672/46 222/671/43
f 430/912/44 222/671/43 14/430/42
f 431/913/47 15/431/45 16/432/48
f 431/913/47 16/432/48 224/673/49
f 431/913/47 224/673/49 223/672/46
f 431/913/47 223/672/46 15/431/45
f 432/914/50 16/432/48 17/433/51
f 432/914/50 17/433/51 225/674/52
f 432/914/50 225/674/52 224/673/49
f 432/914/50 224/673/49 16/432/48
f 433/915/53 17/433/51 18/434/54
f 433/915/53 18/434/54 226/675/55
f 433/915/53 226/675/55 225/674/52
f 433/915/53 225/674/52 17/433/51
f 434/916/56 18/434/54 19/435/57
f 434/916/56 19/435/57 227/676/58
f 434/916/56 227/676/58 226/675/55
f 434/916/56 226/675/55 18/434/54
f 435/917/59 19/435/57 20/436/60
f 435/917/59 20/436/60 228/677/61
f 435/917/59 228/677/61 227/676/58
f 435/917/59 227/676/58 19/435/57
f 436/918/62 20/436/60 21/437/63
f 436/918/62 21/437/63 229/678/64
f 436/918/62 229/678/64 228/677/61
f 436/918/62 228/677/61 20/436/60
f 437/919/65 21/437/63 22/438/66
f 437/919/65 22/438/66 230/679/67
f 437/919/65 230/679/67 229/678/64
f 437/919/65 229/678/64 21/437/63
f 438/920/68 22/438/66 23/439/69
f 438/920/68 23/439/69 231/680/70
f 438/920/68 231/680/70 230/679/67
f 438/920/68 230/679/67 22/438/66
f 439/921/71 23/439/69 24/440/72
f 439/921/71 24/440/72 232/681/73
f 439/921/71 232/681/73 231/680/70
f 439/921/71 231/680/70 23/439/69
f 440/922/74 24/440/72 25/441/75
f 440/922/74 25/441/75 233/682/76
f 440/922/74 233/682/76 232/681/73
f 440/922/74 232/681/73 24/440/72
f 441/923/77 25/441/75 26/442/78
f 441/923/77 26/442/78 234/683/79
f 441/923/77 234/683/79 233/682/76
f 441/923/77 233/682/76 25/441/75
f 442/924/80 26/442/78 27/443/81
f 442/924/80 27/443/81 235/684/82
f 442/924/80 235/684/82 234/683/79
f 442/924/80 234/683/79 26/442/78
f 443/925/83 27/443/81 28/444/84
f 443/925/83 28/444/84 236/685/85
f 443/925/83 236/685/85 235/684/82
f 443/925/83 235/684/82 27/443/81
f 444/926/86 28/444/84 29/445/87
f 444/926/86 29/445/87 237/686/88
f 444/926/86 237/686/88 236/685/85
f 444/926/86 236/685/85 28/444/84
f 445/927/89 29/446/90 30/447/91
f 445/927/89 30/447/91 238/688/92
f 445/927/89 238/688/92 237/687/93
f 445/927/89 237/687/93 29/446/90
f 446/928/94 30/448/95 31/449/96
f 446/928/94 31/449/96 239/690/97
f 446/928/94 239/690/97 238/689/98
f 446/928/94 238/689/98 30/448/95
f 447/929/99 31/450/100 32/451/101
f 447/929/99 32/451/101 240/692/102
f 447/929/99 240/692/102 239/691/103
f 447/929/99 239/691/103 31/450/100
f 448/930/104 32/452/105 33/453/106
f 448/930/104 33/453/106 241/694/107
f 448/930/104 241/694/107 240/693/108
f 448/930/104 240/693/108 32/452/105
f 449/931/109 33/454/110 34/455/111
f 449/931/109 34/455/111 242/696/112
f 449/931/109 242/696/112 241/695/113
f 449/931/109 241/695/113 33/454/110
f 450/932/114 34/456/115 35/457/116
f 450/932/114 35/457/116 243/698/117
f 450/932/114 243/698/117 242/697/118
f 450/932/114 242/697/118 34/456/115
f 451/933/119 35/458/120 36/459/121
f 451/933/119 36/459/121 244/700/122
f 451/933/119 244/700/122 243/699/123
f 451/933/119 243/699/123 35/458/120
f 452/934/124 36/460/125 37/461/126
f 452/934/124 37/461/126 245/702/127
f 452/934/124 245/702/127 244/701/128
f 452/934/124 244/701/128 36/460/125
f 453/935/129 37/462/130 38/463/131
f 453/935/129 38/463/131 246/704/132
f 453/935/129 246/704/132 245/703/133
f 453/935/129 245/703/133 37/462/130
f 454/936/134 38/464/135 39/465/136
f 454/936/134 39/465/136 247/706/137
f 454/936/134 247/706/137 246/705/138
f 454/936/134 246/705/138 38/464/135
f 455/937/139 39/466/140 40/467/141
f 455/937/139 40/467/141 248/708/142
f 455/937/139 248/708/142 247/707/143
f 455/937/139 247/707/143 39/466/140
f 456/938/144 40/468/145 41/469/146
f 456/938/144 41/469/146 249/710/147
f 456/938/144 249/710/147 248/709/148
f 456/938/144 248/709/148 40/468/145
f 457/939/149 41/470/150 42/471/151
f 457/939/149 42/471/151 250/712/152
f 457/939/149 250/712/152 249/711/153
f 457/939/149 249/711/153 41/470/150
f 458/940/154 42/472/155 43/473/156
f 458/940/154 43/473/156 251/714/157
f 458/940/154 251/714/157 250/713/158
f 458/940/154 250/713/158 42/472/155
f 459/941/159 43/473/156 44/474/160
f 459/941/159 44/474/160 252/715/161
f 459/941/159 252/715/161 251/714/157
f 459/941/159 251/714/157 43/473/156
f 460/942/162 44/474/160 45/475/163
f 460/942/162 45/475/163 253/716/164
f 460/942/162 253/716/164 252/715/161
f 460/942/162 252/715/161 44/474/160
f 461/943/165 45/475/163 46/476/166
f 461/943/165 46/476/166 254/717/167
f 461/943/165 254/717/167 253/716/164
f 461/943/165 253/716/164 45/475/163
f 462/944/168 46/476/166 47/477/169
f 462/944/168 47/477/169 255/718/170
f 462/944/168 255/718/170 254/717/167
f 462/944/168 254/717/167 46/476/166
f 463/945/171 47/477/169 48/478/172
f 463/945/171 48/478/172 256/719/173
f 463/945/171 256/719/173 255/718/170
f 463/945/171 255/718/170 47/477/169
f 464/946/174 48/478/172 49/479/175
f 464/946/174 49/479/175 257/720/176
f 464/946/174 257/720/176 256/719/173
f 464/946/174 256/719/173 48/478/172
f 465/947/177 49/479/175 50/480/178
f 465/947/177 50/480/178 258/721/179
f 465/947/177 258/721/179 257/720/176
f 465/947/177 257/720/176 49/479/175
f 466/948/180 50/480/178 51/481/181
f 466/948/180 51/481/181 259/722/182
f 466/948/180 259/722/182 258/721/179
f 466/948/180 258/721/179 50/480/178
f 467/949/183 51/481/181 52/482/184
f 467/949/183 52/482/184 260/723/185
f 467/949/183 260/723/185 259/722/182
f 467/949/183 259/722/182 51/481/181
f 468/950/186 52/482/184 53/483/187
f 468/950/186 53/483/187 261/724/188
f 468/950/186 261/724/188 260/723/185
f 468/950/186 260/723/185 52/482/184
f 469/951/189 53/483/187 54/484/190
f 469/951/189 54/484/190 262/725/191
f 469/951/189 262/725/191 261/724/188
f 469/951/189 261/724/188 53/483/187
f 470/952/192 54/484/190 55/485/193
f 470/952/192 55/485/193 263/726/194
f 470/952/192 263/726/194 262/725/191
f 470/952/192 262/725/191 54/484/190
f 471/953/195 55/485/193 56/486/196
f 471/953/195 56/486/196 264/727/197
f 471/953/195 264/727/197 263/726/194
f 471/953/195 263/726/194 55/485/193
f 472/954/198 56/486/196 57/487/199
f 472/954/198 57/487/199 265/728/200
f 472/954/198 265/728/200 264/727/197
f 472/954/198 264/727/197 56/486/196
f 473/955/201 57/487/199 58/488/202
f 473/955/201 58/488/202 266/729/203
f 473/955/201 266/729/203 265/728/200
f 473/955/201 265/728/200 57/487/199
f 474/956/204 58/488/202 59/489/205
f 474/956/204 59/489/205 267/730/206
f 474/956/204 267/730/206 266/729/203
f 474/956/204 266/729/203 58/488/202
f 475/957/207 59/489/205 60/490/208
f 475/957/207 60/490/208 268/731/209
f 475/957/207 268/731/209 267/730/206
f 475/957/207 267/730/206 59/489/205
f 476/958/210 60/490/208 61/491/211
f 476/958/210 61/491/211 269/732/212
f 476/958/210 269/732/212 268/731/209
f 476/958/210 268/731/209 60/490/208
f 477/959/213 61/491/211 62/492/214
f 477/959/213 62/492/214 270/733/215
f 477/959/213 270/733/215 269/732/212
f 477/959/213 269/732/212 61/491/211
f 478/960/216 62/492/214 63/493/217
f 478/960/216 63/493/217 271/734/218
f 478/960/216 271/734/218 270/733/215
f 478/960/216 270/733/215 62/492/214
f 479/961/219 63/493/217 64/494/220
f 479/961/219 64/494/220 272/735/221
f 479/961/219 272/735/221 271/734/218
f 479/961/219 271/734/218 63/493/217
f 480/962/222 64/494/220 65/495/223
f 480/962/222 65/495/223 273/736/224
f 480/962/222 273/736/224 272/735/221
f 480/962/222 272/735/221 64/494/220
f 481/963/225 65/495/223 66/496/226
f 481/963/225 66/496/226 274/737/227
f 481/963/225 274/737/227 273/736/224
f 481/963/225 273/736/224 65/495/223
f 482/964/228 66/496/226 67/497/229
f 482/964/228 67/497/229 275/738/230
f 482/964/228 275/738/230 274/737/227
f 482/964/228 274/737/227 66/496/226
f 483/965/231 67/497/229 68/498/232
f 483/965/231 68/498/232 276/739/233
f 483/965/231 276/739/233 275/738/230
f 483/965/231 275/738/230 67/497/229
f 484/966/234 68/498/232 69/499/235
f 484/966/234 69/499/235 277/740/236
f 484/966/234 277/740/236 276/739/233
f 484/966/234 276/739/233 68/498/232
f 485/967/237 69/499/235 70/500/238
f 485/967/237 70/500/238 278/741/239
f 485/967/237 278/741/239 277/740/236
f 485/967/237 277/740/236 69/499/235
f 486/968/240 70/500/238 71/501/241
f 486/968/240 71/501/241 279/742/242
f 486/968/240 279/742/242 278/741/239
f 486/968/240 278/741/239 70/500/238
f 487/969/243 71/501/241 72/502/244
f 487/969/243 72/502/244 280/743/245
f 487/969/243 280/743/245 279/742/242
f 487/969/243 279/742/242 71/501/241
f 488/970/246 72/502/244 73/503/247
f 488/970/246 73/503/247 281/744/248
f 488/970/246 281/744/248 280/743/245
f 488/970/246 280/743/245 72/502/244
f 489/971/249 73/503/247 74/504/250
f 489/971/249 74/504/250 282/745/251
f 489/971/249 282/745/251 281/744/248
f 489/971/249 281/744/248 73/503/247
f 490/972/252 74/504/250 75/505/253
f 490/972/252 75/505/253 283/746/254
f 490/972/252 283/746/254 282/745/251
f 490/972/252 282/745/251 74/504/250
f 491/973/255 75/505/253 76/506/256
f 491/973/255 76/506/256 284/747/257
f 491/973/255 284/747/257 283/746/254
f 491/973/255 283/746/254 75/505/253
f 492/974/258 76/506/256 77/507/259
f 492/974/258 77/507/259 285/748/260
f 492/974/258 285/748/260 284/747/257
f 492/974/258 284/747/257 76/506/256
f 493/975/261 77/507/259 78/508/262
f 493/975/261 78/508/262 286/749/263
f 493/975/261 286/749/263 285/748/260
f 493/975/261 285/748/260 77/507/259
f 494/976/264 78/508/262 79/509/265
f 494/976/264 79/509/265 287/750/266
f 494/976/264 287/750/266 286/749/263
f 494/976/264 286/749/263 78/508/262
f 495/977/267 79/509/265 80/510/268
f 495/977/267 80/510/268 288/751/269
f 495/977/267 288/751/269 287/750/266
f 495/977/267 287/750/266 79/509/265
f 496/978/270 80/510/268 81/511/271
f 496/978/270 81/511/271 289/752/272
f 496/978/270 289/752/272 288/751/269
f 496/978/270 288/751/269 80/510/268
f 497/979/273 81/511/271 82/512/274
f 497/979/273 82/512/274 290/753/275
f 497/979/273 290/753/275 289/752/272
f 497/979/273 289/752/272 81/511/271
f 498/980/276 82/512/274 83/513/277
f 498/980/276 83/513/277 291/754/278
f 498/980/276 291/754/278 290/753/275
f 498/980/276 290/753/275 82/512/274
f 499/981/279 83/513/277 84/514/280
f 499/981/279 84/514/280 292/755/281
f 499/981/279 292/755/281 291/754/278
f 499/981/279 291/754/278 83/513/277
f 500/982/282 84/514/280 85/515/283
f 500/982/282 85/515/283 293/756/284
f 500/982/282 293/756/284 292/755/281
f 500/982/282 292/755/281 84/514/280
f 501/983/285 85/515/283 86/516/286
f 501/983/285 86/516/286 294/757/287
f 501/983/285 294/757/287 293/756/284
f 501/983/285 293/756/284 85/515/283
f 502/984/288 86/516/286 87/517/289
f 502/984/288 87/517/289 295/758/290
f 502/984/288 295/758/290 294/757/287
f 502/984/288 294/757/287 86/516/286
f 503/985/291 87/517/289 88/518/292
f 503/985/291 88/518/292 296/759/293
f 503/985/291 296/759/293 295/758/290
f 503/985/291 295/758/290 87/517/289
f 504/986/294 88/518/292 89/519/295
f 504/986/294 89/519/295 297/760/296
f 504/986/294 297/760/296 296/759/293
f 504/986/294 296/759/293 88/518/292
f 505/987/297 89/519/295 90/520/298
f 505/987/297 90/520/298 298/761/299
f 505/987/297 298/761/299 297/760/296
f 505/987/297 297/760/296 89/519/295
f 506/988/300 90/520/298 91/521/301
f 506/988/300 91/521/301 299/762/302
f 506/988/300 299/762/302 298/761/299
f 506/988/300 298/761/299 90/520/298
f 507/989/303 91/521/301 92/522/304
f 507/989/303 92/522/304 300/763/305
f 507/989/303 300/763/305 299/762/302
f 507/989/303 299/762/302 91/521/301
f 508/990/306 92/522/304 93/523/307
f 508/990/306 93/523/307 301/764/308
f 508/990/306 301/764/308 300/763/305
f 508/990/306 300/763/305 92/522/304
f 509/991/309 93/523/307 94/524/310
f 509/991/309 94/524/310 302/765/311
f 509/991/309 302/765/311 301/764/308
f 509/991/309 301/764/308 93/523/307
f 510/992/312 94/524/310 95/525/313
f 510/992/312 95/525/313 303/766/314
f 510/992/312 303/766/314 302/765/311
f 510/992/312 302/765/311 94/524/310
f 511/993/315 95/525/313 96/526/316
f 511/993/315 96/526/316 304/767/317
f 511/993/315 304/767/317 303/766/314
f 511/993/315 303/766/314 95/525/313
f 512/994/318 96/526/316 97/527/319
f 512/994/318 97/527/319 305/768/320
f 512/994/318 305/768/320 304/767/317
f 512/994/318 304/767/317 96/526/316
f 513/995/321 97/527/319 98/528/322
f 513/995/321 98/528/322 306/769/323
f 513/995/321 306/769/323 305/768/320
f 513/995/321 305/768/320 97/527/319
f 514/996/324 98/528/322 99/529/325
f 514/996/324 99/529/325 307/770/326
f 514/996/324 307/770/326 306/769/323
f 514/996/324 306/769/323 98/528/322
f 515/997/327 99/530/328 100/531/329
f 515/997/327 100/531/329 308/772/330
f 515/997/327 308/772/330 307/771/331
f 515/997/327 307/771/331 99/530/328
f 516/998/332 100/532/333 101/533/334
f 516/998/332 101/533/334 309/774/335
f 516/998/332 309/774/335 308/773/336
f 516/998/332 308/773/336 100/532/333
f 517/999/337 101/533/334 102/534/338
f 517/999/337 102/534/338 310/775/339
f 517/999/337 310/775/339 309/774/335
f 517/999/337 309/774/335 101/533/334
f 518/1000/340 102/534/338 103/535/341
f 518/1000/340 103/535/341 311/776/342
f 518/1000/340 311/776/342 310/775/339
f 518/1000/340 310/775/339 102/534/338
f 519/1001/343 103/535/341 104/536/344
f 519/1001/343 104/536/344 312/777/345
f 519/1001/343 312/777/345 311/776/342
f 519/1001/343 311/776/342 103/535/341
f 520/1002/346 104/536/344 105/537/347
f 520/1002/346 105/537/347 313/778/348
f 520/1002/346 313/778/348 312/777/345
f 520/1002/346 312/777/345 104/536/344
f 521/1003/349 105/537/347 106/538/350
f 521/1003/349 106/538/350 314/779/351
f 521/1003/349 314/779/351 313/778/348
f 521/1003/349 313/778/348 105/537/347
f 522/1004/352 106/538/350 107/539/353
f 522/1004/352 107/539/353 315/780/354
f 522/1004/352 315/780/354 314/779/351
f 522/1004/352 314/779/351 106/538/350
f 523/1005/355 107/539/353 108/540/356
f 523/1005/355 108/540/356 316/781/357
f 523/1005/355 316/781/357 315/780/354
f 523/1005/355 315/780/354 107/539/353
f 524/1006/358 108/540/356 109/541/359
f 524/1006/358 109/541/359 317/782/360
f 524/1006/358 317/782/360 316/781/357
f 524/1006/358 316/781/357 108/540/356
f 525/1007/361 109/541/359 110/542/362
f 525/1007/361 110/542/362 318/783/363
f 525/1007/361 318/783/363 317/782/360
f 525/1007/361 317/782/360 109/541/359
f 526/1008/364 110/542/362 111/543/365
f 526/1008/364 111/543/365 319/784/366
f 526/1008/364 319/784/366 318/783/363
f 526/1008/364 318/783/363 110/542/362
f 527/1009/367 111/543/365 112/544/368
f 527/1009/367 112/544/368 320/785/369
f 527/1009/367 320/785/369 319/784/366
f 527/1009/367 319/784/366 111/543/365
f 528/1010/370 112/544/368 113/545/371
f 528/1010/370 113/545/371 321/786/372
f 528/1010/370 321/786/372 320/785/369
f 528/1010/370 320/785/369 112/544/368
f 529/1011/373 113/545/371 114/546/374
f 529/1011/373 114/546/374 322/787/375
f 529/1011/373 322/787/375 321/786/372
f 529/1011/373 321/786/372 113/545/371
f 530/1012/376 114/546/374 115/547/377
f 530/1012/376 115/547/377 323/788/378
f 530/1012/376 323/788/378 322/787/375
f 530/1012/376 322/787/375 114/546/374
f 531/1013/379 115/547/377 116/548/380
f 531/1013/379 116/548/380 324/789/381
f 531/1013/379 324/789/381 323/788/378
f 531/1013/379 323/788/378 115/547/377
f 532/1014/382 116/548/380 117/549/383
f 532/1014/382 117/549/383 325/790/384
f 532/1014/382 325/790/384 324/789/381
f 532/1014/382 324/789/381 116/548/380
f 533/1015/385 117/549/383 118/550/386
f 533/1015/385 118/550/386 326/791/387
f 533/1015/385 326/791/387 325/790/384
f 533/1015/385 325/790/384 117/549/383
f 534/1016/388 118/550/386 119/551/389
f 534/1016/388 119/551/389 327/792/390
f 534/1016/388 327/792/390 326/791/387
f 534/1016/388 326/791/387 118/550/386
f 535/1017/391 119/551/389 120/552/392
f 535/1017/391 120/552/392 328/793/393
f 535/1017/391 328/793/393 327/792/390
f 535/1017/391 327/792/390 119/551/389
f 536/1018/394 120/552/392 121/553/395
f 536/1018/394 121/553/395 329/794/396
f 536/1018/394 329/794/396 328/793/393
f 536/1018/394 328/793/393 120/552/392
f 537/1019/397 121/553/395 122/554/398
f 537/1019/397 122/554/398 330/795/399
f 537/1019/397 330/795/399 329/794/396
f 537/1019/397 329/794/396 121/553/395
f 538/1020/400 122/554/398 123/555/401
f 538/1020/400 123/555/401 331/796/402
f 538/1020/400 331/796/402 330/795/399
f 538/1020/400 330/795/399 122/554/398
f 539/1021/403 123/555/401 124/556/404
f 539/1021/403 124/556/404 332/797/405
f 539/1021/403 332/797/405 331/796/402
f 539/1021/403 331/796/402 123/555/401
f 540/1022/406 124/556/404 125/557/407
f 540/1022/406 125/557/407 333/798/408
f 540/1022/406 333/798/408 332/797/405
f 540/1022/406 332/797/405 124/556/404
f 541/1023/409 125/557/407 126/558/410
f 541/1023/409 126/558/410 334/799/411
f 541/1023/409 334/799/411 333/798/408
f 541/1023/409 333/798/408 125/557/407
f 542/1024/412 126/558/410 127/559/413
f 542/1024/412 127/559/413 335/800/414
f 542/1024/412 335/800/414 334/799/411
f 542/1024/412 334/799/411 126/558/410
f 543/1025/415 127/559/413 128/560/416
f 543/1025/415 128/560/416 336/801/417
f 543/1025/415 336/801/417 335/800/414
f 543/1025/415 335/800/414 127/559/413
f 544/1026/418 128/560/416 129/561/419
f 544/1026/418 129/561/419 337/802/420
f 544/1026/418 337/802/420 336/801/417
f 544/1026/418 336/801/417 128/560/416
f 545/1027/421 129/561/419 130/562/422
f 545/1027/421 130/562/422 338/803/423
f 545/1027/421 338/803/423 337/802/420
f 545/1027/421 337/802/420 129/561/419
f 546/1028/424 130/562/422 131/563/425
f 546/1028/424 131/563/425 339/804/426
f 546/1028/424 339/804/426 338/803/423
f 546/1028/424 338/803/423 130/562/422
f 547/1029/427 131/563/425 132/564/428
f 547/1029/427 132/564/428 340/805/429
f 547/1029/427 340/805/429 339/804/426
f 547/1029/427 339/804/426 131/563/425
f 548/1030/430 132/564/428 133/565/431
f 548/1030/430 133/565/431 341/806/432
f 548/1030/430 341/806/432 340/805/429
f 548/1030/430 340/805/429 132/564/428
f 549/1031/433 133/565/431 134/566/434
f 549/1031/433 134/566/434 342/807/435
f 549/1031/433 342/807/435 341/806/432
f 549/1031/433 341/806/432 133/565/431
f 550/1032/436 134/566/434 135/567/437
f 550/1032/436 135/567/437 343/808/438
f 550/1032/436 343/808/438 342/807/435
f 550/1032/436 342/807/435 134/566/434
f 551/1033/439 135/567/437 136/568/440
f 551/1033/439 136/568/440 344/809/441
f 551/1033/439 344/809/441 343/808/438
f 551/1033/439 343/808/438 135/567/437
f 552/1034/442 136/568/440 137/569/443
f 552/1034/442 137/569/443 345/810/444
f 552/1034/442 345/810/444 344/809/441
f 552/1034/442 344/809/441 136/568/440
f 553/1035/445 137/569/443 138/570/446
f 553/1035/445 138/570/446 346/811/447
f 553/1035/445 346/811/447 345/810/444
f 553/1035/445 345/810/444 137/569/443
f 554/1036/448 138/570/446 139/571/449
f 554/1036/448 139/571/449 347/812/450
f 554/1036/448 347/812/450 346/811/447
f 554/1036/448 346/811/447 138/570/446
f 555/1037/451 139/571/449 140/572/452
f 555/1037/451 140/572/452 348/813/453
f 555/1037/451 348/813/453 347/812/450
f 555/1037/451 347/812/450 139/571/449
f 556/1038/454 140/572/452 141/573/455
f 556/1038/454 141/573/455 349/814/456
f 556/1038/454 349/814/456 348/813/453
f 556/1038/454 348/813/453 140/572/452
f 557/1039/457 141/573/455 142/574/458
f 557/1039/457 142/574/458 350/815/459
f 557/1039/457 350/815/459 349/814/456
f 557/1039/457 349/814/456 141/573/455
f 558/1040/460 142/574/458 143/575/461
f 558/1040/460 143/575/461 351/816/462
f 558/1040/460 351/816/462 350/815/459
f 558/1040/460 350/815/459 142/574/458
f 559/1041/463 143/575/461 144/576/464
f 559/1041/463 144/576/464 352/817/465
f 559/1041/463 352/817/465 351/816/462
f 559/1041/463 351/816/462 143/575/461
f 560/1042/466 144/576/464 145/577/467
f 560/1042/466 145/577/467 353/818/468
f 560/1042/466 353/818/468 352/817/465
f 560/1042/466 352/817/465 144/576/464
f 561/1043/469 145/577/467 146/578/470
f 561/1043/469 146/578/470 354/819/471
f 561/1043/469 354/819/471 353/818/468
f 561/1043/469 353/818/468 145/577/467
f 562/1044/472 146/578/470 147/579/473
f 562/1044/472 147/579/473 355/820/474
f 562/1044/472 355/820/474 354/819/471
f 562/1044/472 354/819/471 146/578/470
f 563/1045/475 147/579/473 148/580/476
f 563/1045/475 148/580/476 356/821/477
f 563/1045/475 356/821/477 355/820/474
f 563/1045/475 355/820/474 147/579/473
f 564/1046/478 148/580/476 149/581/479
f 564/1046/478 149/581/479 357/822/480
f 564/1046/478 357/822/480 356/821/477
f 564/1046/478 356/821/477 148/580/476
f 565/1047/481 149/581/479 150/582/482
f 565/1047/481 150/582/482 358/823/483
f 565/1047/481 358/823/483 357/822/480
f 565/1047/481 357/822/480 149/581/479
f 566/1048/484 150/582/482 151/583/485
f 566/1048/484 151/583/485 359/824/486
f 566/1048/484 359/824/486 358/823/483
f 566/1048/484 358/823/483 150/582/482
f 567/1049/487 151/583/485 152/584/488
f 567/1049/487 152/584/488 360/825/489
f 567/1049/487 360/825/489 359/824/486
f 567/1049/487 359/824/486 151/583/485
f 568/1050/490 152/584/488 153/585/491
f 568/1050/490 153/585/491 361/826/492
f 568/1050/490 361/826/492 360/825/489
f 568/1050/490 360/825/489 152/584/488
f 569/1051/493 153/585/491 154/586/494
f 569/1051/493 154/586/494 362/827/495
f 569/1051/493 362/827/495 361/826/492
f 569/1051/493 361/826/492 153/585/491
f 570/1052/496 154/586/494 155/587/497
f 570/1052/496 155/587/497 363/828/498
f 570/1052/496 363/828/498 362/827/495
f 570/1052/496 362/827/495 154/586/494
f 571/1053/499 155/587/497 156/588/500
f 571/1053/499 156/588/500 364/829/501
f 571/1053/499 364/829/501 363/828/498
f 571/1053/499 363/828/498 155/587/497
f 572/1054/502 156/588/500 157/589/503
f 572/1054/502 157/589/503 365/830/504
f 572/1054/502 365/830/504 364/829/501
f 572/1054/502 364/829/501 156/588/500
f 573/1055/505 157/589/503 158/590/506
f 573/1055/505 158/590/506 366/831/507
f 573/1055/505 366/831/507 365/830/504
f 573/1055/505 365/830/504 157/589/503
f 574/1056/508 158/590/506 159/591/509
f 574/1056/508 159/591/509 367/832/510
f 574/1056/508 367/832/510 366/831/507
f 574/1056/508 366/831/507 158/590/506
f 575/1057/511 159/591/509 160/592/512
f 575/1057/511 160/592/512 368/833/513
f 575/1057/511 368/833/513 367/832/510
f 575/1057/511 367/832/510 159/591/509
f 576/1058/514 160/592/512 161/593/515
f 576/1058/514 161/593/515 369/834/516
f 576/1058/514 369/834/516 368/833/513
f 576/1058/514 368/833/513 160/592/512
f 577/1059/517 161/593/515 162/594/518
f 577/1059/517 162/594/518 370/835/519
f 577/1059/517 370/835/519 369/834/516
f 577/1059/517 369/834/516 161/593/515
f 578/1060/520 162/594/518 163/595/521
f 578/1060/520 163/595/521 371/836/522
f 578/1060/520 371/836/522 370/835/519
f 578/1060/520 370/835/519 162/594/518
f 579/1061/523 163/595/521 164/596/524
f 579/1061/523 164/596/524 372/837/525
f 579/1061/523 372/837/525 371/836/522
f 579/1061/523 371/836/522 163/595/521
f 580/1062/526 164/596/524 165/597/527
f 580/1062/526 165/597/527 373/838/528
f 580/1062/526 373/838/528 372/837/525
f 580/1062/526 372/837/525 164/596/524
f 581/1063/529 165/598/530 166/599/531
f 581/1063/529 166/599/531 374/840/532
f 581/1063/529 374/840/532 373/839/533
f 581/1063/529 373/839/533 165/598/530
f 582/1064/534 166/600/535 167/601/536
f 582/1064/534 167/601/536 375/842/537
f 582/1064/534 375/842/537 374/841/538
f 582/1064/534 374/841/538 166/600/535
f 583/1065/539 167/602/540 168/603/541
f 583/1065/539 168/603/541 376/844/542
f 583/1065/539 376/844/542 375/843/543
f 583/1065/539 375/843/543 167/602/540
f 584/1066/544 168/604/545 169/605/546
f 584/1066/544 169/605/546 377/846/547
f 584/1066/544 377/846/547 376/845/548
f 584/1066/544 376/845/548 168/604/545
f 585/1067/549 169/606/550 170/607/551
f 585/1067/549 170/607/551 378/848/552
f 585/1067/549 378/848/552 377/847/553
f 585/1067/549 377/847/553 169/606/550
f 586/1068/554 170/608/555 171/609/556
f 586/1068/554 171/609/556 379/850/557
f 586/1068/554 379/850/557 378/849/558
f 586/1068/554 378/849/558 170/608/555
f 587/1069/559 171/610/560 172/611/561
f 587/1069/559 172/611/561 380/852/562
f 587/1069/559 380/852/562 379/851/563
f 587/1069/559 379/851/563 171/610/560
f 588/1070/564 172/612/565 173/613/566
f 588/1070/564 173/613/566 381/854/567
f 588/1070/564 381/854/567 380/853/568
f 588/1070/564 380/853/568 172/612/565
f 589/1071/569 173/614/570 174/615/571
f 589/1071/569 174/615/571 382/856/572
f 589/1071/569 382/856/572 381/855/573
f 589/1071/569 381/855/573 173/614/570
f 590/1072/574 174/616/575 175/617/576
f 590/1072/574 175/617/576 383/858/577
f 590/1072/574 383/858/577 382/857/578
f 590/1072/574 382/857/578 174/616/575
f 591/1073/579 175/618/580 176/619/581
f 591/1073/579 176/619/581 384/860/582
f 591/1073/579 384/860/582 383/859/583
f 591/1073/579 383/859/583 175/618/580
f 592/1074/584 176/620/585 177/621/586
f 592/1074/584 177/621/586 385/862/587
f 592/1074/584 385/862/587 384/861/588
f 592/1074/584 384/861/588 176/620/585
f 593/1075/589 177/622/590 178/623/591
f 593/1075/589 178/623/591 386/864/592
f 593/1075/589 386/864/592 385/863/593
f 593/1075/589 385/863/593 177/622/590
f 594/1076/594 178/624/595 179/625/596
f 594/1076/594 179/625/596 387/866/597
f 594/1076/594 387/866/597 386/865/598
f 594/1076/594 386/865/598 178/624/595
f 595/1077/599 179/625/596 180/626/600
f 595/1077/599 180/626/600 388/867/601
f 595/1077/599 388/867/601 387/866/597
f 595/1077/599 387/866/597 179/625/596
f 596/1078/602 180/626/600 181/627/603
f 596/1078/602 181/627/603 389/868/604
f 596/1078/602 389/868/604 388/867/601
f 596/1078/602 388/867/601 180/626/600
f 597/1079/605 181/627/603 182/628/606
f 597/1079/605 182/628/606 390/869/607
f 597/1079/605 390/869/607 389/868/604
f 597/1079/605 389/868/604 181/627/603
f 598/1080/608 182/628/606 183/629/609
f 598/1080/608 183/629/609 391/870/610
f 598/1080/608 391/870/610 390/869/607
f 598/1080/608 390/869/607 182/628/606
f 599/1081/611 183/629/609 184/630/612
f 599/1081/611 184/630/612 392/871/613
f 599/1081/611 392/871/613 391/870/610
f 599/1081/611 391/870/610 183/629/609
f 600/1082/614 184/630/612 185/631/615
f 600/1082/614 185/631/615 393/872/616
f 600/1082/614 393/872/616 392/871/613
f 600/1082/614 392/871/613 184/630/612
f 601/1083/617 185/631/615 186/632/618
f 601/1083/617 186/632/618 394/873/619
f 601/1083/617 394/873/619 393/872/616
f 601/1083/617 393/872/616 185/631/615
f 602/1084/620 186/632/618 187/633/621
f 602/1084/620 187/633/621 395/874/622
f 602/1084/620 395/874/622 394/873/619
f 602/1084/620 394/873/619 186/632/618
f 603/1085/623 187/633/621 188/634/624
f 603/1085/623 188/634/624 396/875/625
f 603/1085/623 396/875/625 395/874/622
f 603/1085/623 395/874/622 187/633/621
f 604/1086/626 188/634/624 189/635/627
f 604/1086/626 189/635/627 397/876/628
f 604/1086/626 397/876/628 396/875/625
f 604/1086/626 396/875/625 188/634/624
f 605/1087/629 189/635/627 190/636/630
f 605/1087/629 190/636/630 398/877/631
f 605/1087/629 398/877/631 397/876/628
f 605/1087/629 397/876/628 189/635/627
f 606/1088/632 190/636/630 191/637/633
f 606/1088/632 191/637/633 399/878/634
f 606/1088/632 399/878/634 398/877/631
f 606/1088/632 398/877/631 190/636/630
f 607/1089/635 191/637/633 192/638/636
f 607/1089/635 192/638/636 400/879/637
f 607/1089/635 400/879/637 399/878/634
f 607/1089/635 399/878/634 191/637/633
f 608/1090/638 192/638/636 193/639/639
f 608/1090/638 193/639/639 401/880/640
f 608/1090/638 401/880/640 400/879/637
f 608/1090/638 400/879/637 192/638/636
f 609/1091/641 193/639/639 194/640/642
f 609/1091/641 194/640/642 402/881/643
f 609/1091/641 402/881/643 401/880/640
f 609/1091/641 401/880/640 193/639/639
f 610/1092/644 194/640/642 195/641/645
f 610/1092/644 195/641/645 403/882/646
f 610/1092/644 403/882/646 402/881/643
f 610/1092/644 402/881/643 194/640/642
f 611/1093/647 195/641/645 196/642/648
f 611/1093/647 196/642/648 404/883/649
f 611/1093/647 404/883/649 403/882/646
f 611/1093/647 403/882/646 195/641/645
f 612/1094/650 196/642/648 197/643/651
f 612/1094/650 197/643/651 405/884/652
f 612/1094/650 405/884/652 404/883/649
f 612/1094/650 404/883/649 196/642/648
f 613/1095/653 197/643/651 198/644/654
f 613/1095/653 198/644/654 406/885/655
f 613/1095/653 406/885/655 405/884/652
f 613/1095/653 405/884/652 197/643/651
f 614/1096/656 198/644/654 199/645/657
f 614/1096/656 199/645/657 407/886/658
f 614/1096/656 407/886/658 406/885/655
f 614/1096/656 406/885/655 198/644/654
f 615/1097/659 199/645/657 200/646/660
f 615/1097/659 200/646/660 408/887/661
f 615/1097/659 408/887/661 407/886/658
f 615/1097/659 407/886/658 199/645/657
f 616/1098/662 200/646/660 201/647/663
f 616/1098/662 201/647/663 409/888/664
f 616/1098/662 409/888/664 408/887/661
f 616/1098/662 408/887/661 200/646/660
f 617/1099/665 201/647/663 202/648/666
f 617/1099/665 202/648/666 410/889/667
f 617/1099/665 410/889/667 409/888/664
f 617/1099/665 409/888/664 201/647/663
f 618/1100/668 202/648/666 203/649/669
f 618/1100/668 203/649/669 411/890/670
f 618/1100/668 411/890/670 410/889/667
f 618/1100/668 410/889/667 202/648/666
f 619/1101/671 203/650/672 204/651/673
f 619/1101/671 204/651/673 412/892/674
f 619/1101/671 412/892/674 411/891/675
f 619/1101/671 411/891/675 203/650/672
f 620/1102/676 204/652/677 205/653/678
f 620/1102/676 205/653/678 413/894/679
f 620/1102/676 413/894/679 412/893/680
f 620/1102/676 412/893/680 204/652/677
f 621/1103/681 205/653/678 206/654/682
f 621/1103/681 206/654/682 414/895/683
f 621/1103/681 414/895/683 413/894/679
f 621/1103/681 413/894/679 205/653/678
f 622/1104/684 206/654/682 207/655/685
f 622/1104/684 207/655/685 415/896/686
f 622/1104/684 415/896/686 414/895/683
f 622/1104/684 414/895/683 206/654/682
f 623/1105/687 207/655/685 208/656/688
f 623/1105/687 208/656/688 416/897/689
f 623/1105/687 416/897/689 415/896/686
f 623/1105/687 415/896/686 207/655/685
f 624/1106/690 208/656/688 1/657/4
f 624/1106/690 1/657/4 209/898/7
f 624/1106/690 209/898/7 416/897/689
f 624/1106/690 416/897/689 208/656/688
