mtllib Vapour Gaurd-w.mtl
# Vertex Positions: 
g groupNumber_0
v 14.031 -0.369392 -16.9263
v 14.031 0.410311 -16.9263
v 14.0217 0.456297 -16.9263
v 13.9964 0.493892 -16.9263
v 13.9588 0.519261 -16.9263
v 13.9128 0.528569 -16.9263
v 12.5248 0.528569 -16.9263
v 12.4749 0.448765 -16.9263
v 11.3573 0.448765 -16.9263
v 11.3163 0.533033 -16.9263
v 9.95378 0.533033 -16.9263
v 9.90131 0.455125 -16.9263
v 8.80584 0.455125 -16.9263
v 8.75834 0.530052 -16.9263
v 7.3362 0.530052 -16.9263
v 7.28918 0.446559 -16.9263
v 7.26786 0.429297 -16.9263
v 7.24395 0.416662 -16.9263
v 7.21804 0.408902 -16.9263
v 7.19073 0.40626 -16.9263
v 7.16314 0.408938 -16.9263
v 7.1371 0.416721 -16.9263
v 7.11332 0.429231 -16.9263
v 7.09252 0.446093 -16.9263
v 7.03757 0.527208 -16.9263
v 5.68355 0.527208 -16.9263
v 5.63281 0.443646 -16.9263
v 4.53754 0.443646 -16.9263
v 4.48842 0.519555 -16.9263
v 3.09265 0.519555 -16.9263
v 3.05415 0.450075 -16.9263
v 1.94589 0.450075 -16.9263
v 1.90645 0.527983 -16.9263
v 0.48004 0.527983 -16.9263
v 0.436984 0.440733 -16.9263
v 0.399755 0.416524 -16.9263
v 0.357567 0.40846 -16.9263
v 0.315636 0.416416 -16.9263
v 0.278582 0.440268 -16.9263
v 0.252486 0.521106 -16.9263
v -1.16832 0.521106 -16.9263
v -1.22275 0.441388 -16.9263
v -2.31847 0.441388 -16.9263
v -2.37807 0.528966 -16.9263
v -3.73726 0.528966 -16.9263
v -3.77875 0.45304 -16.9263
v -4.8919 0.45304 -16.9263
v -4.93813 0.532603 -16.9263
v -6.33398 0.532603 -16.9263
v -6.38064 0.453022 -16.9263
v -6.40373 0.434407 -16.9263
v -6.42932 0.421082 -16.9263
v -6.45659 0.413071 -16.9263
v -6.48471 0.410396 -16.9263
v -6.5358 0.419444 -16.9263
v -6.58189 0.446679 -16.9263
v -6.61278 0.533171 -16.9263
v -8.00525 0.533171 -16.9263
v -8.04741 0.441009 -16.9263
v -9.16057 0.441009 -16.9263
v -9.2175 0.523347 -16.9263
v -10.5825 0.523347 -16.9263
v -10.6208 0.452436 -16.9263
v -11.7253 0.452436 -16.9263
v -11.7789 0.527328 -16.9263
v -13.1451 0.527328 -16.9263
v -13.1835 0.523446 -16.9263
v -13.2193 0.512313 -16.9263
v -13.2517 0.494704 -16.9263
v -13.2799 0.471392 -16.9263
v -13.3032 0.44315 -16.9263
v -13.3208 0.41075 -16.9263
v -13.332 0.374967 -16.9263
v -13.3359 0.336574 -16.9263
v -13.3359 -0.447334 -16.9263
v -13.3408 -0.471553 -16.9263
v -13.3541 -0.491356 -16.9263
v -13.3739 -0.504722 -16.9263
v -13.3981 -0.509627 -16.9263
v -13.6977 -0.509627 -16.9263
v -13.7331 -0.505407 -16.9263
v -13.7662 -0.493218 -16.9263
v -13.7956 -0.473763 -16.9263
v -13.8199 -0.447748 -16.9263
v -13.8447 -0.425854 -16.9263
v -13.8764 -0.416344 -16.9263
v -13.9115 -0.421969 -16.9263
v -13.9369 -0.43882 -16.9263
v -14.031 -0.533171 -16.9263
v -13.9244 -0.451299 -16.9263
v -13.9049 -0.438306 -16.9263
v -13.8819 -0.433811 -16.9263
v -13.8532 -0.441276 -16.9263
v -13.8341 -0.458159 -16.9263
v -13.807 -0.487225 -16.9263
v -13.7741 -0.508954 -16.9263
v -13.7372 -0.522566 -16.9263
v -13.6977 -0.527277 -16.9263
v -13.3981 -0.527277 -16.9263
v -13.3671 -0.520986 -16.9263
v -13.3416 -0.503839 -16.9263
v -13.3245 -0.478426 -16.9263
v -13.3182 -0.447334 -16.9263
v -13.3182 0.336574 -16.9263
v -13.3147 0.371418 -16.9263
v -13.3046 0.403891 -16.9263
v -13.2886 0.433293 -16.9263
v -13.2675 0.458922 -16.9263
v -13.2418 0.480076 -16.9263
v -13.2124 0.496054 -16.9263
v -13.1799 0.506155 -16.9263
v -13.1451 0.509678 -16.9263
v -11.7879 0.509678 -16.9263
v -11.7344 0.434786 -16.9263
v -10.6103 0.434786 -16.9263
v -10.572 0.505697 -16.9263
v -9.22674 0.505697 -16.9263
v -9.16984 0.423359 -16.9263
v -8.03607 0.423359 -16.9263
v -7.99391 0.515521 -16.9263
v -6.62522 0.515521 -16.9263
v -6.59775 0.438596 -16.9263
v -6.543 0.403291 -16.9263
v -6.48473 0.392767 -16.9263
v -6.45297 0.395814 -16.9263
v -6.42219 0.404939 -16.9263
v -6.39334 0.420116 -16.9263
v -6.36737 0.441319 -16.9263
v -6.32388 0.514953 -16.9263
v -4.9483 0.514953 -16.9263
v -4.90206 0.43539 -16.9263
v -3.76827 0.43539 -16.9263
v -3.72678 0.511316 -16.9263
v -2.38741 0.511316 -16.9263
v -2.32781 0.423738 -16.9263
v -1.21345 0.423738 -16.9263
v -1.15901 0.503456 -16.9263
v 0.239663 0.503456 -16.9263
v 0.262449 0.432787 -16.9263
v 0.308082 0.400432 -16.9263
v 0.357576 0.390821 -16.9263
v 0.407034 0.400426 -16.9263
v 0.450463 0.429254 -16.9263
v 0.491003 0.510333 -16.9263
v 1.89563 0.510333 -16.9263
v 1.93506 0.432425 -16.9263
v 3.06456 0.432425 -16.9263
v 3.10306 0.501905 -16.9263
v 4.47883 0.501905 -16.9263
v 4.52796 0.425996 -16.9263
v 5.64273 0.425996 -16.9263
v 5.69348 0.509558 -16.9263
v 7.02823 0.509558 -16.9263
v 7.07897 0.434907 -16.9263
v 7.10309 0.415079 -16.9263
v 7.13021 0.400564 -16.9263
v 7.15965 0.391646 -16.9263
v 7.19073 0.38861 -16.9263
v 7.22179 0.391646 -16.9263
v 7.25124 0.400564 -16.9263
v 7.27837 0.415079 -16.9263
v 7.30249 0.434907 -16.9263
v 7.34655 0.512402 -16.9263
v 8.74862 0.512402 -16.9263
v 8.79612 0.437475 -16.9263
v 9.91069 0.437475 -16.9263
v 9.96316 0.515383 -16.9263
v 11.3053 0.515383 -16.9263
v 11.3463 0.431115 -16.9263
v 12.4847 0.431115 -16.9263
v 12.5345 0.510919 -16.9263
v 13.9128 0.510919 -16.9263
v 13.9519 0.503002 -16.9263
v 13.9839 0.481421 -16.9263
v 14.0055 0.449438 -16.9263
v 14.0134 0.410311 -16.9263
v 14.0134 -0.369392 -16.9263
v 14.0105 -0.397617 -16.9263
v 14.0023 -0.423924 -16.9263
v 13.9894 -0.447742 -16.9263
v 13.9723 -0.468505 -16.9263
v 13.9515 -0.485643 -16.9263
v 13.9277 -0.498588 -16.9263
v 13.9014 -0.506772 -16.9263
v 13.8731 -0.509627 -16.9263
v 13.6104 -0.509627 -16.9263
v 13.5344 -0.433683 -16.9263
v 13.5062 -0.41534 -16.9263
v 13.4734 -0.409225 -16.9263
v 13.4407 -0.41534 -16.9263
v 13.4125 -0.433683 -16.9263
v 13.3336 -0.512591 -16.9263
v 13.4249 -0.446162 -16.9263
v 13.4474 -0.43158 -16.9263
v 13.4734 -0.42672 -16.9263
v 13.4995 -0.43158 -16.9263
v 13.5219 -0.446162 -16.9263
v 13.6031 -0.527277 -16.9263
v 13.8731 -0.527277 -16.9263
v 13.9049 -0.524063 -16.9263
v 13.9345 -0.514848 -16.9263
v 13.9613 -0.500272 -16.9263
v 13.9847 -0.480975 -16.9263
v 14.004 -0.457599 -16.9263
v 14.0186 -0.430783 -16.9263
v 14.0278 -0.401167 -16.9263
v 14.031 -0.369392 16.9263
v 14.031 0.410311 16.9263
v 14.0217 0.456297 16.9263
v 13.9964 0.493892 16.9263
v 13.9588 0.519261 16.9263
v 13.9128 0.528569 16.9263
v 12.5248 0.528569 16.9263
v 12.4749 0.448765 16.9263
v 11.3573 0.448765 16.9263
v 11.3163 0.533033 16.9263
v 9.95378 0.533033 16.9263
v 9.90131 0.455125 16.9263
v 8.80584 0.455125 16.9263
v 8.75834 0.530052 16.9263
v 7.3362 0.530052 16.9263
v 7.28918 0.446559 16.9263
v 7.26786 0.429297 16.9263
v 7.24395 0.416662 16.9263
v 7.21804 0.408902 16.9263
v 7.19073 0.40626 16.9263
v 7.16314 0.408938 16.9263
v 7.1371 0.416721 16.9263
v 7.11332 0.429231 16.9263
v 7.09252 0.446093 16.9263
v 7.03757 0.527208 16.9263
v 5.68355 0.527208 16.9263
v 5.63281 0.443646 16.9263
v 4.53754 0.443646 16.9263
v 4.48842 0.519555 16.9263
v 3.09265 0.519555 16.9263
v 3.05415 0.450075 16.9263
v 1.94589 0.450075 16.9263
v 1.90645 0.527983 16.9263
v 0.48004 0.527983 16.9263
v 0.436984 0.440733 16.9263
v 0.399755 0.416524 16.9263
v 0.357567 0.40846 16.9263
v 0.315636 0.416416 16.9263
v 0.278582 0.440268 16.9263
v 0.252486 0.521106 16.9263
v -1.16832 0.521106 16.9263
v -1.22275 0.441388 16.9263
v -2.31847 0.441388 16.9263
v -2.37807 0.528966 16.9263
v -3.73726 0.528966 16.9263
v -3.77875 0.45304 16.9263
v -4.8919 0.45304 16.9263
v -4.93813 0.532603 16.9263
v -6.33398 0.532603 16.9263
v -6.38064 0.453022 16.9263
v -6.40373 0.434407 16.9263
v -6.42932 0.421082 16.9263
v -6.45659 0.413071 16.9263
v -6.48471 0.410396 16.9263
v -6.5358 0.419444 16.9263
v -6.58189 0.446679 16.9263
v -6.61278 0.533171 16.9263
v -8.00525 0.533171 16.9263
v -8.04741 0.441009 16.9263
v -9.16057 0.441009 16.9263
v -9.2175 0.523347 16.9263
v -10.5825 0.523347 16.9263
v -10.6208 0.452436 16.9263
v -11.7253 0.452436 16.9263
v -11.7789 0.527328 16.9263
v -13.1451 0.527328 16.9263
v -13.1835 0.523446 16.9263
v -13.2193 0.512313 16.9263
v -13.2517 0.494704 16.9263
v -13.2799 0.471392 16.9263
v -13.3032 0.44315 16.9263
v -13.3208 0.41075 16.9263
v -13.332 0.374967 16.9263
v -13.3359 0.336574 16.9263
v -13.3359 -0.447334 16.9263
v -13.3408 -0.471553 16.9263
v -13.3541 -0.491356 16.9263
v -13.3739 -0.504722 16.9263
v -13.3981 -0.509627 16.9263
v -13.6977 -0.509627 16.9263
v -13.7331 -0.505407 16.9263
v -13.7662 -0.493218 16.9263
v -13.7956 -0.473763 16.9263
v -13.8199 -0.447748 16.9263
v -13.8447 -0.425854 16.9263
v -13.8764 -0.416344 16.9263
v -13.9115 -0.421969 16.9263
v -13.9369 -0.43882 16.9263
v -14.031 -0.533171 16.9263
v -13.9244 -0.451299 16.9263
v -13.9049 -0.438306 16.9263
v -13.8819 -0.433811 16.9263
v -13.8532 -0.441276 16.9263
v -13.8341 -0.458159 16.9263
v -13.807 -0.487225 16.9263
v -13.7741 -0.508954 16.9263
v -13.7372 -0.522566 16.9263
v -13.6977 -0.527277 16.9263
v -13.3981 -0.527277 16.9263
v -13.3671 -0.520986 16.9263
v -13.3416 -0.503839 16.9263
v -13.3245 -0.478426 16.9263
v -13.3182 -0.447334 16.9263
v -13.3182 0.336574 16.9263
v -13.3147 0.371418 16.9263
v -13.3046 0.403891 16.9263
v -13.2886 0.433293 16.9263
v -13.2675 0.458922 16.9263
v -13.2418 0.480076 16.9263
v -13.2124 0.496054 16.9263
v -13.1799 0.506155 16.9263
v -13.1451 0.509678 16.9263
v -11.7879 0.509678 16.9263
v -11.7344 0.434786 16.9263
v -10.6103 0.434786 16.9263
v -10.572 0.505697 16.9263
v -9.22674 0.505697 16.9263
v -9.16984 0.423359 16.9263
v -8.03607 0.423359 16.9263
v -7.99391 0.515521 16.9263
v -6.62522 0.515521 16.9263
v -6.59775 0.438596 16.9263
v -6.543 0.403291 16.9263
v -6.48473 0.392767 16.9263
v -6.45297 0.395814 16.9263
v -6.42219 0.404939 16.9263
v -6.39334 0.420116 16.9263
v -6.36737 0.441319 16.9263
v -6.32388 0.514953 16.9263
v -4.9483 0.514953 16.9263
v -4.90206 0.43539 16.9263
v -3.76827 0.43539 16.9263
v -3.72678 0.511316 16.9263
v -2.38741 0.511316 16.9263
v -2.32781 0.423738 16.9263
v -1.21345 0.423738 16.9263
v -1.15901 0.503456 16.9263
v 0.239663 0.503456 16.9263
v 0.262449 0.432787 16.9263
v 0.308082 0.400432 16.9263
v 0.357576 0.390821 16.9263
v 0.407034 0.400426 16.9263
v 0.450463 0.429254 16.9263
v 0.491003 0.510333 16.9263
v 1.89563 0.510333 16.9263
v 1.93506 0.432425 16.9263
v 3.06456 0.432425 16.9263
v 3.10306 0.501905 16.9263
v 4.47883 0.501905 16.9263
v 4.52796 0.425996 16.9263
v 5.64273 0.425996 16.9263
v 5.69348 0.509558 16.9263
v 7.02823 0.509558 16.9263
v 7.07897 0.434907 16.9263
v 7.10309 0.415079 16.9263
v 7.13021 0.400564 16.9263
v 7.15965 0.391646 16.9263
v 7.19073 0.38861 16.9263
v 7.22179 0.391646 16.9263
v 7.25124 0.400564 16.9263
v 7.27837 0.415079 16.9263
v 7.30249 0.434907 16.9263
v 7.34655 0.512402 16.9263
v 8.74862 0.512402 16.9263
v 8.79612 0.437475 16.9263
v 9.91069 0.437475 16.9263
v 9.96316 0.515383 16.9263
v 11.3053 0.515383 16.9263
v 11.3463 0.431115 16.9263
v 12.4847 0.431115 16.9263
v 12.5345 0.510919 16.9263
v 13.9128 0.510919 16.9263
v 13.9519 0.503002 16.9263
v 13.9839 0.481421 16.9263
v 14.0055 0.449438 16.9263
v 14.0134 0.410311 16.9263
v 14.0134 -0.369392 16.9263
v 14.0105 -0.397617 16.9263
v 14.0023 -0.423924 16.9263
v 13.9894 -0.447742 16.9263
v 13.9723 -0.468505 16.9263
v 13.9515 -0.485643 16.9263
v 13.9277 -0.498588 16.9263
v 13.9014 -0.506772 16.9263
v 13.8731 -0.509627 16.9263
v 13.6104 -0.509627 16.9263
v 13.5344 -0.433683 16.9263
v 13.5062 -0.41534 16.9263
v 13.4734 -0.409225 16.9263
v 13.4407 -0.41534 16.9263
v 13.4125 -0.433683 16.9263
v 13.3336 -0.512591 16.9263
v 13.4249 -0.446162 16.9263
v 13.4474 -0.43158 16.9263
v 13.4734 -0.42672 16.9263
v 13.4995 -0.43158 16.9263
v 13.5219 -0.446162 16.9263
v 13.6031 -0.527277 16.9263
v 13.8731 -0.527277 16.9263
v 13.9049 -0.524063 16.9263
v 13.9345 -0.514848 16.9263
v 13.9613 -0.500272 16.9263
v 13.9847 -0.480975 16.9263
v 14.004 -0.457599 16.9263
v 14.0186 -0.430783 16.9263
v 14.0278 -0.401167 16.9263
v 14.031 0.0204595 0
v 14.0264 0.433304 0
v 14.009 0.475094 0
v 13.9776 0.506576 0
v 13.9358 0.523915 0
v 13.2188 0.528569 0
v 12.4998 0.488667 0
v 11.9161 0.448765 0
v 11.3368 0.490899 0
v 10.635 0.533033 0
v 9.92755 0.494079 0
v 9.35358 0.455125 0
v 8.78209 0.492588 0
v 8.04727 0.530052 0
v 7.31269 0.488305 0
v 7.27852 0.437928 0
v 7.25591 0.42298 0
v 7.231 0.412782 0
v 7.20439 0.407581 0
v 7.17693 0.407599 0
v 7.15012 0.412829 0
v 7.12521 0.422976 0
v 7.10292 0.437662 0
v 7.06504 0.486651 0
v 6.36056 0.527208 0
v 5.65818 0.485427 0
v 5.08517 0.443646 0
v 4.51298 0.4816 0
v 3.79054 0.519555 0
v 3.0734 0.484815 0
v 2.50002 0.450075 0
v 1.92617 0.489029 0
v 1.19325 0.527983 0
v 0.458512 0.484358 0
v 0.41837 0.428628 0
v 0.378661 0.412492 0
v 0.336601 0.412438 0
v 0.297109 0.428342 0
v 0.265534 0.480687 0
v -0.457918 0.521106 0
v -1.19554 0.481247 0
v -1.77061 0.441388 0
v -2.34827 0.485177 0
v -3.05766 0.528966 0
v -3.758 0.491003 0
v -4.33532 0.45304 0
v -4.91502 0.492821 0
v -5.63606 0.532603 0
v -6.35731 0.492812 0
v -6.39218 0.443714 0
v -6.41652 0.427744 0
v -6.44295 0.417076 0
v -6.47065 0.411733 0
v -6.51025 0.41492 0
v -6.55884 0.433062 0
v -6.59733 0.489925 0
v -7.30901 0.533171 0
v -8.02633 0.48709 0
v -8.60399 0.441009 0
v -9.18903 0.482178 0
v -9.89999 0.523347 0
v -10.6017 0.487892 0
v -11.1731 0.452436 0
v -11.7521 0.489882 0
v -12.462 0.527328 0
v -13.1643 0.525387 0
v -13.2014 0.517879 0
v -13.2355 0.503509 0
v -13.2658 0.483048 0
v -13.2916 0.457271 0
v -13.312 0.42695 0
v -13.3264 0.392859 0
v -13.3339 0.355771 0
v -13.3359 -0.0553803 0
v -13.3383 -0.459444 0
v -13.3474 -0.481454 0
v -13.364 -0.498039 0
v -13.386 -0.507174 0
v -13.5479 -0.509627 0
v -13.7154 -0.507517 0
v -13.7496 -0.499312 0
v -13.7809 -0.48349 0
v -13.8077 -0.460756 0
v -13.8323 -0.436801 0
v -13.8605 -0.421099 0
v -13.8939 -0.419156 0
v -13.9242 -0.430394 0
v -13.984 -0.485996 0
v -13.9777 -0.492235 0
v -13.9147 -0.444803 0
v -13.8934 -0.436059 0
v -13.8676 -0.437543 0
v -13.8437 -0.449717 0
v -13.8205 -0.472692 0
v -13.7906 -0.49809 0
v -13.7557 -0.51576 0
v -13.7175 -0.524921 0
v -13.5479 -0.527277 0
v -13.3826 -0.524131 0
v -13.3543 -0.512413 0
v -13.3331 -0.491133 0
v -13.3214 -0.46288 0
v -13.3182 -0.0553803 0
v -13.3164 0.353996 0
v -13.3096 0.387655 0
v -13.2966 0.418592 0
v -13.278 0.446107 0
v -13.2546 0.469499 0
v -13.2271 0.488065 0
v -13.1962 0.501105 0
v -13.1625 0.507917 0
v -12.4665 0.509678 0
v -11.7611 0.472232 0
v -11.1723 0.434786 0
v -10.5911 0.470242 0
v -9.89935 0.505697 0
v -9.19829 0.464528 0
v -8.60295 0.423359 0
v -8.01499 0.46944 0
v -7.30957 0.515521 0
v -6.61149 0.477058 0
v -6.57037 0.420943 0
v -6.51386 0.398029 0
v -6.46885 0.39429 0
v -6.43758 0.400377 0
v -6.40777 0.412528 0
v -6.38035 0.430718 0
v -6.34562 0.478136 0
v -5.63609 0.514953 0
v -4.92518 0.475171 0
v -4.33516 0.43539 0
v -3.74752 0.473353 0
v -3.0571 0.511316 0
v -2.35761 0.467527 0
v -1.77063 0.423738 0
v -1.18623 0.463597 0
v -0.459676 0.503456 0
v 0.251056 0.468121 0
v 0.285265 0.41661 0
v 0.332829 0.395627 0
v 0.382305 0.395623 0
v 0.428748 0.41484 0
v 0.470733 0.469793 0
v 1.19331 0.510333 0
v 1.91534 0.471379 0
v 2.49981 0.432425 0
v 3.08381 0.467165 0
v 3.79095 0.501905 0
v 4.5034 0.46395 0
v 5.08535 0.425996 0
v 5.66811 0.467777 0
v 6.36085 0.509558 0
v 7.0536 0.472232 0
v 7.09103 0.424993 0
v 7.11665 0.407821 0
v 7.14493 0.396105 0
v 7.17519 0.390128 0
v 7.20626 0.390128 0
v 7.23652 0.396105 0
v 7.2648 0.407821 0
v 7.29043 0.424993 0
v 7.32452 0.473654 0
v 8.04758 0.512402 0
v 8.77237 0.474938 0
v 9.35341 0.437475 0
v 9.93692 0.476429 0
v 10.6342 0.515383 0
v 11.3258 0.473249 0
v 11.9155 0.431115 0
v 12.5096 0.471017 0
v 13.2237 0.510919 0
v 13.9323 0.50696 0
v 13.9679 0.492212 0
v 13.9947 0.46543 0
v 14.0094 0.429874 0
v 14.0134 0.0204595 0
v 14.012 -0.383505 0
v 14.0064 -0.410771 0
v 13.9959 -0.435833 0
v 13.9808 -0.458124 0
v 13.9619 -0.477074 0
v 13.9396 -0.492116 0
v 13.9145 -0.50268 0
v 13.8872 -0.508199 0
v 13.7418 -0.509627 0
v 13.5724 -0.471655 0
v 13.5203 -0.424511 0
v 13.4898 -0.412282 0
v 13.4571 -0.412282 0
v 13.4266 -0.424511 0
v 13.373 -0.473137 0
v 13.3793 -0.479377 0
v 13.4362 -0.438871 0
v 13.4604 -0.42915 0
v 13.4865 -0.42915 0
v 13.5107 -0.438871 0
v 13.5625 -0.486719 0
v 13.7381 -0.527277 0
v 13.889 -0.52567 0
v 13.9197 -0.519455 0
v 13.9479 -0.50756 0
v 13.973 -0.490624 0
v 13.9944 -0.469287 0
v 14.0113 -0.444191 0
v 14.0232 -0.415975 0
v 14.0294 -0.385279 0


# Vertex Texture Coordinates :
vt 0.403193 0.00235309
vt 0.403193 0.0135554
vt 0.403059 0.0142161
vt 0.402695 0.0147562
vt 0.402155 0.0151207
vt 0.401494 0.0152544
vt 0.381552 0.0152544
vt 0.380836 0.0141079
vt 0.364778 0.0141079
vt 0.36419 0.0153186
vt 0.344613 0.0153186
vt 0.34386 0.0141992
vt 0.328121 0.0141992
vt 0.327438 0.0152757
vt 0.307006 0.0152757
vt 0.30633 0.0140762
vt 0.306024 0.0138282
vt 0.30568 0.0136466
vt 0.305308 0.0135351
vt 0.304916 0.0134972
vt 0.304519 0.0135357
vt 0.304145 0.0136475
vt 0.303803 0.0138272
vt 0.303505 0.0140695
vt 0.302715 0.0152349
vt 0.283261 0.0152349
vt 0.282532 0.0140343
vt 0.266796 0.0140343
vt 0.26609 0.0151249
vt 0.246037 0.0151249
vt 0.245484 0.0141267
vt 0.229561 0.0141267
vt 0.228994 0.015246
vt 0.2085 0.015246
vt 0.207882 0.0139925
vt 0.207347 0.0136446
vt 0.206741 0.0135288
vt 0.206138 0.0136431
vt 0.205606 0.0139858
vt 0.205231 0.0151472
vt 0.184818 0.0151472
vt 0.184036 0.0140019
vt 0.168293 0.0140019
vt 0.167437 0.0152601
vt 0.147909 0.0152601
vt 0.147313 0.0141693
vt 0.13132 0.0141693
vt 0.130655 0.0153124
vt 0.110601 0.0153124
vt 0.10993 0.014169
vt 0.109599 0.0139016
vt 0.109231 0.0137101
vt 0.108839 0.013595
vt 0.108435 0.0135566
vt 0.107701 0.0136866
vt 0.107039 0.0140779
vt 0.106595 0.0153206
vt 0.086589 0.0153206
vt 0.0859833 0.0139964
vt 0.0699901 0.0139964
vt 0.0691721 0.0151794
vt 0.0495609 0.0151794
vt 0.0490099 0.0141606
vt 0.0331416 0.0141606
vt 0.0323719 0.0152366
vt 0.0127426 0.0152366
vt 0.012191 0.0151808
vt 0.0116769 0.0150209
vt 0.0112114 0.0147679
vt 0.0108057 0.014433
vt 0.0104707 0.0140272
vt 0.0102177 0.0135617
vt 0.0100578 0.0130476
vt 0.010002 0.012496
vt 0.010002 0.00123325
vt 0.00993157 0.000885302
vt 0.00973962 0.000600777
vt 0.00945518 0.000408747
vt 0.00910727 0.000338278
vt 0.00480302 0.000338278
vt 0.00429484 0.000398903
vt 0.00381964 0.000574032
vt 0.00339736 0.000853542
vt 0.00304799 0.00122731
vt 0.00269172 0.00154188
vt 0.00223647 0.00167851
vt 0.00173178 0.00159768
vt 0.00136601 0.00135559
vt 1.41345e-05 0
vt 0.00154555 0.0011763
vt 0.00182695 0.00136296
vt 0.0021565 0.00142755
vt 0.00256858 0.0013203
vt 0.00284343 0.00107773
vt 0.00323351 0.000660134
vt 0.00370501 0.000347936
vt 0.00423562 0.000152377
vt 0.00480302 8.46932e-05
vt 0.00910727 8.46932e-05
vt 0.00955383 0.000175074
vt 0.00991888 0.000421423
vt 0.0101652 0.000786547
vt 0.0102556 0.00123325
vt 0.0102556 0.012496
vt 0.0103062 0.0129966
vt 0.0104513 0.0134632
vt 0.0106809 0.0138856
vt 0.0109848 0.0142538
vt 0.011353 0.0145577
vt 0.0117755 0.0147873
vt 0.012242 0.0149324
vt 0.0127426 0.014983
vt 0.0322417 0.014983
vt 0.0330113 0.013907
vt 0.049161 0.013907
vt 0.049712 0.0149258
vt 0.0690394 0.0149258
vt 0.0698569 0.0137428
vt 0.0861462 0.0137428
vt 0.0867519 0.015067
vt 0.106416 0.015067
vt 0.106811 0.0139618
vt 0.107598 0.0134545
vt 0.108435 0.0133033
vt 0.108891 0.0133471
vt 0.109333 0.0134782
vt 0.109748 0.0136963
vt 0.110121 0.0140009
vt 0.110746 0.0150588
vt 0.130509 0.0150588
vt 0.131174 0.0139157
vt 0.147463 0.0139157
vt 0.148059 0.0150066
vt 0.167303 0.0150066
vt 0.168159 0.0137483
vt 0.18417 0.0137483
vt 0.184952 0.0148936
vt 0.205047 0.0148936
vt 0.205374 0.0138783
vt 0.20603 0.0134135
vt 0.206741 0.0132754
vt 0.207452 0.0134134
vt 0.208076 0.0138275
vt 0.208658 0.0149924
vt 0.228839 0.0149924
vt 0.229405 0.0138731
vt 0.245633 0.0138731
vt 0.246187 0.0148713
vt 0.265953 0.0148713
vt 0.266659 0.0137807
vt 0.282675 0.0137807
vt 0.283404 0.0149813
vt 0.302581 0.0149813
vt 0.30331 0.0139088
vt 0.303656 0.0136239
vt 0.304046 0.0134153
vt 0.304469 0.0132872
vt 0.304916 0.0132436
vt 0.305362 0.0132872
vt 0.305785 0.0134153
vt 0.306175 0.0136239
vt 0.306521 0.0139088
vt 0.307154 0.0150222
vt 0.327298 0.0150222
vt 0.327981 0.0139457
vt 0.343994 0.0139457
vt 0.344748 0.015065
vt 0.364031 0.015065
vt 0.36462 0.0138543
vt 0.380977 0.0138543
vt 0.381692 0.0150009
vt 0.401494 0.0150009
vt 0.402056 0.0148871
vt 0.402516 0.0145771
vt 0.402826 0.0141175
vt 0.402939 0.0135554
vt 0.402939 0.00235309
vt 0.402898 0.00194756
vt 0.402781 0.0015696
vt 0.402595 0.00122739
vt 0.402349 0.000929088
vt 0.40205 0.000682858
vt 0.401708 0.000496869
vt 0.40133 0.000379287
vt 0.400924 0.000338278
vt 0.39715 0.000338278
vt 0.396058 0.00142938
vt 0.395652 0.00169294
vt 0.395182 0.00178079
vt 0.394711 0.00169294
vt 0.394306 0.00142938
vt 0.393172 0.000295683
vt 0.394485 0.00125009
vt 0.394807 0.0014596
vt 0.395182 0.00152943
vt 0.395556 0.0014596
vt 0.395879 0.00125009
vt 0.397045 8.46932e-05
vt 0.400924 8.46932e-05
vt 0.401381 0.00013087
vt 0.401806 0.000263266
vt 0.402192 0.000472682
vt 0.402528 0.000749919
vt 0.402805 0.00108578
vt 0.403014 0.00147106
vt 0.403147 0.00189656
vt 0.409204 0.00235309
vt 0.409204 0.0135554
vt 0.409338 0.0142161
vt 0.409703 0.0147562
vt 0.410243 0.0151207
vt 0.410904 0.0152544
vt 0.430846 0.0152544
vt 0.431561 0.0141079
vt 0.447619 0.0141079
vt 0.448208 0.0153186
vt 0.467784 0.0153186
vt 0.468538 0.0141992
vt 0.484277 0.0141992
vt 0.484959 0.0152757
vt 0.505392 0.0152757
vt 0.506067 0.0140762
vt 0.506374 0.0138282
vt 0.506717 0.0136466
vt 0.507089 0.0135351
vt 0.507482 0.0134972
vt 0.507878 0.0135357
vt 0.508252 0.0136475
vt 0.508594 0.0138272
vt 0.508893 0.0140695
vt 0.509682 0.0152349
vt 0.529136 0.0152349
vt 0.529865 0.0140343
vt 0.545601 0.0140343
vt 0.546307 0.0151249
vt 0.56636 0.0151249
vt 0.566914 0.0141267
vt 0.582836 0.0141267
vt 0.583403 0.015246
vt 0.603897 0.015246
vt 0.604515 0.0139925
vt 0.60505 0.0136446
vt 0.605656 0.0135288
vt 0.606259 0.0136431
vt 0.606791 0.0139858
vt 0.607166 0.0151472
vt 0.62758 0.0151472
vt 0.628362 0.0140019
vt 0.644104 0.0140019
vt 0.64496 0.0152601
vt 0.664488 0.0152601
vt 0.665085 0.0141693
vt 0.681078 0.0141693
vt 0.681742 0.0153124
vt 0.701797 0.0153124
vt 0.702467 0.014169
vt 0.702799 0.0139016
vt 0.703166 0.0137101
vt 0.703558 0.013595
vt 0.703962 0.0135566
vt 0.704696 0.0136866
vt 0.705358 0.0140779
vt 0.705802 0.0153206
vt 0.725808 0.0153206
vt 0.726414 0.0139964
vt 0.742407 0.0139964
vt 0.743225 0.0151794
vt 0.762836 0.0151794
vt 0.763387 0.0141606
vt 0.779256 0.0141606
vt 0.780025 0.0152366
vt 0.799655 0.0152366
vt 0.800206 0.0151808
vt 0.80072 0.0150209
vt 0.801186 0.0147679
vt 0.801592 0.014433
vt 0.801927 0.0140272
vt 0.80218 0.0135617
vt 0.80234 0.0130476
vt 0.802395 0.012496
vt 0.802395 0.00123325
vt 0.802466 0.000885302
vt 0.802658 0.000600777
vt 0.802942 0.000408747
vt 0.80329 0.000338278
vt 0.807594 0.000338278
vt 0.808103 0.000398903
vt 0.808578 0.000574032
vt 0.809 0.000853542
vt 0.809349 0.00122731
vt 0.809706 0.00154188
vt 0.810161 0.00167851
vt 0.810666 0.00159768
vt 0.811031 0.00135559
vt 0.812383 0
vt 0.810852 0.0011763
vt 0.81057 0.00136296
vt 0.810241 0.00142755
vt 0.809829 0.0013203
vt 0.809554 0.00107773
vt 0.809164 0.000660134
vt 0.808692 0.000347936
vt 0.808162 0.000152377
vt 0.807594 8.46932e-05
vt 0.80329 8.46932e-05
vt 0.802844 0.000175074
vt 0.802478 0.000421423
vt 0.802232 0.000786547
vt 0.802142 0.00123325
vt 0.802142 0.012496
vt 0.802091 0.0129966
vt 0.801946 0.0134632
vt 0.801716 0.0138856
vt 0.801413 0.0142538
vt 0.801044 0.0145577
vt 0.800622 0.0147873
vt 0.800155 0.0149324
vt 0.799655 0.014983
vt 0.780156 0.014983
vt 0.779386 0.013907
vt 0.763236 0.013907
vt 0.762685 0.0149258
vt 0.743358 0.0149258
vt 0.74254 0.0137428
vt 0.726251 0.0137428
vt 0.725645 0.015067
vt 0.705981 0.015067
vt 0.705586 0.0139618
vt 0.7048 0.0134545
vt 0.703962 0.0133033
vt 0.703506 0.0133471
vt 0.703064 0.0134782
vt 0.702649 0.0136963
vt 0.702276 0.0140009
vt 0.701651 0.0150588
vt 0.681888 0.0150588
vt 0.681224 0.0139157
vt 0.664934 0.0139157
vt 0.664338 0.0150066
vt 0.645095 0.0150066
vt 0.644238 0.0137483
vt 0.628228 0.0137483
vt 0.627446 0.0148936
vt 0.60735 0.0148936
vt 0.607023 0.0138783
vt 0.606367 0.0134135
vt 0.605656 0.0132754
vt 0.604946 0.0134134
vt 0.604322 0.0138275
vt 0.603739 0.0149924
vt 0.583559 0.0149924
vt 0.582992 0.0138731
vt 0.566764 0.0138731
vt 0.566211 0.0148713
vt 0.546445 0.0148713
vt 0.545739 0.0137807
vt 0.529722 0.0137807
vt 0.528993 0.0149813
vt 0.509816 0.0149813
vt 0.509087 0.0139088
vt 0.508741 0.0136239
vt 0.508351 0.0134153
vt 0.507928 0.0132872
vt 0.507482 0.0132436
vt 0.507035 0.0132872
vt 0.506612 0.0134153
vt 0.506223 0.0136239
vt 0.505876 0.0139088
vt 0.505243 0.0150222
vt 0.485099 0.0150222
vt 0.484416 0.0139457
vt 0.468403 0.0139457
vt 0.467649 0.015065
vt 0.448366 0.015065
vt 0.447777 0.0138543
vt 0.431421 0.0138543
vt 0.430705 0.0150009
vt 0.410904 0.0150009
vt 0.410341 0.0148871
vt 0.409882 0.0145771
vt 0.409572 0.0141175
vt 0.409458 0.0135554
vt 0.409458 0.00235309
vt 0.409499 0.00194756
vt 0.409617 0.0015696
vt 0.409803 0.00122739
vt 0.410049 0.000929088
vt 0.410347 0.000682858
vt 0.410689 0.000496869
vt 0.411068 0.000379287
vt 0.411473 0.000338278
vt 0.415248 0.000338278
vt 0.416339 0.00142938
vt 0.416745 0.00169294
vt 0.417216 0.00178079
vt 0.417686 0.00169294
vt 0.418092 0.00142938
vt 0.419225 0.000295683
vt 0.417912 0.00125009
vt 0.41759 0.0014596
vt 0.417216 0.00152943
vt 0.416841 0.0014596
vt 0.416519 0.00125009
vt 0.415353 8.46932e-05
vt 0.411473 8.46932e-05
vt 0.411017 0.00013087
vt 0.410591 0.000263266
vt 0.410206 0.000472682
vt 0.40987 0.000749919
vt 0.409592 0.00108578
vt 0.409383 0.00147106
vt 0.409251 0.00189656
vt 0 0.0213158
vt 0.0112023 0.0213158
vt 0.0118764 0.0213158
vt 0.012528 0.0213158
vt 0.0131797 0.0213158
vt 0.0138539 0.0213158
vt 0.033796 0.0213158
vt 1.36991e-05 0.513626
vt 0.00136531 0.513626
vt 0.00738493 0.513626
vt 0.0234425 0.513626
vt 0.0294647 0.513626
vt 0.0308111 0.513626
vt 0.0397645 0.0213158
vt 0.0593405 0.0213158
vt 0.0397938 0.513626
vt 0.0411433 0.513626
vt 0.0653129 0.0213158
vt 0.081052 0.0213158
vt 0.047134 0.513626
vt 0.0484086 0.513626
vt 0.0870712 0.0213158
vt 0.107504 0.0213158
vt 0.0652999 0.513626
vt 0.0666766 0.513626
vt 0.0670707 0.513626
vt 0.0674593 0.513626
vt 0.0678479 0.513626
vt 0.0682421 0.513626
vt 0.0686404 0.513626
vt 0.0690309 0.513626
vt 0.0694169 0.513626
vt 0.0698016 0.513626
vt 0.0712093 0.513626
vt 0.0870262 0.513626
vt 0.10648 0.513626
vt 0.0771705 0.513626
vt 0.0785751 0.513626
vt 0.113524 0.0213158
vt 0.12926 0.0213158
vt 0.0543651 0.513626
vt 0.0556642 0.513626
vt 0.135233 0.0213158
vt 0.155286 0.0213158
vt 0.113519 0.513626
vt 0.11466 0.513626
vt 0.13528 0.513626
vt 0.151203 0.513626
vt 0.120646 0.513626
vt 0.121901 0.513626
vt 0.161255 0.0213158
vt 0.181749 0.0213158
vt 0.161283 0.513626
vt 0.162681 0.513626
vt 0.163319 0.513626
vt 0.163936 0.513626
vt 0.164549 0.513626
vt 0.165183 0.513626
vt 0.166403 0.513626
vt 0.187716 0.0213158
vt 0.208129 0.0213158
vt 0.127883 0.513626
vt 0.12927 0.513626
vt 0.187736 0.513626
vt 0.203478 0.513626
vt 0.172403 0.513626
vt 0.173925 0.513626
vt 0.214104 0.0213158
vt 0.233632 0.0213158
vt 0.179905 0.513626
vt 0.181148 0.513626
vt 0.21409 0.513626
vt 0.230083 0.513626
vt 0.239653 0.0213158
vt 0.240975 0.0213158
vt 0.24697 0.0213158
vt 0.267025 0.0213158
vt 0.246966 0.513626
vt 0.248291 0.513626
vt 0.248717 0.513626
vt 0.249132 0.513626
vt 0.24954 0.513626
vt 0.249946 0.513626
vt 0.250691 0.513626
vt 0.25146 0.513626
vt 0.25278 0.513626
vt 0.272999 0.0213158
vt 0.293005 0.0213158
vt 0.258763 0.513626
vt 0.260219 0.513626
vt 0.272987 0.513626
vt 0.28898 0.513626
vt 0.299026 0.0213158
vt 0.300464 0.0213158
vt 0.306504 0.0213158
vt 0.326115 0.0213158
vt 0.239616 0.513626
vt 0.240774 0.513626
vt 0.306476 0.513626
vt 0.322344 0.513626
vt 0.299024 0.513626
vt 0.300347 0.513626
vt 0.332125 0.0213158
vt 0.351754 0.0213158
vt 0.352308 0.0213158
vt 0.352847 0.0213158
vt 0.353376 0.0213158
vt 0.353903 0.0213158
vt 0.354429 0.0213158
vt 0.354959 0.0213158
vt 0.355497 0.0213158
vt 0.356051 0.0213158
vt 0.367314 0.0213158
vt 0.367669 0.0213158
vt 0.368012 0.0213158
vt 0.368356 0.0213158
vt 0.368711 0.0213158
vt 0.373015 0.0213158
vt 0.373527 0.0213158
vt 0.374033 0.0213158
vt 0.374539 0.0213158
vt 0.375051 0.0213158
vt 0.375526 0.0213158
vt 0.376002 0.0213158
vt 0.376513 0.0213158
vt 0.376951 0.0213158
vt 0.378866 0.0213158
vt 0.332162 0.513626
vt 0.334093 0.513626
vt 0.334431 0.513626
vt 0.334766 0.513626
vt 0.335192 0.513626
vt 0.335559 0.513626
vt 0.33613 0.513626
vt 0.336696 0.513626
vt 0.337261 0.513626
vt 0.337833 0.513626
vt 0.342137 0.513626
vt 0.342593 0.513626
vt 0.343033 0.513626
vt 0.343473 0.513626
vt 0.343929 0.513626
vt 0.355192 0.513626
vt 0.355695 0.513626
vt 0.356184 0.513626
vt 0.356664 0.513626
vt 0.357142 0.513626
vt 0.357619 0.513626
vt 0.3581 0.513626
vt 0.358589 0.513626
vt 0.359092 0.513626
vt 0.378591 0.513626
vt 0.384876 0.0213158
vt 0.386199 0.0213158
vt 0.392246 0.0213158
vt 0.408396 0.0213158
vt 0.384839 0.513626
vt 0.385998 0.513626
vt 0.414406 0.0213158
vt 0.433733 0.0213158
vt 0.39224 0.513626
vt 0.393678 0.513626
vt 0.414441 0.513626
vt 0.43073 0.513626
vt 0.399712 0.513626
vt 0.401168 0.513626
vt 0.439708 0.0213158
vt 0.459372 0.0213158
vt 0.439742 0.513626
vt 0.440916 0.513626
vt 0.441852 0.513626
vt 0.442703 0.513626
vt 0.443161 0.513626
vt 0.443622 0.513626
vt 0.444091 0.513626
vt 0.444572 0.513626
vt 0.445801 0.513626
vt 0.465366 0.0213158
vt 0.48513 0.0213158
vt 0.451848 0.513626
vt 0.45317 0.513626
vt 0.465381 0.513626
vt 0.481671 0.513626
vt 0.40718 0.513626
vt 0.408423 0.513626
vt 0.491156 0.0213158
vt 0.510399 0.0213158
vt 0.491111 0.513626
vt 0.492633 0.513626
vt 0.516403 0.0213158
vt 0.532413 0.0213158
vt 0.4986 0.513626
vt 0.499987 0.513626
vt 0.538406 0.0213158
vt 0.558501 0.0213158
vt 0.516439 0.513626
vt 0.517506 0.513626
vt 0.518309 0.513626
vt 0.519034 0.513626
vt 0.519757 0.513626
vt 0.520506 0.513626
vt 0.521809 0.513626
vt 0.538363 0.513626
vt 0.558544 0.513626
vt 0.505969 0.513626
vt 0.507224 0.513626
vt 0.564504 0.0213158
vt 0.580732 0.0213158
vt 0.527815 0.513626
vt 0.528956 0.513626
vt 0.586721 0.0213158
vt 0.606487 0.0213158
vt 0.564487 0.513626
vt 0.565786 0.513626
vt 0.586696 0.513626
vt 0.602712 0.513626
vt 0.571737 0.513626
vt 0.573142 0.513626
vt 0.612486 0.0213158
vt 0.631663 0.0213158
vt 0.612474 0.513626
vt 0.61377 0.513626
vt 0.614219 0.513626
vt 0.614661 0.513626
vt 0.615103 0.513626
vt 0.615552 0.513626
vt 0.616 0.513626
vt 0.616442 0.513626
vt 0.616884 0.513626
vt 0.617333 0.513626
vt 0.618613 0.513626
vt 0.637651 0.0213158
vt 0.657795 0.0213158
vt 0.579105 0.513626
vt 0.58038 0.513626
vt 0.637638 0.513626
vt 0.653652 0.513626
vt 0.624606 0.513626
vt 0.625955 0.513626
vt 0.66379 0.0213158
vt 0.683072 0.0213158
vt 0.663793 0.513626
vt 0.665139 0.513626
vt 0.689061 0.0213158
vt 0.705417 0.0213158
vt 0.671152 0.513626
vt 0.672504 0.513626
vt 0.711417 0.0213158
vt 0.731218 0.0213158
vt 0.731792 0.0213158
vt 0.732346 0.0213158
vt 0.732901 0.0213158
vt 0.733474 0.0213158
vt 0.744677 0.0213158
vt 0.745084 0.0213158
vt 0.74548 0.0213158
vt 0.74587 0.0213158
vt 0.746256 0.0213158
vt 0.746643 0.0213158
vt 0.747033 0.0213158
vt 0.747429 0.0213158
vt 0.747836 0.0213158
vt 0.751611 0.0213158
vt 0.753154 0.0213158
vt 0.753638 0.0213158
vt 0.754117 0.0213158
vt 0.754596 0.0213158
vt 0.755079 0.0213158
vt 0.756682 0.0213158
vt 0.689101 0.513626
vt 0.690724 0.513626
vt 0.691108 0.513626
vt 0.691489 0.513626
vt 0.69187 0.513626
vt 0.692255 0.513626
vt 0.693903 0.513626
vt 0.697783 0.513626
vt 0.698242 0.513626
vt 0.698687 0.513626
vt 0.699126 0.513626
vt 0.699561 0.513626
vt 0.699997 0.513626
vt 0.700435 0.513626
vt 0.700881 0.513626
vt 0.70134 0.513626
vt 0 0.507689
vt 0.0112023 0.507689
vt 0.0118764 0.507689
vt 0.012528 0.507689
vt 0.0131797 0.507689
vt 0.0138539 0.507689
vt 0.033796 0.507689
vt 1.36991e-05 1
vt 0.00136531 1
vt 0.00738493 1
vt 0.0234425 1
vt 0.0294647 1
vt 0.0308111 1
vt 0.0397645 0.507689
vt 0.0593405 0.507689
vt 0.0397938 1
vt 0.0411433 1
vt 0.0653129 0.507689
vt 0.081052 0.507689
vt 0.047134 1
vt 0.0484086 1
vt 0.0870712 0.507689
vt 0.107504 0.507689
vt 0.0652999 1
vt 0.0666766 1
vt 0.0670707 1
vt 0.0674593 1
vt 0.0678479 1
vt 0.0682421 1
vt 0.0686404 1
vt 0.0690309 1
vt 0.0694169 1
vt 0.0698016 1
vt 0.0712093 1
vt 0.0870262 1
vt 0.10648 1
vt 0.0771705 1
vt 0.0785751 1
vt 0.113524 0.507689
vt 0.12926 0.507689
vt 0.0543651 1
vt 0.0556642 1
vt 0.135233 0.507689
vt 0.155286 0.507689
vt 0.113519 1
vt 0.11466 1
vt 0.13528 1
vt 0.151203 1
vt 0.120646 1
vt 0.121901 1
vt 0.161255 0.507689
vt 0.181749 0.507689
vt 0.161283 1
vt 0.162681 1
vt 0.163319 1
vt 0.163936 1
vt 0.164549 1
vt 0.165183 1
vt 0.166403 1
vt 0.187716 0.507689
vt 0.208129 0.507689
vt 0.127883 1
vt 0.12927 1
vt 0.187736 1
vt 0.203478 1
vt 0.172403 1
vt 0.173925 1
vt 0.214104 0.507689
vt 0.233632 0.507689
vt 0.179905 1
vt 0.181148 1
vt 0.21409 1
vt 0.230083 1
vt 0.239653 0.507689
vt 0.240975 0.507689
vt 0.24697 0.507689
vt 0.267025 0.507689
vt 0.246966 1
vt 0.248291 1
vt 0.248717 1
vt 0.249132 1
vt 0.24954 1
vt 0.249946 1
vt 0.250691 1
vt 0.25146 1
vt 0.25278 1
vt 0.272999 0.507689
vt 0.293005 0.507689
vt 0.258763 1
vt 0.260219 1
vt 0.272987 1
vt 0.28898 1
vt 0.299026 0.507689
vt 0.300464 0.507689
vt 0.306504 0.507689
vt 0.326115 0.507689
vt 0.239616 1
vt 0.240774 1
vt 0.306476 1
vt 0.322344 1
vt 0.299024 1
vt 0.300347 1
vt 0.332125 0.507689
vt 0.351754 0.507689
vt 0.352308 0.507689
vt 0.352847 0.507689
vt 0.353376 0.507689
vt 0.353903 0.507689
vt 0.354429 0.507689
vt 0.354959 0.507689
vt 0.355497 0.507689
vt 0.356051 0.507689
vt 0.367314 0.507689
vt 0.367669 0.507689
vt 0.368012 0.507689
vt 0.368356 0.507689
vt 0.368711 0.507689
vt 0.373015 0.507689
vt 0.373527 0.507689
vt 0.374033 0.507689
vt 0.374539 0.507689
vt 0.375051 0.507689
vt 0.375526 0.507689
vt 0.376002 0.507689
vt 0.376513 0.507689
vt 0.376951 0.507689
vt 0.378866 0.507689
vt 0.332162 1
vt 0.334093 1
vt 0.334431 1
vt 0.334766 1
vt 0.335192 1
vt 0.335559 1
vt 0.33613 1
vt 0.336696 1
vt 0.337261 1
vt 0.337833 1
vt 0.342137 1
vt 0.342593 1
vt 0.343033 1
vt 0.343473 1
vt 0.343929 1
vt 0.355192 1
vt 0.355695 1
vt 0.356184 1
vt 0.356664 1
vt 0.357142 1
vt 0.357619 1
vt 0.3581 1
vt 0.358589 1
vt 0.359092 1
vt 0.378591 1
vt 0.384876 0.507689
vt 0.386199 0.507689
vt 0.392246 0.507689
vt 0.408396 0.507689
vt 0.384839 1
vt 0.385998 1
vt 0.414406 0.507689
vt 0.433733 0.507689
vt 0.39224 1
vt 0.393678 1
vt 0.414441 1
vt 0.43073 1
vt 0.399712 1
vt 0.401168 1
vt 0.439708 0.507689
vt 0.459372 0.507689
vt 0.439742 1
vt 0.440916 1
vt 0.441852 1
vt 0.442703 1
vt 0.443161 1
vt 0.443622 1
vt 0.444091 1
vt 0.444572 1
vt 0.445801 1
vt 0.465366 0.507689
vt 0.48513 0.507689
vt 0.451848 1
vt 0.45317 1
vt 0.465381 1
vt 0.481671 1
vt 0.40718 1
vt 0.408423 1
vt 0.491156 0.507689
vt 0.510399 0.507689
vt 0.491111 1
vt 0.492633 1
vt 0.516403 0.507689
vt 0.532413 0.507689
vt 0.4986 1
vt 0.499987 1
vt 0.538406 0.507689
vt 0.558501 0.507689
vt 0.516439 1
vt 0.517506 1
vt 0.518309 1
vt 0.519034 1
vt 0.519757 1
vt 0.520506 1
vt 0.521809 1
vt 0.538363 1
vt 0.558544 1
vt 0.505969 1
vt 0.507224 1
vt 0.564504 0.507689
vt 0.580732 0.507689
vt 0.527815 1
vt 0.528956 1
vt 0.586721 0.507689
vt 0.606487 0.507689
vt 0.564487 1
vt 0.565786 1
vt 0.586696 1
vt 0.602712 1
vt 0.571737 1
vt 0.573142 1
vt 0.612486 0.507689
vt 0.631663 0.507689
vt 0.612474 1
vt 0.61377 1
vt 0.614219 1
vt 0.614661 1
vt 0.615103 1
vt 0.615552 1
vt 0.616 1
vt 0.616442 1
vt 0.616884 1
vt 0.617333 1
vt 0.618613 1
vt 0.637651 0.507689
vt 0.657795 0.507689
vt 0.579105 1
vt 0.58038 1
vt 0.637638 1
vt 0.653652 1
vt 0.624606 1
vt 0.625955 1
vt 0.66379 0.507689
vt 0.683072 0.507689
vt 0.663793 1
vt 0.665139 1
vt 0.689061 0.507689
vt 0.705417 0.507689
vt 0.671152 1
vt 0.672504 1
vt 0.711417 0.507689
vt 0.731218 0.507689
vt 0.731792 0.507689
vt 0.732346 0.507689
vt 0.732901 0.507689
vt 0.733474 0.507689
vt 0.744677 0.507689
vt 0.745084 0.507689
vt 0.74548 0.507689
vt 0.74587 0.507689
vt 0.746256 0.507689
vt 0.746643 0.507689
vt 0.747033 0.507689
vt 0.747429 0.507689
vt 0.747836 0.507689
vt 0.751611 0.507689
vt 0.753154 0.507689
vt 0.753638 0.507689
vt 0.754117 0.507689
vt 0.754596 0.507689
vt 0.755079 0.507689
vt 0.756682 0.507689
vt 0.689101 1
vt 0.690724 1
vt 0.691108 1
vt 0.691489 1
vt 0.69187 1
vt 0.692255 1
vt 0.693903 1
vt 0.697783 1
vt 0.698242 1
vt 0.698687 1
vt 0.699126 1
vt 0.699561 1
vt 0.699997 1
vt 0.700435 1
vt 0.700881 1
vt 0.70134 1
vt 0.00560115 0.264503
vt 0.0115393 0.264503
vt 0.0122022 0.264503
vt 0.0128539 0.264503
vt 0.0135168 0.264503
vt 0.023825 0.264503
vt 0.000689503 0.756813
vt 0.0154137 0.756813
vt 0.0301379 0.756813
vt 0.0495525 0.264503
vt 0.0404686 0.756813
vt 0.0731824 0.264503
vt 0.0477713 0.756813
vt 0.0972874 0.264503
vt 0.0659882 0.756813
vt 0.0668737 0.756813
vt 0.067265 0.756813
vt 0.0676536 0.756813
vt 0.068045 0.756813
vt 0.0684413 0.756813
vt 0.0688356 0.756813
vt 0.0692239 0.756813
vt 0.0696093 0.756813
vt 0.0705055 0.756813
vt 0.096753 0.756813
vt 0.0778728 0.756813
vt 0.121392 0.264503
vt 0.0550147 0.756813
vt 0.14526 0.264503
vt 0.11409 0.756813
vt 0.143241 0.756813
vt 0.121274 0.756813
vt 0.171502 0.264503
vt 0.161982 0.756813
vt 0.163 0.756813
vt 0.163628 0.756813
vt 0.164243 0.756813
vt 0.164866 0.756813
vt 0.165793 0.756813
vt 0.197923 0.264503
vt 0.128576 0.756813
vt 0.195607 0.756813
vt 0.173164 0.756813
vt 0.223868 0.264503
vt 0.180527 0.756813
vt 0.222087 0.756813
vt 0.240314 0.264503
vt 0.256997 0.264503
vt 0.247628 0.756813
vt 0.248504 0.756813
vt 0.248924 0.756813
vt 0.249336 0.756813
vt 0.249743 0.756813
vt 0.250319 0.756813
vt 0.251076 0.756813
vt 0.25212 0.756813
vt 0.283002 0.264503
vt 0.259491 0.756813
vt 0.280984 0.756813
vt 0.299745 0.264503
vt 0.31631 0.264503
vt 0.240195 0.756813
vt 0.31441 0.756813
vt 0.299686 0.756813
vt 0.341939 0.264503
vt 0.352031 0.264503
vt 0.352577 0.264503
vt 0.353112 0.264503
vt 0.35364 0.264503
vt 0.354166 0.264503
vt 0.354694 0.264503
vt 0.355228 0.264503
vt 0.355774 0.264503
vt 0.361683 0.264503
vt 0.367492 0.264503
vt 0.367841 0.264503
vt 0.368184 0.264503
vt 0.368533 0.264503
vt 0.370863 0.264503
vt 0.373271 0.264503
vt 0.37378 0.264503
vt 0.374286 0.264503
vt 0.374795 0.264503
vt 0.375289 0.264503
vt 0.375764 0.264503
vt 0.376257 0.264503
vt 0.376732 0.264503
vt 0.377909 0.264503
vt 0.333127 0.756813
vt 0.334262 0.756813
vt 0.334599 0.756813
vt 0.334979 0.756813
vt 0.335376 0.756813
vt 0.335845 0.756813
vt 0.336413 0.756813
vt 0.336979 0.756813
vt 0.337547 0.756813
vt 0.339985 0.756813
vt 0.342365 0.756813
vt 0.342813 0.756813
vt 0.343253 0.756813
vt 0.343701 0.756813
vt 0.349561 0.756813
vt 0.355444 0.756813
vt 0.355939 0.756813
vt 0.356424 0.756813
vt 0.356903 0.756813
vt 0.357381 0.756813
vt 0.35786 0.756813
vt 0.358344 0.756813
vt 0.35884 0.756813
vt 0.368841 0.756813
vt 0.385537 0.264503
vt 0.400321 0.264503
vt 0.385419 0.756813
vt 0.42407 0.264503
vt 0.392959 0.756813
vt 0.422585 0.756813
vt 0.40044 0.756813
vt 0.44954 0.264503
vt 0.440329 0.756813
vt 0.441384 0.756813
vt 0.442277 0.756813
vt 0.442932 0.756813
vt 0.443392 0.756813
vt 0.443856 0.756813
vt 0.444331 0.756813
vt 0.445187 0.756813
vt 0.475248 0.264503
vt 0.452509 0.756813
vt 0.473526 0.756813
vt 0.407802 0.756813
vt 0.500778 0.264503
vt 0.491872 0.756813
vt 0.524408 0.264503
vt 0.499294 0.756813
vt 0.548453 0.264503
vt 0.516972 0.756813
vt 0.517907 0.756813
vt 0.518671 0.756813
vt 0.519396 0.756813
vt 0.520132 0.756813
vt 0.521158 0.756813
vt 0.548453 0.756813
vt 0.506596 0.756813
vt 0.572618 0.264503
vt 0.528386 0.756813
vt 0.596604 0.264503
vt 0.565137 0.756813
vt 0.594704 0.756813
vt 0.57244 0.756813
vt 0.622074 0.264503
vt 0.613122 0.756813
vt 0.613995 0.756813
vt 0.61444 0.756813
vt 0.614882 0.756813
vt 0.615327 0.756813
vt 0.615776 0.756813
vt 0.616221 0.756813
vt 0.616663 0.756813
vt 0.617108 0.756813
vt 0.617973 0.756813
vt 0.647723 0.264503
vt 0.579742 0.756813
vt 0.645645 0.756813
vt 0.62528 0.756813
vt 0.673431 0.264503
vt 0.664466 0.756813
vt 0.697239 0.264503
vt 0.671828 0.756813
vt 0.721318 0.264503
vt 0.731505 0.264503
vt 0.732069 0.264503
vt 0.732624 0.264503
vt 0.733188 0.264503
vt 0.739075 0.264503
vt 0.74488 0.264503
vt 0.745282 0.264503
vt 0.745675 0.264503
vt 0.746063 0.264503
vt 0.74645 0.264503
vt 0.746838 0.264503
vt 0.747231 0.264503
vt 0.747633 0.264503
vt 0.749724 0.264503
vt 0.752383 0.264503
vt 0.753396 0.264503
vt 0.753877 0.264503
vt 0.754356 0.264503
vt 0.754837 0.264503
vt 0.755881 0.264503
vt 0.689912 0.756813
vt 0.690916 0.756813
vt 0.691299 0.756813
vt 0.69168 0.756813
vt 0.692062 0.756813
vt 0.693079 0.756813
vt 0.695843 0.756813
vt 0.698012 0.756813
vt 0.698464 0.756813
vt 0.698907 0.756813
vt 0.699344 0.756813
vt 0.699779 0.756813
vt 0.700216 0.756813
vt 0.700658 0.756813
vt 0.701111 0.756813


# Vertex Surface Normals: 
vn 0 0 1
vn 0 0 -1
vn 1 0 0
vn 0.99873 -0.050382 1.4836e-19
vn 0.995018 0.0996964 0
vn 0.995018 0.0996964 0
vn 0.99873 -0.050382 -1.4836e-19
vn 0.980121 0.198399 0
vn 0.922347 0.386363 0
vn 0.922347 0.386363 0
vn 0.828907 0.559386 0
vn 0.707072 0.707141 0
vn 0.707072 0.707141 0
vn 0.559305 0.828962 0
vn 0.386296 0.922375 -9.41615e-18
vn 0.386296 0.922375 9.41615e-18
vn 0.198353 0.980131 0
vn 0.0996728 0.99502 -9.28036e-18
vn 0.0996728 0.99502 9.28036e-18
vn 0 1 0
vn 0 1 0
vn 0 1 0
vn -0.848307 0.529505 0
vn -0.848307 0.529505 0
vn -0.848307 0.529505 0
vn -0.848307 0.529505 0
vn -0.848307 0.529505 0
vn 0 1 0
vn 0 1 0
vn 0 1 0
vn 0 1 0
vn 0 1 0
vn 0.899266 0.437402 0
vn 0.899266 0.437402 8.36104e-17
vn 0.899266 0.437402 8.36104e-17
vn 0.899266 0.437402 -8.36104e-17
vn 0.899266 0.437402 -8.36104e-17
vn 0 1 0
vn 0 1 0
vn 0 1 0
vn 0 1 0
vn 0 1 0
vn -0.829444 0.55859 0
vn -0.829444 0.55859 -7.71874e-17
vn -0.829444 0.55859 -7.71874e-17
vn -0.829444 0.55859 7.71874e-17
vn -0.829444 0.55859 7.71874e-17
vn 0 1 0
vn 0 1 0
vn 0 1 0
vn 0 1 0
vn 0 1 0
vn 0.844564 0.535454 0
vn 0.844564 0.535454 0
vn 0.844564 0.535454 0
vn 0.844564 0.535454 0
vn 0.844564 0.535454 0
vn 0 1 0
vn 0 1 0
vn 0 1 0
vn 0 1 0
vn 0 1 0
vn -0.871326 0.490705 0
vn -0.871326 0.490705 0
vn -0.763834 0.645413 0
vn -0.763834 0.645413 0
vn -0.871326 0.490705 0
vn -0.629234 0.777216 0
vn -0.550811 0.83463 -5.47424e-18
vn -0.550811 0.83463 5.47424e-18
vn -0.467186 0.884159 0
vn -0.378869 0.92545 -5.4744e-18
vn -0.378869 0.92545 5.4744e-18
vn -0.286951 0.957945 0
vn -0.192516 0.981294 0
vn -0.192516 0.981294 0
vn -0.0962598 0.995356 0
vn 0.000171018 1 0
vn 0.000171018 1 0
vn 0.0966003 0.995323 0
vn 0.192378 0.981321 0
vn 0.192378 0.981321 0
vn 0.286353 0.958124 0
vn 0.377768 0.9259 0
vn 0.377768 0.9259 0
vn 0.465633 0.884978 0
vn 0.550311 0.83496 0
vn 0.550311 0.83496 0
vn 0.629665 0.776866 0
vn 0.736749 0.676166 -9.72743e-18
vn 0.736749 0.676166 9.72743e-18
vn 0.827913 0.560856 0
vn 0.827913 0.560856 -1.92447e-17
vn 0.827913 0.560856 1.92447e-17
vn 0 1 0
vn 0 1 0
vn 0 1 0
vn 0 1 0
vn 0 1 0
vn -0.854743 0.519052 0
vn -0.854743 0.519052 1.99053e-17
vn -0.854743 0.519052 1.99053e-17
vn -0.854743 0.519052 -1.99053e-17
vn -0.854743 0.519052 -1.99053e-17
vn 0 1 0
vn 0 1 0
vn 0 1 0
vn 0 1 0
vn 0 1 0
vn 0.839539 0.543299 0
vn 0.839539 0.543299 0
vn 0.839539 0.543299 0
vn 0.839539 0.543299 0
vn 0.839539 0.543299 0
vn 0 1 0
vn 0 1 0
vn 0 1 0
vn 0 1 0
vn 0 1 0
vn -0.874658 0.48474 0
vn -0.874658 0.48474 0
vn -0.874658 0.48474 0
vn -0.874658 0.48474 0
vn -0.874658 0.48474 0
vn 0 1 0
vn 0 1 0
vn 0 1 0
vn 0 1 0
vn 0 1 0
vn 0.892206 0.45163 0
vn 0.892206 0.45163 0
vn 0.892206 0.45163 0
vn 0.892206 0.45163 0
vn 0.892206 0.45163 0
vn 0 1 0
vn 0 1 0
vn 0 1 0
vn 0 1 0
vn 0 1 0
vn -0.896753 0.442531 0
vn -0.896753 0.442531 0
vn -0.747622 0.664124 6.18678e-19
vn -0.747622 0.664124 -6.18678e-19
vn -0.896753 0.442531 0
vn -0.545152 0.838337 0
vn -0.373445 0.927653 6.07997e-19
vn -0.373445 0.927653 -6.07997e-19
vn -0.187747 0.982217 0
vn -0.000679024 1 0
vn -0.000679024 1 0
vn 0.186413 0.982471 0
vn 0.370667 0.928766 -4.08341e-19
vn 0.370667 0.928766 4.08341e-19
vn 0.541268 0.84085 0
vn 0.792711 0.609598 -4.25658e-19
vn 0.792711 0.609598 4.25658e-19
vn 0.951644 0.307204 0
vn 0.951644 0.307204 0
vn 0.951644 0.307204 0
vn 0 1 0
vn 0 1 0
vn 0 1 0
vn 0 1 0
vn 0 1 0
vn -0.825846 0.563896 0
vn -0.825846 0.563896 4.80499e-18
vn -0.825846 0.563896 4.80499e-18
vn -0.825846 0.563896 -4.80499e-18
vn -0.825846 0.563896 -4.80499e-18
vn 0 1 0
vn 0 1 0
vn 0 1 0
vn 0 1 0
vn 0 1 0
vn 0.826705 0.562635 0
vn 0.826705 0.562635 0
vn 0.826705 0.562635 0
vn 0.826705 0.562635 0
vn 0.826705 0.562635 0
vn 0 1 0
vn 0 1 0
vn 0 1 0
vn 0 1 0
vn 0 1 0
vn -0.877537 0.479508 0
vn -0.877537 0.479508 0
vn -0.877537 0.479508 0
vn -0.877537 0.479508 0
vn -0.877537 0.479508 0
vn 0 1 0
vn 0 1 0
vn 0 1 0
vn 0 1 0
vn 0 1 0
vn 0.864647 0.50238 0
vn 0.864647 0.50238 2.01639e-17
vn 0.864647 0.50238 2.01639e-17
vn 0.864647 0.50238 -2.01639e-17
vn 0.864647 0.50238 -2.01639e-17
vn 0 1 0
vn 0 1 0
vn 0 1 0
vn 0 1 0
vn 0 1 0
vn -0.862659 0.505787 0
vn -0.862659 0.505787 2.00038e-17
vn -0.75753 0.6528 9.58403e-18
vn -0.75753 0.6528 -9.58403e-18
vn -0.862659 0.505787 -2.00038e-17
vn -0.627657 0.77849 0
vn -0.547437 0.836847 -5.98392e-18
vn -0.547437 0.836847 5.98392e-18
vn -0.461829 0.886969 0
vn -0.373616 0.927583 -2.10401e-18
vn -0.373616 0.927583 2.10401e-18
vn -0.28188 0.95945 0
vn -0.189155 0.981947 2.19301e-18
vn -0.189155 0.981947 -2.19301e-18
vn -0.0947092 0.995505 0
vn 0.0402031 0.999192 -1.11309e-18
vn 0.0402031 0.999192 1.11309e-18
vn 0.174383 0.984678 0
vn 0.347113 0.937823 6.0101e-18
vn 0.347113 0.937823 -6.0101e-18
vn 0.508725 0.860929 0
vn 0.771217 0.636573 6.28878e-18
vn 0.771217 0.636573 -6.28878e-18
vn 0.94175 0.336313 0
vn 0.94175 0.336313 0
vn 0.94175 0.336313 0
vn 0 1 0
vn 0 1 0
vn 0 1 0
vn 0 1 0
vn 0 1 0
vn -0.909368 0.415993 0
vn -0.909368 0.415993 0
vn -0.909368 0.415993 0
vn -0.909368 0.415993 0
vn -0.909368 0.415993 0
vn 0 1 0
vn 0 1 0
vn 0 1 0
vn 0 1 0
vn 0 1 0
vn 0.822527 0.568726 0
vn 0.822527 0.568726 0
vn 0.822527 0.568726 0
vn 0.822527 0.568726 0
vn 0.822527 0.568726 0
vn 0 1 0
vn 0 1 0
vn 0 1 0
vn 0 1 0
vn 0 1 0
vn -0.879598 0.475718 0
vn -0.879598 0.475718 0
vn -0.879598 0.475718 0
vn -0.879598 0.475718 0
vn -0.879598 0.475718 0
vn 0 1 0
vn 0 1 0
vn 0 1 0
vn 0 1 0
vn 0 1 0
vn 0.813341 0.581787 0
vn 0.813341 0.581787 0
vn 0.813341 0.581787 0
vn 0.813341 0.581787 0
vn 0.813341 0.581787 0
vn 0 1 0
vn 0 1 0
vn -0.0503708 0.998731 0
vn -0.0503708 0.998731 0
vn 0 1 0
vn -0.100614 0.994926 0
vn -0.199845 0.979827 0
vn -0.199845 0.979827 0
vn -0.297064 0.954858 0
vn -0.389166 0.921168 0
vn -0.389166 0.921168 0
vn -0.477526 0.878618 0
vn -0.559637 0.828738 2.97867e-17
vn -0.559637 0.828738 -2.97867e-17
vn -0.636583 0.771209 0
vn -0.707107 0.707107 2.97845e-17
vn -0.707107 0.707107 -2.97845e-17
vn -0.771208 0.636583 0
vn -0.828738 0.559637 0
vn -0.828738 0.559637 0
vn -0.878618 0.477526 0
vn -0.921167 0.389166 0
vn -0.921167 0.389166 0
vn -0.954858 0.297064 0
vn -0.979827 0.199845 4.65581e-17
vn -0.979827 0.199845 -4.65581e-17
vn -0.994926 0.100614 0
vn -0.998731 0.0503708 4.63825e-17
vn -0.998731 0.0503708 -4.63825e-17
vn -1 0 0
vn -0.995018 0.0996927 0
vn -0.995018 0.0996927 0
vn -0.980123 0.198392 0
vn -0.922379 0.386286 8.2158e-19
vn -0.922379 0.386286 -8.2158e-19
vn -0.828996 0.559255 0
vn -0.707228 0.706985 -4.17184e-19
vn -0.707228 0.706985 4.17184e-19
vn -0.55954 0.828803 0
vn -0.386504 0.922288 9.64094e-18
vn -0.386504 0.922288 -9.64094e-18
vn -0.198518 0.980097 0
vn -0.0997566 0.995012 1.07232e-17
vn -0.0997566 0.995012 -1.07232e-17
vn 0 1 0
vn 0.0593349 0.998238 5.52701e-18
vn 0.0593349 0.998238 -5.52701e-18
vn 0.118461 0.992959 0
vn 0.233731 0.972301 5.55537e-18
vn 0.233731 0.972301 -5.55537e-18
vn 0.345796 0.93831 0
vn 0.451902 0.892068 -2.46526e-17
vn 0.451902 0.892068 2.46526e-17
vn 0.551954 0.833875 0
vn 0.645678 0.76361 -2.66546e-17
vn 0.645678 0.76361 2.66546e-17
vn 0.730543 0.682867 0
vn 0.69701 0.717062 -1.98659e-18
vn 0.69701 0.717062 1.98659e-18
vn 0.661878 0.749611 0
vn 0.485949 0.873987 0
vn 0.485949 0.873987 0
vn 0.287461 0.957792 0
vn 0.0663362 0.997797 2.94748e-18
vn 0.0663362 0.997797 -2.94748e-18
vn -0.158139 0.987417 0
vn -0.363238 0.931696 2.93945e-18
vn -0.363238 0.931696 -2.93945e-18
vn -0.55193 0.83389 0
vn -0.633233 0.773961 3.30623e-17
vn -0.633233 0.773961 -3.30623e-17
vn -0.708076 0.706136 0
vn -0.708076 0.706136 6.57872e-17
vn -0.708076 0.706136 -6.57872e-17
vn 0.609153 -0.793053 0
vn 0.609153 -0.793053 0
vn 0.581315 -0.813679 -2.57637e-17
vn 0.581315 -0.813679 2.57637e-17
vn 0.609153 -0.793053 0
vn 0.552779 -0.833328 0
vn 0.379831 -0.925056 -2.77034e-17
vn 0.379831 -0.925056 2.77034e-17
vn 0.192325 -0.981331 0
vn -0.0305366 -0.999534 -1.46072e-18
vn -0.0305366 -0.999534 1.46072e-18
vn -0.251872 -0.967761 0
vn -0.469608 -0.882875 1.11877e-18
vn -0.469608 -0.882875 -1.11877e-18
vn -0.661697 -0.749771 0
vn -0.697047 -0.717025 1.04937e-19
vn -0.697047 -0.717025 -1.04937e-19
vn -0.730778 -0.682615 0
vn -0.64587 -0.763447 2.48975e-17
vn -0.64587 -0.763447 -2.48975e-17
vn -0.552086 -0.833787 0
vn -0.451983 -0.892027 2.58834e-17
vn -0.451983 -0.892027 -2.58834e-17
vn -0.345819 -0.938301 0
vn -0.233736 -0.9723 1.4534e-18
vn -0.233736 -0.9723 -1.4534e-18
vn -0.118447 -0.99296 0
vn -0.0593278 -0.998239 1.44598e-18
vn -0.0593278 -0.998239 -1.44598e-18
vn 0 -1 0
vn 0.099682 -0.995019 -2.86946e-18
vn 0.099682 -0.995019 2.86946e-18
vn 0.198371 -0.980127 0
vn 0.386345 -0.922354 -1.69401e-18
vn 0.386345 -0.922354 1.69401e-18
vn 0.559379 -0.828912 0
vn 0.707158 -0.707056 4.13684e-17
vn 0.707158 -0.707056 -4.13684e-17
vn 0.828993 -0.55926 0
vn 0.922396 -0.386246 4.01925e-17
vn 0.922396 -0.386246 -4.01925e-17
vn 0.980141 -0.198302 0
vn 0.995023 -0.0996468 0
vn 0.995023 -0.0996468 0
vn 1 0 0
vn 0.998731 -0.0503604 0
vn 0.998731 -0.0503604 0
vn 0.994928 -0.100593 0
vn 0.979834 -0.199815 0
vn 0.979834 -0.199815 0
vn 0.95487 -0.297024 0
vn 0.921183 -0.389131 0
vn 0.921183 -0.389131 0
vn 0.878635 -0.477494 0
vn 0.828752 -0.559616 0
vn 0.828752 -0.559616 0
vn 0.771217 -0.636572 0
vn 0.707107 -0.707107 -2.97731e-17
vn 0.707107 -0.707107 2.97731e-17
vn 0.636572 -0.771217 0
vn 0.559616 -0.828752 -2.97753e-17
vn 0.559616 -0.828752 2.97753e-17
vn 0.477494 -0.878635 0
vn 0.389131 -0.921183 -1.38976e-17
vn 0.389131 -0.921183 1.38976e-17
vn 0.297024 -0.95487 0
vn 0.199815 -0.979834 -1.39008e-17
vn 0.199815 -0.979834 1.39008e-17
vn 0.100593 -0.994928 0
vn 0.0503606 -0.998731 0
vn 0.0503606 -0.998731 0
vn 0 -1 0
vn 0 -1 0
vn 0 -1 0
vn -0.813341 -0.581787 0
vn -0.813341 -0.581787 -7.47976e-17
vn -0.813341 -0.581787 -7.47976e-17
vn -0.813341 -0.581787 7.47976e-17
vn -0.813341 -0.581787 7.47976e-17
vn 0 -1 0
vn 0 -1 0
vn 0 -1 0
vn 0 -1 0
vn 0 -1 0
vn 0.879598 -0.475718 0
vn 0.879598 -0.475718 0
vn 0.879598 -0.475718 0
vn 0.879598 -0.475718 0
vn 0.879598 -0.475718 0
vn 0 -1 0
vn 0 -1 0
vn 0 -1 0
vn 0 -1 0
vn 0 -1 0
vn -0.822688 -0.568493 0
vn -0.822688 -0.568493 0
vn -0.822688 -0.568493 0
vn -0.822688 -0.568493 0
vn -0.822688 -0.568493 0
vn 0 -1 0
vn 0 -1 0
vn 0 -1 0
vn 0 -1 0
vn 0 -1 0
vn 0.909368 -0.415993 0
vn 0.909368 -0.415993 0
vn 0.909368 -0.415993 0
vn 0.909368 -0.415993 0
vn 0.909368 -0.415993 0
vn 0 -1 0
vn 0 -1 0
vn 0 -1 0
vn 0 -1 0
vn 0 -1 0
vn -0.941737 -0.33635 0
vn -0.941737 -0.33635 0
vn -0.783473 -0.621426 6.01078e-18
vn -0.783473 -0.621426 -6.01078e-18
vn -0.941737 -0.33635 0
vn -0.541914 -0.840434 0
vn -0.366932 -0.930248 1.58941e-18
vn -0.366932 -0.930248 -1.58941e-18
vn -0.177756 -0.984075 0
vn -0.0415076 -0.999138 -4.17179e-18
vn -0.0415076 -0.999138 4.17179e-18
vn 0.0955211 -0.995427 0
vn 0.190768 -0.981635 -3.32713e-18
vn 0.190768 -0.981635 3.32713e-18
vn 0.284248 -0.958751 0
vn 0.376712 -0.92633 -8.77314e-18
vn 0.376712 -0.92633 8.77314e-18
vn 0.46556 -0.885016 0
vn 0.551724 -0.834027 -5.44661e-18
vn 0.551724 -0.834027 5.44661e-18
vn 0.632357 -0.774677 0
vn 0.758468 -0.651711 0
vn 0.758468 -0.651711 0
vn 0.861047 -0.508526 0
vn 0.861047 -0.508526 0
vn 0.861047 -0.508526 0
vn 0 -1 0
vn 0 -1 0
vn 0 -1 0
vn 0 -1 0
vn 0 -1 0
vn -0.864566 -0.50252 0
vn -0.864566 -0.50252 2.0162e-17
vn -0.864566 -0.50252 2.0162e-17
vn -0.864566 -0.50252 -2.0162e-17
vn -0.864566 -0.50252 -2.0162e-17
vn 0 -1 0
vn 0 -1 0
vn 0 -1 0
vn 0 -1 0
vn 0 -1 0
vn 0.877538 -0.479508 0
vn 0.877538 -0.479508 0
vn 0.877538 -0.479508 0
vn 0.877538 -0.479508 0
vn 0.877538 -0.479508 0
vn 0 -1 0
vn 0 -1 0
vn 0 -1 0
vn 0 -1 0
vn 0 -1 0
vn -0.826706 -0.562635 0
vn -0.826706 -0.562635 0
vn -0.826706 -0.562635 0
vn -0.826706 -0.562635 0
vn -0.826706 -0.562635 0
vn 0 -1 0
vn 0 -1 0
vn 0 -1 0
vn 0 -1 0
vn 0 -1 0
vn 0.825846 -0.563896 0
vn 0.825846 -0.563896 4.80499e-18
vn 0.825846 -0.563896 4.80499e-18
vn 0.825846 -0.563896 -4.80499e-18
vn 0.825846 -0.563896 -4.80499e-18
vn 0 -1 0
vn 0 -1 0
vn 0 -1 0
vn 0 -1 0
vn 0 -1 0
vn -0.951748 -0.306881 0
vn -0.951748 -0.306881 4.75484e-19
vn -0.80627 -0.591548 2.50545e-19
vn -0.80627 -0.591548 -2.50545e-19
vn -0.951748 -0.306881 -4.75484e-19
vn -0.578391 -0.81576 0
vn -0.393358 -0.919386 0
vn -0.393358 -0.919386 0
vn -0.190633 -0.981661 0
vn 5.06819e-06 -1 0
vn 5.06819e-06 -1 0
vn 0.190643 -0.981659 0
vn 0.379181 -0.925322 -3.94839e-19
vn 0.379181 -0.925322 3.94839e-19
vn 0.553038 -0.833156 0
vn 0.749017 -0.662551 -4.00722e-19
vn 0.749017 -0.662551 4.00722e-19
vn 0.894427 -0.447214 0
vn 0.894427 -0.447214 0
vn 0.894427 -0.447214 0
vn 0 -1 0
vn 0 -1 0
vn 0 -1 0
vn 0 -1 0
vn 0 -1 0
vn -0.892206 -0.45163 0
vn -0.892206 -0.45163 0
vn -0.892206 -0.45163 0
vn -0.892206 -0.45163 0
vn -0.892206 -0.45163 0
vn 0 -1 0
vn 0 -1 0
vn 0 -1 0
vn 0 -1 0
vn 0 -1 0
vn 0.874658 -0.48474 0
vn 0.874658 -0.48474 0
vn 0.874658 -0.48474 0
vn 0.874658 -0.48474 0
vn 0.874658 -0.48474 0
vn 0 -1 0
vn 0 -1 0
vn 0 -1 0
vn 0 -1 0
vn 0 -1 0
vn -0.839539 -0.543299 0
vn -0.839539 -0.543299 2.02984e-17
vn -0.839539 -0.543299 2.02984e-17
vn -0.839539 -0.543299 -2.02984e-17
vn -0.839539 -0.543299 -2.02984e-17
vn 0 -1 0
vn 0 -1 0
vn 0 -1 0
vn 0 -1 0
vn 0 -1 0
vn 0.854743 -0.519052 0
vn 0.854743 -0.519052 -3.98105e-17
vn 0.854743 -0.519052 -3.98105e-17
vn 0.854743 -0.519052 3.98105e-17
vn 0.854743 -0.519052 3.98105e-17
vn 0 -1 0
vn 0 -1 0
vn 0 -1 0
vn 0 -1 0
vn 0 -1 0
vn -0.827022 -0.562169 0
vn -0.827022 -0.562169 -1.99977e-17
vn -0.738563 -0.674184 -1.75742e-17
vn -0.738563 -0.674184 1.75742e-17
vn -0.827022 -0.562169 1.99977e-17
vn -0.635058 -0.772465 0
vn -0.556151 -0.831081 -1.90828e-18
vn -0.556151 -0.831081 1.90828e-18
vn -0.471871 -0.881668 0
vn -0.382741 -0.923856 5.52413e-18
vn -0.382741 -0.923856 -5.52413e-18
vn -0.28989 -0.95706 0
vn -0.194492 -0.980904 0
vn -0.194492 -0.980904 0
vn -0.0972132 -0.995264 0
vn 2.26283e-05 -1 0
vn 2.26283e-05 -1 0
vn 0.0972583 -0.995259 0
vn 0.194507 -0.980901 0
vn 0.194507 -0.980901 0
vn 0.289875 -0.957064 0
vn 0.382677 -0.923882 5.52282e-18
vn 0.382677 -0.923882 -5.52282e-18
vn 0.471762 -0.881726 0
vn 0.556059 -0.831143 5.52268e-18
vn 0.556059 -0.831143 -5.52268e-18
vn 0.634981 -0.772527 0
vn 0.764922 -0.644123 0
vn 0.764922 -0.644123 0
vn 0.869336 -0.494222 0
vn 0.869336 -0.494222 0
vn 0.869336 -0.494222 0
vn 0 -1 0
vn 0 -1 0
vn 0 -1 0
vn 0 -1 0
vn 0 -1 0
vn -0.844564 -0.535454 0
vn -0.844564 -0.535454 0
vn -0.844564 -0.535454 0
vn -0.844564 -0.535454 0
vn -0.844564 -0.535454 0
vn 0 -1 0
vn 0 -1 0
vn 0 -1 0
vn 0 -1 0
vn 0 -1 0
vn 0.829444 -0.55859 0
vn 0.829444 -0.55859 0
vn 0.829444 -0.55859 0
vn 0.829444 -0.55859 0
vn 0.829444 -0.55859 0
vn 0 -1 0
vn 0 -1 0
vn 0 -1 0
vn 0 -1 0
vn 0 -1 0
vn -0.899266 -0.437401 0
vn -0.899266 -0.437401 0
vn -0.899266 -0.437401 0
vn -0.899266 -0.437401 0
vn -0.899266 -0.437401 0
vn 0 -1 0
vn 0 -1 0
vn 0 -1 0
vn 0 -1 0
vn 0 -1 0
vn 0.848307 -0.529505 0
vn 0.848307 -0.529505 0
vn 0.848307 -0.529505 0
vn 0.848307 -0.529505 0
vn 0.848307 -0.529505 0
vn 0 -1 0
vn 0 -1 0
vn -0.09964 -0.995024 0
vn -0.09964 -0.995024 0
vn 0 -1 0
vn -0.198288 -0.980144 0
vn -0.386239 -0.922399 0
vn -0.386239 -0.922399 0
vn -0.559258 -0.828994 0
vn -0.707066 -0.707147 0
vn -0.707066 -0.707147 0
vn -0.828929 -0.559353 0
vn -0.922366 -0.386318 0
vn -0.922366 -0.386318 0
vn -0.980133 -0.198343 0
vn -0.995021 -0.0996679 0
vn -0.995021 -0.0996679 0
vn -1 0 0
vn -0.998731 0.0503708 0
vn -0.998731 0.0503708 0
vn -0.994926 0.100614 0
vn -0.979826 0.199851 4.46935e-17
vn -0.979826 0.199851 -4.46935e-17
vn -0.954854 0.297074 0
vn -0.921158 0.389188 4.46832e-17
vn -0.921158 0.389188 -4.46832e-17
vn -0.8786 0.477558 0
vn -0.828708 0.559681 -9.30066e-19
vn -0.828708 0.559681 9.30066e-19
vn -0.771164 0.636636 0
vn -0.707047 0.707166 -2.06005e-18
vn -0.707047 0.707166 2.06005e-18
vn -0.636506 0.771272 0
vn -0.559549 0.828797 -3.70195e-18
vn -0.559549 0.828797 3.70195e-18
vn -0.477427 0.878671 0
vn -0.38907 0.921208 -1.50772e-17
vn -0.38907 0.921208 1.50772e-17
vn -0.296971 0.954887 0
vn -0.199777 0.979841 -1.25077e-17
vn -0.199777 0.979841 1.25077e-17
vn -0.100571 0.99493 0
vn -0.0503493 0.998732 0
vn -0.0503493 0.998732 0
vn 0 1 0
vn 0.382579 0.923923 0
vn 0.382579 0.923923 0
vn 0.706946 0.707267 0
vn 0.629346 0.777125 0
vn 0.629346 0.777125 0
vn 0.544885 0.838511 0
vn 0.371298 0.928514 1.45755e-18
vn 0.371298 0.928514 -1.45755e-18
vn 0.183515 0.983017 0
vn -8.77687e-21 1 2.90878e-18
vn -8.77687e-21 1 -2.90878e-18
vn -0.183515 0.983017 0
vn -0.371298 0.928514 1.45755e-18
vn -0.371298 0.928514 -1.45755e-18
vn -0.544885 0.838511 0
vn -0.629519 0.776985 3.41586e-17
vn -0.629519 0.776985 -3.41586e-17
vn -0.707261 0.706952 0
vn -0.707261 0.706952 6.79433e-17
vn -0.707261 0.706952 -6.79433e-17
vn 0.588117 -0.808776 0
vn 0.588117 -0.808776 -2.32027e-18
vn 0.566626 -0.823975 -1.16054e-18
vn 0.566626 -0.823975 1.16054e-18
vn 0.588117 -0.808776 2.32027e-18
vn 0.544742 -0.838604 0
vn 0.37116 -0.928569 -1.45633e-18
vn 0.37116 -0.928569 1.45633e-18
vn 0.18339 -0.98304 0
vn 4.52083e-08 -1 8.69462e-18
vn 4.52083e-08 -1 -8.69462e-18
vn -0.18339 -0.98304 0
vn -0.37116 -0.928569 1.017e-17
vn -0.37116 -0.928569 -1.017e-17
vn -0.544742 -0.838604 0
vn -0.629286 -0.777174 -1.05998e-18
vn -0.629286 -0.777174 1.05998e-18
vn -0.706957 -0.707257 0
vn -0.382585 -0.92392 -1.141e-18
vn -0.382585 -0.92392 1.141e-18
vn 0 -1 0
vn 0.0503631 -0.998731 0
vn 0.0503631 -0.998731 0
vn 0.100598 -0.994927 0
vn 0.199818 -0.979833 -1.25097e-17
vn 0.199818 -0.979833 1.25097e-17
vn 0.297024 -0.95487 0
vn 0.38912 -0.921187 -1.25068e-17
vn 0.38912 -0.921187 1.25068e-17
vn 0.477473 -0.878646 0
vn 0.559582 -0.828775 0
vn 0.559582 -0.828775 0
vn 0.636527 -0.771255 0
vn 0.707054 -0.70716 0
vn 0.707054 -0.70716 0
vn 0.771159 -0.636642 0
vn 0.828696 -0.559699 -4.1807e-17
vn 0.828696 -0.559699 4.1807e-17
vn 0.878583 -0.477589 0
vn 0.921143 -0.389225 -4.22444e-17
vn 0.921143 -0.389225 4.22444e-17
vn 0.954841 -0.297116 0
vn 0.97982 -0.199883 -2.80445e-19
vn 0.97982 -0.199883 2.80445e-19
vn 0.994923 -0.100636 0


# Faces: 
usemtl material0
f 287/81/1 303/97/1 286/80/1
f 302/96/1 287/81/1 288/82/1
f 287/81/1 302/96/1 303/97/1
f 303/97/1 304/98/1 286/80/1
f 289/83/1 302/96/1 288/82/1
f 285/79/1 286/80/1 305/99/1
f 305/99/1 286/80/1 304/98/1
f 285/79/1 305/99/1 306/100/1
f 306/100/1 284/78/1 285/79/1
f 284/78/1 306/100/1 307/101/1
f 283/77/1 284/78/1 307/101/1
f 293/87/1 294/88/1 296/90/1
f 296/90/1 294/88/1 295/89/1
f 293/87/1 296/90/1 297/91/1
f 293/87/1 298/92/1 292/86/1
f 298/92/1 293/87/1 297/91/1
f 292/86/1 298/92/1 299/93/1
f 302/96/1 289/83/1 301/95/1
f 301/95/1 289/83/1 290/84/1
f 299/93/1 291/85/1 292/86/1
f 291/85/1 299/93/1 300/94/1
f 300/94/1 290/84/1 291/85/1
f 290/84/1 300/94/1 301/95/1
f 307/101/1 282/76/1 283/77/1
f 281/75/1 282/76/1 309/103/1
f 308/102/1 282/76/1 307/101/1
f 309/103/1 282/76/1 308/102/1
f 279/73/1 280/74/1 311/105/1
f 309/103/1 280/74/1 281/75/1
f 310/104/1 280/74/1 309/103/1
f 310/104/1 311/105/1 280/74/1
f 259/53/1 330/124/1 331/125/1
f 329/123/1 330/124/1 261/55/1
f 279/73/1 311/105/1 278/72/1
f 278/72/1 311/105/1 312/106/1
f 312/106/1 277/71/1 278/72/1
f 260/54/1 330/124/1 259/53/1
f 261/55/1 330/124/1 260/54/1
f 261/55/1 262/56/1 329/123/1
f 265/59/1 324/118/1 325/119/1
f 346/140/1 245/39/1 345/139/1
f 258/52/1 332/126/1 257/51/1
f 333/127/1 257/51/1 332/126/1
f 341/135/1 342/136/1 249/43/1
f 346/140/1 244/38/1 245/39/1
f 258/52/1 259/53/1 331/125/1
f 332/126/1 258/52/1 331/125/1
f 346/140/1 347/141/1 244/38/1
f 276/70/1 277/71/1 313/107/1
f 313/107/1 277/71/1 312/106/1
f 276/70/1 313/107/1 314/108/1
f 276/70/1 315/109/1 275/69/1
f 315/109/1 276/70/1 314/108/1
f 275/69/1 315/109/1 316/110/1
f 269/63/1 320/114/1 321/115/1
f 324/118/1 266/60/1 323/117/1
f 322/116/1 269/63/1 321/115/1
f 270/64/1 319/113/1 320/114/1
f 269/63/1 270/64/1 320/114/1
f 265/59/1 266/60/1 324/118/1
f 275/69/1 316/110/1 274/68/1
f 318/112/1 319/113/1 272/66/1
f 317/111/1 318/112/1 272/66/1
f 317/111/1 273/67/1 274/68/1
f 273/67/1 317/111/1 272/66/1
f 319/113/1 271/65/1 272/66/1
f 317/111/1 274/68/1 316/110/1
f 267/61/1 322/116/1 323/117/1
f 264/58/1 265/59/1 326/120/1
f 319/113/1 270/64/1 271/65/1
f 267/61/1 323/117/1 266/60/1
f 268/62/1 322/116/1 267/61/1
f 326/120/1 327/121/1 264/58/1
f 322/116/1 268/62/1 269/63/1
f 325/119/1 326/120/1 265/59/1
f 328/122/1 329/123/1 262/56/1
f 333/127/1 334/128/1 256/50/1
f 257/51/1 333/127/1 256/50/1
f 334/128/1 335/129/1 256/50/1
f 328/122/1 262/56/1 327/121/1
f 341/135/1 249/43/1 340/134/1
f 245/39/1 344/138/1 345/139/1
f 342/136/1 248/42/1 249/43/1
f 252/46/1 338/132/1 339/133/1
f 337/131/1 252/46/1 253/47/1
f 248/42/1 342/136/1 343/137/1
f 253/47/1 336/130/1 337/131/1
f 252/46/1 337/131/1 338/132/1
f 247/41/1 248/42/1 343/137/1
f 327/121/1 262/56/1 263/57/1
f 256/50/1 335/129/1 255/49/1
f 255/49/1 335/129/1 336/130/1
f 254/48/1 255/49/1 336/130/1
f 253/47/1 254/48/1 336/130/1
f 327/121/1 263/57/1 264/58/1
f 252/46/1 339/133/1 251/45/1
f 339/133/1 340/134/1 250/44/1
f 251/45/1 339/133/1 250/44/1
f 246/40/1 247/41/1 344/138/1
f 249/43/1 250/44/1 340/134/1
f 344/138/1 245/39/1 246/40/1
f 247/41/1 343/137/1 344/138/1
f 364/158/1 227/21/1 363/157/1
f 365/159/1 225/19/1 364/158/1
f 347/141/1 348/142/1 242/36/1
f 396/190/1 397/191/1 399/193/1
f 399/193/1 397/191/1 398/192/1
f 396/190/1 399/193/1 400/194/1
f 400/194/1 395/189/1 396/190/1
f 395/189/1 400/194/1 401/195/1
f 395/189/1 401/195/1 402/196/1
f 242/36/1 348/142/1 241/35/1
f 229/23/1 361/155/1 362/156/1
f 347/141/1 242/36/1 243/37/1
f 356/150/1 357/151/1 233/27/1
f 364/158/1 225/19/1 226/20/1
f 227/21/1 364/158/1 226/20/1
f 365/159/1 224/18/1 225/19/1
f 228/22/1 362/156/1 363/157/1
f 367/161/1 223/17/1 366/160/1
f 224/18/1 366/160/1 223/17/1
f 228/22/1 229/23/1 362/156/1
f 228/22/1 363/157/1 227/21/1
f 224/18/1 365/159/1 366/160/1
f 347/141/1 243/37/1 244/38/1
f 392/186/1 404/198/1 405/199/1
f 390/184/1 405/199/1 406/200/1
f 391/185/1 392/186/1 405/199/1
f 390/184/1 391/185/1 405/199/1
f 406/200/1 407/201/1 390/184/1
f 404/198/1 392/186/1 403/197/1
f 389/183/1 407/201/1 408/202/1
f 407/201/1 389/183/1 390/184/1
f 389/183/1 408/202/1 388/182/1
f 387/181/1 388/182/1 409/203/1
f 387/181/1 409/203/1 386/180/1
f 388/182/1 408/202/1 409/203/1
f 410/204/1 386/180/1 409/203/1
f 392/186/1 393/187/1 403/197/1
f 403/197/1 393/187/1 394/188/1
f 403/197/1 394/188/1 402/196/1
f 402/196/1 394/188/1 395/189/1
f 410/204/1 385/179/1 386/180/1
f 384/178/1 411/205/1 412/206/1
f 411/205/1 384/178/1 385/179/1
f 384/178/1 412/206/1 207/1/1
f 382/176/1 383/177/1 207/1/1
f 207/1/1 208/2/1 382/176/1
f 383/177/1 384/178/1 207/1/1
f 410/204/1 411/205/1 385/179/1
f 209/3/1 382/176/1 208/2/1
f 352/146/1 353/147/1 238/32/1
f 241/35/1 349/143/1 350/144/1
f 237/31/1 238/32/1 353/147/1
f 238/32/1 351/145/1 352/146/1
f 234/28/1 355/149/1 356/150/1
f 349/143/1 241/35/1 348/142/1
f 360/154/1 361/155/1 230/24/1
f 230/24/1 359/153/1 360/154/1
f 233/27/1 357/151/1 358/152/1
f 222/16/1 368/162/1 369/163/1
f 222/16/1 223/17/1 367/161/1
f 368/162/1 222/16/1 367/161/1
f 233/27/1 234/28/1 356/150/1
f 229/23/1 230/24/1 361/155/1
f 238/32/1 239/33/1 351/145/1
f 350/144/1 351/145/1 239/33/1
f 350/144/1 239/33/1 240/34/1
f 237/31/1 354/148/1 236/30/1
f 350/144/1 240/34/1 241/35/1
f 235/29/1 354/148/1 355/149/1
f 354/148/1 237/31/1 353/147/1
f 355/149/1 234/28/1 235/29/1
f 231/25/1 232/26/1 358/152/1
f 231/25/1 359/153/1 230/24/1
f 359/153/1 231/25/1 358/152/1
f 232/26/1 233/27/1 358/152/1
f 354/148/1 235/29/1 236/30/1
f 218/12/1 372/166/1 373/167/1
f 371/165/1 372/166/1 219/13/1
f 372/166/1 218/12/1 219/13/1
f 215/9/1 374/168/1 375/169/1
f 375/169/1 376/170/1 215/9/1
f 371/165/1 219/13/1 370/164/1
f 376/170/1 377/171/1 214/8/1
f 376/170/1 214/8/1 215/9/1
f 379/173/1 380/174/1 210/4/1
f 210/4/1 380/174/1 381/175/1
f 381/175/1 209/3/1 210/4/1
f 379/173/1 210/4/1 211/5/1
f 381/175/1 382/176/1 209/3/1
f 220/14/1 369/163/1 370/164/1
f 373/167/1 217/11/1 218/12/1
f 370/164/1 219/13/1 220/14/1
f 220/14/1 221/15/1 369/163/1
f 373/167/1 374/168/1 217/11/1
f 369/163/1 221/15/1 222/16/1
f 374/168/1 215/9/1 216/10/1
f 212/6/1 377/171/1 378/172/1
f 212/6/1 213/7/1 377/171/1
f 211/5/1 212/6/1 378/172/1
f 378/172/1 379/173/1 211/5/1
f 374/168/1 216/10/1 217/11/1
f 377/171/1 213/7/1 214/8/1
f 97/303/2 81/287/2 80/286/2
f 81/287/2 96/302/2 82/288/2
f 96/302/2 81/287/2 97/303/2
f 98/304/2 97/303/2 80/286/2
f 96/302/2 83/289/2 82/288/2
f 80/286/2 79/285/2 99/305/2
f 80/286/2 99/305/2 98/304/2
f 99/305/2 79/285/2 100/306/2
f 78/284/2 100/306/2 79/285/2
f 100/306/2 78/284/2 101/307/2
f 78/284/2 77/283/2 101/307/2
f 88/294/2 87/293/2 90/296/2
f 88/294/2 90/296/2 89/295/2
f 90/296/2 87/293/2 91/297/2
f 92/298/2 87/293/2 86/292/2
f 87/293/2 92/298/2 91/297/2
f 92/298/2 86/292/2 93/299/2
f 83/289/2 96/302/2 95/301/2
f 83/289/2 95/301/2 84/290/2
f 85/291/2 93/299/2 86/292/2
f 93/299/2 85/291/2 94/300/2
f 84/290/2 94/300/2 85/291/2
f 94/300/2 84/290/2 95/301/2
f 76/282/2 101/307/2 77/283/2
f 76/282/2 75/281/2 103/309/2
f 76/282/2 102/308/2 101/307/2
f 76/282/2 103/309/2 102/308/2
f 74/280/2 73/279/2 105/311/2
f 74/280/2 103/309/2 75/281/2
f 74/280/2 104/310/2 103/309/2
f 105/311/2 104/310/2 74/280/2
f 124/330/2 53/259/2 125/331/2
f 124/330/2 123/329/2 55/261/2
f 105/311/2 73/279/2 72/278/2
f 105/311/2 72/278/2 106/312/2
f 71/277/2 106/312/2 72/278/2
f 124/330/2 54/260/2 53/259/2
f 124/330/2 55/261/2 54/260/2
f 56/262/2 55/261/2 123/329/2
f 118/324/2 59/265/2 119/325/2
f 39/245/2 140/346/2 139/345/2
f 126/332/2 52/258/2 51/257/2
f 51/257/2 127/333/2 126/332/2
f 136/342/2 135/341/2 43/249/2
f 38/244/2 140/346/2 39/245/2
f 53/259/2 52/258/2 125/331/2
f 52/258/2 126/332/2 125/331/2
f 141/347/2 140/346/2 38/244/2
f 71/277/2 70/276/2 107/313/2
f 71/277/2 107/313/2 106/312/2
f 107/313/2 70/276/2 108/314/2
f 109/315/2 70/276/2 69/275/2
f 70/276/2 109/315/2 108/314/2
f 109/315/2 69/275/2 110/316/2
f 114/320/2 63/269/2 115/321/2
f 60/266/2 118/324/2 117/323/2
f 63/269/2 116/322/2 115/321/2
f 113/319/2 64/270/2 114/320/2
f 64/270/2 63/269/2 114/320/2
f 60/266/2 59/265/2 118/324/2
f 110/316/2 69/275/2 68/274/2
f 113/319/2 112/318/2 66/272/2
f 112/318/2 111/317/2 66/272/2
f 67/273/2 111/317/2 68/274/2
f 111/317/2 67/273/2 66/272/2
f 65/271/2 113/319/2 66/272/2
f 68/274/2 111/317/2 110/316/2
f 116/322/2 61/267/2 117/323/2
f 59/265/2 58/264/2 120/326/2
f 64/270/2 113/319/2 65/271/2
f 117/323/2 61/267/2 60/266/2
f 116/322/2 62/268/2 61/267/2
f 121/327/2 120/326/2 58/264/2
f 62/268/2 116/322/2 63/269/2
f 120/326/2 119/325/2 59/265/2
f 123/329/2 122/328/2 56/262/2
f 128/334/2 127/333/2 50/256/2
f 127/333/2 51/257/2 50/256/2
f 129/335/2 128/334/2 50/256/2
f 56/262/2 122/328/2 121/327/2
f 43/249/2 135/341/2 134/340/2
f 138/344/2 39/245/2 139/345/2
f 42/248/2 136/342/2 43/249/2
f 132/338/2 46/252/2 133/339/2
f 46/252/2 131/337/2 47/253/2
f 136/342/2 42/248/2 137/343/2
f 130/336/2 47/253/2 131/337/2
f 131/337/2 46/252/2 132/338/2
f 42/248/2 41/247/2 137/343/2
f 56/262/2 121/327/2 57/263/2
f 129/335/2 50/256/2 49/255/2
f 129/335/2 49/255/2 130/336/2
f 49/255/2 48/254/2 130/336/2
f 48/254/2 47/253/2 130/336/2
f 57/263/2 121/327/2 58/264/2
f 133/339/2 46/252/2 45/251/2
f 134/340/2 133/339/2 44/250/2
f 133/339/2 45/251/2 44/250/2
f 41/247/2 40/246/2 138/344/2
f 44/250/2 43/249/2 134/340/2
f 39/245/2 138/344/2 40/246/2
f 137/343/2 41/247/2 138/344/2
f 21/227/2 158/364/2 157/363/2
f 19/225/2 159/365/2 158/364/2
f 142/348/2 141/347/2 36/242/2
f 191/397/2 190/396/2 193/399/2
f 191/397/2 193/399/2 192/398/2
f 193/399/2 190/396/2 194/400/2
f 189/395/2 194/400/2 190/396/2
f 194/400/2 189/395/2 195/401/2
f 195/401/2 189/395/2 196/402/2
f 142/348/2 36/242/2 35/241/2
f 155/361/2 23/229/2 156/362/2
f 36/242/2 141/347/2 37/243/2
f 151/357/2 150/356/2 27/233/2
f 19/225/2 158/364/2 20/226/2
f 158/364/2 21/227/2 20/226/2
f 18/224/2 159/365/2 19/225/2
f 156/362/2 22/228/2 157/363/2
f 17/223/2 161/367/2 160/366/2
f 160/366/2 18/224/2 17/223/2
f 23/229/2 22/228/2 156/362/2
f 157/363/2 22/228/2 21/227/2
f 159/365/2 18/224/2 160/366/2
f 37/243/2 141/347/2 38/244/2
f 198/404/2 186/392/2 199/405/2
f 199/405/2 184/390/2 200/406/2
f 186/392/2 185/391/2 199/405/2
f 185/391/2 184/390/2 199/405/2
f 201/407/2 200/406/2 184/390/2
f 186/392/2 198/404/2 197/403/2
f 201/407/2 183/389/2 202/408/2
f 183/389/2 201/407/2 184/390/2
f 202/408/2 183/389/2 182/388/2
f 182/388/2 181/387/2 203/409/2
f 203/409/2 181/387/2 180/386/2
f 202/408/2 182/388/2 203/409/2
f 180/386/2 204/410/2 203/409/2
f 187/393/2 186/392/2 197/403/2
f 187/393/2 197/403/2 188/394/2
f 188/394/2 197/403/2 196/402/2
f 188/394/2 196/402/2 189/395/2
f 179/385/2 204/410/2 180/386/2
f 205/411/2 178/384/2 206/412/2
f 178/384/2 205/411/2 179/385/2
f 206/412/2 178/384/2 1/207/2
f 177/383/2 176/382/2 1/207/2
f 2/208/2 1/207/2 176/382/2
f 178/384/2 177/383/2 1/207/2
f 205/411/2 204/410/2 179/385/2
f 176/382/2 3/209/2 2/208/2
f 147/353/2 146/352/2 32/238/2
f 143/349/2 35/241/2 144/350/2
f 32/238/2 31/237/2 147/353/2
f 145/351/2 32/238/2 146/352/2
f 149/355/2 28/234/2 150/356/2
f 35/241/2 143/349/2 142/348/2
f 155/361/2 154/360/2 24/230/2
f 153/359/2 24/230/2 154/360/2
f 151/357/2 27/233/2 152/358/2
f 162/368/2 16/222/2 163/369/2
f 17/223/2 16/222/2 161/367/2
f 16/222/2 162/368/2 161/367/2
f 28/234/2 27/233/2 150/356/2
f 24/230/2 23/229/2 155/361/2
f 33/239/2 32/238/2 145/351/2
f 145/351/2 144/350/2 33/239/2
f 33/239/2 144/350/2 34/240/2
f 148/354/2 31/237/2 30/236/2
f 34/240/2 144/350/2 35/241/2
f 148/354/2 29/235/2 149/355/2
f 31/237/2 148/354/2 147/353/2
f 28/234/2 149/355/2 29/235/2
f 26/232/2 25/231/2 152/358/2
f 153/359/2 25/231/2 24/230/2
f 25/231/2 153/359/2 152/358/2
f 27/233/2 26/232/2 152/358/2
f 29/235/2 148/354/2 30/236/2
f 166/372/2 12/218/2 167/373/2
f 166/372/2 165/371/2 13/219/2
f 12/218/2 166/372/2 13/219/2
f 168/374/2 9/215/2 169/375/2
f 170/376/2 169/375/2 9/215/2
f 13/219/2 165/371/2 164/370/2
f 171/377/2 170/376/2 8/214/2
f 8/214/2 170/376/2 9/215/2
f 174/380/2 173/379/2 4/210/2
f 174/380/2 4/210/2 175/381/2
f 3/209/2 175/381/2 4/210/2
f 4/210/2 173/379/2 5/211/2
f 176/382/2 175/381/2 3/209/2
f 163/369/2 14/220/2 164/370/2
f 11/217/2 167/373/2 12/218/2
f 13/219/2 164/370/2 14/220/2
f 15/221/2 14/220/2 163/369/2
f 168/374/2 167/373/2 11/217/2
f 15/221/2 163/369/2 16/222/2
f 9/215/2 168/374/2 10/216/2
f 171/377/2 6/212/2 172/378/2
f 7/213/2 6/212/2 171/377/2
f 6/212/2 5/211/2 172/378/2
f 173/379/2 172/378/2 5/211/2
f 10/216/2 168/374/2 11/217/2
f 7/213/2 171/377/2 8/214/2
f 413/983/3 1/413/4 2/414/5
f 413/983/3 2/414/5 208/699/6
f 413/983/3 208/699/6 207/698/7
f 413/983/3 207/698/7 1/413/4
f 414/984/8 2/414/5 3/415/9
f 414/984/8 3/415/9 209/700/10
f 414/984/8 209/700/10 208/699/6
f 414/984/8 208/699/6 2/414/5
f 415/985/11 3/415/9 4/416/12
f 415/985/11 4/416/12 210/701/13
f 415/985/11 210/701/13 209/700/10
f 415/985/11 209/700/10 3/415/9
f 416/986/14 4/416/12 5/417/15
f 416/986/14 5/417/15 211/702/16
f 416/986/14 211/702/16 210/701/13
f 416/986/14 210/701/13 4/416/12
f 417/987/17 5/417/15 6/418/18
f 417/987/17 6/418/18 212/703/19
f 417/987/17 212/703/19 211/702/16
f 417/987/17 211/702/16 5/417/15
f 418/988/20 6/418/18 7/419/21
f 418/988/20 7/419/21 213/704/22
f 418/988/20 213/704/22 212/703/19
f 418/988/20 212/703/19 6/418/18
f 419/989/23 7/420/24 8/421/25
f 419/989/23 8/421/25 214/706/26
f 419/989/23 214/706/26 213/705/27
f 419/989/23 213/705/27 7/420/24
f 420/990/28 8/422/29 9/423/30
f 420/990/28 9/423/30 215/708/31
f 420/990/28 215/708/31 214/707/32
f 420/990/28 214/707/32 8/422/29
f 421/991/33 9/424/34 10/425/35
f 421/991/33 10/425/35 216/710/36
f 421/991/33 216/710/36 215/709/37
f 421/991/33 215/709/37 9/424/34
f 422/992/38 10/426/39 11/427/40
f 422/992/38 11/427/40 217/712/41
f 422/992/38 217/712/41 216/711/42
f 422/992/38 216/711/42 10/426/39
f 423/993/43 11/428/44 12/429/45
f 423/993/43 12/429/45 218/714/46
f 423/993/43 218/714/46 217/713/47
f 423/993/43 217/713/47 11/428/44
f 424/994/48 12/430/49 13/431/50
f 424/994/48 13/431/50 219/716/51
f 424/994/48 219/716/51 218/715/52
f 424/994/48 218/715/52 12/430/49
f 425/995/53 13/432/54 14/433/55
f 425/995/53 14/433/55 220/718/56
f 425/995/53 220/718/56 219/717/57
f 425/995/53 219/717/57 13/432/54
f 426/996/58 14/434/59 15/435/60
f 426/996/58 15/435/60 221/720/61
f 426/996/58 221/720/61 220/719/62
f 426/996/58 220/719/62 14/434/59
f 427/997/63 15/436/64 16/437/65
f 427/997/63 16/437/65 222/722/66
f 427/997/63 222/722/66 221/721/67
f 427/997/63 221/721/67 15/436/64
f 428/998/68 16/437/65 17/438/69
f 428/998/68 17/438/69 223/723/70
f 428/998/68 223/723/70 222/722/66
f 428/998/68 222/722/66 16/437/65
f 429/999/71 17/438/69 18/439/72
f 429/999/71 18/439/72 224/724/73
f 429/999/71 224/724/73 223/723/70
f 429/999/71 223/723/70 17/438/69
f 430/1000/74 18/439/72 19/440/75
f 430/1000/74 19/440/75 225/725/76
f 430/1000/74 225/725/76 224/724/73
f 430/1000/74 224/724/73 18/439/72
f 431/1001/77 19/440/75 20/441/78
f 431/1001/77 20/441/78 226/726/79
f 431/1001/77 226/726/79 225/725/76
f 431/1001/77 225/725/76 19/440/75
f 432/1002/80 20/441/78 21/442/81
f 432/1002/80 21/442/81 227/727/82
f 432/1002/80 227/727/82 226/726/79
f 432/1002/80 226/726/79 20/441/78
f 433/1003/83 21/442/81 22/443/84
f 433/1003/83 22/443/84 228/728/85
f 433/1003/83 228/728/85 227/727/82
f 433/1003/83 227/727/82 21/442/81
f 434/1004/86 22/443/84 23/444/87
f 434/1004/86 23/444/87 229/729/88
f 434/1004/86 229/729/88 228/728/85
f 434/1004/86 228/728/85 22/443/84
f 435/1005/89 23/444/87 24/445/90
f 435/1005/89 24/445/90 230/730/91
f 435/1005/89 230/730/91 229/729/88
f 435/1005/89 229/729/88 23/444/87
f 436/1006/92 24/445/90 25/446/93
f 436/1006/92 25/446/93 231/731/94
f 436/1006/92 231/731/94 230/730/91
f 436/1006/92 230/730/91 24/445/90
f 437/1007/95 25/447/96 26/448/97
f 437/1007/95 26/448/97 232/733/98
f 437/1007/95 232/733/98 231/732/99
f 437/1007/95 231/732/99 25/447/96
f 438/1008/100 26/449/101 27/450/102
f 438/1008/100 27/450/102 233/735/103
f 438/1008/100 233/735/103 232/734/104
f 438/1008/100 232/734/104 26/449/101
f 439/1009/105 27/451/106 28/452/107
f 439/1009/105 28/452/107 234/737/108
f 439/1009/105 234/737/108 233/736/109
f 439/1009/105 233/736/109 27/451/106
f 440/1010/110 28/453/111 29/454/112
f 440/1010/110 29/454/112 235/739/113
f 440/1010/110 235/739/113 234/738/114
f 440/1010/110 234/738/114 28/453/111
f 441/1011/115 29/455/116 30/456/117
f 441/1011/115 30/456/117 236/741/118
f 441/1011/115 236/741/118 235/740/119
f 441/1011/115 235/740/119 29/455/116
f 442/1012/120 30/457/121 31/458/122
f 442/1012/120 31/458/122 237/743/123
f 442/1012/120 237/743/123 236/742/124
f 442/1012/120 236/742/124 30/457/121
f 443/1013/125 31/459/126 32/460/127
f 443/1013/125 32/460/127 238/745/128
f 443/1013/125 238/745/128 237/744/129
f 443/1013/125 237/744/129 31/459/126
f 444/1014/130 32/461/131 33/462/132
f 444/1014/130 33/462/132 239/747/133
f 444/1014/130 239/747/133 238/746/134
f 444/1014/130 238/746/134 32/461/131
f 445/1015/135 33/463/136 34/464/137
f 445/1015/135 34/464/137 240/749/138
f 445/1015/135 240/749/138 239/748/139
f 445/1015/135 239/748/139 33/463/136
f 446/1016/140 34/465/141 35/466/142
f 446/1016/140 35/466/142 241/751/143
f 446/1016/140 241/751/143 240/750/144
f 446/1016/140 240/750/144 34/465/141
f 447/1017/145 35/466/142 36/467/146
f 447/1017/145 36/467/146 242/752/147
f 447/1017/145 242/752/147 241/751/143
f 447/1017/145 241/751/143 35/466/142
f 448/1018/148 36/467/146 37/468/149
f 448/1018/148 37/468/149 243/753/150
f 448/1018/148 243/753/150 242/752/147
f 448/1018/148 242/752/147 36/467/146
f 449/1019/151 37/468/149 38/469/152
f 449/1019/151 38/469/152 244/754/153
f 449/1019/151 244/754/153 243/753/150
f 449/1019/151 243/753/150 37/468/149
f 450/1020/154 38/469/152 39/470/155
f 450/1020/154 39/470/155 245/755/156
f 450/1020/154 245/755/156 244/754/153
f 450/1020/154 244/754/153 38/469/152
f 451/1021/157 39/470/155 40/471/158
f 451/1021/157 40/471/158 246/756/159
f 451/1021/157 246/756/159 245/755/156
f 451/1021/157 245/755/156 39/470/155
f 452/1022/160 40/472/161 41/473/162
f 452/1022/160 41/473/162 247/758/163
f 452/1022/160 247/758/163 246/757/164
f 452/1022/160 246/757/164 40/472/161
f 453/1023/165 41/474/166 42/475/167
f 453/1023/165 42/475/167 248/760/168
f 453/1023/165 248/760/168 247/759/169
f 453/1023/165 247/759/169 41/474/166
f 454/1024/170 42/476/171 43/477/172
f 454/1024/170 43/477/172 249/762/173
f 454/1024/170 249/762/173 248/761/174
f 454/1024/170 248/761/174 42/476/171
f 455/1025/175 43/478/176 44/479/177
f 455/1025/175 44/479/177 250/764/178
f 455/1025/175 250/764/178 249/763/179
f 455/1025/175 249/763/179 43/478/176
f 456/1026/180 44/480/181 45/481/182
f 456/1026/180 45/481/182 251/766/183
f 456/1026/180 251/766/183 250/765/184
f 456/1026/180 250/765/184 44/480/181
f 457/1027/185 45/482/186 46/483/187
f 457/1027/185 46/483/187 252/768/188
f 457/1027/185 252/768/188 251/767/189
f 457/1027/185 251/767/189 45/482/186
f 458/1028/190 46/484/191 47/485/192
f 458/1028/190 47/485/192 253/770/193
f 458/1028/190 253/770/193 252/769/194
f 458/1028/190 252/769/194 46/484/191
f 459/1029/195 47/486/196 48/487/197
f 459/1029/195 48/487/197 254/772/198
f 459/1029/195 254/772/198 253/771/199
f 459/1029/195 253/771/199 47/486/196
f 460/1030/200 48/488/201 49/489/202
f 460/1030/200 49/489/202 255/774/203
f 460/1030/200 255/774/203 254/773/204
f 460/1030/200 254/773/204 48/488/201
f 461/1031/205 49/490/206 50/491/207
f 461/1031/205 50/491/207 256/776/208
f 461/1031/205 256/776/208 255/775/209
f 461/1031/205 255/775/209 49/490/206
f 462/1032/210 50/491/207 51/492/211
f 462/1032/210 51/492/211 257/777/212
f 462/1032/210 257/777/212 256/776/208
f 462/1032/210 256/776/208 50/491/207
f 463/1033/213 51/492/211 52/493/214
f 463/1033/213 52/493/214 258/778/215
f 463/1033/213 258/778/215 257/777/212
f 463/1033/213 257/777/212 51/492/211
f 464/1034/216 52/493/214 53/494/217
f 464/1034/216 53/494/217 259/779/218
f 464/1034/216 259/779/218 258/778/215
f 464/1034/216 258/778/215 52/493/214
f 465/1035/219 53/494/217 54/495/220
f 465/1035/219 54/495/220 260/780/221
f 465/1035/219 260/780/221 259/779/218
f 465/1035/219 259/779/218 53/494/217
f 466/1036/222 54/495/220 55/496/223
f 466/1036/222 55/496/223 261/781/224
f 466/1036/222 261/781/224 260/780/221
f 466/1036/222 260/780/221 54/495/220
f 467/1037/225 55/496/223 56/497/226
f 467/1037/225 56/497/226 262/782/227
f 467/1037/225 262/782/227 261/781/224
f 467/1037/225 261/781/224 55/496/223
f 468/1038/228 56/497/226 57/498/229
f 468/1038/228 57/498/229 263/783/230
f 468/1038/228 263/783/230 262/782/227
f 468/1038/228 262/782/227 56/497/226
f 469/1039/231 57/499/232 58/500/233
f 469/1039/231 58/500/233 264/785/234
f 469/1039/231 264/785/234 263/784/235
f 469/1039/231 263/784/235 57/499/232
f 470/1040/236 58/501/237 59/502/238
f 470/1040/236 59/502/238 265/787/239
f 470/1040/236 265/787/239 264/786/240
f 470/1040/236 264/786/240 58/501/237
f 471/1041/241 59/503/242 60/504/243
f 471/1041/241 60/504/243 266/789/244
f 471/1041/241 266/789/244 265/788/245
f 471/1041/241 265/788/245 59/503/242
f 472/1042/246 60/505/247 61/506/248
f 472/1042/246 61/506/248 267/791/249
f 472/1042/246 267/791/249 266/790/250
f 472/1042/246 266/790/250 60/505/247
f 473/1043/251 61/507/252 62/508/253
f 473/1043/251 62/508/253 268/793/254
f 473/1043/251 268/793/254 267/792/255
f 473/1043/251 267/792/255 61/507/252
f 474/1044/256 62/509/257 63/510/258
f 474/1044/256 63/510/258 269/795/259
f 474/1044/256 269/795/259 268/794/260
f 474/1044/256 268/794/260 62/509/257
f 475/1045/261 63/511/262 64/512/263
f 475/1045/261 64/512/263 270/797/264
f 475/1045/261 270/797/264 269/796/265
f 475/1045/261 269/796/265 63/511/262
f 476/1046/266 64/513/267 65/514/268
f 476/1046/266 65/514/268 271/799/269
f 476/1046/266 271/799/269 270/798/270
f 476/1046/266 270/798/270 64/513/267
f 477/1047/271 65/515/272 66/516/273
f 477/1047/271 66/516/273 272/801/274
f 477/1047/271 272/801/274 271/800/275
f 477/1047/271 271/800/275 65/515/272
f 478/1048/276 66/516/273 67/517/277
f 478/1048/276 67/517/277 273/802/278
f 478/1048/276 273/802/278 272/801/274
f 478/1048/276 272/801/274 66/516/273
f 479/1049/279 67/517/277 68/518/280
f 479/1049/279 68/518/280 274/803/281
f 479/1049/279 274/803/281 273/802/278
f 479/1049/279 273/802/278 67/517/277
f 480/1050/282 68/518/280 69/519/283
f 480/1050/282 69/519/283 275/804/284
f 480/1050/282 275/804/284 274/803/281
f 480/1050/282 274/803/281 68/518/280
f 481/1051/285 69/519/283 70/520/286
f 481/1051/285 70/520/286 276/805/287
f 481/1051/285 276/805/287 275/804/284
f 481/1051/285 275/804/284 69/519/283
f 482/1052/288 70/520/286 71/521/289
f 482/1052/288 71/521/289 277/806/290
f 482/1052/288 277/806/290 276/805/287
f 482/1052/288 276/805/287 70/520/286
f 483/1053/291 71/521/289 72/522/292
f 483/1053/291 72/522/292 278/807/293
f 483/1053/291 278/807/293 277/806/290
f 483/1053/291 277/806/290 71/521/289
f 484/1054/294 72/522/292 73/523/295
f 484/1054/294 73/523/295 279/808/296
f 484/1054/294 279/808/296 278/807/293
f 484/1054/294 278/807/293 72/522/292
f 485/1055/297 73/523/295 74/524/298
f 485/1055/297 74/524/298 280/809/299
f 485/1055/297 280/809/299 279/808/296
f 485/1055/297 279/808/296 73/523/295
f 486/1056/300 74/524/298 75/525/301
f 486/1056/300 75/525/301 281/810/302
f 486/1056/300 281/810/302 280/809/299
f 486/1056/300 280/809/299 74/524/298
f 487/1057/303 75/525/301 76/526/304
f 487/1057/303 76/526/304 282/811/305
f 487/1057/303 282/811/305 281/810/302
f 487/1057/303 281/810/302 75/525/301
f 488/1058/306 76/526/304 77/527/307
f 488/1058/306 77/527/307 283/812/308
f 488/1058/306 283/812/308 282/811/305
f 488/1058/306 282/811/305 76/526/304
f 489/1059/309 77/527/307 78/528/310
f 489/1059/309 78/528/310 284/813/311
f 489/1059/309 284/813/311 283/812/308
f 489/1059/309 283/812/308 77/527/307
f 490/1060/312 78/528/310 79/529/313
f 490/1060/312 79/529/313 285/814/314
f 490/1060/312 285/814/314 284/813/311
f 490/1060/312 284/813/311 78/528/310
f 491/1061/315 79/529/313 80/530/316
f 491/1061/315 80/530/316 286/815/317
f 491/1061/315 286/815/317 285/814/314
f 491/1061/315 285/814/314 79/529/313
f 492/1062/318 80/530/316 81/531/319
f 492/1062/318 81/531/319 287/816/320
f 492/1062/318 287/816/320 286/815/317
f 492/1062/318 286/815/317 80/530/316
f 493/1063/321 81/531/319 82/532/322
f 493/1063/321 82/532/322 288/817/323
f 493/1063/321 288/817/323 287/816/320
f 493/1063/321 287/816/320 81/531/319
f 494/1064/324 82/532/322 83/533/325
f 494/1064/324 83/533/325 289/818/326
f 494/1064/324 289/818/326 288/817/323
f 494/1064/324 288/817/323 82/532/322
f 495/1065/327 83/533/325 84/534/328
f 495/1065/327 84/534/328 290/819/329
f 495/1065/327 290/819/329 289/818/326
f 495/1065/327 289/818/326 83/533/325
f 496/1066/330 84/534/328 85/535/331
f 496/1066/330 85/535/331 291/820/332
f 496/1066/330 291/820/332 290/819/329
f 496/1066/330 290/819/329 84/534/328
f 497/1067/333 85/535/331 86/536/334
f 497/1067/333 86/536/334 292/821/335
f 497/1067/333 292/821/335 291/820/332
f 497/1067/333 291/820/332 85/535/331
f 498/1068/336 86/536/334 87/537/337
f 498/1068/336 87/537/337 293/822/338
f 498/1068/336 293/822/338 292/821/335
f 498/1068/336 292/821/335 86/536/334
f 499/1069/339 87/537/337 88/538/340
f 499/1069/339 88/538/340 294/823/341
f 499/1069/339 294/823/341 293/822/338
f 499/1069/339 293/822/338 87/537/337
f 500/1070/342 88/538/340 89/539/343
f 500/1070/342 89/539/343 295/824/344
f 500/1070/342 295/824/344 294/823/341
f 500/1070/342 294/823/341 88/538/340
f 501/1071/345 89/540/346 90/541/347
f 501/1071/345 90/541/347 296/826/348
f 501/1071/345 296/826/348 295/825/349
f 501/1071/345 295/825/349 89/540/346
f 502/1072/350 90/541/347 91/542/351
f 502/1072/350 91/542/351 297/827/352
f 502/1072/350 297/827/352 296/826/348
f 502/1072/350 296/826/348 90/541/347
f 503/1073/353 91/542/351 92/543/354
f 503/1073/353 92/543/354 298/828/355
f 503/1073/353 298/828/355 297/827/352
f 503/1073/353 297/827/352 91/542/351
f 504/1074/356 92/543/354 93/544/357
f 504/1074/356 93/544/357 299/829/358
f 504/1074/356 299/829/358 298/828/355
f 504/1074/356 298/828/355 92/543/354
f 505/1075/359 93/544/357 94/545/360
f 505/1075/359 94/545/360 300/830/361
f 505/1075/359 300/830/361 299/829/358
f 505/1075/359 299/829/358 93/544/357
f 506/1076/362 94/545/360 95/546/363
f 506/1076/362 95/546/363 301/831/364
f 506/1076/362 301/831/364 300/830/361
f 506/1076/362 300/830/361 94/545/360
f 507/1077/365 95/546/363 96/547/366
f 507/1077/365 96/547/366 302/832/367
f 507/1077/365 302/832/367 301/831/364
f 507/1077/365 301/831/364 95/546/363
f 508/1078/368 96/547/366 97/548/369
f 508/1078/368 97/548/369 303/833/370
f 508/1078/368 303/833/370 302/832/367
f 508/1078/368 302/832/367 96/547/366
f 509/1079/371 97/548/369 98/549/372
f 509/1079/371 98/549/372 304/834/373
f 509/1079/371 304/834/373 303/833/370
f 509/1079/371 303/833/370 97/548/369
f 510/1080/374 98/549/372 99/550/375
f 510/1080/374 99/550/375 305/835/376
f 510/1080/374 305/835/376 304/834/373
f 510/1080/374 304/834/373 98/549/372
f 511/1081/377 99/550/375 100/551/378
f 511/1081/377 100/551/378 306/836/379
f 511/1081/377 306/836/379 305/835/376
f 511/1081/377 305/835/376 99/550/375
f 512/1082/380 100/551/378 101/552/381
f 512/1082/380 101/552/381 307/837/382
f 512/1082/380 307/837/382 306/836/379
f 512/1082/380 306/836/379 100/551/378
f 513/1083/383 101/552/381 102/553/384
f 513/1083/383 102/553/384 308/838/385
f 513/1083/383 308/838/385 307/837/382
f 513/1083/383 307/837/382 101/552/381
f 514/1084/386 102/553/384 103/554/387
f 514/1084/386 103/554/387 309/839/388
f 514/1084/386 309/839/388 308/838/385
f 514/1084/386 308/838/385 102/553/384
f 515/1085/389 103/554/387 104/555/390
f 515/1085/389 104/555/390 310/840/391
f 515/1085/389 310/840/391 309/839/388
f 515/1085/389 309/839/388 103/554/387
f 516/1086/392 104/555/390 105/556/393
f 516/1086/392 105/556/393 311/841/394
f 516/1086/392 311/841/394 310/840/391
f 516/1086/392 310/840/391 104/555/390
f 517/1087/395 105/556/393 106/557/396
f 517/1087/395 106/557/396 312/842/397
f 517/1087/395 312/842/397 311/841/394
f 517/1087/395 311/841/394 105/556/393
f 518/1088/398 106/557/396 107/558/399
f 518/1088/398 107/558/399 313/843/400
f 518/1088/398 313/843/400 312/842/397
f 518/1088/398 312/842/397 106/557/396
f 519/1089/401 107/558/399 108/559/402
f 519/1089/401 108/559/402 314/844/403
f 519/1089/401 314/844/403 313/843/400
f 519/1089/401 313/843/400 107/558/399
f 520/1090/404 108/559/402 109/560/405
f 520/1090/404 109/560/405 315/845/406
f 520/1090/404 315/845/406 314/844/403
f 520/1090/404 314/844/403 108/559/402
f 521/1091/407 109/560/405 110/561/408
f 521/1091/407 110/561/408 316/846/409
f 521/1091/407 316/846/409 315/845/406
f 521/1091/407 315/845/406 109/560/405
f 522/1092/410 110/561/408 111/562/411
f 522/1092/410 111/562/411 317/847/412
f 522/1092/410 317/847/412 316/846/409
f 522/1092/410 316/846/409 110/561/408
f 523/1093/413 111/562/411 112/563/414
f 523/1093/413 112/563/414 318/848/415
f 523/1093/413 318/848/415 317/847/412
f 523/1093/413 317/847/412 111/562/411
f 524/1094/416 112/563/414 113/564/417
f 524/1094/416 113/564/417 319/849/418
f 524/1094/416 319/849/418 318/848/415
f 524/1094/416 318/848/415 112/563/414
f 525/1095/419 113/565/420 114/566/421
f 525/1095/419 114/566/421 320/851/422
f 525/1095/419 320/851/422 319/850/423
f 525/1095/419 319/850/423 113/565/420
f 526/1096/424 114/567/425 115/568/426
f 526/1096/424 115/568/426 321/853/427
f 526/1096/424 321/853/427 320/852/428
f 526/1096/424 320/852/428 114/567/425
f 527/1097/429 115/569/430 116/570/431
f 527/1097/429 116/570/431 322/855/432
f 527/1097/429 322/855/432 321/854/433
f 527/1097/429 321/854/433 115/569/430
f 528/1098/434 116/571/435 117/572/436
f 528/1098/434 117/572/436 323/857/437
f 528/1098/434 323/857/437 322/856/438
f 528/1098/434 322/856/438 116/571/435
f 529/1099/439 117/573/440 118/574/441
f 529/1099/439 118/574/441 324/859/442
f 529/1099/439 324/859/442 323/858/443
f 529/1099/439 323/858/443 117/573/440
f 530/1100/444 118/575/445 119/576/446
f 530/1100/444 119/576/446 325/861/447
f 530/1100/444 325/861/447 324/860/448
f 530/1100/444 324/860/448 118/575/445
f 531/1101/449 119/577/450 120/578/451
f 531/1101/449 120/578/451 326/863/452
f 531/1101/449 326/863/452 325/862/453
f 531/1101/449 325/862/453 119/577/450
f 532/1102/454 120/579/455 121/580/456
f 532/1102/454 121/580/456 327/865/457
f 532/1102/454 327/865/457 326/864/458
f 532/1102/454 326/864/458 120/579/455
f 533/1103/459 121/581/460 122/582/461
f 533/1103/459 122/582/461 328/867/462
f 533/1103/459 328/867/462 327/866/463
f 533/1103/459 327/866/463 121/581/460
f 534/1104/464 122/582/461 123/583/465
f 534/1104/464 123/583/465 329/868/466
f 534/1104/464 329/868/466 328/867/462
f 534/1104/464 328/867/462 122/582/461
f 535/1105/467 123/583/465 124/584/468
f 535/1105/467 124/584/468 330/869/469
f 535/1105/467 330/869/469 329/868/466
f 535/1105/467 329/868/466 123/583/465
f 536/1106/470 124/584/468 125/585/471
f 536/1106/470 125/585/471 331/870/472
f 536/1106/470 331/870/472 330/869/469
f 536/1106/470 330/869/469 124/584/468
f 537/1107/473 125/585/471 126/586/474
f 537/1107/473 126/586/474 332/871/475
f 537/1107/473 332/871/475 331/870/472
f 537/1107/473 331/870/472 125/585/471
f 538/1108/476 126/586/474 127/587/477
f 538/1108/476 127/587/477 333/872/478
f 538/1108/476 333/872/478 332/871/475
f 538/1108/476 332/871/475 126/586/474
f 539/1109/479 127/587/477 128/588/480
f 539/1109/479 128/588/480 334/873/481
f 539/1109/479 334/873/481 333/872/478
f 539/1109/479 333/872/478 127/587/477
f 540/1110/482 128/588/480 129/589/483
f 540/1110/482 129/589/483 335/874/484
f 540/1110/482 335/874/484 334/873/481
f 540/1110/482 334/873/481 128/588/480
f 541/1111/485 129/590/486 130/591/487
f 541/1111/485 130/591/487 336/876/488
f 541/1111/485 336/876/488 335/875/489
f 541/1111/485 335/875/489 129/590/486
f 542/1112/490 130/592/491 131/593/492
f 542/1112/490 131/593/492 337/878/493
f 542/1112/490 337/878/493 336/877/494
f 542/1112/490 336/877/494 130/592/491
f 543/1113/495 131/594/496 132/595/497
f 543/1113/495 132/595/497 338/880/498
f 543/1113/495 338/880/498 337/879/499
f 543/1113/495 337/879/499 131/594/496
f 544/1114/500 132/596/501 133/597/502
f 544/1114/500 133/597/502 339/882/503
f 544/1114/500 339/882/503 338/881/504
f 544/1114/500 338/881/504 132/596/501
f 545/1115/505 133/598/506 134/599/507
f 545/1115/505 134/599/507 340/884/508
f 545/1115/505 340/884/508 339/883/509
f 545/1115/505 339/883/509 133/598/506
f 546/1116/510 134/600/511 135/601/512
f 546/1116/510 135/601/512 341/886/513
f 546/1116/510 341/886/513 340/885/514
f 546/1116/510 340/885/514 134/600/511
f 547/1117/515 135/602/516 136/603/517
f 547/1117/515 136/603/517 342/888/518
f 547/1117/515 342/888/518 341/887/519
f 547/1117/515 341/887/519 135/602/516
f 548/1118/520 136/604/521 137/605/522
f 548/1118/520 137/605/522 343/890/523
f 548/1118/520 343/890/523 342/889/524
f 548/1118/520 342/889/524 136/604/521
f 549/1119/525 137/606/526 138/607/527
f 549/1119/525 138/607/527 344/892/528
f 549/1119/525 344/892/528 343/891/529
f 549/1119/525 343/891/529 137/606/526
f 550/1120/530 138/608/531 139/609/532
f 550/1120/530 139/609/532 345/894/533
f 550/1120/530 345/894/533 344/893/534
f 550/1120/530 344/893/534 138/608/531
f 551/1121/535 139/609/532 140/610/536
f 551/1121/535 140/610/536 346/895/537
f 551/1121/535 346/895/537 345/894/533
f 551/1121/535 345/894/533 139/609/532
f 552/1122/538 140/610/536 141/611/539
f 552/1122/538 141/611/539 347/896/540
f 552/1122/538 347/896/540 346/895/537
f 552/1122/538 346/895/537 140/610/536
f 553/1123/541 141/611/539 142/612/542
f 553/1123/541 142/612/542 348/897/543
f 553/1123/541 348/897/543 347/896/540
f 553/1123/541 347/896/540 141/611/539
f 554/1124/544 142/612/542 143/613/545
f 554/1124/544 143/613/545 349/898/546
f 554/1124/544 349/898/546 348/897/543
f 554/1124/544 348/897/543 142/612/542
f 555/1125/547 143/613/545 144/614/548
f 555/1125/547 144/614/548 350/899/549
f 555/1125/547 350/899/549 349/898/546
f 555/1125/547 349/898/546 143/613/545
f 556/1126/550 144/615/551 145/616/552
f 556/1126/550 145/616/552 351/901/553
f 556/1126/550 351/901/553 350/900/554
f 556/1126/550 350/900/554 144/615/551
f 557/1127/555 145/617/556 146/618/557
f 557/1127/555 146/618/557 352/903/558
f 557/1127/555 352/903/558 351/902/559
f 557/1127/555 351/902/559 145/617/556
f 558/1128/560 146/619/561 147/620/562
f 558/1128/560 147/620/562 353/905/563
f 558/1128/560 353/905/563 352/904/564
f 558/1128/560 352/904/564 146/619/561
f 559/1129/565 147/621/566 148/622/567
f 559/1129/565 148/622/567 354/907/568
f 559/1129/565 354/907/568 353/906/569
f 559/1129/565 353/906/569 147/621/566
f 560/1130/570 148/623/571 149/624/572
f 560/1130/570 149/624/572 355/909/573
f 560/1130/570 355/909/573 354/908/574
f 560/1130/570 354/908/574 148/623/571
f 561/1131/575 149/625/576 150/626/577
f 561/1131/575 150/626/577 356/911/578
f 561/1131/575 356/911/578 355/910/579
f 561/1131/575 355/910/579 149/625/576
f 562/1132/580 150/627/581 151/628/582
f 562/1132/580 151/628/582 357/913/583
f 562/1132/580 357/913/583 356/912/584
f 562/1132/580 356/912/584 150/627/581
f 563/1133/585 151/629/586 152/630/587
f 563/1133/585 152/630/587 358/915/588
f 563/1133/585 358/915/588 357/914/589
f 563/1133/585 357/914/589 151/629/586
f 564/1134/590 152/631/591 153/632/592
f 564/1134/590 153/632/592 359/917/593
f 564/1134/590 359/917/593 358/916/594
f 564/1134/590 358/916/594 152/631/591
f 565/1135/595 153/633/596 154/634/597
f 565/1135/595 154/634/597 360/919/598
f 565/1135/595 360/919/598 359/918/599
f 565/1135/595 359/918/599 153/633/596
f 566/1136/600 154/634/597 155/635/601
f 566/1136/600 155/635/601 361/920/602
f 566/1136/600 361/920/602 360/919/598
f 566/1136/600 360/919/598 154/634/597
f 567/1137/603 155/635/601 156/636/604
f 567/1137/603 156/636/604 362/921/605
f 567/1137/603 362/921/605 361/920/602
f 567/1137/603 361/920/602 155/635/601
f 568/1138/606 156/636/604 157/637/607
f 568/1138/606 157/637/607 363/922/608
f 568/1138/606 363/922/608 362/921/605
f 568/1138/606 362/921/605 156/636/604
f 569/1139/609 157/637/607 158/638/610
f 569/1139/609 158/638/610 364/923/611
f 569/1139/609 364/923/611 363/922/608
f 569/1139/609 363/922/608 157/637/607
f 570/1140/612 158/638/610 159/639/613
f 570/1140/612 159/639/613 365/924/614
f 570/1140/612 365/924/614 364/923/611
f 570/1140/612 364/923/611 158/638/610
f 571/1141/615 159/639/613 160/640/616
f 571/1141/615 160/640/616 366/925/617
f 571/1141/615 366/925/617 365/924/614
f 571/1141/615 365/924/614 159/639/613
f 572/1142/618 160/640/616 161/641/619
f 572/1142/618 161/641/619 367/926/620
f 572/1142/618 367/926/620 366/925/617
f 572/1142/618 366/925/617 160/640/616
f 573/1143/621 161/641/619 162/642/622
f 573/1143/621 162/642/622 368/927/623
f 573/1143/621 368/927/623 367/926/620
f 573/1143/621 367/926/620 161/641/619
f 574/1144/624 162/642/622 163/643/625
f 574/1144/624 163/643/625 369/928/626
f 574/1144/624 369/928/626 368/927/623
f 574/1144/624 368/927/623 162/642/622
f 575/1145/627 163/644/628 164/645/629
f 575/1145/627 164/645/629 370/930/630
f 575/1145/627 370/930/630 369/929/631
f 575/1145/627 369/929/631 163/644/628
f 576/1146/632 164/646/633 165/647/634
f 576/1146/632 165/647/634 371/932/635
f 576/1146/632 371/932/635 370/931/636
f 576/1146/632 370/931/636 164/646/633
f 577/1147/637 165/648/638 166/649/639
f 577/1147/637 166/649/639 372/934/640
f 577/1147/637 372/934/640 371/933/641
f 577/1147/637 371/933/641 165/648/638
f 578/1148/642 166/650/643 167/651/644
f 578/1148/642 167/651/644 373/936/645
f 578/1148/642 373/936/645 372/935/646
f 578/1148/642 372/935/646 166/650/643
f 579/1149/647 167/652/648 168/653/649
f 579/1149/647 168/653/649 374/938/650
f 579/1149/647 374/938/650 373/937/651
f 579/1149/647 373/937/651 167/652/648
f 580/1150/652 168/654/653 169/655/654
f 580/1150/652 169/655/654 375/940/655
f 580/1150/652 375/940/655 374/939/656
f 580/1150/652 374/939/656 168/654/653
f 581/1151/657 169/656/658 170/657/659
f 581/1151/657 170/657/659 376/942/660
f 581/1151/657 376/942/660 375/941/661
f 581/1151/657 375/941/661 169/656/658
f 582/1152/662 170/658/663 171/659/664
f 582/1152/662 171/659/664 377/944/665
f 582/1152/662 377/944/665 376/943/666
f 582/1152/662 376/943/666 170/658/663
f 583/1153/667 171/660/668 172/661/669
f 583/1153/667 172/661/669 378/946/670
f 583/1153/667 378/946/670 377/945/671
f 583/1153/667 377/945/671 171/660/668
f 584/1154/672 172/661/669 173/662/673
f 584/1154/672 173/662/673 379/947/674
f 584/1154/672 379/947/674 378/946/670
f 584/1154/672 378/946/670 172/661/669
f 585/1155/675 173/662/673 174/663/676
f 585/1155/675 174/663/676 380/948/677
f 585/1155/675 380/948/677 379/947/674
f 585/1155/675 379/947/674 173/662/673
f 586/1156/678 174/663/676 175/664/679
f 586/1156/678 175/664/679 381/949/680
f 586/1156/678 381/949/680 380/948/677
f 586/1156/678 380/948/677 174/663/676
f 587/1157/681 175/664/679 176/665/682
f 587/1157/681 176/665/682 382/950/683
f 587/1157/681 382/950/683 381/949/680
f 587/1157/681 381/949/680 175/664/679
f 588/1158/684 176/665/682 177/666/685
f 588/1158/684 177/666/685 383/951/686
f 588/1158/684 383/951/686 382/950/683
f 588/1158/684 382/950/683 176/665/682
f 589/1159/687 177/666/685 178/667/688
f 589/1159/687 178/667/688 384/952/689
f 589/1159/687 384/952/689 383/951/686
f 589/1159/687 383/951/686 177/666/685
f 590/1160/690 178/667/688 179/668/691
f 590/1160/690 179/668/691 385/953/692
f 590/1160/690 385/953/692 384/952/689
f 590/1160/690 384/952/689 178/667/688
f 591/1161/693 179/668/691 180/669/694
f 591/1161/693 180/669/694 386/954/695
f 591/1161/693 386/954/695 385/953/692
f 591/1161/693 385/953/692 179/668/691
f 592/1162/696 180/669/694 181/670/697
f 592/1162/696 181/670/697 387/955/698
f 592/1162/696 387/955/698 386/954/695
f 592/1162/696 386/954/695 180/669/694
f 593/1163/699 181/670/697 182/671/700
f 593/1163/699 182/671/700 388/956/701
f 593/1163/699 388/956/701 387/955/698
f 593/1163/699 387/955/698 181/670/697
f 594/1164/702 182/671/700 183/672/703
f 594/1164/702 183/672/703 389/957/704
f 594/1164/702 389/957/704 388/956/701
f 594/1164/702 388/956/701 182/671/700
f 595/1165/705 183/672/703 184/673/706
f 595/1165/705 184/673/706 390/958/707
f 595/1165/705 390/958/707 389/957/704
f 595/1165/705 389/957/704 183/672/703
f 596/1166/708 184/673/706 185/674/709
f 596/1166/708 185/674/709 391/959/710
f 596/1166/708 391/959/710 390/958/707
f 596/1166/708 390/958/707 184/673/706
f 597/1167/711 185/674/709 186/675/712
f 597/1167/711 186/675/712 392/960/713
f 597/1167/711 392/960/713 391/959/710
f 597/1167/711 391/959/710 185/674/709
f 598/1168/714 186/675/712 187/676/715
f 598/1168/714 187/676/715 393/961/716
f 598/1168/714 393/961/716 392/960/713
f 598/1168/714 392/960/713 186/675/712
f 599/1169/717 187/676/715 188/677/718
f 599/1169/717 188/677/718 394/962/719
f 599/1169/717 394/962/719 393/961/716
f 599/1169/717 393/961/716 187/676/715
f 600/1170/720 188/677/718 189/678/721
f 600/1170/720 189/678/721 395/963/722
f 600/1170/720 395/963/722 394/962/719
f 600/1170/720 394/962/719 188/677/718
f 601/1171/723 189/678/721 190/679/724
f 601/1171/723 190/679/724 396/964/725
f 601/1171/723 396/964/725 395/963/722
f 601/1171/723 395/963/722 189/678/721
f 602/1172/726 190/679/724 191/680/727
f 602/1172/726 191/680/727 397/965/728
f 602/1172/726 397/965/728 396/964/725
f 602/1172/726 396/964/725 190/679/724
f 603/1173/729 191/680/727 192/681/730
f 603/1173/729 192/681/730 398/966/731
f 603/1173/729 398/966/731 397/965/728
f 603/1173/729 397/965/728 191/680/727
f 604/1174/732 192/682/733 193/683/734
f 604/1174/732 193/683/734 399/968/735
f 604/1174/732 399/968/735 398/967/736
f 604/1174/732 398/967/736 192/682/733
f 605/1175/737 193/683/734 194/684/738
f 605/1175/737 194/684/738 400/969/739
f 605/1175/737 400/969/739 399/968/735
f 605/1175/737 399/968/735 193/683/734
f 606/1176/740 194/684/738 195/685/741
f 606/1176/740 195/685/741 401/970/742
f 606/1176/740 401/970/742 400/969/739
f 606/1176/740 400/969/739 194/684/738
f 607/1177/743 195/685/741 196/686/744
f 607/1177/743 196/686/744 402/971/745
f 607/1177/743 402/971/745 401/970/742
f 607/1177/743 401/970/742 195/685/741
f 608/1178/746 196/686/744 197/687/747
f 608/1178/746 197/687/747 403/972/748
f 608/1178/746 403/972/748 402/971/745
f 608/1178/746 402/971/745 196/686/744
f 609/1179/749 197/687/747 198/688/750
f 609/1179/749 198/688/750 404/973/751
f 609/1179/749 404/973/751 403/972/748
f 609/1179/749 403/972/748 197/687/747
f 610/1180/752 198/688/750 199/689/753
f 610/1180/752 199/689/753 405/974/754
f 610/1180/752 405/974/754 404/973/751
f 610/1180/752 404/973/751 198/688/750
f 611/1181/755 199/689/753 200/690/756
f 611/1181/755 200/690/756 406/975/757
f 611/1181/755 406/975/757 405/974/754
f 611/1181/755 405/974/754 199/689/753
f 612/1182/758 200/690/756 201/691/759
f 612/1182/758 201/691/759 407/976/760
f 612/1182/758 407/976/760 406/975/757
f 612/1182/758 406/975/757 200/690/756
f 613/1183/761 201/691/759 202/692/762
f 613/1183/761 202/692/762 408/977/763
f 613/1183/761 408/977/763 407/976/760
f 613/1183/761 407/976/760 201/691/759
f 614/1184/764 202/692/762 203/693/765
f 614/1184/764 203/693/765 409/978/766
f 614/1184/764 409/978/766 408/977/763
f 614/1184/764 408/977/763 202/692/762
f 615/1185/767 203/693/765 204/694/768
f 615/1185/767 204/694/768 410/979/769
f 615/1185/767 410/979/769 409/978/766
f 615/1185/767 409/978/766 203/693/765
f 616/1186/770 204/694/768 205/695/771
f 616/1186/770 205/695/771 411/980/772
f 616/1186/770 411/980/772 410/979/769
f 616/1186/770 410/979/769 204/694/768
f 617/1187/773 205/695/771 206/696/774
f 617/1187/773 206/696/774 412/981/775
f 617/1187/773 412/981/775 411/980/772
f 617/1187/773 411/980/772 205/695/771
f 618/1188/776 206/696/774 1/697/4
f 618/1188/776 1/697/4 207/982/7
f 618/1188/776 207/982/7 412/981/775
f 618/1188/776 412/981/775 206/696/774
