mtllib WS 279 .mtl
# Vertex Positions: 
g groupNumber_0
v 13.9788 -0.512824 -16.9263
v 13.9788 -0.503999 -16.9263
v 13.3547 -0.503999 -16.9263
v 13.0978 -0.638132 -16.9263
v 12.3797 -0.638132 -16.9263
v 12.3547 -0.633082 -16.9263
v 12.3344 -0.619319 -16.9263
v 12.3206 -0.598924 -16.9263
v 12.3156 -0.573978 -16.9263
v 12.3156 0.67014 -16.9263
v 12.3141 0.684825 -16.9263
v 12.3098 0.698512 -16.9263
v 12.3031 0.710904 -16.9263
v 12.2942 0.721707 -16.9263
v 12.2834 0.730623 -16.9263
v 12.271 0.737358 -16.9263
v 12.2573 0.741616 -16.9263
v 12.2426 0.743101 -16.9263
v 0.839513 0.743101 -16.9263
v 0.823681 0.7415 -16.9263
v 0.808926 0.73691 -16.9263
v 0.795564 0.72965 -16.9263
v 0.783917 0.720037 -16.9263
v 0.774302 0.70839 -16.9263
v 0.767039 0.695029 -16.9263
v 0.762448 0.680271 -16.9263
v 0.760846 0.664435 -16.9263
v 0.760846 -0.3709 -16.9263
v 0.762341 -0.385697 -16.9263
v 0.766629 -0.399486 -16.9263
v 0.773411 -0.41197 -16.9263
v 0.782391 -0.42285 -16.9263
v 0.793272 -0.43183 -16.9263
v 0.805755 -0.438613 -16.9263
v 0.819544 -0.4429 -16.9263
v 0.834342 -0.444396 -16.9263
v 1.24388 -0.444396 -16.9263
v 1.25821 -0.445844 -16.9263
v 1.27156 -0.449997 -16.9263
v 1.28366 -0.456566 -16.9263
v 1.29419 -0.465265 -16.9263
v 1.30289 -0.475803 -16.9263
v 1.30946 -0.487894 -16.9263
v 1.31361 -0.50125 -16.9263
v 1.31506 -0.515582 -16.9263
v 1.31361 -0.529915 -16.9263
v 1.30946 -0.543275 -16.9263
v 1.30289 -0.555371 -16.9263
v 1.29419 -0.565916 -16.9263
v 1.28366 -0.57462 -16.9263
v 1.27156 -0.581196 -16.9263
v 1.25821 -0.585352 -16.9263
v 1.24388 -0.586802 -16.9263
v 0.621749 -0.586802 -16.9263
v 0.307703 -0.734276 -16.9263
v -1.21128 -0.734276 -16.9263
v -1.21128 -0.743101 -16.9263
v 0.309702 -0.743101 -16.9263
v 0.622749 -0.595627 -16.9263
v 1.24388 -0.595627 -16.9263
v 1.25998 -0.593998 -16.9263
v 1.27499 -0.589325 -16.9263
v 1.28858 -0.581935 -16.9263
v 1.30043 -0.572151 -16.9263
v 1.31021 -0.560299 -16.9263
v 1.31759 -0.546704 -16.9263
v 1.32226 -0.53169 -16.9263
v 1.32389 -0.515582 -16.9263
v 1.32226 -0.499475 -16.9263
v 1.31759 -0.484465 -16.9263
v 1.31021 -0.470875 -16.9263
v 1.30043 -0.459029 -16.9263
v 1.28858 -0.449252 -16.9263
v 1.27499 -0.441867 -16.9263
v 1.25998 -0.437199 -16.9263
v 1.24388 -0.435571 -16.9263
v 0.834342 -0.435571 -16.9263
v 0.809199 -0.430478 -16.9263
v 0.78864 -0.416602 -16.9263
v 0.774763 -0.396042 -16.9263
v 0.769671 -0.3709 -16.9263
v 0.769671 0.664435 -16.9263
v 0.771093 0.678491 -16.9263
v 0.775169 0.691592 -16.9263
v 0.781616 0.703455 -16.9263
v 0.790152 0.713795 -16.9263
v 0.800493 0.722331 -16.9263
v 0.812355 0.728778 -16.9263
v 0.825456 0.732855 -16.9263
v 0.839513 0.734276 -16.9263
v 12.2426 0.734276 -16.9263
v 12.2675 0.729229 -16.9263
v 12.2879 0.715471 -16.9263
v 12.3017 0.695082 -16.9263
v 12.3067 0.67014 -16.9263
v 12.3067 -0.573978 -16.9263
v 12.3082 -0.588664 -16.9263
v 12.3125 -0.602353 -16.9263
v 12.3192 -0.614748 -16.9263
v 12.3281 -0.625554 -16.9263
v 12.3389 -0.634474 -16.9263
v 12.3513 -0.641211 -16.9263
v 12.365 -0.645471 -16.9263
v 12.3797 -0.646957 -16.9263
v 13.0989 -0.646957 -16.9263
v 13.3558 -0.512824 -16.9263
v 13.9788 -0.512824 16.9263
v 13.9788 -0.503999 16.9263
v 13.3547 -0.503999 16.9263
v 13.0978 -0.638132 16.9263
v 12.3797 -0.638132 16.9263
v 12.3547 -0.633082 16.9263
v 12.3344 -0.619319 16.9263
v 12.3206 -0.598924 16.9263
v 12.3156 -0.573978 16.9263
v 12.3156 0.67014 16.9263
v 12.3141 0.684825 16.9263
v 12.3098 0.698512 16.9263
v 12.3031 0.710904 16.9263
v 12.2942 0.721707 16.9263
v 12.2834 0.730623 16.9263
v 12.271 0.737358 16.9263
v 12.2573 0.741616 16.9263
v 12.2426 0.743101 16.9263
v 0.839513 0.743101 16.9263
v 0.823681 0.7415 16.9263
v 0.808926 0.73691 16.9263
v 0.795564 0.72965 16.9263
v 0.783917 0.720037 16.9263
v 0.774302 0.70839 16.9263
v 0.767039 0.695029 16.9263
v 0.762448 0.680271 16.9263
v 0.760846 0.664435 16.9263
v 0.760846 -0.3709 16.9263
v 0.762341 -0.385697 16.9263
v 0.766629 -0.399486 16.9263
v 0.773411 -0.41197 16.9263
v 0.782391 -0.42285 16.9263
v 0.793272 -0.43183 16.9263
v 0.805755 -0.438613 16.9263
v 0.819544 -0.4429 16.9263
v 0.834342 -0.444396 16.9263
v 1.24388 -0.444396 16.9263
v 1.25821 -0.445844 16.9263
v 1.27156 -0.449997 16.9263
v 1.28366 -0.456566 16.9263
v 1.29419 -0.465265 16.9263
v 1.30289 -0.475803 16.9263
v 1.30946 -0.487894 16.9263
v 1.31361 -0.50125 16.9263
v 1.31506 -0.515582 16.9263
v 1.31361 -0.529915 16.9263
v 1.30946 -0.543275 16.9263
v 1.30289 -0.555371 16.9263
v 1.29419 -0.565916 16.9263
v 1.28366 -0.57462 16.9263
v 1.27156 -0.581196 16.9263
v 1.25821 -0.585352 16.9263
v 1.24388 -0.586802 16.9263
v 0.621749 -0.586802 16.9263
v 0.307703 -0.734276 16.9263
v -1.21128 -0.734276 16.9263
v -1.21128 -0.743101 16.9263
v 0.309702 -0.743101 16.9263
v 0.622749 -0.595627 16.9263
v 1.24388 -0.595627 16.9263
v 1.25998 -0.593998 16.9263
v 1.27499 -0.589325 16.9263
v 1.28858 -0.581935 16.9263
v 1.30043 -0.572151 16.9263
v 1.31021 -0.560299 16.9263
v 1.31759 -0.546704 16.9263
v 1.32226 -0.53169 16.9263
v 1.32389 -0.515582 16.9263
v 1.32226 -0.499475 16.9263
v 1.31759 -0.484465 16.9263
v 1.31021 -0.470875 16.9263
v 1.30043 -0.459029 16.9263
v 1.28858 -0.449252 16.9263
v 1.27499 -0.441867 16.9263
v 1.25998 -0.437199 16.9263
v 1.24388 -0.435571 16.9263
v 0.834342 -0.435571 16.9263
v 0.809199 -0.430478 16.9263
v 0.78864 -0.416602 16.9263
v 0.774763 -0.396042 16.9263
v 0.769671 -0.3709 16.9263
v 0.769671 0.664435 16.9263
v 0.771093 0.678491 16.9263
v 0.775169 0.691592 16.9263
v 0.781616 0.703455 16.9263
v 0.790152 0.713795 16.9263
v 0.800493 0.722331 16.9263
v 0.812355 0.728778 16.9263
v 0.825456 0.732855 16.9263
v 0.839513 0.734276 16.9263
v 12.2426 0.734276 16.9263
v 12.2675 0.729229 16.9263
v 12.2879 0.715471 16.9263
v 12.3017 0.695082 16.9263
v 12.3067 0.67014 16.9263
v 12.3067 -0.573978 16.9263
v 12.3082 -0.588664 16.9263
v 12.3125 -0.602353 16.9263
v 12.3192 -0.614748 16.9263
v 12.3281 -0.625554 16.9263
v 12.3389 -0.634474 16.9263
v 12.3513 -0.641211 16.9263
v 12.365 -0.645471 16.9263
v 12.3797 -0.646957 16.9263
v 13.0989 -0.646957 16.9263
v 13.3558 -0.512824 16.9263
v 13.9788 -0.508411 0
v 13.6667 -0.503999 0
v 13.2262 -0.571065 0
v 12.7387 -0.638132 0
v 12.3672 -0.635607 0
v 12.3446 -0.6262 0
v 12.3275 -0.609121 0
v 12.3181 -0.586451 0
v 12.3156 0.0480807 0
v 12.3148 0.677483 0
v 12.3119 0.691669 0
v 12.3064 0.704708 0
v 12.2986 0.716305 0
v 12.2888 0.726165 0
v 12.2772 0.733991 0
v 12.2641 0.739487 0
v 12.2499 0.742359 0
v 6.54105 0.743101 0
v 0.831597 0.742301 0
v 0.816304 0.739205 0
v 0.802245 0.73328 0
v 0.789741 0.724843 0
v 0.779109 0.714214 0
v 0.770671 0.70171 0
v 0.764743 0.68765 0
v 0.761647 0.672353 0
v 0.760846 0.146767 0
v 0.761594 -0.378299 0
v 0.764485 -0.392592 0
v 0.77002 -0.405728 0
v 0.777901 -0.41741 0
v 0.787832 -0.42734 0
v 0.799514 -0.435222 0
v 0.81265 -0.440757 0
v 0.826943 -0.443648 0
v 1.03911 -0.444396 0
v 1.25104 -0.44512 0
v 1.26489 -0.44792 0
v 1.27761 -0.453282 0
v 1.28892 -0.460915 0
v 1.29854 -0.470534 0
v 1.30618 -0.481849 0
v 1.31154 -0.494572 0
v 1.31434 -0.508416 0
v 1.31434 -0.522748 0
v 1.31154 -0.536595 0
v 1.30618 -0.549323 0
v 1.29854 -0.560644 0
v 1.28892 -0.570268 0
v 1.27761 -0.577908 0
v 1.26489 -0.583274 0
v 1.25104 -0.586077 0
v 0.932813 -0.586802 0
v 0.464726 -0.660539 0
v -0.45179 -0.734276 0
v -1.21128 -0.738689 0
v -0.45079 -0.743101 0
v 0.466225 -0.669364 0
v 0.933313 -0.595627 0
v 1.25193 -0.594812 0
v 1.26749 -0.591661 0
v 1.28179 -0.58563 0
v 1.29451 -0.577043 0
v 1.30532 -0.566225 0
v 1.3139 -0.553502 0
v 1.31993 -0.539197 0
v 1.32307 -0.523636 0
v 1.32307 -0.507528 0
v 1.31993 -0.49197 0
v 1.3139 -0.47767 0
v 1.30532 -0.464952 0
v 1.29451 -0.454141 0
v 1.28179 -0.44556 0
v 1.26749 -0.439533 0
v 1.25193 -0.436385 0
v 1.03911 -0.435571 0
v 0.821771 -0.433025 0
v 0.798919 -0.42354 0
v 0.781701 -0.406322 0
v 0.772217 -0.383471 0
v 0.769671 0.146767 0
v 0.770382 0.671463 0
v 0.773131 0.685042 0
v 0.778393 0.697523 0
v 0.785884 0.708625 0
v 0.795322 0.718063 0
v 0.806424 0.725555 0
v 0.818906 0.730816 0
v 0.832484 0.733565 0
v 6.54105 0.734276 0
v 12.2551 0.731752 0
v 12.2777 0.72235 0
v 12.2948 0.705277 0
v 12.3042 0.682611 0
v 12.3067 0.0480807 0
v 12.3075 -0.581321 0
v 12.3104 -0.595509 0
v 12.3158 -0.608551 0
v 12.3237 -0.620151 0
v 12.3335 -0.630014 0
v 12.3451 -0.637842 0
v 12.3582 -0.643341 0
v 12.3723 -0.646214 0
v 12.7393 -0.646957 0
v 13.2273 -0.57989 0
v 13.6673 -0.512824 0


# Vertex Texture Coordinates :
vt 0.380843 0.00577348
vt 0.380843 0.00599473
vt 0.365195 0.00599473
vt 0.358755 0.00263177
vt 0.34075 0.00263177
vt 0.340125 0.00275839
vt 0.339614 0.00310346
vt 0.339269 0.0036148
vt 0.339143 0.00424022
vt 0.339143 0.0354325
vt 0.339106 0.0358007
vt 0.338999 0.0361439
vt 0.33883 0.0364546
vt 0.338606 0.0367254
vt 0.338335 0.036949
vt 0.338025 0.0371178
vt 0.337681 0.0372246
vt 0.337313 0.0372618
vt 0.0514172 0.0372618
vt 0.0510203 0.0372217
vt 0.0506503 0.0371066
vt 0.0503153 0.0369246
vt 0.0500233 0.0366836
vt 0.0497823 0.0363916
vt 0.0496002 0.0360566
vt 0.049485 0.0356865
vt 0.0494449 0.0352895
vt 0.0494449 0.00933177
vt 0.0494824 0.00896077
vt 0.0495899 0.00861505
vt 0.0497599 0.00830207
vt 0.0499851 0.00802928
vt 0.0502579 0.00780413
vt 0.0505708 0.00763408
vt 0.0509166 0.00752659
vt 0.0512876 0.0074891
vt 0.0615554 0.0074891
vt 0.0619147 0.00745278
vt 0.0622495 0.00734866
vt 0.0625527 0.00718395
vt 0.0628169 0.00696588
vt 0.063035 0.00670165
vt 0.0631997 0.00639851
vt 0.0633038 0.00606366
vt 0.0633401 0.00570433
vt 0.0633038 0.00534497
vt 0.0631997 0.00501002
vt 0.063035 0.00470674
vt 0.0628169 0.00444236
vt 0.0625527 0.00422412
vt 0.0622495 0.00405927
vt 0.0619147 0.00395505
vt 0.0615554 0.0039187
vt 0.0459575 0.0039187
vt 0.0380838 0.000221259
vt 0 0.000221259
vt 0 0
vt 0.0381339 0
vt 0.0459825 0.00369744
vt 0.0615554 0.00369744
vt 0.0619592 0.0037383
vt 0.0623355 0.00385545
vt 0.0626762 0.00404074
vt 0.0629732 0.00428603
vt 0.0632184 0.00458318
vt 0.0634035 0.00492404
vt 0.0635206 0.00530047
vt 0.0635614 0.00570433
vt 0.0635206 0.00610816
vt 0.0634035 0.00648449
vt 0.0632184 0.00682521
vt 0.0629732 0.0071222
vt 0.0626762 0.00736734
vt 0.0623355 0.00755249
vt 0.0619592 0.00766953
vt 0.0615554 0.00771036
vt 0.0512876 0.00771036
vt 0.0506572 0.00783803
vt 0.0501417 0.00818593
vt 0.0497938 0.0087014
vt 0.0496661 0.00933177
vt 0.0496661 0.0352895
vt 0.0497018 0.0356419
vt 0.049804 0.0359704
vt 0.0499656 0.0362678
vt 0.0501796 0.0365271
vt 0.0504389 0.0367411
vt 0.0507363 0.0369027
vt 0.0510648 0.0370049
vt 0.0514172 0.0370406
vt 0.337313 0.0370406
vt 0.337939 0.036914
vt 0.33845 0.0365691
vt 0.338795 0.0360579
vt 0.338922 0.0354325
vt 0.338922 0.00424022
vt 0.338959 0.00387201
vt 0.339066 0.00352881
vt 0.339234 0.00321804
vt 0.339458 0.00294713
vt 0.339729 0.0027235
vt 0.340039 0.00255457
vt 0.340382 0.00244776
vt 0.34075 0.00241051
vt 0.358782 0.00241051
vt 0.365223 0.00577348
vt 0.391219 0.00577348
vt 0.391219 0.00599473
vt 0.406867 0.00599473
vt 0.413308 0.00263177
vt 0.431312 0.00263177
vt 0.431937 0.00275839
vt 0.432448 0.00310346
vt 0.432793 0.0036148
vt 0.432919 0.00424022
vt 0.432919 0.0354325
vt 0.432957 0.0358007
vt 0.433064 0.0361439
vt 0.433232 0.0364546
vt 0.433456 0.0367254
vt 0.433727 0.036949
vt 0.434038 0.0371178
vt 0.434381 0.0372246
vt 0.434749 0.0372618
vt 0.720645 0.0372618
vt 0.721042 0.0372217
vt 0.721412 0.0371066
vt 0.721747 0.0369246
vt 0.722039 0.0366836
vt 0.72228 0.0363916
vt 0.722462 0.0360566
vt 0.722577 0.0356865
vt 0.722617 0.0352895
vt 0.722617 0.00933177
vt 0.72258 0.00896077
vt 0.722472 0.00861505
vt 0.722302 0.00830207
vt 0.722077 0.00802928
vt 0.721804 0.00780413
vt 0.721491 0.00763408
vt 0.721146 0.00752659
vt 0.720775 0.0074891
vt 0.710507 0.0074891
vt 0.710148 0.00745278
vt 0.709813 0.00734866
vt 0.70951 0.00718395
vt 0.709245 0.00696588
vt 0.709027 0.00670165
vt 0.708863 0.00639851
vt 0.708758 0.00606366
vt 0.708722 0.00570433
vt 0.708758 0.00534497
vt 0.708863 0.00501002
vt 0.709027 0.00470674
vt 0.709245 0.00444236
vt 0.70951 0.00422412
vt 0.709813 0.00405927
vt 0.710148 0.00395505
vt 0.710507 0.0039187
vt 0.726105 0.0039187
vt 0.733979 0.000221259
vt 0.772062 0.000221259
vt 0.772062 0
vt 0.733928 0
vt 0.72608 0.00369744
vt 0.710507 0.00369744
vt 0.710103 0.0037383
vt 0.709727 0.00385545
vt 0.709386 0.00404074
vt 0.709089 0.00428603
vt 0.708844 0.00458318
vt 0.708659 0.00492404
vt 0.708542 0.00530047
vt 0.708501 0.00570433
vt 0.708542 0.00610816
vt 0.708659 0.00648449
vt 0.708844 0.00682521
vt 0.709089 0.0071222
vt 0.709386 0.00736734
vt 0.709727 0.00755249
vt 0.710103 0.00766953
vt 0.710507 0.00771036
vt 0.720775 0.00771036
vt 0.721405 0.00783803
vt 0.721921 0.00818593
vt 0.722268 0.0087014
vt 0.722396 0.00933177
vt 0.722396 0.0352895
vt 0.722361 0.0356419
vt 0.722258 0.0359704
vt 0.722097 0.0362678
vt 0.721883 0.0365271
vt 0.721623 0.0367411
vt 0.721326 0.0369027
vt 0.720998 0.0370049
vt 0.720645 0.0370406
vt 0.434749 0.0370406
vt 0.434124 0.036914
vt 0.433612 0.0365691
vt 0.433267 0.0360579
vt 0.433141 0.0354325
vt 0.433141 0.00424022
vt 0.433104 0.00387201
vt 0.432997 0.00352881
vt 0.432828 0.00321804
vt 0.432605 0.00294713
vt 0.432334 0.0027235
vt 0.432023 0.00255457
vt 0.43168 0.00244776
vt 0.431312 0.00241051
vt 0.41328 0.00241051
vt 0.406839 0.00577348
vt 8.90086e-05 0.0476408
vt 0.000310268 0.0476408
vt 0.0108016 0.0476408
vt 0.0264496 0.0476408
vt 0.0337154 0.0476408
vt 0.0517195 0.0476408
vt 0.0523575 0.0476408
vt 0.0529741 0.0476408
vt 0.0535908 0.0476408
vt 0.0542289 0.0476408
vt 0.0854212 0.0476408
vt 0.0857913 0.0476408
vt 0.0861507 0.0476408
vt 0.0865043 0.0476408
vt 0.0868556 0.0476408
vt 0.0872068 0.0476408
vt 0.0875605 0.0476408
vt 0.0879199 0.0476408
vt 0.08829 0.0476408
vt 0.374186 0.0476408
vt 0.384606 0.0476408
vt 0.385005 0.0476408
vt 0.385393 0.0476408
vt 0.385774 0.0476408
vt 0.386152 0.0476408
vt 0.386531 0.0476408
vt 0.386912 0.0476408
vt 0.3873 0.0476408
vt 0.387699 0.0476408
vt 0.413657 0.0476408
vt 0.41403 0.0476408
vt 0.414392 0.0476408
vt 0.414748 0.0476408
vt 0.415102 0.0476408
vt 0.415455 0.0476408
vt 0.415811 0.0476408
vt 0.416173 0.0476408
vt 0.416546 0.0476408
vt 0.426814 0.0476408
vt 0.427175 0.0476408
vt 0.427526 0.0476408
vt 0.427871 0.0476408
vt 0.428214 0.0476408
vt 0.428556 0.0476408
vt 0.428901 0.0476408
vt 0.429252 0.0476408
vt 0.429613 0.0476408
vt 0.429974 0.0476408
vt 0.430325 0.0476408
vt 0.43067 0.0476408
vt 0.431013 0.0476408
vt 0.431355 0.0476408
vt 0.431701 0.0476408
vt 0.432051 0.0476408
vt 0.432412 0.0476408
vt 0.44801 0.0476408
vt 0.456709 0.0476408
vt 0.494793 0.0476408
vt 0.505275 0.0476408
vt 0.505497 0.0476408
vt 0.516014 0.0476408
vt 0.554148 0.0476408
vt 0.562824 0.0476408
vt 0.578397 0.0476408
vt 0.578803 0.0476408
vt 0.579197 0.0476408
vt 0.579585 0.0476408
vt 0.57997 0.0476408
vt 0.580355 0.0476408
vt 0.580743 0.0476408
vt 0.581137 0.0476408
vt 0.581543 0.0476408
vt 0.581949 0.0476408
vt 0.582343 0.0476408
vt 0.582731 0.0476408
vt 0.583116 0.0476408
vt 0.583501 0.0476408
vt 0.583889 0.0476408
vt 0.584283 0.0476408
vt 0.584689 0.0476408
vt 0.594957 0.0476408
vt 0.5956 0.0476408
vt 0.596222 0.0476408
vt 0.596844 0.0476408
vt 0.597487 0.0476408
vt 0.623444 0.0476408
vt 0.623799 0.0476408
vt 0.624143 0.0476408
vt 0.624481 0.0476408
vt 0.624817 0.0476408
vt 0.625153 0.0476408
vt 0.625492 0.0476408
vt 0.625836 0.0476408
vt 0.62619 0.0476408
vt 0.912086 0.0476408
vt 0.922512 0.0476408
vt 0.92315 0.0476408
vt 0.923766 0.0476408
vt 0.924383 0.0476408
vt 0.925021 0.0476408
vt 0.956214 0.0476408
vt 0.956584 0.0476408
vt 0.956943 0.0476408
vt 0.957297 0.0476408
vt 0.957648 0.0476408
vt 0.957999 0.0476408
vt 0.958353 0.0476408
vt 0.958712 0.0476408
vt 0.959082 0.0476408
vt 0.977114 0.0476408
vt 0.98438 0.0476408
vt 1 0.0476408
vt 8.90086e-05 0.896387
vt 0.000310268 0.896387
vt 0.0108016 0.896387
vt 0.0264496 0.896387
vt 0.0337154 0.896387
vt 0.0517195 0.896387
vt 0.0523575 0.896387
vt 0.0529741 0.896387
vt 0.0535908 0.896387
vt 0.0542289 0.896387
vt 0.0854212 0.896387
vt 0.0857913 0.896387
vt 0.0861507 0.896387
vt 0.0865043 0.896387
vt 0.0868556 0.896387
vt 0.0872068 0.896387
vt 0.0875605 0.896387
vt 0.0879199 0.896387
vt 0.08829 0.896387
vt 0.374186 0.896387
vt 0.384606 0.896387
vt 0.385005 0.896387
vt 0.385393 0.896387
vt 0.385774 0.896387
vt 0.386152 0.896387
vt 0.386531 0.896387
vt 0.386912 0.896387
vt 0.3873 0.896387
vt 0.387699 0.896387
vt 0.413657 0.896387
vt 0.41403 0.896387
vt 0.414392 0.896387
vt 0.414748 0.896387
vt 0.415102 0.896387
vt 0.415455 0.896387
vt 0.415811 0.896387
vt 0.416173 0.896387
vt 0.416546 0.896387
vt 0.426814 0.896387
vt 0.427175 0.896387
vt 0.427526 0.896387
vt 0.427871 0.896387
vt 0.428214 0.896387
vt 0.428556 0.896387
vt 0.428901 0.896387
vt 0.429252 0.896387
vt 0.429613 0.896387
vt 0.429974 0.896387
vt 0.430325 0.896387
vt 0.43067 0.896387
vt 0.431013 0.896387
vt 0.431355 0.896387
vt 0.431701 0.896387
vt 0.432051 0.896387
vt 0.432412 0.896387
vt 0.44801 0.896387
vt 0.456709 0.896387
vt 0.494793 0.896387
vt 0.505275 0.896387
vt 0.505497 0.896387
vt 0.516014 0.896387
vt 0.554148 0.896387
vt 0.562824 0.896387
vt 0.578397 0.896387
vt 0.578803 0.896387
vt 0.579197 0.896387
vt 0.579585 0.896387
vt 0.57997 0.896387
vt 0.580355 0.896387
vt 0.580743 0.896387
vt 0.581137 0.896387
vt 0.581543 0.896387
vt 0.581949 0.896387
vt 0.582343 0.896387
vt 0.582731 0.896387
vt 0.583116 0.896387
vt 0.583501 0.896387
vt 0.583889 0.896387
vt 0.584283 0.896387
vt 0.584689 0.896387
vt 0.594957 0.896387
vt 0.5956 0.896387
vt 0.596222 0.896387
vt 0.596844 0.896387
vt 0.597487 0.896387
vt 0.623444 0.896387
vt 0.623799 0.896387
vt 0.624143 0.896387
vt 0.624481 0.896387
vt 0.624817 0.896387
vt 0.625153 0.896387
vt 0.625492 0.896387
vt 0.625836 0.896387
vt 0.62619 0.896387
vt 0.912086 0.896387
vt 0.922512 0.896387
vt 0.92315 0.896387
vt 0.923766 0.896387
vt 0.924383 0.896387
vt 0.925021 0.896387
vt 0.956214 0.896387
vt 0.956584 0.896387
vt 0.956943 0.896387
vt 0.957297 0.896387
vt 0.957648 0.896387
vt 0.957999 0.896387
vt 0.958353 0.896387
vt 0.958712 0.896387
vt 0.959082 0.896387
vt 0.977114 0.896387
vt 0.98438 0.896387
vt 1 0.896387
vt 0.000199638 0.472014
vt 0.0186256 0.472014
vt 0.0300825 0.472014
vt 0.0427175 0.472014
vt 0.0520385 0.472014
vt 0.0526658 0.472014
vt 0.0532825 0.472014
vt 0.0539099 0.472014
vt 0.0698251 0.472014
vt 0.0856063 0.472014
vt 0.085971 0.472014
vt 0.0863275 0.472014
vt 0.08668 0.472014
vt 0.0870312 0.472014
vt 0.0873837 0.472014
vt 0.0877402 0.472014
vt 0.088105 0.472014
vt 0.231238 0.472014
vt 0.384806 0.472014
vt 0.385199 0.472014
vt 0.385583 0.472014
vt 0.385963 0.472014
vt 0.386342 0.472014
vt 0.386722 0.472014
vt 0.387106 0.472014
vt 0.387499 0.472014
vt 0.400678 0.472014
vt 0.413843 0.472014
vt 0.414211 0.472014
vt 0.41457 0.472014
vt 0.414925 0.472014
vt 0.415278 0.472014
vt 0.415633 0.472014
vt 0.415992 0.472014
vt 0.41636 0.472014
vt 0.42168 0.472014
vt 0.426995 0.472014
vt 0.427351 0.472014
vt 0.427698 0.472014
vt 0.428042 0.472014
vt 0.428385 0.472014
vt 0.428729 0.472014
vt 0.429077 0.472014
vt 0.429432 0.472014
vt 0.429794 0.472014
vt 0.43015 0.472014
vt 0.430498 0.472014
vt 0.430841 0.472014
vt 0.431184 0.472014
vt 0.431528 0.472014
vt 0.431876 0.472014
vt 0.432232 0.472014
vt 0.440211 0.472014
vt 0.45236 0.472014
vt 0.475751 0.472014
vt 0.505386 0.472014
vt 0.535081 0.472014
vt 0.558486 0.472014
vt 0.57061 0.472014
vt 0.5786 0.472014
vt 0.579 0.472014
vt 0.579391 0.472014
vt 0.579777 0.472014
vt 0.580162 0.472014
vt 0.580549 0.472014
vt 0.58094 0.472014
vt 0.58134 0.472014
vt 0.581746 0.472014
vt 0.582146 0.472014
vt 0.582537 0.472014
vt 0.582923 0.472014
vt 0.583308 0.472014
vt 0.583695 0.472014
vt 0.584086 0.472014
vt 0.584486 0.472014
vt 0.589823 0.472014
vt 0.595278 0.472014
vt 0.595911 0.472014
vt 0.596533 0.472014
vt 0.597165 0.472014
vt 0.610466 0.472014
vt 0.623622 0.472014
vt 0.623971 0.472014
vt 0.624312 0.472014
vt 0.624649 0.472014
vt 0.624985 0.472014
vt 0.625323 0.472014
vt 0.625664 0.472014
vt 0.626013 0.472014
vt 0.769138 0.472014
vt 0.922831 0.472014
vt 0.923458 0.472014
vt 0.924075 0.472014
vt 0.924702 0.472014
vt 0.940617 0.472014
vt 0.956399 0.472014
vt 0.956763 0.472014
vt 0.95712 0.472014
vt 0.957472 0.472014
vt 0.957824 0.472014
vt 0.958176 0.472014
vt 0.958532 0.472014
vt 0.958897 0.472014
vt 0.968098 0.472014
vt 0.980747 0.472014
vt 0.99219 0.472014


# Vertex Surface Normals: 
vn 0 0 1
vn 0 0 -1
vn 1 0 0
vn 1 0 0
vn 1 0 0
vn 1 0 0
vn 1 0 0
vn 0 1 0
vn 0 1 0
vn -0.238287 0.971195 -6.33438e-18
vn -0.238287 0.971195 6.33438e-18
vn 0 1 0
vn -0.462847 0.886438 0
vn -0.238287 0.971195 -6.33438e-18
vn -0.238287 0.971195 6.33438e-18
vn 0 1 0
vn 0.0997315 0.995014 -2.69309e-18
vn 0.0997315 0.995014 2.69309e-18
vn 0.198469 0.980107 0
vn 0.386516 0.922283 -1.04359e-17
vn 0.386516 0.922283 1.04359e-17
vn 0.559603 0.828761 0
vn 0.707343 0.70687 3.70567e-18
vn 0.707343 0.70687 -3.70567e-18
vn 0.829135 0.559048 0
vn 0.92246 0.386092 -2.0776e-18
vn 0.92246 0.386092 2.0776e-18
vn 0.980157 0.198224 0
vn 0.995027 0.0996073 -1.32956e-17
vn 0.995027 0.0996073 1.32956e-17
vn 1 0 0
vn 0.998729 0.0503936 -1.36202e-17
vn 0.998729 0.0503936 1.36202e-17
vn 0.994921 0.100659 0
vn 0.979811 0.199927 -2.10846e-19
vn 0.979811 0.199927 2.10846e-19
vn 0.954822 0.297179 0
vn 0.921112 0.389298 -1.11969e-17
vn 0.921112 0.389298 1.11969e-17
vn 0.878539 0.47767 0
vn 0.828644 0.559776 -3.40288e-17
vn 0.828644 0.559776 3.40288e-17
vn 0.771099 0.636715 0
vn 0.706994 0.707219 -7.45649e-19
vn 0.706994 0.707219 7.45649e-19
vn 0.636469 0.771302 0
vn 0.559534 0.828807 2.15878e-17
vn 0.559534 0.828807 -2.15878e-17
vn 0.477437 0.878666 0
vn 0.389097 0.921197 1.13365e-17
vn 0.389097 0.921197 -1.13365e-17
vn 0.297016 0.954872 0
vn 0.199816 0.979833 1.11059e-18
vn 0.199816 0.979833 -1.11059e-18
vn 0.100604 0.994927 0
vn 0.0503661 0.998731 2.72141e-18
vn 0.0503661 0.998731 -2.72141e-18
vn 0 1 0
vn -0.0503656 0.998731 1.68189e-18
vn -0.0503656 0.998731 -1.68189e-18
vn -0.100603 0.994927 0
vn -0.199821 0.979832 6.71445e-20
vn -0.199821 0.979832 -6.71445e-20
vn -0.297027 0.954869 0
vn -0.389119 0.921187 -9.58959e-18
vn -0.389119 0.921187 9.58959e-18
vn -0.47747 0.878648 0
vn -0.55958 0.828776 -7.9673e-18
vn -0.55958 0.828776 7.9673e-18
vn -0.636525 0.771256 0
vn -0.707056 0.707158 1.07943e-18
vn -0.707056 0.707158 -1.07943e-18
vn -0.771164 0.636637 0
vn -0.828704 0.559687 1.2998e-17
vn -0.828704 0.559687 -1.2998e-17
vn -0.878594 0.477569 0
vn -0.921153 0.3892 -1.53943e-18
vn -0.921153 0.3892 1.53943e-18
vn -0.954851 0.297086 0
vn -0.979825 0.199858 -2.69652e-17
vn -0.979825 0.199858 2.69652e-17
vn -0.994925 0.100616 0
vn -0.998731 0.050372 -1.34509e-17
vn -0.998731 0.050372 1.34509e-17
vn -1 0 0
vn -0.998733 -0.050332 0
vn -0.998733 -0.050332 0
vn -0.994933 -0.100536 0
vn -0.979851 -0.199731 -1.29598e-17
vn -0.979851 -0.199731 1.29598e-17
vn -0.954904 -0.296915 0
vn -0.921224 -0.389032 -1.03626e-18
vn -0.921224 -0.389032 1.03626e-18
vn -0.878683 -0.477406 0
vn -0.828791 -0.559559 1.19183e-17
vn -0.828791 -0.559559 -1.19183e-17
vn -0.771242 -0.636542 0
vn -0.707107 -0.707107 -8.63283e-18
vn -0.707107 -0.707107 8.63283e-18
vn -0.636542 -0.771242 0
vn -0.559559 -0.828791 -8.63346e-18
vn -0.559559 -0.828791 8.63346e-18
vn -0.477407 -0.878683 0
vn -0.389032 -0.921224 0
vn -0.389032 -0.921224 0
vn -0.296915 -0.954904 0
vn -0.199731 -0.979851 1.36544e-18
vn -0.199731 -0.979851 -1.36544e-18
vn -0.100536 -0.994933 0
vn -0.050332 -0.998733 1.36029e-18
vn -0.050332 -0.998733 -1.36029e-18
vn 0 -1 0
vn -0.0503355 -0.998732 0
vn -0.0503355 -0.998732 0
vn -0.100543 -0.994933 0
vn -0.199742 -0.979849 0
vn -0.199742 -0.979849 0
vn -0.296929 -0.954899 0
vn -0.389044 -0.921219 0
vn -0.389044 -0.921219 0
vn -0.477417 -0.878677 0
vn -0.559566 -0.828786 -8.31306e-18
vn -0.559566 -0.828786 8.31306e-18
vn -0.636546 -0.771239 0
vn -0.707107 -0.707107 -7.7744e-18
vn -0.707107 -0.707107 7.7744e-18
vn -0.771239 -0.636546 0
vn -0.828786 -0.559566 5.38087e-19
vn -0.828786 -0.559566 -5.38087e-19
vn -0.878677 -0.477417 0
vn -0.921219 -0.389044 0
vn -0.921219 -0.389044 0
vn -0.954899 -0.296929 0
vn -0.979849 -0.199742 -8.51058e-20
vn -0.979849 -0.199742 8.51058e-20
vn -0.994933 -0.100543 0
vn -1 -5.18343e-06 -8.51086e-20
vn -1 -5.18343e-06 8.51086e-20
vn -0.994934 0.100533 0
vn -0.979858 0.199696 0
vn -0.979858 0.199696 0
vn -0.954924 0.29685 0
vn -0.921272 0.388918 0
vn -0.921272 0.388918 0
vn -0.878768 0.477249 0
vn -0.828922 0.559365 0
vn -0.828922 0.559365 0
vn -0.771426 0.636319 0
vn -0.707337 0.706876 -8.63738e-18
vn -0.707337 0.706876 8.63738e-18
vn -0.636822 0.771011 0
vn -0.55986 0.828587 -8.63804e-18
vn -0.55986 0.828587 8.63804e-18
vn -0.477727 0.878509 0
vn -0.389329 0.921099 0
vn -0.389329 0.921099 0
vn -0.297184 0.95482 0
vn -0.199923 0.979812 0
vn -0.199923 0.979812 0
vn -0.100645 0.994922 0
vn -0.0503867 0.99873 0
vn -0.0503867 0.99873 0
vn 0 1 0
vn -0.217755 0.976003 -5.09987e-18
vn -0.217755 0.976003 5.09987e-18
vn -0.42506 0.905165 0
vn -0.217755 0.976003 -5.09987e-18
vn -0.217755 0.976003 5.09987e-18
vn 0 1 0
vn 0 1 0
vn 0 1 0
vn -1 0 0
vn -1 0 0
vn -1 0 0
vn -1 0 0
vn -1 0 0
vn 0 -1 0
vn 0 -1 0
vn 0.218355 -0.975869 -7.99061e-19
vn 0.218355 -0.975869 7.99061e-19
vn 0 -1 0
vn 0.426171 -0.904643 0
vn 0.218355 -0.975869 -7.99061e-19
vn 0.218355 -0.975869 7.99061e-19
vn 0 -1 0
vn 0.0503961 -0.998729 1.36119e-18
vn 0.0503961 -0.998729 -1.36119e-18
vn 0.100664 -0.99492 0
vn 0.199947 -0.979807 1.36635e-18
vn 0.199947 -0.979807 -1.36635e-18
vn 0.297213 -0.954811 0
vn 0.38935 -0.92109 -6.48311e-18
vn 0.38935 -0.92109 6.48311e-18
vn 0.477739 -0.878502 0
vn 0.559858 -0.828589 -1.51169e-17
vn 0.559858 -0.828589 1.51169e-17
vn 0.636806 -0.771024 0
vn 0.707312 -0.706902 -8.6344e-18
vn 0.707312 -0.706902 8.6344e-18
vn 0.771393 -0.636359 0
vn 0.828886 -0.559417 0
vn 0.828886 -0.559417 0
vn 0.878733 -0.477314 0
vn 0.921245 -0.388984 -1.29533e-17
vn 0.921245 -0.388984 1.29533e-17
vn 0.954904 -0.296916 0
vn 0.979848 -0.199745 5.46328e-19
vn 0.979848 -0.199745 -5.46328e-19
vn 0.994931 -0.100564 0
vn 1 4.61371e-06 2.70058e-17
vn 1 4.61371e-06 -2.70058e-17
vn 0.99493 0.100574 0
vn 0.97984 0.199786 5.42837e-19
vn 0.97984 0.199786 -5.42837e-19
vn 0.954882 0.296986 0
vn 0.921197 0.389096 -1.29564e-17
vn 0.921197 0.389096 1.29564e-17
vn 0.878651 0.477464 0
vn 0.828765 0.559596 2.63629e-19
vn 0.828765 0.559596 -2.63629e-19
vn 0.771226 0.636562 0
vn 0.707107 0.707107 -8.37308e-18
vn 0.707107 0.707107 8.37308e-18
vn 0.636561 0.771226 0
vn 0.559596 0.828765 -1.51134e-17
vn 0.559596 0.828765 1.51134e-17
vn 0.477464 0.878651 0
vn 0.389096 0.921197 -6.4773e-18
vn 0.389096 0.921197 6.4773e-18
vn 0.296986 0.954882 0
vn 0.199786 0.97984 1.36471e-18
vn 0.199786 0.97984 -1.36471e-18
vn 0.100574 0.99493 0
vn 0.0503507 0.998732 1.35956e-18
vn 0.0503507 0.998732 -1.35956e-18
vn 0 1 0
vn 0.0997505 0.995012 0
vn 0.0997505 0.995012 0
vn 0.198506 0.9801 0
vn 0.386438 0.922315 7.70775e-18
vn 0.386438 0.922315 -7.70775e-18
vn 0.559432 0.828876 0
vn 0.707107 0.707107 -3.69312e-18
vn 0.707107 0.707107 3.69312e-18
vn 0.828876 0.559432 0
vn 0.922315 0.386438 -2.48979e-17
vn 0.922315 0.386438 2.48979e-17
vn 0.9801 0.198506 0
vn 0.995012 0.0997505 -1.32987e-17
vn 0.995012 0.0997505 1.32987e-17
vn 1 0 0
vn 0.99873 -0.0503771 -1.32808e-17
vn 0.99873 -0.0503771 1.32808e-17
vn 0.994924 -0.100626 0
vn 0.979824 -0.199864 -3.7498e-19
vn 0.979824 -0.199864 3.7498e-19
vn 0.95485 -0.297087 0
vn 0.921158 -0.389188 1.29532e-17
vn 0.921158 -0.389188 -1.29532e-17
vn 0.878607 -0.477545 0
vn 0.828729 -0.55965 0
vn 0.828729 -0.55965 0
vn 0.771203 -0.636589 0
vn 0.707107 -0.707107 1.30326e-18
vn 0.707107 -0.707107 -1.30326e-18
vn 0.636589 -0.771203 0
vn 0.55965 -0.828729 2.79505e-18
vn 0.55965 -0.828729 -2.79505e-18
vn 0.477545 -0.878607 0
vn 0.389188 -0.921158 1.49199e-18
vn 0.389188 -0.921158 -1.49199e-18
vn 0.297087 -0.95485 0
vn 0.199864 -0.979824 1.36386e-18
vn 0.199864 -0.979824 -1.36386e-18
vn 0.100626 -0.994924 0
vn 0.0503771 -0.99873 1.35871e-18
vn 0.0503771 -0.99873 -1.35871e-18
vn 0 -1 0
vn -0.099659 -0.995022 0
vn -0.099659 -0.995022 0
vn -0.198326 -0.980136 0
vn -0.386232 -0.922402 7.68347e-18
vn -0.386232 -0.922402 -7.68347e-18
vn -0.559214 -0.829023 0
vn -0.706989 -0.707225 8.64188e-18
vn -0.706989 -0.707225 -8.64188e-18
vn -0.828836 -0.559491 0
vn -0.922313 -0.386444 1.44626e-17
vn -0.922313 -0.386444 -1.44626e-17
vn -0.980111 -0.198448 0
vn -0.995015 -0.0997211 1.33007e-17
vn -0.995015 -0.0997211 -1.33007e-17
vn -1 0 0
vn -0.998732 -0.0503411 0
vn -0.998732 -0.0503411 0
vn -0.994932 -0.100554 0
vn -0.979851 -0.199728 0
vn -0.979851 -0.199728 0
vn -0.954911 -0.296892 0
vn -0.921256 -0.388958 1.19233e-17
vn -0.921256 -0.388958 -1.19233e-17
vn -0.878748 -0.477286 0
vn -0.828904 -0.559391 2.23887e-17
vn -0.828904 -0.559391 -2.23887e-17
vn -0.771413 -0.636335 0
vn -0.707332 -0.706882 1.82511e-18
vn -0.707332 -0.706882 -1.82511e-18
vn -0.636826 -0.771008 0
vn -0.559874 -0.828577 -1.51253e-17
vn -0.559874 -0.828577 1.51253e-17
vn -0.477752 -0.878495 0
vn -0.389359 -0.921086 -1.05183e-17
vn -0.389359 -0.921086 1.05183e-17
vn -0.297218 -0.95481 0
vn -0.199949 -0.979806 -2.66822e-18
vn -0.199949 -0.979806 2.66822e-18
vn -0.100664 -0.99492 0
vn -0.0503961 -0.998729 1.36173e-18
vn -0.0503961 -0.998729 -1.36173e-18
vn 0 -1 0
vn 0.238287 -0.971195 0
vn 0.238287 -0.971195 0
vn 0.462846 -0.886438 0
vn 0.238287 -0.971195 0
vn 0.238287 -0.971195 0
vn 0 -1 0
vn 0 -1 0
vn 0 -1 0


# Faces: 
usemtl material0
f 163/57/1 161/55/1 162/56/1
f 161/55/1 163/57/1 164/58/1
f 166/60/1 159/53/1 165/59/1
f 164/58/1 165/59/1 161/55/1
f 160/54/1 161/55/1 165/59/1
f 165/59/1 159/53/1 160/54/1
f 184/78/1 139/33/1 140/34/1
f 183/77/1 142/36/1 143/37/1
f 140/34/1 141/35/1 184/78/1
f 183/77/1 141/35/1 142/36/1
f 141/35/1 183/77/1 184/78/1
f 166/60/1 158/52/1 159/53/1
f 157/51/1 158/52/1 168/62/1
f 167/61/1 158/52/1 166/60/1
f 168/62/1 158/52/1 167/61/1
f 169/63/1 156/50/1 157/51/1
f 169/63/1 157/51/1 168/62/1
f 143/37/1 144/38/1 182/76/1
f 182/76/1 144/38/1 181/75/1
f 143/37/1 182/76/1 183/77/1
f 180/74/1 145/39/1 179/73/1
f 181/75/1 144/38/1 180/74/1
f 180/74/1 144/38/1 145/39/1
f 156/50/1 169/63/1 170/64/1
f 187/81/1 134/28/1 135/29/1
f 186/80/1 135/29/1 136/30/1
f 135/29/1 186/80/1 187/81/1
f 186/80/1 136/30/1 137/31/1
f 186/80/1 137/31/1 185/79/1
f 134/28/1 187/81/1 188/82/1
f 132/26/1 189/83/1 131/25/1
f 189/83/1 132/26/1 133/27/1
f 188/82/1 189/83/1 133/27/1
f 130/24/1 190/84/1 191/85/1
f 130/24/1 131/25/1 190/84/1
f 190/84/1 131/25/1 189/83/1
f 133/27/1 134/28/1 188/82/1
f 129/23/1 191/85/1 192/86/1
f 185/79/1 137/31/1 138/32/1
f 191/85/1 129/23/1 130/24/1
f 185/79/1 138/32/1 139/33/1
f 192/86/1 193/87/1 129/23/1
f 139/33/1 184/78/1 185/79/1
f 129/23/1 193/87/1 128/22/1
f 128/22/1 194/88/1 127/21/1
f 194/88/1 128/22/1 193/87/1
f 127/21/1 194/88/1 195/89/1
f 195/89/1 196/90/1 125/19/1
f 125/19/1 126/20/1 195/89/1
f 195/89/1 126/20/1 127/21/1
f 179/73/1 145/39/1 146/40/1
f 154/48/1 155/49/1 170/64/1
f 170/64/1 155/49/1 156/50/1
f 154/48/1 170/64/1 171/65/1
f 115/9/1 202/96/1 203/97/1
f 114/8/1 203/97/1 204/98/1
f 154/48/1 171/65/1 153/47/1
f 152/46/1 153/47/1 172/66/1
f 174/68/1 152/46/1 173/67/1
f 151/45/1 174/68/1 150/44/1
f 151/45/1 152/46/1 174/68/1
f 173/67/1 152/46/1 172/66/1
f 171/65/1 172/66/1 153/47/1
f 209/103/1 112/6/1 208/102/1
f 111/5/1 209/103/1 210/104/1
f 210/104/1 110/4/1 111/5/1
f 110/4/1 210/104/1 211/105/1
f 110/4/1 211/105/1 212/106/1
f 112/6/1 209/103/1 111/5/1
f 203/97/1 114/8/1 115/9/1
f 114/8/1 204/98/1 205/99/1
f 114/8/1 205/99/1 113/7/1
f 207/101/1 112/6/1 113/7/1
f 112/6/1 207/101/1 208/102/1
f 206/100/1 113/7/1 205/99/1
f 113/7/1 206/100/1 207/101/1
f 116/10/1 202/96/1 115/9/1
f 148/42/1 149/43/1 177/71/1
f 177/71/1 149/43/1 176/70/1
f 148/42/1 177/71/1 178/72/1
f 150/44/1 175/69/1 176/70/1
f 150/44/1 176/70/1 149/43/1
f 124/18/1 125/19/1 196/90/1
f 146/40/1 178/72/1 179/73/1
f 146/40/1 147/41/1 178/72/1
f 147/41/1 148/42/1 178/72/1
f 197/91/1 198/92/1 123/17/1
f 197/91/1 124/18/1 196/90/1
f 123/17/1 124/18/1 197/91/1
f 198/92/1 122/16/1 123/17/1
f 150/44/1 174/68/1 175/69/1
f 201/95/1 116/10/1 117/11/1
f 201/95/1 202/96/1 116/10/1
f 201/95/1 117/11/1 200/94/1
f 212/106/1 107/1/1 108/2/1
f 108/2/1 109/3/1 212/106/1
f 198/92/1 121/15/1 122/16/1
f 199/93/1 121/15/1 198/92/1
f 121/15/1 199/93/1 120/14/1
f 200/94/1 118/12/1 119/13/1
f 118/12/1 200/94/1 117/11/1
f 120/14/1 199/93/1 119/13/1
f 119/13/1 199/93/1 200/94/1
f 109/3/1 110/4/1 212/106/1
f 55/161/2 57/163/2 56/162/2
f 57/163/2 55/161/2 58/164/2
f 53/159/2 60/166/2 59/165/2
f 59/165/2 58/164/2 55/161/2
f 55/161/2 54/160/2 59/165/2
f 53/159/2 59/165/2 54/160/2
f 33/139/2 78/184/2 34/140/2
f 36/142/2 77/183/2 37/143/2
f 35/141/2 34/140/2 78/184/2
f 35/141/2 77/183/2 36/142/2
f 77/183/2 35/141/2 78/184/2
f 52/158/2 60/166/2 53/159/2
f 52/158/2 51/157/2 62/168/2
f 52/158/2 61/167/2 60/166/2
f 52/158/2 62/168/2 61/167/2
f 50/156/2 63/169/2 51/157/2
f 51/157/2 63/169/2 62/168/2
f 38/144/2 37/143/2 76/182/2
f 38/144/2 76/182/2 75/181/2
f 76/182/2 37/143/2 77/183/2
f 39/145/2 74/180/2 73/179/2
f 38/144/2 75/181/2 74/180/2
f 38/144/2 74/180/2 39/145/2
f 63/169/2 50/156/2 64/170/2
f 28/134/2 81/187/2 29/135/2
f 29/135/2 80/186/2 30/136/2
f 80/186/2 29/135/2 81/187/2
f 30/136/2 80/186/2 31/137/2
f 31/137/2 80/186/2 79/185/2
f 81/187/2 28/134/2 82/188/2
f 83/189/2 26/132/2 25/131/2
f 26/132/2 83/189/2 27/133/2
f 83/189/2 82/188/2 27/133/2
f 84/190/2 24/130/2 85/191/2
f 25/131/2 24/130/2 84/190/2
f 25/131/2 84/190/2 83/189/2
f 28/134/2 27/133/2 82/188/2
f 85/191/2 23/129/2 86/192/2
f 31/137/2 79/185/2 32/138/2
f 23/129/2 85/191/2 24/130/2
f 32/138/2 79/185/2 33/139/2
f 87/193/2 86/192/2 23/129/2
f 78/184/2 33/139/2 79/185/2
f 87/193/2 23/129/2 22/128/2
f 88/194/2 22/128/2 21/127/2
f 22/128/2 88/194/2 87/193/2
f 88/194/2 21/127/2 89/195/2
f 90/196/2 89/195/2 19/125/2
f 20/126/2 19/125/2 89/195/2
f 20/126/2 89/195/2 21/127/2
f 39/145/2 73/179/2 40/146/2
f 49/155/2 48/154/2 64/170/2
f 49/155/2 64/170/2 50/156/2
f 64/170/2 48/154/2 65/171/2
f 96/202/2 9/115/2 97/203/2
f 97/203/2 8/114/2 98/204/2
f 65/171/2 48/154/2 47/153/2
f 47/153/2 46/152/2 66/172/2
f 46/152/2 68/174/2 67/173/2
f 68/174/2 45/151/2 44/150/2
f 46/152/2 45/151/2 68/174/2
f 46/152/2 67/173/2 66/172/2
f 66/172/2 65/171/2 47/153/2
f 6/112/2 103/209/2 102/208/2
f 103/209/2 5/111/2 104/210/2
f 4/110/2 104/210/2 5/111/2
f 104/210/2 4/110/2 105/211/2
f 105/211/2 4/110/2 106/212/2
f 103/209/2 6/112/2 5/111/2
f 8/114/2 97/203/2 9/115/2
f 98/204/2 8/114/2 99/205/2
f 99/205/2 8/114/2 7/113/2
f 6/112/2 101/207/2 7/113/2
f 101/207/2 6/112/2 102/208/2
f 7/113/2 100/206/2 99/205/2
f 100/206/2 7/113/2 101/207/2
f 96/202/2 10/116/2 9/115/2
f 43/149/2 42/148/2 71/177/2
f 43/149/2 71/177/2 70/176/2
f 71/177/2 42/148/2 72/178/2
f 69/175/2 44/150/2 70/176/2
f 70/176/2 44/150/2 43/149/2
f 19/125/2 18/124/2 90/196/2
f 72/178/2 40/146/2 73/179/2
f 41/147/2 40/146/2 72/178/2
f 42/148/2 41/147/2 72/178/2
f 92/198/2 91/197/2 17/123/2
f 18/124/2 91/197/2 90/196/2
f 18/124/2 17/123/2 91/197/2
f 16/122/2 92/198/2 17/123/2
f 68/174/2 44/150/2 69/175/2
f 10/116/2 95/201/2 11/117/2
f 96/202/2 95/201/2 10/116/2
f 11/117/2 95/201/2 94/200/2
f 1/107/2 106/212/2 2/108/2
f 3/109/2 2/108/2 106/212/2
f 15/121/2 92/198/2 16/122/2
f 15/121/2 93/199/2 92/198/2
f 93/199/2 15/121/2 14/120/2
f 12/118/2 94/200/2 13/119/2
f 94/200/2 12/118/2 11/117/2
f 93/199/2 14/120/2 13/119/2
f 93/199/2 13/119/2 94/200/2
f 4/110/2 3/109/2 106/212/2
f 213/437/3 1/213/4 2/214/5
f 213/437/3 2/214/5 108/326/6
f 213/437/3 108/326/6 107/325/7
f 213/437/3 107/325/7 1/213/4
f 214/438/8 2/215/9 3/216/10
f 214/438/8 3/216/10 109/328/11
f 214/438/8 109/328/11 108/327/12
f 214/438/8 108/327/12 2/215/9
f 215/439/13 3/216/10 4/217/14
f 215/439/13 4/217/14 110/329/15
f 215/439/13 110/329/15 109/328/11
f 215/439/13 109/328/11 3/216/10
f 216/440/16 4/217/14 5/218/17
f 216/440/16 5/218/17 111/330/18
f 216/440/16 111/330/18 110/329/15
f 216/440/16 110/329/15 4/217/14
f 217/441/19 5/218/17 6/219/20
f 217/441/19 6/219/20 112/331/21
f 217/441/19 112/331/21 111/330/18
f 217/441/19 111/330/18 5/218/17
f 218/442/22 6/219/20 7/220/23
f 218/442/22 7/220/23 113/332/24
f 218/442/22 113/332/24 112/331/21
f 218/442/22 112/331/21 6/219/20
f 219/443/25 7/220/23 8/221/26
f 219/443/25 8/221/26 114/333/27
f 219/443/25 114/333/27 113/332/24
f 219/443/25 113/332/24 7/220/23
f 220/444/28 8/221/26 9/222/29
f 220/444/28 9/222/29 115/334/30
f 220/444/28 115/334/30 114/333/27
f 220/444/28 114/333/27 8/221/26
f 221/445/31 9/222/29 10/223/32
f 221/445/31 10/223/32 116/335/33
f 221/445/31 116/335/33 115/334/30
f 221/445/31 115/334/30 9/222/29
f 222/446/34 10/223/32 11/224/35
f 222/446/34 11/224/35 117/336/36
f 222/446/34 117/336/36 116/335/33
f 222/446/34 116/335/33 10/223/32
f 223/447/37 11/224/35 12/225/38
f 223/447/37 12/225/38 118/337/39
f 223/447/37 118/337/39 117/336/36
f 223/447/37 117/336/36 11/224/35
f 224/448/40 12/225/38 13/226/41
f 224/448/40 13/226/41 119/338/42
f 224/448/40 119/338/42 118/337/39
f 224/448/40 118/337/39 12/225/38
f 225/449/43 13/226/41 14/227/44
f 225/449/43 14/227/44 120/339/45
f 225/449/43 120/339/45 119/338/42
f 225/449/43 119/338/42 13/226/41
f 226/450/46 14/227/44 15/228/47
f 226/450/46 15/228/47 121/340/48
f 226/450/46 121/340/48 120/339/45
f 226/450/46 120/339/45 14/227/44
f 227/451/49 15/228/47 16/229/50
f 227/451/49 16/229/50 122/341/51
f 227/451/49 122/341/51 121/340/48
f 227/451/49 121/340/48 15/228/47
f 228/452/52 16/229/50 17/230/53
f 228/452/52 17/230/53 123/342/54
f 228/452/52 123/342/54 122/341/51
f 228/452/52 122/341/51 16/229/50
f 229/453/55 17/230/53 18/231/56
f 229/453/55 18/231/56 124/343/57
f 229/453/55 124/343/57 123/342/54
f 229/453/55 123/342/54 17/230/53
f 230/454/58 18/231/56 19/232/59
f 230/454/58 19/232/59 125/344/60
f 230/454/58 125/344/60 124/343/57
f 230/454/58 124/343/57 18/231/56
f 231/455/61 19/233/59 20/234/62
f 231/455/61 20/234/62 126/346/63
f 231/455/61 126/346/63 125/345/60
f 231/455/61 125/345/60 19/233/59
f 232/456/64 20/234/62 21/235/65
f 232/456/64 21/235/65 127/347/66
f 232/456/64 127/347/66 126/346/63
f 232/456/64 126/346/63 20/234/62
f 233/457/67 21/235/65 22/236/68
f 233/457/67 22/236/68 128/348/69
f 233/457/67 128/348/69 127/347/66
f 233/457/67 127/347/66 21/235/65
f 234/458/70 22/236/68 23/237/71
f 234/458/70 23/237/71 129/349/72
f 234/458/70 129/349/72 128/348/69
f 234/458/70 128/348/69 22/236/68
f 235/459/73 23/237/71 24/238/74
f 235/459/73 24/238/74 130/350/75
f 235/459/73 130/350/75 129/349/72
f 235/459/73 129/349/72 23/237/71
f 236/460/76 24/238/74 25/239/77
f 236/460/76 25/239/77 131/351/78
f 236/460/76 131/351/78 130/350/75
f 236/460/76 130/350/75 24/238/74
f 237/461/79 25/239/77 26/240/80
f 237/461/79 26/240/80 132/352/81
f 237/461/79 132/352/81 131/351/78
f 237/461/79 131/351/78 25/239/77
f 238/462/82 26/240/80 27/241/83
f 238/462/82 27/241/83 133/353/84
f 238/462/82 133/353/84 132/352/81
f 238/462/82 132/352/81 26/240/80
f 239/463/85 27/241/83 28/242/86
f 239/463/85 28/242/86 134/354/87
f 239/463/85 134/354/87 133/353/84
f 239/463/85 133/353/84 27/241/83
f 240/464/88 28/242/86 29/243/89
f 240/464/88 29/243/89 135/355/90
f 240/464/88 135/355/90 134/354/87
f 240/464/88 134/354/87 28/242/86
f 241/465/91 29/243/89 30/244/92
f 241/465/91 30/244/92 136/356/93
f 241/465/91 136/356/93 135/355/90
f 241/465/91 135/355/90 29/243/89
f 242/466/94 30/244/92 31/245/95
f 242/466/94 31/245/95 137/357/96
f 242/466/94 137/357/96 136/356/93
f 242/466/94 136/356/93 30/244/92
f 243/467/97 31/245/95 32/246/98
f 243/467/97 32/246/98 138/358/99
f 243/467/97 138/358/99 137/357/96
f 243/467/97 137/357/96 31/245/95
f 244/468/100 32/246/98 33/247/101
f 244/468/100 33/247/101 139/359/102
f 244/468/100 139/359/102 138/358/99
f 244/468/100 138/358/99 32/246/98
f 245/469/103 33/247/101 34/248/104
f 245/469/103 34/248/104 140/360/105
f 245/469/103 140/360/105 139/359/102
f 245/469/103 139/359/102 33/247/101
f 246/470/106 34/248/104 35/249/107
f 246/470/106 35/249/107 141/361/108
f 246/470/106 141/361/108 140/360/105
f 246/470/106 140/360/105 34/248/104
f 247/471/109 35/249/107 36/250/110
f 247/471/109 36/250/110 142/362/111
f 247/471/109 142/362/111 141/361/108
f 247/471/109 141/361/108 35/249/107
f 248/472/112 36/250/110 37/251/113
f 248/472/112 37/251/113 143/363/114
f 248/472/112 143/363/114 142/362/111
f 248/472/112 142/362/111 36/250/110
f 249/473/115 37/251/113 38/252/116
f 249/473/115 38/252/116 144/364/117
f 249/473/115 144/364/117 143/363/114
f 249/473/115 143/363/114 37/251/113
f 250/474/118 38/252/116 39/253/119
f 250/474/118 39/253/119 145/365/120
f 250/474/118 145/365/120 144/364/117
f 250/474/118 144/364/117 38/252/116
f 251/475/121 39/253/119 40/254/122
f 251/475/121 40/254/122 146/366/123
f 251/475/121 146/366/123 145/365/120
f 251/475/121 145/365/120 39/253/119
f 252/476/124 40/254/122 41/255/125
f 252/476/124 41/255/125 147/367/126
f 252/476/124 147/367/126 146/366/123
f 252/476/124 146/366/123 40/254/122
f 253/477/127 41/255/125 42/256/128
f 253/477/127 42/256/128 148/368/129
f 253/477/127 148/368/129 147/367/126
f 253/477/127 147/367/126 41/255/125
f 254/478/130 42/256/128 43/257/131
f 254/478/130 43/257/131 149/369/132
f 254/478/130 149/369/132 148/368/129
f 254/478/130 148/368/129 42/256/128
f 255/479/133 43/257/131 44/258/134
f 255/479/133 44/258/134 150/370/135
f 255/479/133 150/370/135 149/369/132
f 255/479/133 149/369/132 43/257/131
f 256/480/136 44/258/134 45/259/137
f 256/480/136 45/259/137 151/371/138
f 256/480/136 151/371/138 150/370/135
f 256/480/136 150/370/135 44/258/134
f 257/481/139 45/259/137 46/260/140
f 257/481/139 46/260/140 152/372/141
f 257/481/139 152/372/141 151/371/138
f 257/481/139 151/371/138 45/259/137
f 258/482/142 46/260/140 47/261/143
f 258/482/142 47/261/143 153/373/144
f 258/482/142 153/373/144 152/372/141
f 258/482/142 152/372/141 46/260/140
f 259/483/145 47/261/143 48/262/146
f 259/483/145 48/262/146 154/374/147
f 259/483/145 154/374/147 153/373/144
f 259/483/145 153/373/144 47/261/143
f 260/484/148 48/262/146 49/263/149
f 260/484/148 49/263/149 155/375/150
f 260/484/148 155/375/150 154/374/147
f 260/484/148 154/374/147 48/262/146
f 261/485/151 49/263/149 50/264/152
f 261/485/151 50/264/152 156/376/153
f 261/485/151 156/376/153 155/375/150
f 261/485/151 155/375/150 49/263/149
f 262/486/154 50/264/152 51/265/155
f 262/486/154 51/265/155 157/377/156
f 262/486/154 157/377/156 156/376/153
f 262/486/154 156/376/153 50/264/152
f 263/487/157 51/265/155 52/266/158
f 263/487/157 52/266/158 158/378/159
f 263/487/157 158/378/159 157/377/156
f 263/487/157 157/377/156 51/265/155
f 264/488/160 52/266/158 53/267/161
f 264/488/160 53/267/161 159/379/162
f 264/488/160 159/379/162 158/378/159
f 264/488/160 158/378/159 52/266/158
f 265/489/163 53/267/161 54/268/164
f 265/489/163 54/268/164 160/380/165
f 265/489/163 160/380/165 159/379/162
f 265/489/163 159/379/162 53/267/161
f 266/490/166 54/268/164 55/269/167
f 266/490/166 55/269/167 161/381/168
f 266/490/166 161/381/168 160/380/165
f 266/490/166 160/380/165 54/268/164
f 267/491/169 55/269/167 56/270/170
f 267/491/169 56/270/170 162/382/171
f 267/491/169 162/382/171 161/381/168
f 267/491/169 161/381/168 55/269/167
f 268/492/172 56/271/173 57/272/174
f 268/492/172 57/272/174 163/384/175
f 268/492/172 163/384/175 162/383/176
f 268/492/172 162/383/176 56/271/173
f 269/493/177 57/273/178 58/274/179
f 269/493/177 58/274/179 164/386/180
f 269/493/177 164/386/180 163/385/181
f 269/493/177 163/385/181 57/273/178
f 270/494/182 58/274/179 59/275/183
f 270/494/182 59/275/183 165/387/184
f 270/494/182 165/387/184 164/386/180
f 270/494/182 164/386/180 58/274/179
f 271/495/185 59/275/183 60/276/186
f 271/495/185 60/276/186 166/388/187
f 271/495/185 166/388/187 165/387/184
f 271/495/185 165/387/184 59/275/183
f 272/496/188 60/276/186 61/277/189
f 272/496/188 61/277/189 167/389/190
f 272/496/188 167/389/190 166/388/187
f 272/496/188 166/388/187 60/276/186
f 273/497/191 61/277/189 62/278/192
f 273/497/191 62/278/192 168/390/193
f 273/497/191 168/390/193 167/389/190
f 273/497/191 167/389/190 61/277/189
f 274/498/194 62/278/192 63/279/195
f 274/498/194 63/279/195 169/391/196
f 274/498/194 169/391/196 168/390/193
f 274/498/194 168/390/193 62/278/192
f 275/499/197 63/279/195 64/280/198
f 275/499/197 64/280/198 170/392/199
f 275/499/197 170/392/199 169/391/196
f 275/499/197 169/391/196 63/279/195
f 276/500/200 64/280/198 65/281/201
f 276/500/200 65/281/201 171/393/202
f 276/500/200 171/393/202 170/392/199
f 276/500/200 170/392/199 64/280/198
f 277/501/203 65/281/201 66/282/204
f 277/501/203 66/282/204 172/394/205
f 277/501/203 172/394/205 171/393/202
f 277/501/203 171/393/202 65/281/201
f 278/502/206 66/282/204 67/283/207
f 278/502/206 67/283/207 173/395/208
f 278/502/206 173/395/208 172/394/205
f 278/502/206 172/394/205 66/282/204
f 279/503/209 67/283/207 68/284/210
f 279/503/209 68/284/210 174/396/211
f 279/503/209 174/396/211 173/395/208
f 279/503/209 173/395/208 67/283/207
f 280/504/212 68/284/210 69/285/213
f 280/504/212 69/285/213 175/397/214
f 280/504/212 175/397/214 174/396/211
f 280/504/212 174/396/211 68/284/210
f 281/505/215 69/285/213 70/286/216
f 281/505/215 70/286/216 176/398/217
f 281/505/215 176/398/217 175/397/214
f 281/505/215 175/397/214 69/285/213
f 282/506/218 70/286/216 71/287/219
f 282/506/218 71/287/219 177/399/220
f 282/506/218 177/399/220 176/398/217
f 282/506/218 176/398/217 70/286/216
f 283/507/221 71/287/219 72/288/222
f 283/507/221 72/288/222 178/400/223
f 283/507/221 178/400/223 177/399/220
f 283/507/221 177/399/220 71/287/219
f 284/508/224 72/288/222 73/289/225
f 284/508/224 73/289/225 179/401/226
f 284/508/224 179/401/226 178/400/223
f 284/508/224 178/400/223 72/288/222
f 285/509/227 73/289/225 74/290/228
f 285/509/227 74/290/228 180/402/229
f 285/509/227 180/402/229 179/401/226
f 285/509/227 179/401/226 73/289/225
f 286/510/230 74/290/228 75/291/231
f 286/510/230 75/291/231 181/403/232
f 286/510/230 181/403/232 180/402/229
f 286/510/230 180/402/229 74/290/228
f 287/511/233 75/291/231 76/292/234
f 287/511/233 76/292/234 182/404/235
f 287/511/233 182/404/235 181/403/232
f 287/511/233 181/403/232 75/291/231
f 288/512/236 76/292/234 77/293/237
f 288/512/236 77/293/237 183/405/238
f 288/512/236 183/405/238 182/404/235
f 288/512/236 182/404/235 76/292/234
f 289/513/239 77/293/237 78/294/240
f 289/513/239 78/294/240 184/406/241
f 289/513/239 184/406/241 183/405/238
f 289/513/239 183/405/238 77/293/237
f 290/514/242 78/294/240 79/295/243
f 290/514/242 79/295/243 185/407/244
f 290/514/242 185/407/244 184/406/241
f 290/514/242 184/406/241 78/294/240
f 291/515/245 79/295/243 80/296/246
f 291/515/245 80/296/246 186/408/247
f 291/515/245 186/408/247 185/407/244
f 291/515/245 185/407/244 79/295/243
f 292/516/248 80/296/246 81/297/249
f 292/516/248 81/297/249 187/409/250
f 292/516/248 187/409/250 186/408/247
f 292/516/248 186/408/247 80/296/246
f 293/517/251 81/297/249 82/298/252
f 293/517/251 82/298/252 188/410/253
f 293/517/251 188/410/253 187/409/250
f 293/517/251 187/409/250 81/297/249
f 294/518/254 82/298/252 83/299/255
f 294/518/254 83/299/255 189/411/256
f 294/518/254 189/411/256 188/410/253
f 294/518/254 188/410/253 82/298/252
f 295/519/257 83/299/255 84/300/258
f 295/519/257 84/300/258 190/412/259
f 295/519/257 190/412/259 189/411/256
f 295/519/257 189/411/256 83/299/255
f 296/520/260 84/300/258 85/301/261
f 296/520/260 85/301/261 191/413/262
f 296/520/260 191/413/262 190/412/259
f 296/520/260 190/412/259 84/300/258
f 297/521/263 85/301/261 86/302/264
f 297/521/263 86/302/264 192/414/265
f 297/521/263 192/414/265 191/413/262
f 297/521/263 191/413/262 85/301/261
f 298/522/266 86/302/264 87/303/267
f 298/522/266 87/303/267 193/415/268
f 298/522/266 193/415/268 192/414/265
f 298/522/266 192/414/265 86/302/264
f 299/523/269 87/303/267 88/304/270
f 299/523/269 88/304/270 194/416/271
f 299/523/269 194/416/271 193/415/268
f 299/523/269 193/415/268 87/303/267
f 300/524/272 88/304/270 89/305/273
f 300/524/272 89/305/273 195/417/274
f 300/524/272 195/417/274 194/416/271
f 300/524/272 194/416/271 88/304/270
f 301/525/275 89/305/273 90/306/276
f 301/525/275 90/306/276 196/418/277
f 301/525/275 196/418/277 195/417/274
f 301/525/275 195/417/274 89/305/273
f 302/526/278 90/306/276 91/307/279
f 302/526/278 91/307/279 197/419/280
f 302/526/278 197/419/280 196/418/277
f 302/526/278 196/418/277 90/306/276
f 303/527/281 91/308/279 92/309/282
f 303/527/281 92/309/282 198/421/283
f 303/527/281 198/421/283 197/420/280
f 303/527/281 197/420/280 91/308/279
f 304/528/284 92/309/282 93/310/285
f 304/528/284 93/310/285 199/422/286
f 304/528/284 199/422/286 198/421/283
f 304/528/284 198/421/283 92/309/282
f 305/529/287 93/310/285 94/311/288
f 305/529/287 94/311/288 200/423/289
f 305/529/287 200/423/289 199/422/286
f 305/529/287 199/422/286 93/310/285
f 306/530/290 94/311/288 95/312/291
f 306/530/290 95/312/291 201/424/292
f 306/530/290 201/424/292 200/423/289
f 306/530/290 200/423/289 94/311/288
f 307/531/293 95/312/291 96/313/294
f 307/531/293 96/313/294 202/425/295
f 307/531/293 202/425/295 201/424/292
f 307/531/293 201/424/292 95/312/291
f 308/532/296 96/313/294 97/314/297
f 308/532/296 97/314/297 203/426/298
f 308/532/296 203/426/298 202/425/295
f 308/532/296 202/425/295 96/313/294
f 309/533/299 97/314/297 98/315/300
f 309/533/299 98/315/300 204/427/301
f 309/533/299 204/427/301 203/426/298
f 309/533/299 203/426/298 97/314/297
f 310/534/302 98/315/300 99/316/303
f 310/534/302 99/316/303 205/428/304
f 310/534/302 205/428/304 204/427/301
f 310/534/302 204/427/301 98/315/300
f 311/535/305 99/316/303 100/317/306
f 311/535/305 100/317/306 206/429/307
f 311/535/305 206/429/307 205/428/304
f 311/535/305 205/428/304 99/316/303
f 312/536/308 100/317/306 101/318/309
f 312/536/308 101/318/309 207/430/310
f 312/536/308 207/430/310 206/429/307
f 312/536/308 206/429/307 100/317/306
f 313/537/311 101/318/309 102/319/312
f 313/537/311 102/319/312 208/431/313
f 313/537/311 208/431/313 207/430/310
f 313/537/311 207/430/310 101/318/309
f 314/538/314 102/319/312 103/320/315
f 314/538/314 103/320/315 209/432/316
f 314/538/314 209/432/316 208/431/313
f 314/538/314 208/431/313 102/319/312
f 315/539/317 103/320/315 104/321/318
f 315/539/317 104/321/318 210/433/319
f 315/539/317 210/433/319 209/432/316
f 315/539/317 209/432/316 103/320/315
f 316/540/320 104/321/318 105/322/321
f 316/540/320 105/322/321 211/434/322
f 316/540/320 211/434/322 210/433/319
f 316/540/320 210/433/319 104/321/318
f 317/541/323 105/322/321 106/323/324
f 317/541/323 106/323/324 212/435/325
f 317/541/323 212/435/325 211/434/322
f 317/541/323 211/434/322 105/322/321
f 318/542/326 106/323/324 1/324/327
f 318/542/326 1/324/327 107/436/328
f 318/542/326 107/436/328 212/435/325
f 318/542/326 212/435/325 106/323/324

# Vertex Positions: 
g groupNumber_1
v 1.20123 -0.512824 -16.9263
v 1.20123 -0.503999 -16.9263
v 0.580864 -0.503999 -16.9263
v 0.332179 -0.629927 -16.9263
v -0.597032 -0.629927 -16.9263
v -0.622182 -0.624835 -16.9263
v -0.642741 -0.610959 -16.9263
v -0.656613 -0.590399 -16.9263
v -0.661703 -0.565257 -16.9263
v -0.661703 0.669606 -16.9263
v -0.663199 0.684398 -16.9263
v -0.667488 0.698185 -16.9263
v -0.674272 0.710668 -16.9263
v -0.683255 0.721549 -16.9263
v -0.694136 0.730531 -16.9263
v -0.706619 0.737316 -16.9263
v -0.720406 0.741605 -16.9263
v -0.735198 0.743101 -16.9263
v -12.1832 0.743101 -16.9263
v -12.1982 0.741583 -16.9263
v -12.2122 0.737231 -16.9263
v -12.2249 0.730347 -16.9263
v -12.2359 0.721233 -16.9263
v -12.2451 0.710191 -16.9263
v -12.2519 0.697523 -16.9263
v -12.2563 0.683532 -16.9263
v -12.2578 0.66852 -16.9263
v -12.2578 -0.367763 -16.9263
v -12.2563 -0.382774 -16.9263
v -12.2519 -0.396764 -16.9263
v -12.2451 -0.409428 -16.9263
v -12.2359 -0.420467 -16.9263
v -12.2249 -0.429578 -16.9263
v -12.2122 -0.43646 -16.9263
v -12.1982 -0.44081 -16.9263
v -12.1832 -0.442327 -16.9263
v -11.5075 -0.442327 -16.9263
v -11.4933 -0.443765 -16.9263
v -11.48 -0.447885 -16.9263
v -11.4681 -0.454404 -16.9263
v -11.4576 -0.463032 -16.9263
v -11.449 -0.473486 -16.9263
v -11.4425 -0.485477 -16.9263
v -11.4383 -0.49872 -16.9263
v -11.4369 -0.512927 -16.9263
v -11.4383 -0.527134 -16.9263
v -11.4425 -0.540372 -16.9263
v -11.449 -0.552358 -16.9263
v -11.4576 -0.562805 -16.9263
v -11.4681 -0.571427 -16.9263
v -11.48 -0.57794 -16.9263
v -11.4933 -0.582057 -16.9263
v -11.5075 -0.583493 -16.9263
v -12.1623 -0.583493 -16.9263
v -12.4702 -0.72814 -16.9263
v -13.9788 -0.72814 -16.9263
v -13.9788 -0.736965 -16.9263
v -12.4682 -0.736965 -16.9263
v -12.1613 -0.592318 -16.9263
v -11.5075 -0.592318 -16.9263
v -11.4915 -0.590702 -16.9263
v -11.4766 -0.58607 -16.9263
v -11.4631 -0.578742 -16.9263
v -11.4514 -0.56904 -16.9263
v -11.4417 -0.557286 -16.9263
v -11.4343 -0.543802 -16.9263
v -11.4297 -0.528908 -16.9263
v -11.4281 -0.512927 -16.9263
v -11.4297 -0.496945 -16.9263
v -11.4343 -0.482047 -16.9263
v -11.4417 -0.468557 -16.9263
v -11.4514 -0.456797 -16.9263
v -11.4631 -0.447089 -16.9263
v -11.4766 -0.439756 -16.9263
v -11.4915 -0.435119 -16.9263
v -11.5075 -0.433502 -16.9263
v -12.1832 -0.433502 -16.9263
v -12.2088 -0.428325 -16.9263
v -12.2297 -0.414219 -16.9263
v -12.2438 -0.39332 -16.9263
v -12.249 -0.367763 -16.9263
v -12.249 0.66852 -16.9263
v -12.2438 0.694093 -16.9263
v -12.2297 0.714997 -16.9263
v -12.2088 0.729102 -16.9263
v -12.1832 0.734276 -16.9263
v -0.735198 0.734276 -16.9263
v -0.710049 0.729186 -16.9263
v -0.68949 0.715314 -16.9263
v -0.675617 0.694755 -16.9263
v -0.670528 0.669606 -16.9263
v -0.670528 -0.565257 -16.9263
v -0.669032 -0.580054 -16.9263
v -0.664742 -0.593843 -16.9263
v -0.657958 -0.606327 -16.9263
v -0.648976 -0.617207 -16.9263
v -0.638094 -0.626187 -16.9263
v -0.625611 -0.63297 -16.9263
v -0.611824 -0.637257 -16.9263
v -0.597032 -0.638752 -16.9263
v 0.333247 -0.638752 -16.9263
v 0.581933 -0.512824 -16.9263
v 1.20123 -0.512824 16.9263
v 1.20123 -0.503999 16.9263
v 0.580864 -0.503999 16.9263
v 0.332179 -0.629927 16.9263
v -0.597032 -0.629927 16.9263
v -0.622182 -0.624835 16.9263
v -0.642741 -0.610959 16.9263
v -0.656613 -0.590399 16.9263
v -0.661703 -0.565257 16.9263
v -0.661703 0.669606 16.9263
v -0.663199 0.684398 16.9263
v -0.667488 0.698185 16.9263
v -0.674272 0.710668 16.9263
v -0.683255 0.721549 16.9263
v -0.694136 0.730531 16.9263
v -0.706619 0.737316 16.9263
v -0.720406 0.741605 16.9263
v -0.735198 0.743101 16.9263
v -12.1832 0.743101 16.9263
v -12.1982 0.741583 16.9263
v -12.2122 0.737231 16.9263
v -12.2249 0.730347 16.9263
v -12.2359 0.721233 16.9263
v -12.2451 0.710191 16.9263
v -12.2519 0.697523 16.9263
v -12.2563 0.683532 16.9263
v -12.2578 0.66852 16.9263
v -12.2578 -0.367763 16.9263
v -12.2563 -0.382774 16.9263
v -12.2519 -0.396764 16.9263
v -12.2451 -0.409428 16.9263
v -12.2359 -0.420467 16.9263
v -12.2249 -0.429578 16.9263
v -12.2122 -0.43646 16.9263
v -12.1982 -0.44081 16.9263
v -12.1832 -0.442327 16.9263
v -11.5075 -0.442327 16.9263
v -11.4933 -0.443765 16.9263
v -11.48 -0.447885 16.9263
v -11.4681 -0.454404 16.9263
v -11.4576 -0.463032 16.9263
v -11.449 -0.473486 16.9263
v -11.4425 -0.485477 16.9263
v -11.4383 -0.49872 16.9263
v -11.4369 -0.512927 16.9263
v -11.4383 -0.527134 16.9263
v -11.4425 -0.540372 16.9263
v -11.449 -0.552358 16.9263
v -11.4576 -0.562805 16.9263
v -11.4681 -0.571427 16.9263
v -11.48 -0.57794 16.9263
v -11.4933 -0.582057 16.9263
v -11.5075 -0.583493 16.9263
v -12.1623 -0.583493 16.9263
v -12.4702 -0.72814 16.9263
v -13.9788 -0.72814 16.9263
v -13.9788 -0.736965 16.9263
v -12.4682 -0.736965 16.9263
v -12.1613 -0.592318 16.9263
v -11.5075 -0.592318 16.9263
v -11.4915 -0.590702 16.9263
v -11.4766 -0.58607 16.9263
v -11.4631 -0.578742 16.9263
v -11.4514 -0.56904 16.9263
v -11.4417 -0.557286 16.9263
v -11.4343 -0.543802 16.9263
v -11.4297 -0.528908 16.9263
v -11.4281 -0.512927 16.9263
v -11.4297 -0.496945 16.9263
v -11.4343 -0.482047 16.9263
v -11.4417 -0.468557 16.9263
v -11.4514 -0.456797 16.9263
v -11.4631 -0.447089 16.9263
v -11.4766 -0.439756 16.9263
v -11.4915 -0.435119 16.9263
v -11.5075 -0.433502 16.9263
v -12.1832 -0.433502 16.9263
v -12.2088 -0.428325 16.9263
v -12.2297 -0.414219 16.9263
v -12.2438 -0.39332 16.9263
v -12.249 -0.367763 16.9263
v -12.249 0.66852 16.9263
v -12.2438 0.694093 16.9263
v -12.2297 0.714997 16.9263
v -12.2088 0.729102 16.9263
v -12.1832 0.734276 16.9263
v -0.735198 0.734276 16.9263
v -0.710049 0.729186 16.9263
v -0.68949 0.715314 16.9263
v -0.675617 0.694755 16.9263
v -0.670528 0.669606 16.9263
v -0.670528 -0.565257 16.9263
v -0.669032 -0.580054 16.9263
v -0.664742 -0.593843 16.9263
v -0.657958 -0.606327 16.9263
v -0.648976 -0.617207 16.9263
v -0.638094 -0.626187 16.9263
v -0.625611 -0.63297 16.9263
v -0.611824 -0.637257 16.9263
v -0.597032 -0.638752 16.9263
v 0.333247 -0.638752 16.9263
v 0.581933 -0.512824 16.9263
v 1.20123 -0.508411 0
v 0.891049 -0.503999 0
v 0.456521 -0.566963 0
v -0.132427 -0.629927 0
v -0.609607 -0.627381 0
v -0.632461 -0.617897 0
v -0.649677 -0.600679 0
v -0.659158 -0.577828 0
v -0.661703 0.0521744 0
v -0.662451 0.677002 0
v -0.665343 0.691291 0
v -0.67088 0.704426 0
v -0.678764 0.716109 0
v -0.688695 0.72604 0
v -0.700378 0.733924 0
v -0.713513 0.739461 0
v -0.727802 0.742353 0
v -6.45921 0.743101 0
v -12.1907 0.742342 0
v -12.2052 0.739407 0
v -12.2186 0.733789 0
v -12.2304 0.72579 0
v -12.2405 0.715712 0
v -12.2485 0.703857 0
v -12.2541 0.690527 0
v -12.257 0.676026 0
v -12.2578 0.150378 0
v -12.257 -0.375269 0
v -12.2541 -0.389769 0
v -12.2485 -0.403096 0
v -12.2405 -0.414948 0
v -12.2304 -0.425023 0
v -12.2186 -0.433019 0
v -12.2052 -0.438635 0
v -12.1907 -0.441569 0
v -11.8454 -0.442327 0
v -11.5004 -0.443046 0
v -11.4867 -0.445825 0
v -11.474 -0.451145 0
v -11.4628 -0.458718 0
v -11.4533 -0.468259 0
v -11.4457 -0.479481 0
v -11.4404 -0.492098 0
v -11.4376 -0.505823 0
v -11.4376 -0.52003 0
v -11.4404 -0.533753 0
v -11.4457 -0.546365 0
v -11.4533 -0.557581 0
v -11.4628 -0.567116 0
v -11.474 -0.574684 0
v -11.4867 -0.579999 0
v -11.5004 -0.582775 0
v -11.8349 -0.583493 0
v -12.3162 -0.655816 0
v -13.2245 -0.72814 0
v -13.9788 -0.732553 0
v -13.2235 -0.736965 0
v -12.3148 -0.664641 0
v -11.8344 -0.592318 0
v -11.4995 -0.59151 0
v -11.4841 -0.588386 0
v -11.4699 -0.582406 0
v -11.4572 -0.573891 0
v -11.4465 -0.563163 0
v -11.438 -0.550544 0
v -11.432 -0.536355 0
v -11.4289 -0.520918 0
v -11.4289 -0.504936 0
v -11.432 -0.489496 0
v -11.438 -0.475302 0
v -11.4465 -0.462677 0
v -11.4572 -0.451943 0
v -11.4699 -0.443423 0
v -11.4841 -0.437438 0
v -11.4995 -0.434311 0
v -11.8454 -0.433502 0
v -12.196 -0.430914 0
v -12.2192 -0.421272 0
v -12.2368 -0.403769 0
v -12.2464 -0.380541 0
v -12.249 0.150378 0
v -12.2464 0.681307 0
v -12.2368 0.704545 0
v -12.2192 0.722049 0
v -12.196 0.731689 0
v -6.45921 0.734276 0
v -0.722624 0.731731 0
v -0.699769 0.72225 0
v -0.682554 0.705035 0
v -0.673073 0.68218 0
v -0.670528 0.0521744 0
v -0.66978 -0.572655 0
v -0.666887 -0.586949 0
v -0.66135 -0.600085 0
v -0.653467 -0.611767 0
v -0.643535 -0.621697 0
v -0.631853 -0.629578 0
v -0.618718 -0.635113 0
v -0.604428 -0.638005 0
v -0.131892 -0.638752 0
v 0.45759 -0.575788 0
v 0.891584 -0.512824 0


# Vertex Texture Coordinates :
vt 0.371072 0.00547907
vt 0.371072 0.00569479
vt 0.355907 0.00569479
vt 0.349828 0.0026165
vt 0.327113 0.0026165
vt 0.326499 0.00274098
vt 0.325996 0.00308018
vt 0.325657 0.00358276
vt 0.325533 0.00419736
vt 0.325533 0.0343832
vt 0.325496 0.0347448
vt 0.325391 0.0350818
vt 0.325225 0.035387
vt 0.325006 0.035653
vt 0.32474 0.0358725
vt 0.324435 0.0360384
vt 0.324098 0.0361432
vt 0.323736 0.0361798
vt 0.0438924 0.0361798
vt 0.0435254 0.0361427
vt 0.0431834 0.0360363
vt 0.0428737 0.035868
vt 0.0426038 0.0356452
vt 0.042381 0.0353753
vt 0.0422127 0.0350656
vt 0.0421063 0.0347236
vt 0.0420692 0.0343567
vt 0.0420692 0.00902504
vt 0.0421063 0.00865809
vt 0.0422127 0.00831613
vt 0.042381 0.00800654
vt 0.0426038 0.0077367
vt 0.0428737 0.00751398
vt 0.0431834 0.00734576
vt 0.0435254 0.00723942
vt 0.0438924 0.00720234
vt 0.0604105 0.00720234
vt 0.0607577 0.0071672
vt 0.0610814 0.00706647
vt 0.0613745 0.00690713
vt 0.0616299 0.0066962
vt 0.0618408 0.00644068
vt 0.062 0.00614756
vt 0.0621007 0.00582384
vt 0.0621358 0.00547654
vt 0.0621007 0.00512927
vt 0.062 0.00480565
vt 0.0618408 0.00451267
vt 0.0616299 0.00425729
vt 0.0613745 0.00404652
vt 0.0610814 0.00388732
vt 0.0607577 0.00378668
vt 0.0604105 0.00375158
vt 0.0444043 0.00375158
vt 0.0368779 0.000215725
vt 0 0.000215725
vt 0 0
vt 0.036926 0
vt 0.0444283 0.00353586
vt 0.0604105 0.00353586
vt 0.0608011 0.00357535
vt 0.0611652 0.00368859
vt 0.0614949 0.00386772
vt 0.0617823 0.00410488
vt 0.0620196 0.00439219
vt 0.0621988 0.00472182
vt 0.062312 0.00508589
vt 0.0623516 0.00547654
vt 0.062312 0.00586723
vt 0.0621988 0.00623139
vt 0.0620196 0.00656115
vt 0.0617823 0.00684862
vt 0.0614949 0.00708593
vt 0.0611652 0.00726519
vt 0.0608011 0.00737853
vt 0.0604105 0.00741806
vt 0.0438924 0.00741806
vt 0.0432672 0.00754461
vt 0.0427562 0.00788943
vt 0.0424115 0.00840031
vt 0.042285 0.00902504
vt 0.042285 0.0343567
vt 0.0424115 0.0349818
vt 0.0427562 0.0354928
vt 0.0432672 0.0358376
vt 0.0438924 0.0359641
vt 0.323736 0.0359641
vt 0.324351 0.0358396
vt 0.324853 0.0355005
vt 0.325192 0.034998
vt 0.325317 0.0343832
vt 0.325317 0.00419736
vt 0.325353 0.00383564
vt 0.325458 0.00349857
vt 0.325624 0.00319342
vt 0.325844 0.00292745
vt 0.32611 0.00270793
vt 0.326415 0.00254214
vt 0.326752 0.00243733
vt 0.327113 0.00240078
vt 0.349854 0.00240078
vt 0.355933 0.00547907
vt 0.381231 0.00547907
vt 0.381231 0.00569479
vt 0.396396 0.00569479
vt 0.402475 0.0026165
vt 0.42519 0.0026165
vt 0.425804 0.00274098
vt 0.426307 0.00308018
vt 0.426646 0.00358276
vt 0.42677 0.00419736
vt 0.42677 0.0343832
vt 0.426807 0.0347448
vt 0.426912 0.0350818
vt 0.427078 0.035387
vt 0.427297 0.035653
vt 0.427563 0.0358725
vt 0.427868 0.0360384
vt 0.428205 0.0361432
vt 0.428567 0.0361798
vt 0.708411 0.0361798
vt 0.708778 0.0361427
vt 0.70912 0.0360363
vt 0.709429 0.035868
vt 0.709699 0.0356452
vt 0.709922 0.0353753
vt 0.71009 0.0350656
vt 0.710197 0.0347236
vt 0.710234 0.0343567
vt 0.710234 0.00902504
vt 0.710197 0.00865809
vt 0.71009 0.00831613
vt 0.709922 0.00800654
vt 0.709699 0.0077367
vt 0.709429 0.00751398
vt 0.70912 0.00734576
vt 0.708778 0.00723942
vt 0.708411 0.00720234
vt 0.691892 0.00720234
vt 0.691545 0.0071672
vt 0.691222 0.00706647
vt 0.690928 0.00690713
vt 0.690673 0.0066962
vt 0.690462 0.00644068
vt 0.690303 0.00614756
vt 0.690202 0.00582384
vt 0.690167 0.00547654
vt 0.690202 0.00512927
vt 0.690303 0.00480565
vt 0.690462 0.00451267
vt 0.690673 0.00425729
vt 0.690928 0.00404652
vt 0.691222 0.00388732
vt 0.691545 0.00378668
vt 0.691892 0.00375158
vt 0.707899 0.00375158
vt 0.715425 0.000215725
vt 0.752303 0.000215725
vt 0.752303 0
vt 0.715377 0
vt 0.707875 0.00353586
vt 0.691892 0.00353586
vt 0.691502 0.00357535
vt 0.691138 0.00368859
vt 0.690808 0.00386772
vt 0.690521 0.00410488
vt 0.690283 0.00439219
vt 0.690104 0.00472182
vt 0.689991 0.00508589
vt 0.689951 0.00547654
vt 0.689991 0.00586723
vt 0.690104 0.00623139
vt 0.690283 0.00656115
vt 0.690521 0.00684862
vt 0.690808 0.00708593
vt 0.691138 0.00726519
vt 0.691502 0.00737853
vt 0.691892 0.00741806
vt 0.708411 0.00741806
vt 0.709036 0.00754461
vt 0.709547 0.00788943
vt 0.709891 0.00840031
vt 0.710018 0.00902504
vt 0.710018 0.0343567
vt 0.709891 0.0349818
vt 0.709547 0.0354928
vt 0.709036 0.0358376
vt 0.708411 0.0359641
vt 0.428567 0.0359641
vt 0.427952 0.0358396
vt 0.42745 0.0355005
vt 0.427111 0.034998
vt 0.426986 0.0343832
vt 0.426986 0.00419736
vt 0.42695 0.00383564
vt 0.426845 0.00349857
vt 0.426679 0.00319342
vt 0.426459 0.00292745
vt 0.426193 0.00270793
vt 0.425888 0.00254214
vt 0.425551 0.00243733
vt 0.42519 0.00240078
vt 0.402449 0.00240078
vt 0.39637 0.00547907
vt 6.49778e-05 0.0463742
vt 0.000280702 0.0463742
vt 0.0104822 0.0463742
vt 0.0256469 0.0463742
vt 0.032461 0.0463742
vt 0.0551752 0.0463742
vt 0.0558025 0.0463742
vt 0.0564088 0.0463742
vt 0.0570151 0.0463742
vt 0.0576422 0.0463742
vt 0.087828 0.0463742
vt 0.0881914 0.0463742
vt 0.0885444 0.0463742
vt 0.0888917 0.0463742
vt 0.0892366 0.0463742
vt 0.0895815 0.0463742
vt 0.0899288 0.0463742
vt 0.0902818 0.0463742
vt 0.0906452 0.0463742
vt 0.370489 0.0463742
vt 0.380682 0.0463742
vt 0.381051 0.0463742
vt 0.381409 0.0463742
vt 0.381761 0.0463742
vt 0.382111 0.0463742
vt 0.382461 0.0463742
vt 0.382814 0.0463742
vt 0.383172 0.0463742
vt 0.383541 0.0463742
vt 0.408872 0.0463742
vt 0.409241 0.0463742
vt 0.409599 0.0463742
vt 0.409952 0.0463742
vt 0.410302 0.0463742
vt 0.410651 0.0463742
vt 0.411004 0.0463742
vt 0.411362 0.0463742
vt 0.411731 0.0463742
vt 0.428249 0.0463742
vt 0.428598 0.0463742
vt 0.428937 0.0463742
vt 0.429271 0.0463742
vt 0.429602 0.0463742
vt 0.429933 0.0463742
vt 0.430267 0.0463742
vt 0.430606 0.0463742
vt 0.430955 0.0463742
vt 0.431304 0.0463742
vt 0.431643 0.0463742
vt 0.431976 0.0463742
vt 0.432307 0.0463742
vt 0.432639 0.0463742
vt 0.432972 0.0463742
vt 0.433311 0.0463742
vt 0.43366 0.0463742
vt 0.449666 0.0463742
vt 0.457982 0.0463742
vt 0.49486 0.0463742
vt 0.505141 0.0463742
vt 0.505357 0.0463742
vt 0.515633 0.0463742
vt 0.552559 0.0463742
vt 0.560853 0.0463742
vt 0.576835 0.0463742
vt 0.577228 0.0463742
vt 0.577609 0.0463742
vt 0.577985 0.0463742
vt 0.578357 0.0463742
vt 0.57873 0.0463742
vt 0.579105 0.0463742
vt 0.579486 0.0463742
vt 0.579879 0.0463742
vt 0.580272 0.0463742
vt 0.580653 0.0463742
vt 0.581028 0.0463742
vt 0.581401 0.0463742
vt 0.581774 0.0463742
vt 0.582149 0.0463742
vt 0.58253 0.0463742
vt 0.582923 0.0463742
vt 0.599441 0.0463742
vt 0.600079 0.0463742
vt 0.600695 0.0463742
vt 0.601312 0.0463742
vt 0.601949 0.0463742
vt 0.627281 0.0463742
vt 0.627919 0.0463742
vt 0.628535 0.0463742
vt 0.629151 0.0463742
vt 0.629789 0.0463742
vt 0.909633 0.0463742
vt 0.919837 0.0463742
vt 0.920464 0.0463742
vt 0.92107 0.0463742
vt 0.921677 0.0463742
vt 0.922304 0.0463742
vt 0.95249 0.0463742
vt 0.952853 0.0463742
vt 0.953206 0.0463742
vt 0.953554 0.0463742
vt 0.953898 0.0463742
vt 0.954243 0.0463742
vt 0.954591 0.0463742
vt 0.954944 0.0463742
vt 0.955307 0.0463742
vt 0.978047 0.0463742
vt 0.984861 0.0463742
vt 1 0.0463742
vt 6.49778e-05 0.873891
vt 0.000280702 0.873891
vt 0.0104822 0.873891
vt 0.0256469 0.873891
vt 0.032461 0.873891
vt 0.0551752 0.873891
vt 0.0558025 0.873891
vt 0.0564088 0.873891
vt 0.0570151 0.873891
vt 0.0576422 0.873891
vt 0.087828 0.873891
vt 0.0881914 0.873891
vt 0.0885444 0.873891
vt 0.0888917 0.873891
vt 0.0892366 0.873891
vt 0.0895815 0.873891
vt 0.0899288 0.873891
vt 0.0902818 0.873891
vt 0.0906452 0.873891
vt 0.370489 0.873891
vt 0.380682 0.873891
vt 0.381051 0.873891
vt 0.381409 0.873891
vt 0.381761 0.873891
vt 0.382111 0.873891
vt 0.382461 0.873891
vt 0.382814 0.873891
vt 0.383172 0.873891
vt 0.383541 0.873891
vt 0.408872 0.873891
vt 0.409241 0.873891
vt 0.409599 0.873891
vt 0.409952 0.873891
vt 0.410302 0.873891
vt 0.410651 0.873891
vt 0.411004 0.873891
vt 0.411362 0.873891
vt 0.411731 0.873891
vt 0.428249 0.873891
vt 0.428598 0.873891
vt 0.428937 0.873891
vt 0.429271 0.873891
vt 0.429602 0.873891
vt 0.429933 0.873891
vt 0.430267 0.873891
vt 0.430606 0.873891
vt 0.430955 0.873891
vt 0.431304 0.873891
vt 0.431643 0.873891
vt 0.431976 0.873891
vt 0.432307 0.873891
vt 0.432639 0.873891
vt 0.432972 0.873891
vt 0.433311 0.873891
vt 0.43366 0.873891
vt 0.449666 0.873891
vt 0.457982 0.873891
vt 0.49486 0.873891
vt 0.505141 0.873891
vt 0.505357 0.873891
vt 0.515633 0.873891
vt 0.552559 0.873891
vt 0.560853 0.873891
vt 0.576835 0.873891
vt 0.577228 0.873891
vt 0.577609 0.873891
vt 0.577985 0.873891
vt 0.578357 0.873891
vt 0.57873 0.873891
vt 0.579105 0.873891
vt 0.579486 0.873891
vt 0.579879 0.873891
vt 0.580272 0.873891
vt 0.580653 0.873891
vt 0.581028 0.873891
vt 0.581401 0.873891
vt 0.581774 0.873891
vt 0.582149 0.873891
vt 0.58253 0.873891
vt 0.582923 0.873891
vt 0.599441 0.873891
vt 0.600079 0.873891
vt 0.600695 0.873891
vt 0.601312 0.873891
vt 0.601949 0.873891
vt 0.627281 0.873891
vt 0.627919 0.873891
vt 0.628535 0.873891
vt 0.629151 0.873891
vt 0.629789 0.873891
vt 0.909633 0.873891
vt 0.919837 0.873891
vt 0.920464 0.873891
vt 0.92107 0.873891
vt 0.921677 0.873891
vt 0.922304 0.873891
vt 0.95249 0.873891
vt 0.952853 0.873891
vt 0.953206 0.873891
vt 0.953554 0.873891
vt 0.953898 0.873891
vt 0.954243 0.873891
vt 0.954591 0.873891
vt 0.954944 0.873891
vt 0.955307 0.873891
vt 0.978047 0.873891
vt 0.984861 0.873891
vt 1 0.873891
vt 0.00017284 0.460132
vt 0.0180646 0.460132
vt 0.029054 0.460132
vt 0.0438181 0.460132
vt 0.0554889 0.460132
vt 0.0561056 0.460132
vt 0.0567119 0.460132
vt 0.0573286 0.460132
vt 0.0727351 0.460132
vt 0.0880097 0.460132
vt 0.0883679 0.460132
vt 0.088718 0.460132
vt 0.0890641 0.460132
vt 0.0894091 0.460132
vt 0.0897552 0.460132
vt 0.0901053 0.460132
vt 0.0904635 0.460132
vt 0.230567 0.460132
vt 0.380866 0.460132
vt 0.38123 0.460132
vt 0.381585 0.460132
vt 0.381936 0.460132
vt 0.382286 0.460132
vt 0.382637 0.460132
vt 0.382993 0.460132
vt 0.383356 0.460132
vt 0.396206 0.460132
vt 0.409057 0.460132
vt 0.40942 0.460132
vt 0.409775 0.460132
vt 0.410127 0.460132
vt 0.410476 0.460132
vt 0.410828 0.460132
vt 0.411183 0.460132
vt 0.411546 0.460132
vt 0.41999 0.460132
vt 0.428423 0.460132
vt 0.428767 0.460132
vt 0.429104 0.460132
vt 0.429436 0.460132
vt 0.429767 0.460132
vt 0.4301 0.460132
vt 0.430436 0.460132
vt 0.43078 0.460132
vt 0.431129 0.460132
vt 0.431473 0.460132
vt 0.431809 0.460132
vt 0.432142 0.460132
vt 0.432473 0.460132
vt 0.432805 0.460132
vt 0.433142 0.460132
vt 0.433486 0.460132
vt 0.441663 0.460132
vt 0.453824 0.460132
vt 0.476421 0.460132
vt 0.505249 0.460132
vt 0.534096 0.460132
vt 0.556706 0.460132
vt 0.568844 0.460132
vt 0.577032 0.460132
vt 0.577419 0.460132
vt 0.577797 0.460132
vt 0.578171 0.460132
vt 0.578544 0.460132
vt 0.578917 0.460132
vt 0.579296 0.460132
vt 0.579683 0.460132
vt 0.580075 0.460132
vt 0.580462 0.460132
vt 0.580841 0.460132
vt 0.581215 0.460132
vt 0.581587 0.460132
vt 0.581961 0.460132
vt 0.58234 0.460132
vt 0.582727 0.460132
vt 0.591182 0.460132
vt 0.59976 0.460132
vt 0.600387 0.460132
vt 0.601004 0.460132
vt 0.60163 0.460132
vt 0.614615 0.460132
vt 0.6276 0.460132
vt 0.628227 0.460132
vt 0.628843 0.460132
vt 0.62947 0.460132
vt 0.769711 0.460132
vt 0.92015 0.460132
vt 0.920767 0.460132
vt 0.921373 0.460132
vt 0.92199 0.460132
vt 0.937397 0.460132
vt 0.952671 0.460132
vt 0.95303 0.460132
vt 0.95338 0.460132
vt 0.953726 0.460132
vt 0.954071 0.460132
vt 0.954417 0.460132
vt 0.954767 0.460132
vt 0.955125 0.460132
vt 0.966677 0.460132
vt 0.981454 0.460132
vt 0.992431 0.460132


# Vertex Surface Normals: 
vn 0 0 1
vn 0 0 -1
vn 1 0 0
vn 1 0 0
vn 1 0 0
vn 1 0 0
vn 1 0 0
vn 0 1 0
vn 0 1 0
vn -0.232228 0.972661 0
vn -0.232228 0.972661 0
vn 0 1 0
vn -0.451759 0.89214 0
vn -0.232228 0.972661 0
vn -0.232228 0.972661 0
vn 0 1 0
vn 0.0997226 0.995015 0
vn 0.0997226 0.995015 0
vn 0.198451 0.980111 0
vn 0.386421 0.922323 -7.89452e-18
vn 0.386421 0.922323 7.89452e-18
vn 0.559447 0.828866 0
vn 0.707161 0.707053 -7.88642e-18
vn 0.707161 0.707053 7.88642e-18
vn 0.828952 0.55932 0
vn 0.922359 0.386333 0
vn 0.922359 0.386333 0
vn 0.980118 0.198415 0
vn 0.995017 0.0997045 0
vn 0.995017 0.0997045 0
vn 1 0 0
vn 0.998731 0.0503724 1.3801e-17
vn 0.998731 0.0503724 -1.3801e-17
vn 0.994925 0.100617 0
vn 0.979827 0.19985 2.76659e-17
vn 0.979827 0.19985 -2.76659e-17
vn 0.954856 0.297069 0
vn 0.921165 0.389171 1.38094e-17
vn 0.921165 0.389171 -1.38094e-17
vn 0.878615 0.477531 0
vn 0.828736 0.55964 1.18387e-17
vn 0.828736 0.55964 -1.18387e-17
vn 0.771207 0.636584 0
vn 0.707107 0.707107 1.18378e-17
vn 0.707107 0.707107 -1.18378e-17
vn 0.636584 0.771207 0
vn 0.55964 0.828736 5.11657e-18
vn 0.55964 0.828736 -5.11657e-18
vn 0.477531 0.878615 0
vn 0.389171 0.921165 3.45842e-18
vn 0.389171 0.921165 -3.45842e-18
vn 0.297069 0.954856 0
vn 0.19985 0.979827 -3.39001e-18
vn 0.19985 0.979827 3.39001e-18
vn 0.100617 0.994925 0
vn 0.0503724 0.998731 -1.72395e-18
vn 0.0503724 0.998731 1.72395e-18
vn 0 1 0
vn -0.0503618 0.998731 0
vn -0.0503618 0.998731 0
vn -0.100596 0.994927 0
vn -0.199819 0.979833 5.79826e-18
vn -0.199819 0.979833 -5.79826e-18
vn -0.297029 0.954868 0
vn -0.389135 0.921181 -8.49387e-19
vn -0.389135 0.921181 8.49387e-19
vn -0.477498 0.878633 0
vn -0.559619 0.82875 3.55652e-18
vn -0.559619 0.82875 -3.55652e-18
vn -0.636573 0.771216 0
vn -0.707107 0.707107 1.24102e-17
vn -0.707107 0.707107 -1.24102e-17
vn -0.771216 0.636573 0
vn -0.82875 0.559619 2.20955e-18
vn -0.82875 0.559619 -2.20955e-18
vn -0.878633 0.477498 0
vn -0.921181 0.389135 1.2777e-17
vn -0.921181 0.389135 -1.2777e-17
vn -0.954868 0.297029 0
vn -0.979833 0.199819 2.68096e-17
vn -0.979833 0.199819 -2.68096e-17
vn -0.994927 0.100596 0
vn -0.998731 0.0503618 1.39768e-17
vn -0.998731 0.0503618 -1.39768e-17
vn -1 0 0
vn -0.998731 -0.0503643 1.38015e-17
vn -0.998731 -0.0503643 -1.38015e-17
vn -0.994927 -0.100601 0
vn -0.979828 -0.199841 2.71486e-17
vn -0.979828 -0.199841 -2.71486e-17
vn -0.954857 -0.297067 0
vn -0.921155 -0.389196 1.32918e-17
vn -0.921155 -0.389196 -1.32918e-17
vn -0.878589 -0.477579 0
vn -0.828685 -0.559715 0
vn -0.828685 -0.559715 0
vn -0.771127 -0.636682 0
vn -0.706997 -0.707217 8.86232e-18
vn -0.706997 -0.707217 -8.86232e-18
vn -0.636442 -0.771325 0
vn -0.559479 -0.828845 2.22511e-18
vn -0.559479 -0.828845 -2.22511e-18
vn -0.47735 -0.878713 0
vn -0.388999 -0.921238 -2.50761e-18
vn -0.388999 -0.921238 2.50761e-18
vn -0.296908 -0.954906 0
vn -0.199733 -0.97985 4.13246e-18
vn -0.199733 -0.97985 -4.13246e-18
vn -0.100547 -0.994932 0
vn -0.0503373 -0.998732 0
vn -0.0503373 -0.998732 0
vn 0 -1 0
vn -0.0503906 -0.99873 1.39568e-18
vn -0.0503906 -0.99873 -1.39568e-18
vn -0.100653 -0.994922 0
vn -0.199919 -0.979812 1.40097e-18
vn -0.199919 -0.979812 -1.40097e-18
vn -0.297169 -0.954825 0
vn -0.389289 -0.921116 -6.64403e-18
vn -0.389289 -0.921116 6.64403e-18
vn -0.477664 -0.878543 0
vn -0.559773 -0.828646 -6.3116e-18
vn -0.559773 -0.828646 6.3116e-18
vn -0.636715 -0.771099 0
vn -0.707223 -0.706991 -2.23472e-19
vn -0.707223 -0.706991 2.23472e-19
vn -0.771308 -0.636462 0
vn -0.828815 -0.559523 -1.27785e-17
vn -0.828815 -0.559523 1.27785e-17
vn -0.878674 -0.477423 0
vn -0.921203 -0.389082 -1.22263e-17
vn -0.921203 -0.389082 1.22263e-17
vn -0.954877 -0.297001 0
vn -0.979836 -0.199805 0
vn -0.979836 -0.199805 0
vn -0.994927 -0.100596 0
vn -1 5.22907e-06 -8.6463e-20
vn -1 5.22907e-06 8.6463e-20
vn -0.994926 0.100607 0
vn -0.979826 0.199851 -1.33862e-17
vn -0.979826 0.199851 1.33862e-17
vn -0.954852 0.29708 0
vn -0.921149 0.389209 -1.32967e-17
vn -0.921149 0.389209 1.32967e-17
vn -0.878582 0.477592 0
vn -0.828677 0.559727 0
vn -0.828677 0.559727 0
vn -0.771119 0.636691 0
vn -0.706991 0.707223 8.85945e-18
vn -0.706991 0.707223 -8.85945e-18
vn -0.636437 0.771328 0
vn -0.559477 0.828846 2.21608e-18
vn -0.559477 0.828846 -2.21608e-18
vn -0.477351 0.878713 0
vn -0.389002 0.921237 -6.64528e-18
vn -0.389002 0.921237 6.64528e-18
vn -0.296912 0.954905 0
vn -0.199736 0.97985 1.39901e-18
vn -0.199736 0.97985 -1.39901e-18
vn -0.10055 0.994932 0
vn -0.0503389 0.998732 1.39373e-18
vn -0.0503389 0.998732 -1.39373e-18
vn 0 1 0
vn -0.217837 0.975985 8.55736e-19
vn -0.217837 0.975985 -8.55736e-19
vn -0.425211 0.905094 0
vn -0.217837 0.975985 8.55736e-19
vn -0.217837 0.975985 -8.55736e-19
vn 0 1 0
vn 0 1 0
vn 0 1 0
vn -1 0 0
vn -1 0 0
vn -1 0 0
vn -1 0 0
vn -1 0 0
vn 0 -1 0
vn 0 -1 0
vn 0.218438 -0.975851 -8.5811e-19
vn 0.218438 -0.975851 8.5811e-19
vn 0 -1 0
vn 0.426325 -0.90457 0
vn 0.218438 -0.975851 -8.5811e-19
vn 0.218438 -0.975851 8.5811e-19
vn 0 -1 0
vn 0.0503537 -0.998731 0
vn 0.0503537 -0.998731 0
vn 0.10058 -0.994929 0
vn 0.199782 -0.97984 -4.1368e-18
vn 0.199782 -0.97984 4.1368e-18
vn 0.296972 -0.954886 0
vn 0.389059 -0.921213 -4.13586e-18
vn 0.389059 -0.921213 4.13586e-18
vn 0.477405 -0.878683 0
vn 0.559517 -0.828819 0
vn 0.559517 -0.828819 0
vn 0.636465 -0.771305 0
vn 0.707004 -0.70721 -1.07297e-17
vn 0.707004 -0.70721 1.07297e-17
vn 0.771119 -0.636691 0
vn 0.828669 -0.559739 -1.07305e-17
vn 0.828669 -0.559739 1.07305e-17
vn 0.878567 -0.47762 0
vn 0.921135 -0.389243 0
vn 0.921135 -0.389243 0
vn 0.95484 -0.297122 0
vn 0.97982 -0.199883 0
vn 0.97982 -0.199883 0
vn 0.994924 -0.10063 0
vn 1 -4.62734e-06 -8.73311e-20
vn 1 -4.62734e-06 8.73311e-20
vn 0.994925 0.100621 0
vn 0.979828 0.199842 -8.73277e-20
vn 0.979828 0.199842 8.73277e-20
vn 0.954862 0.297051 0
vn 0.921183 0.38913 -1.22338e-17
vn 0.921183 0.38913 1.22338e-17
vn 0.878649 0.477468 0
vn 0.828791 0.559558 -1.2511e-17
vn 0.828791 0.559558 1.2511e-17
vn 0.771288 0.636487 0
vn 0.70721 0.707003 -2.79559e-19
vn 0.70721 0.707003 2.79559e-19
vn 0.636712 0.771101 0
vn 0.559781 0.828641 0
vn 0.559781 0.828641 0
vn 0.477683 0.878532 0
vn 0.389314 0.921105 -4.13556e-18
vn 0.389314 0.921105 4.13556e-18
vn 0.2972 0.954815 0
vn 0.199944 0.979807 -4.13652e-18
vn 0.199944 0.979807 4.13652e-18
vn 0.100671 0.99492 0
vn 0.0503996 0.998729 0
vn 0.0503996 0.998729 0
vn 0 1 0
vn 0.0996978 0.995018 0
vn 0.0996978 0.995018 0
vn 0.198402 0.980121 0
vn 0.386354 0.92235 -7.89102e-18
vn 0.386354 0.92235 7.89102e-18
vn 0.559369 0.828919 0
vn 0.707098 0.707116 -1.95744e-17
vn 0.707098 0.707116 1.95744e-17
vn 0.828905 0.559389 0
vn 0.922336 0.386389 2.13652e-18
vn 0.922336 0.386389 -2.13652e-18
vn 0.980111 0.198451 0
vn 0.995015 0.0997228 1.36403e-17
vn 0.995015 0.0997228 -1.36403e-17
vn 1 0 0
vn 0.995022 -0.0996575 1.33003e-17
vn 0.995022 -0.0996575 -1.33003e-17
vn 0.980137 -0.198323 0
vn 0.92238 -0.386285 1.7752e-18
vn 0.92238 -0.386285 -1.7752e-18
vn 0.828958 -0.55931 0
vn 0.707107 -0.707107 -1.96095e-17
vn 0.707107 -0.707107 1.96095e-17
vn 0.55931 -0.828958 0
vn 0.386285 -0.92238 -9.63724e-18
vn 0.386285 -0.92238 9.63724e-18
vn 0.198323 -0.980137 0
vn 0.0996575 -0.995022 -1.70285e-18
vn 0.0996575 -0.995022 1.70285e-18
vn 0 -1 0
vn -0.0996765 -0.99502 -1.70533e-18
vn -0.0996765 -0.99502 1.70533e-18
vn -0.19836 -0.980129 0
vn -0.386316 -0.922367 4.7144e-18
vn -0.386316 -0.922367 -4.7144e-18
vn -0.559335 -0.828942 0
vn -0.707107 -0.707107 4.4572e-18
vn -0.707107 -0.707107 -4.4572e-18
vn -0.828942 -0.559335 0
vn -0.922367 -0.386316 -2.93216e-17
vn -0.922367 -0.386316 2.93216e-17
vn -0.980129 -0.19836 0
vn -0.99502 -0.0996765 -2.69443e-17
vn -0.99502 -0.0996765 2.69443e-17
vn -1 0 0
vn -0.998731 -0.0503557 -1.38021e-17
vn -0.998731 -0.0503557 1.38021e-17
vn -0.994929 -0.100584 0
vn -0.979835 -0.19981 -5.56855e-19
vn -0.979835 -0.19981 5.56855e-19
vn -0.95487 -0.297024 0
vn -0.921177 -0.389145 3.77526e-17
vn -0.921177 -0.389145 -3.77526e-17
vn -0.87862 -0.477522 0
vn -0.828725 -0.559657 2.44534e-17
vn -0.828725 -0.559657 -2.44534e-17
vn -0.771175 -0.636623 0
vn -0.707052 -0.707162 -8.8573e-18
vn -0.707052 -0.707162 8.8573e-18
vn -0.636503 -0.771274 0
vn -0.559542 -0.828802 -8.85795e-18
vn -0.559542 -0.828802 8.85795e-18
vn -0.477415 -0.878678 0
vn -0.389059 -0.921213 -4.13441e-18
vn -0.389059 -0.921213 4.13441e-18
vn -0.296961 -0.95489 0
vn -0.199771 -0.979843 -4.13535e-18
vn -0.199771 -0.979843 4.13535e-18
vn -0.10057 -0.99493 0
vn -0.0503487 -0.998732 0
vn -0.0503487 -0.998732 0
vn 0 -1 0
vn 0.232228 -0.972661 6.39946e-18
vn 0.232228 -0.972661 -6.39946e-18
vn 0.451759 -0.89214 0
vn 0.232228 -0.972661 6.39946e-18
vn 0.232228 -0.972661 -6.39946e-18
vn 0 -1 0
vn 0 -1 0
vn 0 -1 0


# Faces: 
usemtl material1
f 477/599/329 475/597/329 476/598/329
f 475/597/329 477/599/329 478/600/329
f 479/601/329 480/602/329 473/595/329
f 478/600/329 479/601/329 475/597/329
f 474/596/329 475/597/329 479/601/329
f 498/620/329 454/576/329 455/577/329
f 455/577/329 456/578/329 497/619/329
f 473/595/329 474/596/329 479/601/329
f 457/579/329 496/618/329 456/578/329
f 480/602/329 472/594/329 473/595/329
f 471/593/329 472/594/329 482/604/329
f 481/603/329 472/594/329 480/602/329
f 482/604/329 472/594/329 481/603/329
f 483/605/329 470/592/329 471/593/329
f 469/591/329 470/592/329 484/606/329
f 483/605/329 471/593/329 482/604/329
f 495/617/329 458/580/329 494/616/329
f 494/616/329 458/580/329 459/581/329
f 457/579/329 458/580/329 496/618/329
f 493/615/329 460/582/329 492/614/329
f 493/615/329 459/581/329 460/582/329
f 494/616/329 459/581/329 493/615/329
f 470/592/329 483/605/329 484/606/329
f 458/580/329 495/617/329 496/618/329
f 449/571/329 501/623/329 448/570/329
f 500/622/329 449/571/329 450/572/329
f 500/622/329 451/573/329 499/621/329
f 451/573/329 500/622/329 450/572/329
f 501/623/329 449/571/329 500/622/329
f 446/568/329 503/625/329 445/567/329
f 502/624/329 446/568/329 447/569/329
f 501/623/329 502/624/329 447/569/329
f 444/566/329 503/625/329 504/626/329
f 444/566/329 445/567/329 503/625/329
f 503/625/329 446/568/329 502/624/329
f 447/569/329 448/570/329 501/623/329
f 451/573/329 452/574/329 499/621/329
f 453/575/329 499/621/329 452/574/329
f 498/620/329 499/621/329 453/575/329
f 504/626/329 443/565/329 444/566/329
f 498/620/329 453/575/329 454/576/329
f 496/618/329 497/619/329 456/578/329
f 455/577/329 497/619/329 498/620/329
f 442/564/329 505/627/329 441/563/329
f 442/564/329 443/565/329 504/626/329
f 505/627/329 506/628/329 440/562/329
f 442/564/329 504/626/329 505/627/329
f 439/561/329 440/562/329 506/628/329
f 505/627/329 440/562/329 441/563/329
f 484/606/329 485/607/329 468/590/329
f 467/589/329 468/590/329 485/607/329
f 429/551/329 512/634/329 513/635/329
f 428/550/329 513/635/329 514/636/329
f 466/588/329 467/589/329 486/608/329
f 465/587/329 466/588/329 488/610/329
f 487/609/329 488/610/329 466/588/329
f 487/609/329 466/588/329 486/608/329
f 467/589/329 485/607/329 486/608/329
f 465/587/329 488/610/329 464/586/329
f 519/641/329 426/548/329 518/640/329
f 425/547/329 519/641/329 520/642/329
f 520/642/329 424/546/329 425/547/329
f 424/546/329 520/642/329 521/643/329
f 424/546/329 521/643/329 522/644/329
f 426/548/329 519/641/329 425/547/329
f 513/635/329 428/550/329 429/551/329
f 428/550/329 514/636/329 515/637/329
f 428/550/329 515/637/329 427/549/329
f 517/639/329 426/548/329 427/549/329
f 426/548/329 517/639/329 518/640/329
f 516/638/329 427/549/329 515/637/329
f 427/549/329 516/638/329 517/639/329
f 430/552/329 512/634/329 429/551/329
f 462/584/329 463/585/329 491/613/329
f 491/613/329 463/585/329 490/612/329
f 462/584/329 491/613/329 492/614/329
f 464/586/329 489/611/329 490/612/329
f 464/586/329 490/612/329 463/585/329
f 462/584/329 492/614/329 461/583/329
f 438/560/329 506/628/329 507/629/329
f 439/561/329 506/628/329 438/560/329
f 461/583/329 492/614/329 460/582/329
f 508/630/329 436/558/329 437/559/329
f 436/558/329 508/630/329 435/557/329
f 438/560/329 507/629/329 437/559/329
f 437/559/329 507/629/329 508/630/329
f 464/586/329 488/610/329 489/611/329
f 512/634/329 430/552/329 511/633/329
f 511/633/329 430/552/329 431/553/329
f 522/644/329 421/543/329 422/544/329
f 522/644/329 422/544/329 423/545/329
f 435/557/329 509/631/329 434/556/329
f 509/631/329 435/557/329 508/630/329
f 434/556/329 509/631/329 433/555/329
f 510/632/329 431/553/329 432/554/329
f 431/553/329 510/632/329 511/633/329
f 432/554/329 433/555/329 510/632/329
f 510/632/329 433/555/329 509/631/329
f 423/545/329 424/546/329 522/644/329
f 468/590/329 469/591/329 484/606/329
f 373/699/330 375/701/330 374/700/330
f 375/701/330 373/699/330 376/702/330
f 378/704/330 377/703/330 371/697/330
f 377/703/330 376/702/330 373/699/330
f 373/699/330 372/698/330 377/703/330
f 352/678/330 396/722/330 353/679/330
f 354/680/330 353/679/330 395/721/330
f 372/698/330 371/697/330 377/703/330
f 394/720/330 355/681/330 354/680/330
f 370/696/330 378/704/330 371/697/330
f 370/696/330 369/695/330 380/706/330
f 370/696/330 379/705/330 378/704/330
f 370/696/330 380/706/330 379/705/330
f 368/694/330 381/707/330 369/695/330
f 368/694/330 367/693/330 382/708/330
f 369/695/330 381/707/330 380/706/330
f 356/682/330 393/719/330 392/718/330
f 356/682/330 392/718/330 357/683/330
f 356/682/330 355/681/330 394/720/330
f 358/684/330 391/717/330 390/716/330
f 357/683/330 391/717/330 358/684/330
f 357/683/330 392/718/330 391/717/330
f 381/707/330 368/694/330 382/708/330
f 393/719/330 356/682/330 394/720/330
f 399/725/330 347/673/330 346/672/330
f 347/673/330 398/724/330 348/674/330
f 349/675/330 398/724/330 397/723/330
f 398/724/330 349/675/330 348/674/330
f 347/673/330 399/725/330 398/724/330
f 401/727/330 344/670/330 343/669/330
f 344/670/330 400/726/330 345/671/330
f 400/726/330 399/725/330 345/671/330
f 401/727/330 342/668/330 402/728/330
f 343/669/330 342/668/330 401/727/330
f 344/670/330 401/727/330 400/726/330
f 346/672/330 345/671/330 399/725/330
f 350/676/330 349/675/330 397/723/330
f 397/723/330 351/677/330 350/676/330
f 397/723/330 396/722/330 351/677/330
f 341/667/330 402/728/330 342/668/330
f 351/677/330 396/722/330 352/678/330
f 395/721/330 394/720/330 354/680/330
f 395/721/330 353/679/330 396/722/330
f 403/729/330 340/666/330 339/665/330
f 341/667/330 340/666/330 402/728/330
f 404/730/330 403/729/330 338/664/330
f 402/728/330 340/666/330 403/729/330
f 338/664/330 337/663/330 404/730/330
f 338/664/330 403/729/330 339/665/330
f 383/709/330 382/708/330 366/692/330
f 366/692/330 365/691/330 383/709/330
f 410/736/330 327/653/330 411/737/330
f 411/737/330 326/652/330 412/738/330
f 365/691/330 364/690/330 384/710/330
f 364/690/330 363/689/330 386/712/330
f 386/712/330 385/711/330 364/690/330
f 364/690/330 385/711/330 384/710/330
f 383/709/330 365/691/330 384/710/330
f 386/712/330 363/689/330 362/688/330
f 324/650/330 417/743/330 416/742/330
f 417/743/330 323/649/330 418/744/330
f 322/648/330 418/744/330 323/649/330
f 418/744/330 322/648/330 419/745/330
f 419/745/330 322/648/330 420/746/330
f 417/743/330 324/650/330 323/649/330
f 326/652/330 411/737/330 327/653/330
f 412/738/330 326/652/330 413/739/330
f 413/739/330 326/652/330 325/651/330
f 324/650/330 415/741/330 325/651/330
f 415/741/330 324/650/330 416/742/330
f 325/651/330 414/740/330 413/739/330
f 414/740/330 325/651/330 415/741/330
f 410/736/330 328/654/330 327/653/330
f 361/687/330 360/686/330 389/715/330
f 361/687/330 389/715/330 388/714/330
f 389/715/330 360/686/330 390/716/330
f 387/713/330 362/688/330 388/714/330
f 388/714/330 362/688/330 361/687/330
f 390/716/330 360/686/330 359/685/330
f 404/730/330 336/662/330 405/731/330
f 404/730/330 337/663/330 336/662/330
f 390/716/330 359/685/330 358/684/330
f 334/660/330 406/732/330 335/661/330
f 406/732/330 334/660/330 333/659/330
f 405/731/330 336/662/330 335/661/330
f 405/731/330 335/661/330 406/732/330
f 386/712/330 362/688/330 387/713/330
f 328/654/330 410/736/330 409/735/330
f 328/654/330 409/735/330 329/655/330
f 319/645/330 420/746/330 320/646/330
f 320/646/330 420/746/330 321/647/330
f 407/733/330 333/659/330 332/658/330
f 333/659/330 407/733/330 406/732/330
f 407/733/330 332/658/330 331/657/330
f 329/655/330 408/734/330 330/656/330
f 408/734/330 329/655/330 409/735/330
f 331/657/330 330/656/330 408/734/330
f 331/657/330 408/734/330 407/733/330
f 322/648/330 321/647/330 420/746/330
f 367/693/330 366/692/330 382/708/330
f 523/963/331 319/747/332 320/748/333
f 523/963/331 320/748/333 422/856/334
f 523/963/331 422/856/334 421/855/335
f 523/963/331 421/855/335 319/747/332
f 524/964/336 320/749/337 321/750/338
f 524/964/336 321/750/338 423/858/339
f 524/964/336 423/858/339 422/857/340
f 524/964/336 422/857/340 320/749/337
f 525/965/341 321/750/338 322/751/342
f 525/965/341 322/751/342 424/859/343
f 525/965/341 424/859/343 423/858/339
f 525/965/341 423/858/339 321/750/338
f 526/966/344 322/751/342 323/752/345
f 526/966/344 323/752/345 425/860/346
f 526/966/344 425/860/346 424/859/343
f 526/966/344 424/859/343 322/751/342
f 527/967/347 323/752/345 324/753/348
f 527/967/347 324/753/348 426/861/349
f 527/967/347 426/861/349 425/860/346
f 527/967/347 425/860/346 323/752/345
f 528/968/350 324/753/348 325/754/351
f 528/968/350 325/754/351 427/862/352
f 528/968/350 427/862/352 426/861/349
f 528/968/350 426/861/349 324/753/348
f 529/969/353 325/754/351 326/755/354
f 529/969/353 326/755/354 428/863/355
f 529/969/353 428/863/355 427/862/352
f 529/969/353 427/862/352 325/754/351
f 530/970/356 326/755/354 327/756/357
f 530/970/356 327/756/357 429/864/358
f 530/970/356 429/864/358 428/863/355
f 530/970/356 428/863/355 326/755/354
f 531/971/359 327/756/357 328/757/360
f 531/971/359 328/757/360 430/865/361
f 531/971/359 430/865/361 429/864/358
f 531/971/359 429/864/358 327/756/357
f 532/972/362 328/757/360 329/758/363
f 532/972/362 329/758/363 431/866/364
f 532/972/362 431/866/364 430/865/361
f 532/972/362 430/865/361 328/757/360
f 533/973/365 329/758/363 330/759/366
f 533/973/365 330/759/366 432/867/367
f 533/973/365 432/867/367 431/866/364
f 533/973/365 431/866/364 329/758/363
f 534/974/368 330/759/366 331/760/369
f 534/974/368 331/760/369 433/868/370
f 534/974/368 433/868/370 432/867/367
f 534/974/368 432/867/367 330/759/366
f 535/975/371 331/760/369 332/761/372
f 535/975/371 332/761/372 434/869/373
f 535/975/371 434/869/373 433/868/370
f 535/975/371 433/868/370 331/760/369
f 536/976/374 332/761/372 333/762/375
f 536/976/374 333/762/375 435/870/376
f 536/976/374 435/870/376 434/869/373
f 536/976/374 434/869/373 332/761/372
f 537/977/377 333/762/375 334/763/378
f 537/977/377 334/763/378 436/871/379
f 537/977/377 436/871/379 435/870/376
f 537/977/377 435/870/376 333/762/375
f 538/978/380 334/763/378 335/764/381
f 538/978/380 335/764/381 437/872/382
f 538/978/380 437/872/382 436/871/379
f 538/978/380 436/871/379 334/763/378
f 539/979/383 335/764/381 336/765/384
f 539/979/383 336/765/384 438/873/385
f 539/979/383 438/873/385 437/872/382
f 539/979/383 437/872/382 335/764/381
f 540/980/386 336/765/384 337/766/387
f 540/980/386 337/766/387 439/874/388
f 540/980/386 439/874/388 438/873/385
f 540/980/386 438/873/385 336/765/384
f 541/981/389 337/767/387 338/768/390
f 541/981/389 338/768/390 440/876/391
f 541/981/389 440/876/391 439/875/388
f 541/981/389 439/875/388 337/767/387
f 542/982/392 338/768/390 339/769/393
f 542/982/392 339/769/393 441/877/394
f 542/982/392 441/877/394 440/876/391
f 542/982/392 440/876/391 338/768/390
f 543/983/395 339/769/393 340/770/396
f 543/983/395 340/770/396 442/878/397
f 543/983/395 442/878/397 441/877/394
f 543/983/395 441/877/394 339/769/393
f 544/984/398 340/770/396 341/771/399
f 544/984/398 341/771/399 443/879/400
f 544/984/398 443/879/400 442/878/397
f 544/984/398 442/878/397 340/770/396
f 545/985/401 341/771/399 342/772/402
f 545/985/401 342/772/402 444/880/403
f 545/985/401 444/880/403 443/879/400
f 545/985/401 443/879/400 341/771/399
f 546/986/404 342/772/402 343/773/405
f 546/986/404 343/773/405 445/881/406
f 546/986/404 445/881/406 444/880/403
f 546/986/404 444/880/403 342/772/402
f 547/987/407 343/773/405 344/774/408
f 547/987/407 344/774/408 446/882/409
f 547/987/407 446/882/409 445/881/406
f 547/987/407 445/881/406 343/773/405
f 548/988/410 344/774/408 345/775/411
f 548/988/410 345/775/411 447/883/412
f 548/988/410 447/883/412 446/882/409
f 548/988/410 446/882/409 344/774/408
f 549/989/413 345/775/411 346/776/414
f 549/989/413 346/776/414 448/884/415
f 549/989/413 448/884/415 447/883/412
f 549/989/413 447/883/412 345/775/411
f 550/990/416 346/776/414 347/777/417
f 550/990/416 347/777/417 449/885/418
f 550/990/416 449/885/418 448/884/415
f 550/990/416 448/884/415 346/776/414
f 551/991/419 347/777/417 348/778/420
f 551/991/419 348/778/420 450/886/421
f 551/991/419 450/886/421 449/885/418
f 551/991/419 449/885/418 347/777/417
f 552/992/422 348/778/420 349/779/423
f 552/992/422 349/779/423 451/887/424
f 552/992/422 451/887/424 450/886/421
f 552/992/422 450/886/421 348/778/420
f 553/993/425 349/779/423 350/780/426
f 553/993/425 350/780/426 452/888/427
f 553/993/425 452/888/427 451/887/424
f 553/993/425 451/887/424 349/779/423
f 554/994/428 350/780/426 351/781/429
f 554/994/428 351/781/429 453/889/430
f 554/994/428 453/889/430 452/888/427
f 554/994/428 452/888/427 350/780/426
f 555/995/431 351/781/429 352/782/432
f 555/995/431 352/782/432 454/890/433
f 555/995/431 454/890/433 453/889/430
f 555/995/431 453/889/430 351/781/429
f 556/996/434 352/782/432 353/783/435
f 556/996/434 353/783/435 455/891/436
f 556/996/434 455/891/436 454/890/433
f 556/996/434 454/890/433 352/782/432
f 557/997/437 353/783/435 354/784/438
f 557/997/437 354/784/438 456/892/439
f 557/997/437 456/892/439 455/891/436
f 557/997/437 455/891/436 353/783/435
f 558/998/440 354/784/438 355/785/441
f 558/998/440 355/785/441 457/893/442
f 558/998/440 457/893/442 456/892/439
f 558/998/440 456/892/439 354/784/438
f 559/999/443 355/785/441 356/786/444
f 559/999/443 356/786/444 458/894/445
f 559/999/443 458/894/445 457/893/442
f 559/999/443 457/893/442 355/785/441
f 560/1000/446 356/786/444 357/787/447
f 560/1000/446 357/787/447 459/895/448
f 560/1000/446 459/895/448 458/894/445
f 560/1000/446 458/894/445 356/786/444
f 561/1001/449 357/787/447 358/788/450
f 561/1001/449 358/788/450 460/896/451
f 561/1001/449 460/896/451 459/895/448
f 561/1001/449 459/895/448 357/787/447
f 562/1002/452 358/788/450 359/789/453
f 562/1002/452 359/789/453 461/897/454
f 562/1002/452 461/897/454 460/896/451
f 562/1002/452 460/896/451 358/788/450
f 563/1003/455 359/789/453 360/790/456
f 563/1003/455 360/790/456 462/898/457
f 563/1003/455 462/898/457 461/897/454
f 563/1003/455 461/897/454 359/789/453
f 564/1004/458 360/790/456 361/791/459
f 564/1004/458 361/791/459 463/899/460
f 564/1004/458 463/899/460 462/898/457
f 564/1004/458 462/898/457 360/790/456
f 565/1005/461 361/791/459 362/792/462
f 565/1005/461 362/792/462 464/900/463
f 565/1005/461 464/900/463 463/899/460
f 565/1005/461 463/899/460 361/791/459
f 566/1006/464 362/792/462 363/793/465
f 566/1006/464 363/793/465 465/901/466
f 566/1006/464 465/901/466 464/900/463
f 566/1006/464 464/900/463 362/792/462
f 567/1007/467 363/793/465 364/794/468
f 567/1007/467 364/794/468 466/902/469
f 567/1007/467 466/902/469 465/901/466
f 567/1007/467 465/901/466 363/793/465
f 568/1008/470 364/794/468 365/795/471
f 568/1008/470 365/795/471 467/903/472
f 568/1008/470 467/903/472 466/902/469
f 568/1008/470 466/902/469 364/794/468
f 569/1009/473 365/795/471 366/796/474
f 569/1009/473 366/796/474 468/904/475
f 569/1009/473 468/904/475 467/903/472
f 569/1009/473 467/903/472 365/795/471
f 570/1010/476 366/796/474 367/797/477
f 570/1010/476 367/797/477 469/905/478
f 570/1010/476 469/905/478 468/904/475
f 570/1010/476 468/904/475 366/796/474
f 571/1011/479 367/797/477 368/798/480
f 571/1011/479 368/798/480 470/906/481
f 571/1011/479 470/906/481 469/905/478
f 571/1011/479 469/905/478 367/797/477
f 572/1012/482 368/798/480 369/799/483
f 572/1012/482 369/799/483 471/907/484
f 572/1012/482 471/907/484 470/906/481
f 572/1012/482 470/906/481 368/798/480
f 573/1013/485 369/799/483 370/800/486
f 573/1013/485 370/800/486 472/908/487
f 573/1013/485 472/908/487 471/907/484
f 573/1013/485 471/907/484 369/799/483
f 574/1014/488 370/800/486 371/801/489
f 574/1014/488 371/801/489 473/909/490
f 574/1014/488 473/909/490 472/908/487
f 574/1014/488 472/908/487 370/800/486
f 575/1015/491 371/801/489 372/802/492
f 575/1015/491 372/802/492 474/910/493
f 575/1015/491 474/910/493 473/909/490
f 575/1015/491 473/909/490 371/801/489
f 576/1016/494 372/802/492 373/803/495
f 576/1016/494 373/803/495 475/911/496
f 576/1016/494 475/911/496 474/910/493
f 576/1016/494 474/910/493 372/802/492
f 577/1017/497 373/803/495 374/804/498
f 577/1017/497 374/804/498 476/912/499
f 577/1017/497 476/912/499 475/911/496
f 577/1017/497 475/911/496 373/803/495
f 578/1018/500 374/805/501 375/806/502
f 578/1018/500 375/806/502 477/914/503
f 578/1018/500 477/914/503 476/913/504
f 578/1018/500 476/913/504 374/805/501
f 579/1019/505 375/807/506 376/808/507
f 579/1019/505 376/808/507 478/916/508
f 579/1019/505 478/916/508 477/915/509
f 579/1019/505 477/915/509 375/807/506
f 580/1020/510 376/808/507 377/809/511
f 580/1020/510 377/809/511 479/917/512
f 580/1020/510 479/917/512 478/916/508
f 580/1020/510 478/916/508 376/808/507
f 581/1021/513 377/809/511 378/810/514
f 581/1021/513 378/810/514 480/918/515
f 581/1021/513 480/918/515 479/917/512
f 581/1021/513 479/917/512 377/809/511
f 582/1022/516 378/810/514 379/811/517
f 582/1022/516 379/811/517 481/919/518
f 582/1022/516 481/919/518 480/918/515
f 582/1022/516 480/918/515 378/810/514
f 583/1023/519 379/811/517 380/812/520
f 583/1023/519 380/812/520 482/920/521
f 583/1023/519 482/920/521 481/919/518
f 583/1023/519 481/919/518 379/811/517
f 584/1024/522 380/812/520 381/813/523
f 584/1024/522 381/813/523 483/921/524
f 584/1024/522 483/921/524 482/920/521
f 584/1024/522 482/920/521 380/812/520
f 585/1025/525 381/813/523 382/814/526
f 585/1025/525 382/814/526 484/922/527
f 585/1025/525 484/922/527 483/921/524
f 585/1025/525 483/921/524 381/813/523
f 586/1026/528 382/814/526 383/815/529
f 586/1026/528 383/815/529 485/923/530
f 586/1026/528 485/923/530 484/922/527
f 586/1026/528 484/922/527 382/814/526
f 587/1027/531 383/815/529 384/816/532
f 587/1027/531 384/816/532 486/924/533
f 587/1027/531 486/924/533 485/923/530
f 587/1027/531 485/923/530 383/815/529
f 588/1028/534 384/816/532 385/817/535
f 588/1028/534 385/817/535 487/925/536
f 588/1028/534 487/925/536 486/924/533
f 588/1028/534 486/924/533 384/816/532
f 589/1029/537 385/817/535 386/818/538
f 589/1029/537 386/818/538 488/926/539
f 589/1029/537 488/926/539 487/925/536
f 589/1029/537 487/925/536 385/817/535
f 590/1030/540 386/818/538 387/819/541
f 590/1030/540 387/819/541 489/927/542
f 590/1030/540 489/927/542 488/926/539
f 590/1030/540 488/926/539 386/818/538
f 591/1031/543 387/819/541 388/820/544
f 591/1031/543 388/820/544 490/928/545
f 591/1031/543 490/928/545 489/927/542
f 591/1031/543 489/927/542 387/819/541
f 592/1032/546 388/820/544 389/821/547
f 592/1032/546 389/821/547 491/929/548
f 592/1032/546 491/929/548 490/928/545
f 592/1032/546 490/928/545 388/820/544
f 593/1033/549 389/821/547 390/822/550
f 593/1033/549 390/822/550 492/930/551
f 593/1033/549 492/930/551 491/929/548
f 593/1033/549 491/929/548 389/821/547
f 594/1034/552 390/822/550 391/823/553
f 594/1034/552 391/823/553 493/931/554
f 594/1034/552 493/931/554 492/930/551
f 594/1034/552 492/930/551 390/822/550
f 595/1035/555 391/823/553 392/824/556
f 595/1035/555 392/824/556 494/932/557
f 595/1035/555 494/932/557 493/931/554
f 595/1035/555 493/931/554 391/823/553
f 596/1036/558 392/824/556 393/825/559
f 596/1036/558 393/825/559 495/933/560
f 596/1036/558 495/933/560 494/932/557
f 596/1036/558 494/932/557 392/824/556
f 597/1037/561 393/825/559 394/826/562
f 597/1037/561 394/826/562 496/934/563
f 597/1037/561 496/934/563 495/933/560
f 597/1037/561 495/933/560 393/825/559
f 598/1038/564 394/826/562 395/827/565
f 598/1038/564 395/827/565 497/935/566
f 598/1038/564 497/935/566 496/934/563
f 598/1038/564 496/934/563 394/826/562
f 599/1039/567 395/827/565 396/828/568
f 599/1039/567 396/828/568 498/936/569
f 599/1039/567 498/936/569 497/935/566
f 599/1039/567 497/935/566 395/827/565
f 600/1040/570 396/828/568 397/829/571
f 600/1040/570 397/829/571 499/937/572
f 600/1040/570 499/937/572 498/936/569
f 600/1040/570 498/936/569 396/828/568
f 601/1041/573 397/829/571 398/830/574
f 601/1041/573 398/830/574 500/938/575
f 601/1041/573 500/938/575 499/937/572
f 601/1041/573 499/937/572 397/829/571
f 602/1042/576 398/830/574 399/831/577
f 602/1042/576 399/831/577 501/939/578
f 602/1042/576 501/939/578 500/938/575
f 602/1042/576 500/938/575 398/830/574
f 603/1043/579 399/831/577 400/832/580
f 603/1043/579 400/832/580 502/940/581
f 603/1043/579 502/940/581 501/939/578
f 603/1043/579 501/939/578 399/831/577
f 604/1044/582 400/832/580 401/833/583
f 604/1044/582 401/833/583 503/941/584
f 604/1044/582 503/941/584 502/940/581
f 604/1044/582 502/940/581 400/832/580
f 605/1045/585 401/833/583 402/834/586
f 605/1045/585 402/834/586 504/942/587
f 605/1045/585 504/942/587 503/941/584
f 605/1045/585 503/941/584 401/833/583
f 606/1046/588 402/834/586 403/835/589
f 606/1046/588 403/835/589 505/943/590
f 606/1046/588 505/943/590 504/942/587
f 606/1046/588 504/942/587 402/834/586
f 607/1047/591 403/835/589 404/836/592
f 607/1047/591 404/836/592 506/944/593
f 607/1047/591 506/944/593 505/943/590
f 607/1047/591 505/943/590 403/835/589
f 608/1048/594 404/836/592 405/837/595
f 608/1048/594 405/837/595 507/945/596
f 608/1048/594 507/945/596 506/944/593
f 608/1048/594 506/944/593 404/836/592
f 609/1049/597 405/838/595 406/839/598
f 609/1049/597 406/839/598 508/947/599
f 609/1049/597 508/947/599 507/946/596
f 609/1049/597 507/946/596 405/838/595
f 610/1050/600 406/839/598 407/840/601
f 610/1050/600 407/840/601 509/948/602
f 610/1050/600 509/948/602 508/947/599
f 610/1050/600 508/947/599 406/839/598
f 611/1051/603 407/840/601 408/841/604
f 611/1051/603 408/841/604 510/949/605
f 611/1051/603 510/949/605 509/948/602
f 611/1051/603 509/948/602 407/840/601
f 612/1052/606 408/841/604 409/842/607
f 612/1052/606 409/842/607 511/950/608
f 612/1052/606 511/950/608 510/949/605
f 612/1052/606 510/949/605 408/841/604
f 613/1053/609 409/842/607 410/843/610
f 613/1053/609 410/843/610 512/951/611
f 613/1053/609 512/951/611 511/950/608
f 613/1053/609 511/950/608 409/842/607
f 614/1054/612 410/843/610 411/844/613
f 614/1054/612 411/844/613 513/952/614
f 614/1054/612 513/952/614 512/951/611
f 614/1054/612 512/951/611 410/843/610
f 615/1055/615 411/844/613 412/845/616
f 615/1055/615 412/845/616 514/953/617
f 615/1055/615 514/953/617 513/952/614
f 615/1055/615 513/952/614 411/844/613
f 616/1056/618 412/845/616 413/846/619
f 616/1056/618 413/846/619 515/954/620
f 616/1056/618 515/954/620 514/953/617
f 616/1056/618 514/953/617 412/845/616
f 617/1057/621 413/846/619 414/847/622
f 617/1057/621 414/847/622 516/955/623
f 617/1057/621 516/955/623 515/954/620
f 617/1057/621 515/954/620 413/846/619
f 618/1058/624 414/847/622 415/848/625
f 618/1058/624 415/848/625 517/956/626
f 618/1058/624 517/956/626 516/955/623
f 618/1058/624 516/955/623 414/847/622
f 619/1059/627 415/848/625 416/849/628
f 619/1059/627 416/849/628 518/957/629
f 619/1059/627 518/957/629 517/956/626
f 619/1059/627 517/956/626 415/848/625
f 620/1060/630 416/849/628 417/850/631
f 620/1060/630 417/850/631 519/958/632
f 620/1060/630 519/958/632 518/957/629
f 620/1060/630 518/957/629 416/849/628
f 621/1061/633 417/850/631 418/851/634
f 621/1061/633 418/851/634 520/959/635
f 621/1061/633 520/959/635 519/958/632
f 621/1061/633 519/958/632 417/850/631
f 622/1062/636 418/851/634 419/852/637
f 622/1062/636 419/852/637 521/960/638
f 622/1062/636 521/960/638 520/959/635
f 622/1062/636 520/959/635 418/851/634
f 623/1063/639 419/852/637 420/853/640
f 623/1063/639 420/853/640 522/961/641
f 623/1063/639 522/961/641 521/960/638
f 623/1063/639 521/960/638 419/852/637
f 624/1064/642 420/853/640 319/854/643
f 624/1064/642 319/854/643 421/962/644
f 624/1064/642 421/962/644 522/961/641
f 624/1064/642 522/961/641 420/853/640
